run_id,method,seed,episode,step,ep_reward,score,epsilon,loss,wall_time
DQN_Double_PER_seed_2_1790611613,DQN_Double_PER,2,1,50,-7.50,0,0.9990,0.00000,0.0
DQN_Double_PER_seed_2_1790611613,DQN_Double_PER,2,2,100,-8.10,0,0.9980,0.00000,0.0
DQN_Double_PER_seed_2_1790611613,DQN_Double_PER,2,3,150,-8.10,0,0.9970,0.00000,0.0
DQN_Double_PER_seed_2_1790611613,DQN_Double_PER,2,4,200,-7.50,0,0.9960,0.00000,0.0
DQN_Double_PER_seed_2_1790611613,DQN_Double_PER,2,5,250,-8.70,0,0.9950,0.00000,0.0
DQN_Double_PER_seed_2_1790611613,DQN_Double_PER,2,6,300,-8.70,0,0.9941,0.00000,0.0
DQN_Double_PER_seed_2_1790611613,DQN_Double_PER,2,7,350,-8.70,0,0.9931,0.00000,0.0
DQN_Double_PER_seed_2_1790611613,DQN_Double_PER,2,8,400,-6.30,0,0.9921,0.00000,0.0
DQN_Double_PER_seed_2_1790611613,DQN_Double_PER,2,9,450,-8.10,0,0.9911,0.00000,0.0
DQN_Double_PER_seed_2_1790611613,DQN_Double_PER,2,10,500,-6.30,0,0.9901,0.00000,0.0
DQN_Double_PER_seed_2_1790611613,DQN_Double_PER,2,11,550,-7.50,0,0.9891,0.00000,0.0
DQN_Double_PER_seed_2_1790611613,DQN_Double_PER,2,12,600,-8.70,0,0.9881,0.00000,0.0
DQN_Double_PER_seed_2_1790611613,DQN_Double_PER,2,13,650,-8.10,0,0.9871,0.00000,0.0
DQN_Double_PER_seed_2_1790611613,DQN_Double_PER,2,14,700,-8.10,0,0.9861,0.00000,0.0
DQN_Double_PER_seed_2_1790611613,DQN_Double_PER,2,15,750,-8.10,0,0.9851,0.00000,0.0
DQN_Double_PER_seed_2_1790611613,DQN_Double_PER,2,16,800,-6.90,0,0.9842,0.00000,0.0
DQN_Double_PER_seed_2_1790611613,DQN_Double_PER,2,17,850,-6.30,0,0.9832,0.00000,0.0
DQN_Double_PER_seed_2_1790611613,DQN_Double_PER,2,18,900,-8.10,0,0.9822,0.00000,0.0
DQN_Double_PER_seed_2_1790611613,DQN_Double_PER,2,19,950,-7.50,0,0.9812,0.00000,0.0
DQN_Double_PER_seed_2_1790611613,DQN_Double_PER,2,20,1000,-4.50,0,0.9802,0.00000,0.0
DQN_Double_PER_seed_2_1790611613,DQN_Double_PER,2,21,1050,-8.10,0,0.9792,0.00000,0.0
DQN_Double_PER_seed_2_1790611613,DQN_Double_PER,2,22,1100,-6.30,0,0.9782,0.00000,0.0
DQN_Double_PER_seed_2_1790611613,DQN_Double_PER,2,23,1150,-7.50,0,0.9772,0.00000,0.0
DQN_Double_PER_seed_2_1790611613,DQN_Double_PER,2,24,1200,-7.50,0,0.9762,0.00000,0.0
DQN_Double_PER_seed_2_1790611613,DQN_Double_PER,2,25,1250,-8.10,0,0.9752,0.00000,0.0
DQN_Double_PER_seed_2_1790611613,DQN_Double_PER,2,26,1300,-8.10,0,0.9743,0.00000,0.0
DQN_Double_PER_seed_2_1790611613,DQN_Double_PER,2,27,1350,-8.10,0,0.9733,0.00000,0.0
DQN_Double_PER_seed_2_1790611613,DQN_Double_PER,2,28,1400,-8.10,0,0.9723,0.00000,0.0
DQN_Double_PER_seed_2_1790611613,DQN_Double_PER,2,29,1450,-7.50,0,0.9713,0.00000,0.0
DQN_Double_PER_seed_2_1790611613,DQN_Double_PER,2,30,1500,-7.50,0,0.9703,0.00000,0.0
DQN_Double_PER_seed_2_1790611613,DQN_Double_PER,2,31,1550,-8.10,0,0.9693,0.00000,0.0
DQN_Double_PER_seed_2_1790611613,DQN_Double_PER,2,32,1600,-3.90,0,0.9683,0.00000,0.0
DQN_Double_PER_seed_2_1790611613,DQN_Double_PER,2,33,1650,-6.30,0,0.9673,0.00000,0.0
DQN_Double_PER_seed_2_1790611613,DQN_Double_PER,2,34,1700,-7.50,0,0.9663,0.00000,0.0
DQN_Double_PER_seed_2_1790611613,DQN_Double_PER,2,35,1750,-6.30,0,0.9654,0.00000,0.0
DQN_Double_PER_seed_2_1790611613,DQN_Double_PER,2,36,1800,-7.50,0,0.9644,0.00000,0.0
DQN_Double_PER_seed_2_1790611613,DQN_Double_PER,2,37,1850,-9.30,0,0.9634,0.00000,0.0
DQN_Double_PER_seed_2_1790611613,DQN_Double_PER,2,38,1900,-8.10,0,0.9624,0.00000,0.0
DQN_Double_PER_seed_2_1790611613,DQN_Double_PER,2,39,1950,-7.50,0,0.9614,0.00000,0.0
DQN_Double_PER_seed_2_1790611613,DQN_Double_PER,2,40,2000,-6.90,0,0.9604,0.16243,0.0
DQN_Double_PER_seed_2_1790611613,DQN_Double_PER,2,41,2050,-6.30,0,0.9594,0.03439,0.1
DQN_Double_PER_seed_2_1790611613,DQN_Double_PER,2,42,2100,-8.10,0,0.9584,0.01572,0.2
DQN_Double_PER_seed_2_1790611613,DQN_Double_PER,2,43,2150,-7.50,0,0.9574,0.01357,0.2
DQN_Double_PER_seed_2_1790611613,DQN_Double_PER,2,44,2200,-8.10,0,0.9564,0.01229,0.3
DQN_Double_PER_seed_2_1790611613,DQN_Double_PER,2,45,2250,-8.70,0,0.9555,0.01051,0.4
DQN_Double_PER_seed_2_1790611613,DQN_Double_PER,2,46,2300,-6.30,0,0.9545,0.01005,0.5
DQN_Double_PER_seed_2_1790611613,DQN_Double_PER,2,47,2350,-8.10,0,0.9535,0.00882,0.5
DQN_Double_PER_seed_2_1790611613,DQN_Double_PER,2,48,2400,-7.50,0,0.9525,0.00837,0.6
DQN_Double_PER_seed_2_1790611613,DQN_Double_PER,2,49,2450,-6.90,0,0.9515,0.00805,0.7
DQN_Double_PER_seed_2_1790611613,DQN_Double_PER,2,50,2500,-8.10,0,0.9505,0.00662,0.7
DQN_Double_PER_seed_2_1790611613,DQN_Double_PER,2,51,2550,-5.70,0,0.9495,0.00714,0.8
DQN_Double_PER_seed_2_1790611613,DQN_Double_PER,2,52,2600,-4.50,0,0.9485,0.00691,0.9
DQN_Double_PER_seed_2_1790611613,DQN_Double_PER,2,53,2650,-5.70,0,0.9475,0.00713,0.9
DQN_Double_PER_seed_2_1790611613,DQN_Double_PER,2,54,2700,-5.10,0,0.9465,0.00754,1.0
DQN_Double_PER_seed_2_1790611613,DQN_Double_PER,2,55,2750,-8.10,0,0.9456,0.00729,1.1
DQN_Double_PER_seed_2_1790611613,DQN_Double_PER,2,56,2800,-5.10,0,0.9446,0.00690,1.1
DQN_Double_PER_seed_2_1790611613,DQN_Double_PER,2,57,2850,-8.10,0,0.9436,0.00594,1.2
DQN_Double_PER_seed_2_1790611613,DQN_Double_PER,2,58,2900,-8.10,0,0.9426,0.00693,1.3
DQN_Double_PER_seed_2_1790611613,DQN_Double_PER,2,59,2950,-8.10,0,0.9416,0.00687,1.3
DQN_Double_PER_seed_2_1790611613,DQN_Double_PER,2,60,3000,-5.10,0,0.9406,0.00638,1.4
DQN_Double_PER_seed_2_1790611613,DQN_Double_PER,2,61,3050,-8.10,0,0.9396,0.01228,1.5
DQN_Double_PER_seed_2_1790611613,DQN_Double_PER,2,62,3100,-6.90,0,0.9386,0.00695,1.5
DQN_Double_PER_seed_2_1790611613,DQN_Double_PER,2,63,3150,-8.70,0,0.9376,0.00588,1.6
DQN_Double_PER_seed_2_1790611613,DQN_Double_PER,2,64,3200,-8.10,0,0.9366,0.00564,1.7
DQN_Double_PER_seed_2_1790611613,DQN_Double_PER,2,65,3250,-8.10,0,0.9356,0.00593,1.7
DQN_Double_PER_seed_2_1790611613,DQN_Double_PER,2,66,3300,-6.30,0,0.9347,0.00477,1.8
DQN_Double_PER_seed_2_1790611613,DQN_Double_PER,2,67,3350,-8.10,0,0.9337,0.00417,1.9
DQN_Double_PER_seed_2_1790611613,DQN_Double_PER,2,68,3400,-7.50,0,0.9327,0.00421,1.9
DQN_Double_PER_seed_2_1790611613,DQN_Double_PER,2,69,3450,-6.30,0,0.9317,0.00433,2.0
DQN_Double_PER_seed_2_1790611613,DQN_Double_PER,2,70,3500,-6.30,0,0.9307,0.00396,2.1
DQN_Double_PER_seed_2_1790611613,DQN_Double_PER,2,71,3550,-7.50,0,0.9297,0.00423,2.1
DQN_Double_PER_seed_2_1790611613,DQN_Double_PER,2,72,3600,-8.10,0,0.9287,0.00361,2.2
DQN_Double_PER_seed_2_1790611613,DQN_Double_PER,2,73,3650,-7.50,0,0.9277,0.00411,2.3
DQN_Double_PER_seed_2_1790611613,DQN_Double_PER,2,74,3700,-6.90,0,0.9267,0.00342,2.3
DQN_Double_PER_seed_2_1790611613,DQN_Double_PER,2,75,3750,-3.30,0,0.9257,0.00386,2.4
DQN_Double_PER_seed_2_1790611613,DQN_Double_PER,2,76,3800,-6.90,0,0.9248,0.00364,2.5
DQN_Double_PER_seed_2_1790611613,DQN_Double_PER,2,77,3850,-5.70,0,0.9238,0.00342,2.5
DQN_Double_PER_seed_2_1790611613,DQN_Double_PER,2,78,3900,-8.10,0,0.9228,0.00377,2.6
DQN_Double_PER_seed_2_1790611613,DQN_Double_PER,2,79,3950,-8.70,0,0.9218,0.00359,2.7
DQN_Double_PER_seed_2_1790611613,DQN_Double_PER,2,80,4000,-8.10,0,0.9208,0.00315,2.7
DQN_Double_PER_seed_2_1790611613,DQN_Double_PER,2,81,4050,-8.10,0,0.9198,0.01272,2.8
DQN_Double_PER_seed_2_1790611613,DQN_Double_PER,2,82,4100,-6.30,0,0.9188,0.00766,2.9
DQN_Double_PER_seed_2_1790611613,DQN_Double_PER,2,83,4150,-6.30,0,0.9178,0.00811,3.0
DQN_Double_PER_seed_2_1790611613,DQN_Double_PER,2,84,4200,-8.10,0,0.9168,0.00745,3.0
DQN_Double_PER_seed_2_1790611613,DQN_Double_PER,2,85,4250,-7.50,0,0.9159,0.00738,3.1
DQN_Double_PER_seed_2_1790611613,DQN_Double_PER,2,86,4300,-6.90,0,0.9149,0.00778,3.2
DQN_Double_PER_seed_2_1790611613,DQN_Double_PER,2,87,4350,-7.50,0,0.9139,0.00604,3.2
DQN_Double_PER_seed_2_1790611613,DQN_Double_PER,2,88,4400,-7.50,0,0.9129,0.00668,3.3
DQN_Double_PER_seed_2_1790611613,DQN_Double_PER,2,89,4450,-8.10,0,0.9119,0.00602,3.4
DQN_Double_PER_seed_2_1790611613,DQN_Double_PER,2,90,4500,-8.10,0,0.9109,0.00588,3.4
DQN_Double_PER_seed_2_1790611613,DQN_Double_PER,2,91,4550,-6.90,0,0.9099,0.00673,3.5
DQN_Double_PER_seed_2_1790611613,DQN_Double_PER,2,92,4600,-7.50,0,0.9089,0.00668,3.6
DQN_Double_PER_seed_2_1790611613,DQN_Double_PER,2,93,4650,-8.70,0,0.9079,0.00661,3.6
DQN_Double_PER_seed_2_1790611613,DQN_Double_PER,2,94,4700,-6.90,0,0.9069,0.00602,3.7
DQN_Double_PER_seed_2_1790611613,DQN_Double_PER,2,95,4750,-7.50,0,0.9060,0.00558,3.8
DQN_Double_PER_seed_2_1790611613,DQN_Double_PER,2,96,4800,-8.10,0,0.9050,0.00650,3.8
DQN_Double_PER_seed_2_1790611613,DQN_Double_PER,2,97,4850,-7.50,0,0.9040,0.00597,3.9
DQN_Double_PER_seed_2_1790611613,DQN_Double_PER,2,98,4900,-6.90,0,0.9030,0.00676,4.0
DQN_Double_PER_seed_2_1790611613,DQN_Double_PER,2,99,4950,-6.90,0,0.9020,0.00553,4.0
DQN_Double_PER_seed_2_1790611613,DQN_Double_PER,2,100,5000,-8.10,0,0.9010,0.00656,4.1
DQN_Double_PER_seed_2_1790611613,DQN_Double_PER,2,101,5050,-6.30,0,0.9000,0.01491,4.3
DQN_Double_PER_seed_2_1790611613,DQN_Double_PER,2,102,5100,-7.50,0,0.8990,0.00874,4.3
DQN_Double_PER_seed_2_1790611613,DQN_Double_PER,2,103,5150,-8.70,0,0.8980,0.00844,4.4
DQN_Double_PER_seed_2_1790611613,DQN_Double_PER,2,104,5200,-7.50,0,0.8970,0.00851,4.5
DQN_Double_PER_seed_2_1790611613,DQN_Double_PER,2,105,5250,-6.90,0,0.8961,0.00817,4.5
DQN_Double_PER_seed_2_1790611613,DQN_Double_PER,2,106,5300,-6.30,0,0.8951,0.00710,4.6
DQN_Double_PER_seed_2_1790611613,DQN_Double_PER,2,107,5350,-6.90,0,0.8941,0.00833,4.7
DQN_Double_PER_seed_2_1790611613,DQN_Double_PER,2,108,5400,-8.70,0,0.8931,0.00719,4.7
DQN_Double_PER_seed_2_1790611613,DQN_Double_PER,2,109,5450,-6.90,0,0.8921,0.00729,4.8
DQN_Double_PER_seed_2_1790611613,DQN_Double_PER,2,110,5500,-5.10,0,0.8911,0.00704,4.9
DQN_Double_PER_seed_2_1790611613,DQN_Double_PER,2,111,5550,-6.90,0,0.8901,0.00684,4.9
DQN_Double_PER_seed_2_1790611613,DQN_Double_PER,2,112,5600,-6.90,0,0.8891,0.00751,5.0
DQN_Double_PER_seed_2_1790611613,DQN_Double_PER,2,113,5650,-6.30,0,0.8881,0.00751,5.1
DQN_Double_PER_seed_2_1790611613,DQN_Double_PER,2,114,5700,-8.10,0,0.8871,0.00686,5.1
DQN_Double_PER_seed_2_1790611613,DQN_Double_PER,2,115,5750,-7.50,0,0.8861,0.00719,5.2
DQN_Double_PER_seed_2_1790611613,DQN_Double_PER,2,116,5800,-8.10,0,0.8852,0.00650,5.3
DQN_Double_PER_seed_2_1790611613,DQN_Double_PER,2,117,5850,-8.10,0,0.8842,0.00580,5.3
DQN_Double_PER_seed_2_1790611613,DQN_Double_PER,2,118,5900,-6.90,0,0.8832,0.00661,5.4
DQN_Double_PER_seed_2_1790611613,DQN_Double_PER,2,119,5950,-6.30,0,0.8822,0.00524,5.5
DQN_Double_PER_seed_2_1790611613,DQN_Double_PER,2,120,6000,-6.90,0,0.8812,0.00620,5.5
DQN_Double_PER_seed_2_1790611613,DQN_Double_PER,2,121,6050,-8.10,0,0.8802,0.01510,5.6
DQN_Double_PER_seed_2_1790611613,DQN_Double_PER,2,122,6100,-6.90,0,0.8792,0.00680,5.7
DQN_Double_PER_seed_2_1790611613,DQN_Double_PER,2,123,6150,-7.50,0,0.8782,0.00676,5.8
DQN_Double_PER_seed_2_1790611613,DQN_Double_PER,2,124,6200,-6.90,0,0.8772,0.00778,5.8
DQN_Double_PER_seed_2_1790611613,DQN_Double_PER,2,125,6250,-3.90,0,0.8762,0.00698,5.9
DQN_Double_PER_seed_2_1790611613,DQN_Double_PER,2,126,6300,-8.10,0,0.8753,0.00566,6.0
DQN_Double_PER_seed_2_1790611613,DQN_Double_PER,2,127,6350,-6.30,0,0.8743,0.00675,6.0
DQN_Double_PER_seed_2_1790611613,DQN_Double_PER,2,128,6400,-8.70,0,0.8733,0.00612,6.1
DQN_Double_PER_seed_2_1790611613,DQN_Double_PER,2,129,6450,-8.10,0,0.8723,0.00769,6.2
DQN_Double_PER_seed_2_1790611613,DQN_Double_PER,2,130,6500,-6.90,0,0.8713,0.00655,6.2
DQN_Double_PER_seed_2_1790611613,DQN_Double_PER,2,131,6550,-6.90,0,0.8703,0.00536,6.3
DQN_Double_PER_seed_2_1790611613,DQN_Double_PER,2,132,6600,-5.10,0,0.8693,0.00585,6.4
DQN_Double_PER_seed_2_1790611613,DQN_Double_PER,2,133,6650,-8.10,0,0.8683,0.00526,6.4
DQN_Double_PER_seed_2_1790611613,DQN_Double_PER,2,134,6700,-7.50,0,0.8673,0.00619,6.5
DQN_Double_PER_seed_2_1790611613,DQN_Double_PER,2,135,6750,-8.70,0,0.8663,0.00615,6.6
DQN_Double_PER_seed_2_1790611613,DQN_Double_PER,2,136,6800,-6.90,0,0.8654,0.00513,6.6
DQN_Double_PER_seed_2_1790611613,DQN_Double_PER,2,137,6850,-4.50,0,0.8644,0.00519,6.7
DQN_Double_PER_seed_2_1790611613,DQN_Double_PER,2,138,6900,-6.90,0,0.8634,0.00526,6.8
DQN_Double_PER_seed_2_1790611613,DQN_Double_PER,2,139,6950,-8.10,0,0.8624,0.00531,6.8
DQN_Double_PER_seed_2_1790611613,DQN_Double_PER,2,140,7000,-6.30,0,0.8614,0.00513,6.9
DQN_Double_PER_seed_2_1790611613,DQN_Double_PER,2,141,7050,-3.90,0,0.8604,0.00898,7.0
DQN_Double_PER_seed_2_1790611613,DQN_Double_PER,2,142,7100,-6.30,0,0.8594,0.00400,7.0
DQN_Double_PER_seed_2_1790611613,DQN_Double_PER,2,143,7150,-6.90,0,0.8584,0.00335,7.1
DQN_Double_PER_seed_2_1790611613,DQN_Double_PER,2,144,7200,-7.50,0,0.8574,0.00390,7.2
DQN_Double_PER_seed_2_1790611613,DQN_Double_PER,2,145,7250,-8.70,0,0.8565,0.00341,7.2
DQN_Double_PER_seed_2_1790611613,DQN_Double_PER,2,146,7300,-8.10,0,0.8555,0.00298,7.3
DQN_Double_PER_seed_2_1790611613,DQN_Double_PER,2,147,7350,-6.90,0,0.8545,0.00292,7.4
DQN_Double_PER_seed_2_1790611613,DQN_Double_PER,2,148,7400,-8.10,0,0.8535,0.00317,7.5
DQN_Double_PER_seed_2_1790611613,DQN_Double_PER,2,149,7450,-7.50,0,0.8525,0.00267,7.5
DQN_Double_PER_seed_2_1790611613,DQN_Double_PER,2,150,7500,-7.50,0,0.8515,0.00252,7.6
DQN_Double_PER_seed_2_1790611613,DQN_Double_PER,2,151,7550,-6.30,0,0.8505,0.00254,7.7
DQN_Double_PER_seed_2_1790611613,DQN_Double_PER,2,152,7600,-7.50,0,0.8495,0.00251,7.7
DQN_Double_PER_seed_2_1790611613,DQN_Double_PER,2,153,7650,-7.50,0,0.8485,0.00256,7.8
DQN_Double_PER_seed_2_1790611613,DQN_Double_PER,2,154,7700,-5.70,0,0.8475,0.00276,7.9
DQN_Double_PER_seed_2_1790611613,DQN_Double_PER,2,155,7750,-6.90,0,0.8466,0.00281,7.9
DQN_Double_PER_seed_2_1790611613,DQN_Double_PER,2,156,7800,-5.10,0,0.8456,0.00335,8.0
DQN_Double_PER_seed_2_1790611613,DQN_Double_PER,2,157,7850,-7.50,0,0.8446,0.00298,8.1
DQN_Double_PER_seed_2_1790611613,DQN_Double_PER,2,158,7900,-6.30,0,0.8436,0.00207,8.1
DQN_Double_PER_seed_2_1790611613,DQN_Double_PER,2,159,7950,-3.90,0,0.8426,0.00268,8.2
DQN_Double_PER_seed_2_1790611613,DQN_Double_PER,2,160,8000,-8.10,0,0.8416,0.00267,8.3
DQN_Double_PER_seed_2_1790611613,DQN_Double_PER,2,161,8050,-8.10,0,0.8406,0.00791,8.3
DQN_Double_PER_seed_2_1790611613,DQN_Double_PER,2,162,8100,-5.10,0,0.8396,0.00260,8.4
DQN_Double_PER_seed_2_1790611613,DQN_Double_PER,2,163,8150,-6.90,0,0.8386,0.00242,8.5
DQN_Double_PER_seed_2_1790611613,DQN_Double_PER,2,164,8200,-8.10,0,0.8376,0.00274,8.5
DQN_Double_PER_seed_2_1790611613,DQN_Double_PER,2,165,8250,-7.50,0,0.8367,0.00209,8.6
DQN_Double_PER_seed_2_1790611613,DQN_Double_PER,2,166,8300,-5.70,0,0.8357,0.00214,8.7
DQN_Double_PER_seed_2_1790611613,DQN_Double_PER,2,167,8350,-6.30,0,0.8347,0.00191,8.7
DQN_Double_PER_seed_2_1790611613,DQN_Double_PER,2,168,8400,-6.30,0,0.8337,0.00185,8.8
DQN_Double_PER_seed_2_1790611613,DQN_Double_PER,2,169,8450,-8.70,0,0.8327,0.00203,8.9
DQN_Double_PER_seed_2_1790611613,DQN_Double_PER,2,170,8500,-8.70,0,0.8317,0.00191,9.0
DQN_Double_PER_seed_2_1790611613,DQN_Double_PER,2,171,8550,-7.50,0,0.8307,0.00180,9.0
DQN_Double_PER_seed_2_1790611613,DQN_Double_PER,2,172,8600,-7.50,0,0.8297,0.00210,9.1
DQN_Double_PER_seed_2_1790611613,DQN_Double_PER,2,173,8650,-6.30,0,0.8287,0.00211,9.2
DQN_Double_PER_seed_2_1790611613,DQN_Double_PER,2,174,8700,-8.10,0,0.8277,0.00195,9.2
DQN_Double_PER_seed_2_1790611613,DQN_Double_PER,2,175,8750,-4.50,0,0.8267,0.00251,9.3
DQN_Double_PER_seed_2_1790611613,DQN_Double_PER,2,176,8800,-8.10,0,0.8258,0.00225,9.4
DQN_Double_PER_seed_2_1790611613,DQN_Double_PER,2,177,8850,-8.10,0,0.8248,0.00176,9.4
DQN_Double_PER_seed_2_1790611613,DQN_Double_PER,2,178,8900,-7.50,0,0.8238,0.00163,9.5
DQN_Double_PER_seed_2_1790611613,DQN_Double_PER,2,179,8950,-6.90,0,0.8228,0.00184,9.6
DQN_Double_PER_seed_2_1790611613,DQN_Double_PER,2,180,9000,-7.50,0,0.8218,0.00206,9.6
DQN_Double_PER_seed_2_1790611613,DQN_Double_PER,2,181,9050,-3.90,0,0.8208,0.00595,9.7
DQN_Double_PER_seed_2_1790611613,DQN_Double_PER,2,182,9100,-6.90,0,0.8198,0.00192,9.8
DQN_Double_PER_seed_2_1790611613,DQN_Double_PER,2,183,9150,-7.50,0,0.8188,0.00189,9.8
DQN_Double_PER_seed_2_1790611613,DQN_Double_PER,2,184,9200,-8.10,0,0.8178,0.00161,9.9
DQN_Double_PER_seed_2_1790611613,DQN_Double_PER,2,185,9250,-5.70,0,0.8168,0.00181,10.0
DQN_Double_PER_seed_2_1790611613,DQN_Double_PER,2,186,9300,-6.90,0,0.8159,0.00181,10.0
DQN_Double_PER_seed_2_1790611613,DQN_Double_PER,2,187,9350,-8.70,0,0.8149,0.00191,10.1
DQN_Double_PER_seed_2_1790611613,DQN_Double_PER,2,188,9400,-6.90,0,0.8139,0.00258,10.2
DQN_Double_PER_seed_2_1790611613,DQN_Double_PER,2,189,9450,-6.90,0,0.8129,0.00273,10.2
DQN_Double_PER_seed_2_1790611613,DQN_Double_PER,2,190,9500,-2.70,0,0.8119,0.00157,10.3
DQN_Double_PER_seed_2_1790611613,DQN_Double_PER,2,191,9550,-8.70,0,0.8109,0.00173,10.4
DQN_Double_PER_seed_2_1790611613,DQN_Double_PER,2,192,9600,-8.10,0,0.8099,0.00172,10.5
DQN_Double_PER_seed_2_1790611613,DQN_Double_PER,2,193,9650,-5.70,0,0.8089,0.00138,10.5
DQN_Double_PER_seed_2_1790611613,DQN_Double_PER,2,194,9700,-6.30,0,0.8079,0.00172,10.6
DQN_Double_PER_seed_2_1790611613,DQN_Double_PER,2,195,9750,-8.10,0,0.8070,0.00158,10.7
DQN_Double_PER_seed_2_1790611613,DQN_Double_PER,2,196,9800,-8.10,0,0.8060,0.00136,10.7
DQN_Double_PER_seed_2_1790611613,DQN_Double_PER,2,197,9850,-4.50,0,0.8050,0.00134,10.8
DQN_Double_PER_seed_2_1790611613,DQN_Double_PER,2,198,9900,-8.10,0,0.8040,0.00143,10.9
DQN_Double_PER_seed_2_1790611613,DQN_Double_PER,2,199,9950,-8.10,0,0.8030,0.00192,10.9
DQN_Double_PER_seed_2_1790611613,DQN_Double_PER,2,200,10000,-6.90,0,0.8020,0.00180,11.0
DQN_Double_PER_seed_2_1790611613,DQN_Double_PER,2,201,10050,-7.50,0,0.8010,0.00668,11.1
DQN_Double_PER_seed_2_1790611613,DQN_Double_PER,2,202,10100,-7.50,0,0.8000,0.00198,11.2
DQN_Double_PER_seed_2_1790611613,DQN_Double_PER,2,203,10150,-6.30,0,0.7990,0.00189,11.3
DQN_Double_PER_seed_2_1790611613,DQN_Double_PER,2,204,10200,-7.50,0,0.7980,0.00166,11.3
DQN_Double_PER_seed_2_1790611613,DQN_Double_PER,2,205,10250,-6.90,0,0.7971,0.00198,11.4
DQN_Double_PER_seed_2_1790611613,DQN_Double_PER,2,206,10300,-8.10,0,0.7961,0.00160,11.5
DQN_Double_PER_seed_2_1790611613,DQN_Double_PER,2,207,10350,-8.70,0,0.7951,0.00162,11.5
DQN_Double_PER_seed_2_1790611613,DQN_Double_PER,2,208,10400,-8.70,0,0.7941,0.00166,11.6
DQN_Double_PER_seed_2_1790611613,DQN_Double_PER,2,209,10450,-6.30,0,0.7931,0.00173,11.7
DQN_Double_PER_seed_2_1790611613,DQN_Double_PER,2,210,10500,-8.10,0,0.7921,0.00160,11.7
DQN_Double_PER_seed_2_1790611613,DQN_Double_PER,2,211,10550,-8.10,0,0.7911,0.00150,11.8
DQN_Double_PER_seed_2_1790611613,DQN_Double_PER,2,212,10600,-8.10,0,0.7901,0.00120,11.9
DQN_Double_PER_seed_2_1790611613,DQN_Double_PER,2,213,10650,-8.10,0,0.7891,0.00134,11.9
DQN_Double_PER_seed_2_1790611613,DQN_Double_PER,2,214,10700,-2.70,0,0.7881,0.00135,12.0
DQN_Double_PER_seed_2_1790611613,DQN_Double_PER,2,215,10750,-7.50,0,0.7872,0.00232,12.1
DQN_Double_PER_seed_2_1790611613,DQN_Double_PER,2,216,10800,-2.70,0,0.7862,0.00225,12.2
DQN_Double_PER_seed_2_1790611613,DQN_Double_PER,2,217,10850,-6.90,0,0.7852,0.00200,12.2
DQN_Double_PER_seed_2_1790611613,DQN_Double_PER,2,218,10900,-8.10,0,0.7842,0.00174,12.3
DQN_Double_PER_seed_2_1790611613,DQN_Double_PER,2,219,10950,-7.50,0,0.7832,0.00243,12.4
DQN_Double_PER_seed_2_1790611613,DQN_Double_PER,2,220,11000,-8.70,0,0.7822,0.00318,12.4
DQN_Double_PER_seed_2_1790611613,DQN_Double_PER,2,221,11050,-6.90,0,0.7812,0.01158,12.5
DQN_Double_PER_seed_2_1790611613,DQN_Double_PER,2,222,11100,-6.90,0,0.7802,0.00312,12.6
DQN_Double_PER_seed_2_1790611613,DQN_Double_PER,2,223,11150,-8.10,0,0.7792,0.00138,12.6
DQN_Double_PER_seed_2_1790611613,DQN_Double_PER,2,224,11200,-6.30,0,0.7782,0.00178,12.7
DQN_Double_PER_seed_2_1790611613,DQN_Double_PER,2,225,11250,-8.70,0,0.7772,0.00186,12.8
DQN_Double_PER_seed_2_1790611613,DQN_Double_PER,2,226,11300,-6.30,0,0.7763,0.00161,12.8
DQN_Double_PER_seed_2_1790611613,DQN_Double_PER,2,227,11350,-7.50,0,0.7753,0.00264,12.9
DQN_Double_PER_seed_2_1790611613,DQN_Double_PER,2,228,11400,-7.50,0,0.7743,0.00187,13.0
DQN_Double_PER_seed_2_1790611613,DQN_Double_PER,2,229,11450,-6.90,0,0.7733,0.00137,13.0
DQN_Double_PER_seed_2_1790611613,DQN_Double_PER,2,230,11500,-6.90,0,0.7723,0.00250,13.1
DQN_Double_PER_seed_2_1790611613,DQN_Double_PER,2,231,11550,-5.70,0,0.7713,0.00269,13.2
DQN_Double_PER_seed_2_1790611613,DQN_Double_PER,2,232,11600,-8.10,0,0.7703,0.00168,13.2
DQN_Double_PER_seed_2_1790611613,DQN_Double_PER,2,233,11650,-6.30,0,0.7693,0.00185,13.3
DQN_Double_PER_seed_2_1790611613,DQN_Double_PER,2,234,11700,-8.70,0,0.7683,0.00162,13.4
DQN_Double_PER_seed_2_1790611613,DQN_Double_PER,2,235,11750,-6.30,0,0.7673,0.00128,13.5
DQN_Double_PER_seed_2_1790611613,DQN_Double_PER,2,236,11800,-7.50,0,0.7664,0.00151,13.5
DQN_Double_PER_seed_2_1790611613,DQN_Double_PER,2,237,11850,-6.90,0,0.7654,0.00153,13.6
DQN_Double_PER_seed_2_1790611613,DQN_Double_PER,2,238,11900,-8.70,0,0.7644,0.00140,13.7
DQN_Double_PER_seed_2_1790611613,DQN_Double_PER,2,239,11950,-3.90,0,0.7634,0.00134,13.7
DQN_Double_PER_seed_2_1790611613,DQN_Double_PER,2,240,12000,-7.50,0,0.7624,0.00118,13.8
DQN_Double_PER_seed_2_1790611613,DQN_Double_PER,2,241,12050,-7.50,0,0.7614,0.00444,13.9
DQN_Double_PER_seed_2_1790611613,DQN_Double_PER,2,242,12100,-6.90,0,0.7604,0.00143,13.9
DQN_Double_PER_seed_2_1790611613,DQN_Double_PER,2,243,12150,-7.50,0,0.7594,0.00158,14.0
DQN_Double_PER_seed_2_1790611613,DQN_Double_PER,2,244,12200,-8.10,0,0.7584,0.00251,14.1
DQN_Double_PER_seed_2_1790611613,DQN_Double_PER,2,245,12250,-7.50,0,0.7574,0.00201,14.1
DQN_Double_PER_seed_2_1790611613,DQN_Double_PER,2,246,12300,-8.10,0,0.7565,0.00139,14.2
DQN_Double_PER_seed_2_1790611613,DQN_Double_PER,2,247,12350,-3.30,0,0.7555,0.00192,14.3
DQN_Double_PER_seed_2_1790611613,DQN_Double_PER,2,248,12400,-6.90,0,0.7545,0.00243,14.4
DQN_Double_PER_seed_2_1790611613,DQN_Double_PER,2,249,12450,-5.10,0,0.7535,0.00199,14.4
DQN_Double_PER_seed_2_1790611613,DQN_Double_PER,2,250,12500,-6.30,0,0.7525,0.00269,14.5
DQN_Double_PER_seed_2_1790611613,DQN_Double_PER,2,251,12550,-6.30,0,0.7515,0.00185,14.6
DQN_Double_PER_seed_2_1790611613,DQN_Double_PER,2,252,12600,-6.90,0,0.7505,0.00263,14.6
DQN_Double_PER_seed_2_1790611613,DQN_Double_PER,2,253,12650,-8.10,0,0.7495,0.00203,14.7
DQN_Double_PER_seed_2_1790611613,DQN_Double_PER,2,254,12700,-5.10,0,0.7485,0.00207,14.8
DQN_Double_PER_seed_2_1790611613,DQN_Double_PER,2,255,12750,-6.90,0,0.7475,0.00176,14.8
DQN_Double_PER_seed_2_1790611613,DQN_Double_PER,2,256,12800,-5.10,0,0.7466,0.00266,14.9
DQN_Double_PER_seed_2_1790611613,DQN_Double_PER,2,257,12850,-6.90,0,0.7456,0.00197,15.0
DQN_Double_PER_seed_2_1790611613,DQN_Double_PER,2,258,12900,-8.10,0,0.7446,0.00433,15.0
DQN_Double_PER_seed_2_1790611613,DQN_Double_PER,2,259,12950,-3.30,0,0.7436,0.00314,15.1
DQN_Double_PER_seed_2_1790611613,DQN_Double_PER,2,260,13000,-8.10,0,0.7426,0.00285,15.2
DQN_Double_PER_seed_2_1790611613,DQN_Double_PER,2,261,13050,-6.30,0,0.7416,0.00697,15.2
DQN_Double_PER_seed_2_1790611613,DQN_Double_PER,2,262,13100,-6.90,0,0.7406,0.00254,15.3
DQN_Double_PER_seed_2_1790611613,DQN_Double_PER,2,263,13150,-5.70,0,0.7396,0.00331,15.4
DQN_Double_PER_seed_2_1790611613,DQN_Double_PER,2,264,13200,-6.90,0,0.7386,0.00421,15.5
DQN_Double_PER_seed_2_1790611613,DQN_Double_PER,2,265,13250,-7.50,0,0.7376,0.00228,15.5
DQN_Double_PER_seed_2_1790611613,DQN_Double_PER,2,266,13300,-6.90,0,0.7367,0.00186,15.6
DQN_Double_PER_seed_2_1790611613,DQN_Double_PER,2,267,13350,-3.30,0,0.7357,0.00240,15.7
DQN_Double_PER_seed_2_1790611613,DQN_Double_PER,2,268,13400,-7.50,0,0.7347,0.00211,15.7
DQN_Double_PER_seed_2_1790611613,DQN_Double_PER,2,269,13450,-1.50,0,0.7337,0.00280,15.8
DQN_Double_PER_seed_2_1790611613,DQN_Double_PER,2,270,13500,-6.90,0,0.7327,0.00221,15.9
DQN_Double_PER_seed_2_1790611613,DQN_Double_PER,2,271,13550,-5.10,0,0.7317,0.00174,15.9
DQN_Double_PER_seed_2_1790611613,DQN_Double_PER,2,272,13600,-5.10,0,0.7307,0.00222,16.0
DQN_Double_PER_seed_2_1790611613,DQN_Double_PER,2,273,13650,-6.90,0,0.7297,0.00191,16.1
DQN_Double_PER_seed_2_1790611613,DQN_Double_PER,2,274,13700,-8.10,0,0.7287,0.00210,16.1
DQN_Double_PER_seed_2_1790611613,DQN_Double_PER,2,275,13750,-8.10,0,0.7278,0.00158,16.2
DQN_Double_PER_seed_2_1790611613,DQN_Double_PER,2,276,13800,-6.30,0,0.7268,0.00221,16.3
DQN_Double_PER_seed_2_1790611613,DQN_Double_PER,2,277,13850,-0.30,0,0.7258,0.00209,16.4
DQN_Double_PER_seed_2_1790611613,DQN_Double_PER,2,278,13900,-5.70,0,0.7248,0.00201,16.4
DQN_Double_PER_seed_2_1790611613,DQN_Double_PER,2,279,13950,-5.70,0,0.7238,0.00209,16.5
DQN_Double_PER_seed_2_1790611613,DQN_Double_PER,2,280,14000,-7.50,0,0.7228,0.00214,16.6
DQN_Double_PER_seed_2_1790611613,DQN_Double_PER,2,281,14050,-0.30,0,0.7218,0.00729,16.6
DQN_Double_PER_seed_2_1790611613,DQN_Double_PER,2,282,14100,-8.10,0,0.7208,0.00279,16.7
DQN_Double_PER_seed_2_1790611613,DQN_Double_PER,2,283,14150,-5.70,0,0.7198,0.00283,16.8
DQN_Double_PER_seed_2_1790611613,DQN_Double_PER,2,284,14200,-7.50,0,0.7188,0.00301,16.8
DQN_Double_PER_seed_2_1790611613,DQN_Double_PER,2,285,14250,-7.50,0,0.7179,0.00272,16.9
DQN_Double_PER_seed_2_1790611613,DQN_Double_PER,2,286,14300,-6.30,0,0.7169,0.00219,17.0
DQN_Double_PER_seed_2_1790611613,DQN_Double_PER,2,287,14350,-6.30,0,0.7159,0.00212,17.0
DQN_Double_PER_seed_2_1790611613,DQN_Double_PER,2,288,14400,-6.30,0,0.7149,0.00317,17.1
DQN_Double_PER_seed_2_1790611613,DQN_Double_PER,2,289,14450,-5.70,0,0.7139,0.00237,17.2
DQN_Double_PER_seed_2_1790611613,DQN_Double_PER,2,290,14500,-8.10,0,0.7129,0.00241,17.2
DQN_Double_PER_seed_2_1790611613,DQN_Double_PER,2,291,14550,-5.70,0,0.7119,0.00251,17.3
DQN_Double_PER_seed_2_1790611613,DQN_Double_PER,2,292,14600,-7.50,0,0.7109,0.00197,17.4
DQN_Double_PER_seed_2_1790611613,DQN_Double_PER,2,293,14650,-6.90,0,0.7099,0.00252,17.5
DQN_Double_PER_seed_2_1790611613,DQN_Double_PER,2,294,14700,-6.30,0,0.7089,0.00223,17.5
DQN_Double_PER_seed_2_1790611613,DQN_Double_PER,2,295,14750,-2.10,0,0.7080,0.00201,17.6
DQN_Double_PER_seed_2_1790611613,DQN_Double_PER,2,296,14800,-3.90,0,0.7070,0.00255,17.7
DQN_Double_PER_seed_2_1790611613,DQN_Double_PER,2,297,14850,-5.10,0,0.7060,0.00280,17.7
DQN_Double_PER_seed_2_1790611613,DQN_Double_PER,2,298,14900,-6.90,0,0.7050,0.00365,17.8
DQN_Double_PER_seed_2_1790611613,DQN_Double_PER,2,299,14950,-5.70,0,0.7040,0.00228,17.9
DQN_Double_PER_seed_2_1790611613,DQN_Double_PER,2,300,15000,-6.90,0,0.7030,0.00206,17.9
DQN_Double_PER_seed_2_1790611613,DQN_Double_PER,2,301,15050,-6.90,0,0.7020,0.00386,18.1
DQN_Double_PER_seed_2_1790611613,DQN_Double_PER,2,302,15100,-5.70,0,0.7010,0.00244,18.2
DQN_Double_PER_seed_2_1790611613,DQN_Double_PER,2,303,15150,-8.10,0,0.7000,0.00221,18.2
DQN_Double_PER_seed_2_1790611613,DQN_Double_PER,2,304,15200,-6.30,0,0.6990,0.00295,18.3
DQN_Double_PER_seed_2_1790611613,DQN_Double_PER,2,305,15250,-7.50,0,0.6981,0.00324,18.4
DQN_Double_PER_seed_2_1790611613,DQN_Double_PER,2,306,15300,3.90,0,0.6971,0.00260,18.4
DQN_Double_PER_seed_2_1790611613,DQN_Double_PER,2,307,15350,-8.70,0,0.6961,0.00249,18.5
DQN_Double_PER_seed_2_1790611613,DQN_Double_PER,2,308,15400,-3.90,0,0.6951,0.00222,18.6
DQN_Double_PER_seed_2_1790611613,DQN_Double_PER,2,309,15450,-5.10,0,0.6941,0.00250,18.6
DQN_Double_PER_seed_2_1790611613,DQN_Double_PER,2,310,15500,-8.10,0,0.6931,0.00175,18.7
DQN_Double_PER_seed_2_1790611613,DQN_Double_PER,2,311,15550,-4.50,0,0.6921,0.00260,18.8
DQN_Double_PER_seed_2_1790611613,DQN_Double_PER,2,312,15600,-8.10,0,0.6911,0.00265,18.8
DQN_Double_PER_seed_2_1790611613,DQN_Double_PER,2,313,15650,-7.50,0,0.6901,0.00268,18.9
DQN_Double_PER_seed_2_1790611613,DQN_Double_PER,2,314,15700,-3.30,0,0.6891,0.00218,19.0
DQN_Double_PER_seed_2_1790611613,DQN_Double_PER,2,315,15750,-8.10,0,0.6882,0.00212,19.1
DQN_Double_PER_seed_2_1790611613,DQN_Double_PER,2,316,15800,-5.70,0,0.6872,0.00196,19.1
DQN_Double_PER_seed_2_1790611613,DQN_Double_PER,2,317,15850,-5.70,0,0.6862,0.00453,19.2
DQN_Double_PER_seed_2_1790611613,DQN_Double_PER,2,318,15900,-6.30,0,0.6852,0.00251,19.3
DQN_Double_PER_seed_2_1790611613,DQN_Double_PER,2,319,15950,-5.10,0,0.6842,0.00170,19.3
DQN_Double_PER_seed_2_1790611613,DQN_Double_PER,2,320,16000,-4.50,0,0.6832,0.00215,19.4
DQN_Double_PER_seed_2_1790611613,DQN_Double_PER,2,321,16050,-6.90,0,0.6822,0.00622,19.5
DQN_Double_PER_seed_2_1790611613,DQN_Double_PER,2,322,16100,-5.10,0,0.6812,0.00272,19.5
DQN_Double_PER_seed_2_1790611613,DQN_Double_PER,2,323,16150,-3.90,0,0.6802,0.00386,19.6
DQN_Double_PER_seed_2_1790611613,DQN_Double_PER,2,324,16200,-6.90,0,0.6792,0.00319,19.7
DQN_Double_PER_seed_2_1790611613,DQN_Double_PER,2,325,16250,-7.50,0,0.6783,0.00405,19.7
DQN_Double_PER_seed_2_1790611613,DQN_Double_PER,2,326,16300,-6.30,0,0.6773,0.00409,19.8
DQN_Double_PER_seed_2_1790611613,DQN_Double_PER,2,327,16350,-4.50,0,0.6763,0.00256,19.9
DQN_Double_PER_seed_2_1790611613,DQN_Double_PER,2,328,16400,-2.70,0,0.6753,0.00215,20.0
DQN_Double_PER_seed_2_1790611613,DQN_Double_PER,2,329,16450,-7.50,0,0.6743,0.00270,20.0
DQN_Double_PER_seed_2_1790611613,DQN_Double_PER,2,330,16500,-6.90,0,0.6733,0.00227,20.1
DQN_Double_PER_seed_2_1790611613,DQN_Double_PER,2,331,16550,2.70,0,0.6723,0.00223,20.2
DQN_Double_PER_seed_2_1790611613,DQN_Double_PER,2,332,16600,-5.10,0,0.6713,0.00211,20.2
DQN_Double_PER_seed_2_1790611613,DQN_Double_PER,2,333,16650,0.30,0,0.6703,0.00263,20.3
DQN_Double_PER_seed_2_1790611613,DQN_Double_PER,2,334,16700,-7.50,0,0.6693,0.00215,20.4
DQN_Double_PER_seed_2_1790611613,DQN_Double_PER,2,335,16750,-8.10,0,0.6683,0.00205,20.4
DQN_Double_PER_seed_2_1790611613,DQN_Double_PER,2,336,16800,-6.90,0,0.6674,0.00662,20.5
DQN_Double_PER_seed_2_1790611613,DQN_Double_PER,2,337,16850,-7.50,0,0.6664,0.00356,20.6
DQN_Double_PER_seed_2_1790611613,DQN_Double_PER,2,338,16900,-5.70,0,0.6654,0.00195,20.6
DQN_Double_PER_seed_2_1790611613,DQN_Double_PER,2,339,16950,-7.50,0,0.6644,0.00219,20.7
DQN_Double_PER_seed_2_1790611613,DQN_Double_PER,2,340,17000,-3.30,0,0.6634,0.00209,20.8
DQN_Double_PER_seed_2_1790611613,DQN_Double_PER,2,341,17050,-7.50,0,0.6624,0.00520,20.9
DQN_Double_PER_seed_2_1790611613,DQN_Double_PER,2,342,17100,-6.90,0,0.6614,0.00375,21.0
DQN_Double_PER_seed_2_1790611613,DQN_Double_PER,2,343,17150,-5.10,0,0.6604,0.00449,21.0
DQN_Double_PER_seed_2_1790611613,DQN_Double_PER,2,344,17200,-2.70,0,0.6594,0.00271,21.1
DQN_Double_PER_seed_2_1790611613,DQN_Double_PER,2,345,17250,-5.10,0,0.6584,0.00307,21.2
DQN_Double_PER_seed_2_1790611613,DQN_Double_PER,2,346,17300,-7.50,0,0.6575,0.00272,21.2
DQN_Double_PER_seed_2_1790611613,DQN_Double_PER,2,347,17350,-6.90,0,0.6565,0.00286,21.3
DQN_Double_PER_seed_2_1790611613,DQN_Double_PER,2,348,17400,-5.70,0,0.6555,0.00265,21.4
DQN_Double_PER_seed_2_1790611613,DQN_Double_PER,2,349,17450,-6.90,0,0.6545,0.00258,21.4
DQN_Double_PER_seed_2_1790611613,DQN_Double_PER,2,350,17500,-5.10,0,0.6535,0.00380,21.5
DQN_Double_PER_seed_2_1790611613,DQN_Double_PER,2,351,17550,-3.90,0,0.6525,0.00245,21.6
DQN_Double_PER_seed_2_1790611613,DQN_Double_PER,2,352,17600,-4.50,0,0.6515,0.00225,21.6
DQN_Double_PER_seed_2_1790611613,DQN_Double_PER,2,353,17650,-3.90,0,0.6505,0.00308,21.7
DQN_Double_PER_seed_2_1790611613,DQN_Double_PER,2,354,17700,-7.50,0,0.6495,0.00369,21.8
DQN_Double_PER_seed_2_1790611613,DQN_Double_PER,2,355,17750,-6.90,0,0.6485,0.00294,21.9
DQN_Double_PER_seed_2_1790611613,DQN_Double_PER,2,356,17800,-5.10,0,0.6476,0.00219,21.9
DQN_Double_PER_seed_2_1790611613,DQN_Double_PER,2,357,17850,-5.70,0,0.6466,0.00214,22.0
DQN_Double_PER_seed_2_1790611613,DQN_Double_PER,2,358,17900,-0.90,0,0.6456,0.00210,22.1
DQN_Double_PER_seed_2_1790611613,DQN_Double_PER,2,359,17950,-6.30,0,0.6446,0.00254,22.1
DQN_Double_PER_seed_2_1790611613,DQN_Double_PER,2,360,18000,-6.90,0,0.6436,0.00238,22.2
DQN_Double_PER_seed_2_1790611613,DQN_Double_PER,2,361,18050,-8.10,0,0.6426,0.00515,22.3
DQN_Double_PER_seed_2_1790611613,DQN_Double_PER,2,362,18100,-7.50,0,0.6416,0.00373,22.3
DQN_Double_PER_seed_2_1790611613,DQN_Double_PER,2,363,18150,-6.30,0,0.6406,0.01441,22.4
DQN_Double_PER_seed_2_1790611613,DQN_Double_PER,2,364,18200,-3.90,0,0.6396,0.00718,22.5
DQN_Double_PER_seed_2_1790611613,DQN_Double_PER,2,365,18250,-5.70,0,0.6386,0.00243,22.5
DQN_Double_PER_seed_2_1790611613,DQN_Double_PER,2,366,18300,-0.30,0,0.6377,0.00259,22.6
DQN_Double_PER_seed_2_1790611613,DQN_Double_PER,2,367,18350,-7.50,0,0.6367,0.00273,22.7
DQN_Double_PER_seed_2_1790611613,DQN_Double_PER,2,368,18400,-2.70,0,0.6357,0.00399,22.7
DQN_Double_PER_seed_2_1790611613,DQN_Double_PER,2,369,18450,-6.90,0,0.6347,0.00345,22.8
DQN_Double_PER_seed_2_1790611613,DQN_Double_PER,2,370,18500,-6.30,0,0.6337,0.00226,22.9
DQN_Double_PER_seed_2_1790611613,DQN_Double_PER,2,371,18550,-7.50,0,0.6327,0.00219,23.0
DQN_Double_PER_seed_2_1790611613,DQN_Double_PER,2,372,18600,-6.30,0,0.6317,0.00286,23.0
DQN_Double_PER_seed_2_1790611613,DQN_Double_PER,2,373,18650,-4.50,0,0.6307,0.00396,23.1
DQN_Double_PER_seed_2_1790611613,DQN_Double_PER,2,374,18700,-5.70,0,0.6297,0.00266,23.2
DQN_Double_PER_seed_2_1790611613,DQN_Double_PER,2,375,18750,-6.30,0,0.6288,0.00211,23.2
DQN_Double_PER_seed_2_1790611613,DQN_Double_PER,2,376,18800,-4.50,0,0.6278,0.00267,23.3
DQN_Double_PER_seed_2_1790611613,DQN_Double_PER,2,377,18850,-0.90,0,0.6268,0.00351,23.4
DQN_Double_PER_seed_2_1790611613,DQN_Double_PER,2,378,18900,-3.90,0,0.6258,0.00258,23.4
DQN_Double_PER_seed_2_1790611613,DQN_Double_PER,2,379,18950,1.50,0,0.6248,0.00181,23.5
DQN_Double_PER_seed_2_1790611613,DQN_Double_PER,2,380,19000,-6.30,0,0.6238,0.00222,23.6
DQN_Double_PER_seed_2_1790611613,DQN_Double_PER,2,381,19050,-5.10,0,0.6228,0.00547,23.7
DQN_Double_PER_seed_2_1790611613,DQN_Double_PER,2,382,19100,-8.10,0,0.6218,0.00549,23.7
DQN_Double_PER_seed_2_1790611613,DQN_Double_PER,2,383,19150,-6.30,0,0.6208,0.00354,23.8
DQN_Double_PER_seed_2_1790611613,DQN_Double_PER,2,384,19200,-3.90,0,0.6198,0.00234,23.9
DQN_Double_PER_seed_2_1790611613,DQN_Double_PER,2,385,19250,-6.30,0,0.6189,0.00252,23.9
DQN_Double_PER_seed_2_1790611613,DQN_Double_PER,2,386,19300,-6.30,0,0.6179,0.00229,24.0
DQN_Double_PER_seed_2_1790611613,DQN_Double_PER,2,387,19350,-6.30,0,0.6169,0.00280,24.1
DQN_Double_PER_seed_2_1790611613,DQN_Double_PER,2,388,19400,-5.70,0,0.6159,0.00539,24.1
DQN_Double_PER_seed_2_1790611613,DQN_Double_PER,2,389,19450,-5.70,0,0.6149,0.00420,24.2
DQN_Double_PER_seed_2_1790611613,DQN_Double_PER,2,390,19500,-6.90,0,0.6139,0.00264,24.3
DQN_Double_PER_seed_2_1790611613,DQN_Double_PER,2,391,19550,-6.30,0,0.6129,0.00356,24.3
DQN_Double_PER_seed_2_1790611613,DQN_Double_PER,2,392,19600,-5.10,0,0.6119,0.00321,24.4
DQN_Double_PER_seed_2_1790611613,DQN_Double_PER,2,393,19650,-6.90,0,0.6109,0.00305,24.5
DQN_Double_PER_seed_2_1790611613,DQN_Double_PER,2,394,19700,-7.50,0,0.6099,0.00215,24.6
DQN_Double_PER_seed_2_1790611613,DQN_Double_PER,2,395,19750,-7.50,0,0.6089,0.00240,24.6
DQN_Double_PER_seed_2_1790611613,DQN_Double_PER,2,396,19800,-7.50,0,0.6080,0.00205,24.7
DQN_Double_PER_seed_2_1790611613,DQN_Double_PER,2,397,19850,-7.50,0,0.6070,0.00240,24.8
DQN_Double_PER_seed_2_1790611613,DQN_Double_PER,2,398,19900,-5.70,0,0.6060,0.00445,24.8
DQN_Double_PER_seed_2_1790611613,DQN_Double_PER,2,399,19950,-8.10,0,0.6050,0.00533,24.9
DQN_Double_PER_seed_2_1790611613,DQN_Double_PER,2,400,20000,-6.90,0,0.6040,0.00374,25.0
DQN_Double_PER_seed_2_1790611613,DQN_Double_PER,2,401,20050,-8.10,0,0.6030,0.00535,25.1
DQN_Double_PER_seed_2_1790611613,DQN_Double_PER,2,402,20100,-6.30,0,0.6020,0.00577,25.2
DQN_Double_PER_seed_2_1790611613,DQN_Double_PER,2,403,20150,-5.70,0,0.6010,0.00342,25.3
DQN_Double_PER_seed_2_1790611613,DQN_Double_PER,2,404,20200,-8.10,0,0.6000,0.00284,25.3
DQN_Double_PER_seed_2_1790611613,DQN_Double_PER,2,405,20250,3.90,0,0.5990,0.00239,25.4
DQN_Double_PER_seed_2_1790611613,DQN_Double_PER,2,406,20300,-6.30,0,0.5981,0.00332,25.5
DQN_Double_PER_seed_2_1790611613,DQN_Double_PER,2,407,20350,-3.90,0,0.5971,0.00315,25.5
DQN_Double_PER_seed_2_1790611613,DQN_Double_PER,2,408,20400,-6.90,0,0.5961,0.00451,25.6
DQN_Double_PER_seed_2_1790611613,DQN_Double_PER,2,409,20450,-5.10,0,0.5951,0.00584,25.7
DQN_Double_PER_seed_2_1790611613,DQN_Double_PER,2,410,20500,-6.90,0,0.5941,0.00467,25.8
DQN_Double_PER_seed_2_1790611613,DQN_Double_PER,2,411,20550,-6.90,0,0.5931,0.00522,25.8
DQN_Double_PER_seed_2_1790611613,DQN_Double_PER,2,412,20600,-6.90,0,0.5921,0.00274,25.9
DQN_Double_PER_seed_2_1790611613,DQN_Double_PER,2,413,20650,-5.10,0,0.5911,0.00385,26.0
DQN_Double_PER_seed_2_1790611613,DQN_Double_PER,2,414,20700,-7.50,0,0.5901,0.00267,26.0
DQN_Double_PER_seed_2_1790611613,DQN_Double_PER,2,415,20750,-6.90,0,0.5892,0.00474,26.1
DQN_Double_PER_seed_2_1790611613,DQN_Double_PER,2,416,20800,-4.50,0,0.5882,0.00426,26.2
DQN_Double_PER_seed_2_1790611613,DQN_Double_PER,2,417,20850,-6.30,0,0.5872,0.00324,26.2
DQN_Double_PER_seed_2_1790611613,DQN_Double_PER,2,418,20900,-2.70,0,0.5862,0.00420,26.3
DQN_Double_PER_seed_2_1790611613,DQN_Double_PER,2,419,20950,-5.70,0,0.5852,0.00656,26.4
DQN_Double_PER_seed_2_1790611613,DQN_Double_PER,2,420,21000,-8.10,0,0.5842,0.00370,26.4
DQN_Double_PER_seed_2_1790611613,DQN_Double_PER,2,421,21050,-7.50,0,0.5832,0.00506,26.5
DQN_Double_PER_seed_2_1790611613,DQN_Double_PER,2,422,21100,-7.50,0,0.5822,0.00281,26.6
DQN_Double_PER_seed_2_1790611613,DQN_Double_PER,2,423,21150,-5.70,0,0.5812,0.00324,26.7
DQN_Double_PER_seed_2_1790611613,DQN_Double_PER,2,424,21200,-6.30,0,0.5802,0.00478,26.7
DQN_Double_PER_seed_2_1790611613,DQN_Double_PER,2,425,21250,-7.50,0,0.5793,0.00315,26.8
DQN_Double_PER_seed_2_1790611613,DQN_Double_PER,2,426,21300,-3.90,0,0.5783,0.00295,26.9
DQN_Double_PER_seed_2_1790611613,DQN_Double_PER,2,427,21350,-5.70,0,0.5773,0.00362,26.9
DQN_Double_PER_seed_2_1790611613,DQN_Double_PER,2,428,21400,-8.10,0,0.5763,0.00322,27.0
DQN_Double_PER_seed_2_1790611613,DQN_Double_PER,2,429,21450,-7.50,0,0.5753,0.00372,27.1
DQN_Double_PER_seed_2_1790611613,DQN_Double_PER,2,430,21500,-6.30,0,0.5743,0.00334,27.1
DQN_Double_PER_seed_2_1790611613,DQN_Double_PER,2,431,21550,-6.90,0,0.5733,0.00361,27.2
DQN_Double_PER_seed_2_1790611613,DQN_Double_PER,2,432,21600,-5.70,0,0.5723,0.00351,27.3
DQN_Double_PER_seed_2_1790611613,DQN_Double_PER,2,433,21650,-6.30,0,0.5713,0.00245,27.4
DQN_Double_PER_seed_2_1790611613,DQN_Double_PER,2,434,21700,-5.70,0,0.5703,0.00265,27.4
DQN_Double_PER_seed_2_1790611613,DQN_Double_PER,2,435,21750,-5.10,0,0.5694,0.00337,27.5
DQN_Double_PER_seed_2_1790611613,DQN_Double_PER,2,436,21800,-6.90,0,0.5684,0.00234,27.6
DQN_Double_PER_seed_2_1790611613,DQN_Double_PER,2,437,21850,-7.50,0,0.5674,0.00292,27.6
DQN_Double_PER_seed_2_1790611613,DQN_Double_PER,2,438,21900,-4.50,0,0.5664,0.00886,27.7
DQN_Double_PER_seed_2_1790611613,DQN_Double_PER,2,439,21950,-4.50,0,0.5654,0.00305,27.8
DQN_Double_PER_seed_2_1790611613,DQN_Double_PER,2,440,22000,-6.90,0,0.5644,0.00317,27.8
DQN_Double_PER_seed_2_1790611613,DQN_Double_PER,2,441,22050,-6.30,0,0.5634,0.00686,27.9
DQN_Double_PER_seed_2_1790611613,DQN_Double_PER,2,442,22100,-4.50,0,0.5624,0.00312,28.0
DQN_Double_PER_seed_2_1790611613,DQN_Double_PER,2,443,22150,-5.10,0,0.5614,0.00468,28.0
DQN_Double_PER_seed_2_1790611613,DQN_Double_PER,2,444,22200,-5.70,0,0.5604,0.00312,28.1
DQN_Double_PER_seed_2_1790611613,DQN_Double_PER,2,445,22250,-6.90,0,0.5595,0.00272,28.2
DQN_Double_PER_seed_2_1790611613,DQN_Double_PER,2,446,22300,-6.90,0,0.5585,0.00289,28.3
DQN_Double_PER_seed_2_1790611613,DQN_Double_PER,2,447,22350,-7.50,0,0.5575,0.00376,28.3
DQN_Double_PER_seed_2_1790611613,DQN_Double_PER,2,448,22400,-6.30,0,0.5565,0.00313,28.4
DQN_Double_PER_seed_2_1790611613,DQN_Double_PER,2,449,22450,-5.70,0,0.5555,0.00276,28.5
DQN_Double_PER_seed_2_1790611613,DQN_Double_PER,2,450,22500,-6.30,0,0.5545,0.00302,28.5
DQN_Double_PER_seed_2_1790611613,DQN_Double_PER,2,451,22550,-6.90,0,0.5535,0.00275,28.6
DQN_Double_PER_seed_2_1790611613,DQN_Double_PER,2,452,22600,-3.90,0,0.5525,0.00421,28.7
DQN_Double_PER_seed_2_1790611613,DQN_Double_PER,2,453,22650,-8.10,0,0.5515,0.00313,28.7
DQN_Double_PER_seed_2_1790611613,DQN_Double_PER,2,454,22700,-7.50,0,0.5505,0.01620,28.8
DQN_Double_PER_seed_2_1790611613,DQN_Double_PER,2,455,22750,-6.90,0,0.5495,0.00584,28.9
DQN_Double_PER_seed_2_1790611613,DQN_Double_PER,2,456,22800,-8.10,0,0.5486,0.00250,29.0
DQN_Double_PER_seed_2_1790611613,DQN_Double_PER,2,457,22850,-1.50,0,0.5476,0.00236,29.0
DQN_Double_PER_seed_2_1790611613,DQN_Double_PER,2,458,22900,-5.10,0,0.5466,0.00269,29.1
DQN_Double_PER_seed_2_1790611613,DQN_Double_PER,2,459,22950,-6.30,0,0.5456,0.00269,29.2
DQN_Double_PER_seed_2_1790611613,DQN_Double_PER,2,460,23000,-7.50,0,0.5446,0.00359,29.2
DQN_Double_PER_seed_2_1790611613,DQN_Double_PER,2,461,23050,3.90,0,0.5436,0.00865,29.3
DQN_Double_PER_seed_2_1790611613,DQN_Double_PER,2,462,23100,-4.50,0,0.5426,0.00553,29.4
DQN_Double_PER_seed_2_1790611613,DQN_Double_PER,2,463,23150,-4.50,0,0.5416,0.00858,29.4
DQN_Double_PER_seed_2_1790611613,DQN_Double_PER,2,464,23200,-5.10,0,0.5406,0.00537,29.5
DQN_Double_PER_seed_2_1790611613,DQN_Double_PER,2,465,23250,-2.70,0,0.5396,0.00343,29.6
DQN_Double_PER_seed_2_1790611613,DQN_Double_PER,2,466,23300,-6.30,0,0.5387,0.00439,29.6
DQN_Double_PER_seed_2_1790611613,DQN_Double_PER,2,467,23350,-6.90,0,0.5377,0.00619,29.7
DQN_Double_PER_seed_2_1790611613,DQN_Double_PER,2,468,23400,-1.50,0,0.5367,0.00515,29.8
DQN_Double_PER_seed_2_1790611613,DQN_Double_PER,2,469,23450,-2.10,0,0.5357,0.00424,29.9
DQN_Double_PER_seed_2_1790611613,DQN_Double_PER,2,470,23500,-2.70,0,0.5347,0.00459,29.9
DQN_Double_PER_seed_2_1790611613,DQN_Double_PER,2,471,23550,-6.90,0,0.5337,0.00419,30.0
DQN_Double_PER_seed_2_1790611613,DQN_Double_PER,2,472,23600,-8.10,0,0.5327,0.00373,30.1
DQN_Double_PER_seed_2_1790611613,DQN_Double_PER,2,473,23650,-6.90,0,0.5317,0.00469,30.1
DQN_Double_PER_seed_2_1790611613,DQN_Double_PER,2,474,23700,3.90,0,0.5307,0.00501,30.2
DQN_Double_PER_seed_2_1790611613,DQN_Double_PER,2,475,23750,-6.30,0,0.5297,0.00479,30.3
DQN_Double_PER_seed_2_1790611613,DQN_Double_PER,2,476,23800,-4.50,0,0.5288,0.00655,30.3
DQN_Double_PER_seed_2_1790611613,DQN_Double_PER,2,477,23850,-6.90,0,0.5278,0.00529,30.4
DQN_Double_PER_seed_2_1790611613,DQN_Double_PER,2,478,23900,1.50,0,0.5268,0.00999,30.5
DQN_Double_PER_seed_2_1790611613,DQN_Double_PER,2,479,23950,0.90,0,0.5258,0.01143,30.6
DQN_Double_PER_seed_2_1790611613,DQN_Double_PER,2,480,24000,-3.30,0,0.5248,0.00675,30.6
DQN_Double_PER_seed_2_1790611613,DQN_Double_PER,2,481,24050,-5.70,0,0.5238,0.00818,30.7
DQN_Double_PER_seed_2_1790611613,DQN_Double_PER,2,482,24100,-6.30,0,0.5228,0.00370,30.8
DQN_Double_PER_seed_2_1790611613,DQN_Double_PER,2,483,24150,-5.70,0,0.5218,0.00520,30.8
DQN_Double_PER_seed_2_1790611613,DQN_Double_PER,2,484,24200,-1.50,0,0.5208,0.00585,30.9
DQN_Double_PER_seed_2_1790611613,DQN_Double_PER,2,485,24250,0.90,0,0.5199,0.00431,31.0
DQN_Double_PER_seed_2_1790611613,DQN_Double_PER,2,486,24300,-2.70,0,0.5189,0.00448,31.0
DQN_Double_PER_seed_2_1790611613,DQN_Double_PER,2,487,24350,-3.90,0,0.5179,0.00556,31.1
DQN_Double_PER_seed_2_1790611613,DQN_Double_PER,2,488,24400,-7.50,0,0.5169,0.00694,31.2
DQN_Double_PER_seed_2_1790611613,DQN_Double_PER,2,489,24450,-6.30,0,0.5159,0.00349,31.3
DQN_Double_PER_seed_2_1790611613,DQN_Double_PER,2,490,24500,-0.90,0,0.5149,0.00420,31.3
DQN_Double_PER_seed_2_1790611613,DQN_Double_PER,2,491,24550,-6.90,0,0.5139,0.00403,31.4
DQN_Double_PER_seed_2_1790611613,DQN_Double_PER,2,492,24600,-5.70,0,0.5129,0.00447,31.5
DQN_Double_PER_seed_2_1790611613,DQN_Double_PER,2,493,24650,-5.70,0,0.5119,0.00534,31.5
DQN_Double_PER_seed_2_1790611613,DQN_Double_PER,2,494,24700,-6.30,0,0.5109,0.00427,31.6
DQN_Double_PER_seed_2_1790611613,DQN_Double_PER,2,495,24750,-6.30,0,0.5100,0.00371,31.7
DQN_Double_PER_seed_2_1790611613,DQN_Double_PER,2,496,24800,-1.50,0,0.5090,0.00424,31.7
DQN_Double_PER_seed_2_1790611613,DQN_Double_PER,2,497,24850,-5.70,0,0.5080,0.00350,31.8
DQN_Double_PER_seed_2_1790611613,DQN_Double_PER,2,498,24900,-2.10,0,0.5070,0.00404,31.9
DQN_Double_PER_seed_2_1790611613,DQN_Double_PER,2,499,24950,-3.30,0,0.5060,0.00315,31.9
DQN_Double_PER_seed_2_1790611613,DQN_Double_PER,2,500,25000,-3.30,0,0.5050,0.00387,32.0
DQN_Double_PER_seed_2_1790611613,DQN_Double_PER,2,501,25050,-5.70,0,0.5040,0.00936,32.2
DQN_Double_PER_seed_2_1790611613,DQN_Double_PER,2,502,25100,-5.10,0,0.5030,0.00425,32.2
DQN_Double_PER_seed_2_1790611613,DQN_Double_PER,2,503,25150,-2.70,0,0.5020,0.00558,32.3
DQN_Double_PER_seed_2_1790611613,DQN_Double_PER,2,504,25200,-3.30,0,0.5010,0.00534,32.4
DQN_Double_PER_seed_2_1790611613,DQN_Double_PER,2,505,25250,-6.30,0,0.5000,0.00597,32.5
DQN_Double_PER_seed_2_1790611613,DQN_Double_PER,2,506,25300,-5.10,0,0.4991,0.00505,32.5
DQN_Double_PER_seed_2_1790611613,DQN_Double_PER,2,507,25350,-6.90,0,0.4981,0.00640,32.6
DQN_Double_PER_seed_2_1790611613,DQN_Double_PER,2,508,25400,-6.90,0,0.4971,0.00413,32.7
DQN_Double_PER_seed_2_1790611613,DQN_Double_PER,2,509,25450,-4.50,0,0.4961,0.00408,32.7
DQN_Double_PER_seed_2_1790611613,DQN_Double_PER,2,510,25500,0.90,0,0.4951,0.00402,32.8
DQN_Double_PER_seed_2_1790611613,DQN_Double_PER,2,511,25550,-3.90,0,0.4941,0.00531,32.9
DQN_Double_PER_seed_2_1790611613,DQN_Double_PER,2,512,25600,-5.10,0,0.4931,0.00483,32.9
DQN_Double_PER_seed_2_1790611613,DQN_Double_PER,2,513,25650,-6.30,0,0.4921,0.00556,33.0
DQN_Double_PER_seed_2_1790611613,DQN_Double_PER,2,514,25700,-8.10,0,0.4911,0.00478,33.1
DQN_Double_PER_seed_2_1790611613,DQN_Double_PER,2,515,25750,-0.90,0,0.4901,0.00570,33.2
DQN_Double_PER_seed_2_1790611613,DQN_Double_PER,2,516,25800,2.10,0,0.4892,0.00463,33.2
DQN_Double_PER_seed_2_1790611613,DQN_Double_PER,2,517,25850,-0.30,0,0.4882,0.00469,33.3
DQN_Double_PER_seed_2_1790611613,DQN_Double_PER,2,518,25900,-3.90,0,0.4872,0.00481,33.4
DQN_Double_PER_seed_2_1790611613,DQN_Double_PER,2,519,25950,0.30,0,0.4862,0.00490,33.4
DQN_Double_PER_seed_2_1790611613,DQN_Double_PER,2,520,26000,-3.90,0,0.4852,0.00512,33.5
DQN_Double_PER_seed_2_1790611613,DQN_Double_PER,2,521,26050,-7.50,0,0.4842,0.01474,33.6
DQN_Double_PER_seed_2_1790611613,DQN_Double_PER,2,522,26100,-2.10,0,0.4832,0.00842,33.6
DQN_Double_PER_seed_2_1790611613,DQN_Double_PER,2,523,26150,-2.70,0,0.4822,0.00474,33.7
DQN_Double_PER_seed_2_1790611613,DQN_Double_PER,2,524,26200,-6.30,0,0.4812,0.00580,33.8
DQN_Double_PER_seed_2_1790611613,DQN_Double_PER,2,525,26250,-3.30,0,0.4802,0.00902,33.9
DQN_Double_PER_seed_2_1790611613,DQN_Double_PER,2,526,26300,-6.30,0,0.4793,0.00851,33.9
DQN_Double_PER_seed_2_1790611613,DQN_Double_PER,2,527,26350,-3.90,0,0.4783,0.00661,34.0
DQN_Double_PER_seed_2_1790611613,DQN_Double_PER,2,528,26400,-4.50,0,0.4773,0.00580,34.1
DQN_Double_PER_seed_2_1790611613,DQN_Double_PER,2,529,26450,-6.30,0,0.4763,0.00675,34.1
DQN_Double_PER_seed_2_1790611613,DQN_Double_PER,2,530,26500,-1.50,0,0.4753,0.00459,34.2
DQN_Double_PER_seed_2_1790611613,DQN_Double_PER,2,531,26550,0.30,0,0.4743,0.00680,34.3
DQN_Double_PER_seed_2_1790611613,DQN_Double_PER,2,532,26600,0.90,0,0.4733,0.00583,34.3
DQN_Double_PER_seed_2_1790611613,DQN_Double_PER,2,533,26650,-6.30,0,0.4723,0.00442,34.4
DQN_Double_PER_seed_2_1790611613,DQN_Double_PER,2,534,26700,-5.10,0,0.4713,0.00584,34.5
DQN_Double_PER_seed_2_1790611613,DQN_Double_PER,2,535,26750,3.90,0,0.4703,0.00767,34.6
DQN_Double_PER_seed_2_1790611613,DQN_Double_PER,2,536,26800,-4.50,0,0.4694,0.00962,34.6
DQN_Double_PER_seed_2_1790611613,DQN_Double_PER,2,537,26850,-5.10,0,0.4684,0.00861,34.7
DQN_Double_PER_seed_2_1790611613,DQN_Double_PER,2,538,26900,-1.50,0,0.4674,0.00843,34.8
DQN_Double_PER_seed_2_1790611613,DQN_Double_PER,2,539,26950,3.30,0,0.4664,0.00597,34.8
DQN_Double_PER_seed_2_1790611613,DQN_Double_PER,2,540,27000,-5.10,0,0.4654,0.00452,34.9
DQN_Double_PER_seed_2_1790611613,DQN_Double_PER,2,541,27050,0.90,0,0.4644,0.01915,35.0
DQN_Double_PER_seed_2_1790611613,DQN_Double_PER,2,542,27100,3.90,0,0.4634,0.00711,35.0
DQN_Double_PER_seed_2_1790611613,DQN_Double_PER,2,543,27150,-4.50,0,0.4624,0.00707,35.1
DQN_Double_PER_seed_2_1790611613,DQN_Double_PER,2,544,27200,-5.10,0,0.4614,0.00748,35.2
DQN_Double_PER_seed_2_1790611613,DQN_Double_PER,2,545,27250,-4.50,0,0.4604,0.00873,35.2
DQN_Double_PER_seed_2_1790611613,DQN_Double_PER,2,546,27300,-6.30,0,0.4595,0.00589,35.3
DQN_Double_PER_seed_2_1790611613,DQN_Double_PER,2,547,27350,-2.10,0,0.4585,0.00676,35.4
DQN_Double_PER_seed_2_1790611613,DQN_Double_PER,2,548,27400,-2.10,0,0.4575,0.00614,35.5
DQN_Double_PER_seed_2_1790611613,DQN_Double_PER,2,549,27450,-6.30,0,0.4565,0.00610,35.5
DQN_Double_PER_seed_2_1790611613,DQN_Double_PER,2,550,27500,-3.90,0,0.4555,0.00770,35.6
DQN_Double_PER_seed_2_1790611613,DQN_Double_PER,2,551,27550,-6.30,0,0.4545,0.00755,35.7
DQN_Double_PER_seed_2_1790611613,DQN_Double_PER,2,552,27600,-5.10,0,0.4535,0.00771,35.7
DQN_Double_PER_seed_2_1790611613,DQN_Double_PER,2,553,27650,-5.70,0,0.4525,0.00864,35.8
DQN_Double_PER_seed_2_1790611613,DQN_Double_PER,2,554,27700,-2.70,0,0.4515,0.00882,35.9
DQN_Double_PER_seed_2_1790611613,DQN_Double_PER,2,555,27750,-6.30,0,0.4506,0.00648,35.9
DQN_Double_PER_seed_2_1790611613,DQN_Double_PER,2,556,27800,-3.30,0,0.4496,0.00576,36.0
DQN_Double_PER_seed_2_1790611613,DQN_Double_PER,2,557,27850,-0.90,0,0.4486,0.00562,36.1
DQN_Double_PER_seed_2_1790611613,DQN_Double_PER,2,558,27900,-2.70,0,0.4476,0.00603,36.2
DQN_Double_PER_seed_2_1790611613,DQN_Double_PER,2,559,27950,-3.30,0,0.4466,0.00609,36.2
DQN_Double_PER_seed_2_1790611613,DQN_Double_PER,2,560,28000,3.90,0,0.4456,0.00679,36.3
DQN_Double_PER_seed_2_1790611613,DQN_Double_PER,2,561,28050,-3.90,0,0.4446,0.01523,36.4
DQN_Double_PER_seed_2_1790611613,DQN_Double_PER,2,562,28100,-6.30,0,0.4436,0.01016,36.4
DQN_Double_PER_seed_2_1790611613,DQN_Double_PER,2,563,28150,-2.70,0,0.4426,0.01261,36.5
DQN_Double_PER_seed_2_1790611613,DQN_Double_PER,2,564,28200,3.30,0,0.4416,0.00875,36.6
DQN_Double_PER_seed_2_1790611613,DQN_Double_PER,2,565,28250,-2.10,0,0.4407,0.00548,36.7
DQN_Double_PER_seed_2_1790611613,DQN_Double_PER,2,566,28300,-5.10,0,0.4397,0.00682,36.7
DQN_Double_PER_seed_2_1790611613,DQN_Double_PER,2,567,28350,0.30,0,0.4387,0.00729,36.8
DQN_Double_PER_seed_2_1790611613,DQN_Double_PER,2,568,28400,0.30,0,0.4377,0.00716,36.9
DQN_Double_PER_seed_2_1790611613,DQN_Double_PER,2,569,28450,-3.30,0,0.4367,0.00647,36.9
DQN_Double_PER_seed_2_1790611613,DQN_Double_PER,2,570,28500,-7.50,0,0.4357,0.00732,37.0
DQN_Double_PER_seed_2_1790611613,DQN_Double_PER,2,571,28550,-2.10,0,0.4347,0.00687,37.1
DQN_Double_PER_seed_2_1790611613,DQN_Double_PER,2,572,28600,-5.10,0,0.4337,0.00698,37.1
DQN_Double_PER_seed_2_1790611613,DQN_Double_PER,2,573,28650,-5.10,0,0.4327,0.00640,37.2
DQN_Double_PER_seed_2_1790611613,DQN_Double_PER,2,574,28700,3.90,0,0.4317,0.00730,37.3
DQN_Double_PER_seed_2_1790611613,DQN_Double_PER,2,575,28750,-5.10,0,0.4308,0.00994,37.3
DQN_Double_PER_seed_2_1790611613,DQN_Double_PER,2,576,28800,-5.10,0,0.4298,0.00803,37.4
DQN_Double_PER_seed_2_1790611613,DQN_Double_PER,2,577,28850,-7.50,0,0.4288,0.00614,37.5
DQN_Double_PER_seed_2_1790611613,DQN_Double_PER,2,578,28900,-2.10,0,0.4278,0.00918,37.6
DQN_Double_PER_seed_2_1790611613,DQN_Double_PER,2,579,28950,-0.90,0,0.4268,0.00704,37.6
DQN_Double_PER_seed_2_1790611613,DQN_Double_PER,2,580,29000,-6.90,0,0.4258,0.00557,37.7
DQN_Double_PER_seed_2_1790611613,DQN_Double_PER,2,581,29050,-7.50,0,0.4248,0.01330,37.8
DQN_Double_PER_seed_2_1790611613,DQN_Double_PER,2,582,29100,-2.70,0,0.4238,0.01349,37.8
DQN_Double_PER_seed_2_1790611613,DQN_Double_PER,2,583,29150,-3.90,0,0.4228,0.01496,37.9
DQN_Double_PER_seed_2_1790611613,DQN_Double_PER,2,584,29200,-2.10,0,0.4218,0.01187,38.0
DQN_Double_PER_seed_2_1790611613,DQN_Double_PER,2,585,29250,-6.90,0,0.4209,0.01428,38.0
DQN_Double_PER_seed_2_1790611613,DQN_Double_PER,2,586,29300,-3.30,0,0.4199,0.00939,38.1
DQN_Double_PER_seed_2_1790611613,DQN_Double_PER,2,587,29350,0.30,0,0.4189,0.01008,38.2
DQN_Double_PER_seed_2_1790611613,DQN_Double_PER,2,588,29400,-5.10,0,0.4179,0.01637,38.3
DQN_Double_PER_seed_2_1790611613,DQN_Double_PER,2,589,29450,-7.50,0,0.4169,0.00862,38.3
DQN_Double_PER_seed_2_1790611613,DQN_Double_PER,2,590,29500,-5.10,0,0.4159,0.01005,38.4
DQN_Double_PER_seed_2_1790611613,DQN_Double_PER,2,591,29550,-6.90,0,0.4149,0.01075,38.5
DQN_Double_PER_seed_2_1790611613,DQN_Double_PER,2,592,29600,-6.30,0,0.4139,0.00792,38.5
DQN_Double_PER_seed_2_1790611613,DQN_Double_PER,2,593,29650,-5.10,0,0.4129,0.00898,38.6
DQN_Double_PER_seed_2_1790611613,DQN_Double_PER,2,594,29700,-6.90,0,0.4119,0.00747,38.7
DQN_Double_PER_seed_2_1790611613,DQN_Double_PER,2,595,29750,-5.70,0,0.4110,0.00733,38.8
DQN_Double_PER_seed_2_1790611613,DQN_Double_PER,2,596,29800,-6.90,0,0.4100,0.01177,38.8
DQN_Double_PER_seed_2_1790611613,DQN_Double_PER,2,597,29850,-6.90,0,0.4090,0.00828,38.9
DQN_Double_PER_seed_2_1790611613,DQN_Double_PER,2,598,29900,-5.10,0,0.4080,0.00627,39.0
DQN_Double_PER_seed_2_1790611613,DQN_Double_PER,2,599,29950,-5.10,0,0.4070,0.00828,39.0
DQN_Double_PER_seed_2_1790611613,DQN_Double_PER,2,600,30000,1.50,0,0.4060,0.00811,39.1
DQN_Double_PER_seed_2_1790611613,DQN_Double_PER,2,601,30050,-6.90,0,0.4050,0.01881,39.3
DQN_Double_PER_seed_2_1790611613,DQN_Double_PER,2,602,30100,-6.90,0,0.4040,0.01500,39.3
DQN_Double_PER_seed_2_1790611613,DQN_Double_PER,2,603,30150,-3.90,0,0.4030,0.01610,39.4
DQN_Double_PER_seed_2_1790611613,DQN_Double_PER,2,604,30200,-3.90,0,0.4020,0.02280,39.5
DQN_Double_PER_seed_2_1790611613,DQN_Double_PER,2,605,30250,-7.50,0,0.4011,0.01312,39.5
DQN_Double_PER_seed_2_1790611613,DQN_Double_PER,2,606,30300,-8.10,0,0.4001,0.01297,39.6
DQN_Double_PER_seed_2_1790611613,DQN_Double_PER,2,607,30350,-3.30,0,0.3991,0.01143,39.7
DQN_Double_PER_seed_2_1790611613,DQN_Double_PER,2,608,30400,-5.10,0,0.3981,0.01088,39.8
DQN_Double_PER_seed_2_1790611613,DQN_Double_PER,2,609,30450,-7.50,0,0.3971,0.01231,39.8
DQN_Double_PER_seed_2_1790611613,DQN_Double_PER,2,610,30500,-8.10,0,0.3961,0.01172,39.9
DQN_Double_PER_seed_2_1790611613,DQN_Double_PER,2,611,30550,3.30,0,0.3951,0.01087,40.0
DQN_Double_PER_seed_2_1790611613,DQN_Double_PER,2,612,30600,-6.90,0,0.3941,0.01309,40.0
DQN_Double_PER_seed_2_1790611613,DQN_Double_PER,2,613,30650,-6.30,0,0.3931,0.01321,40.1
DQN_Double_PER_seed_2_1790611613,DQN_Double_PER,2,614,30700,-8.70,0,0.3921,0.01306,40.2
DQN_Double_PER_seed_2_1790611613,DQN_Double_PER,2,615,30750,-3.90,0,0.3911,0.01201,40.2
DQN_Double_PER_seed_2_1790611613,DQN_Double_PER,2,616,30800,-6.30,0,0.3902,0.01153,40.3
DQN_Double_PER_seed_2_1790611613,DQN_Double_PER,2,617,30850,-5.70,0,0.3892,0.01231,40.4
DQN_Double_PER_seed_2_1790611613,DQN_Double_PER,2,618,30900,-7.50,0,0.3882,0.01134,40.5
DQN_Double_PER_seed_2_1790611613,DQN_Double_PER,2,619,30950,-6.90,0,0.3872,0.01249,40.5
DQN_Double_PER_seed_2_1790611613,DQN_Double_PER,2,620,31000,-4.50,0,0.3862,0.01267,40.6
DQN_Double_PER_seed_2_1790611613,DQN_Double_PER,2,621,31050,-3.30,0,0.3852,0.01610,40.7
DQN_Double_PER_seed_2_1790611613,DQN_Double_PER,2,622,31100,-8.10,0,0.3842,0.00892,40.7
DQN_Double_PER_seed_2_1790611613,DQN_Double_PER,2,623,31150,-3.30,0,0.3832,0.00748,40.8
DQN_Double_PER_seed_2_1790611613,DQN_Double_PER,2,624,31200,-8.70,0,0.3822,0.00888,40.9
DQN_Double_PER_seed_2_1790611613,DQN_Double_PER,2,625,31250,-7.50,0,0.3812,0.01022,40.9
DQN_Double_PER_seed_2_1790611613,DQN_Double_PER,2,626,31300,2.10,0,0.3803,0.00949,41.0
DQN_Double_PER_seed_2_1790611613,DQN_Double_PER,2,627,31350,-8.10,0,0.3793,0.00899,41.1
DQN_Double_PER_seed_2_1790611613,DQN_Double_PER,2,628,31400,-0.30,0,0.3783,0.00739,41.2
DQN_Double_PER_seed_2_1790611613,DQN_Double_PER,2,629,31450,2.10,0,0.3773,0.00684,41.2
DQN_Double_PER_seed_2_1790611613,DQN_Double_PER,2,630,31500,-3.30,0,0.3763,0.00895,41.3
DQN_Double_PER_seed_2_1790611613,DQN_Double_PER,2,631,31550,-4.50,0,0.3753,0.00745,41.4
DQN_Double_PER_seed_2_1790611613,DQN_Double_PER,2,632,31600,-6.90,0,0.3743,0.00875,41.4
DQN_Double_PER_seed_2_1790611613,DQN_Double_PER,2,633,31650,-5.70,0,0.3733,0.01027,41.5
DQN_Double_PER_seed_2_1790611613,DQN_Double_PER,2,634,31700,-8.70,0,0.3723,0.00905,41.6
DQN_Double_PER_seed_2_1790611613,DQN_Double_PER,2,635,31750,-7.50,0,0.3713,0.00805,41.6
DQN_Double_PER_seed_2_1790611613,DQN_Double_PER,2,636,31800,-8.10,0,0.3704,0.00785,41.7
DQN_Double_PER_seed_2_1790611613,DQN_Double_PER,2,637,31850,-5.10,0,0.3694,0.00722,41.8
DQN_Double_PER_seed_2_1790611613,DQN_Double_PER,2,638,31900,-6.90,0,0.3684,0.00740,41.9
DQN_Double_PER_seed_2_1790611613,DQN_Double_PER,2,639,31950,-6.30,0,0.3674,0.00964,41.9
DQN_Double_PER_seed_2_1790611613,DQN_Double_PER,2,640,32000,-3.90,0,0.3664,0.00731,42.0
DQN_Double_PER_seed_2_1790611613,DQN_Double_PER,2,641,32050,-8.10,0,0.3654,0.02653,42.1
DQN_Double_PER_seed_2_1790611613,DQN_Double_PER,2,642,32100,-7.50,0,0.3644,0.01679,42.1
DQN_Double_PER_seed_2_1790611613,DQN_Double_PER,2,643,32150,-6.90,0,0.3634,0.03044,42.2
DQN_Double_PER_seed_2_1790611613,DQN_Double_PER,2,644,32200,-8.10,0,0.3624,0.02725,42.3
DQN_Double_PER_seed_2_1790611613,DQN_Double_PER,2,645,32250,-6.30,0,0.3614,0.01378,42.4
DQN_Double_PER_seed_2_1790611613,DQN_Double_PER,2,646,32300,0.30,0,0.3605,0.01237,42.4
DQN_Double_PER_seed_2_1790611613,DQN_Double_PER,2,647,32350,-6.30,0,0.3595,0.01457,42.5
DQN_Double_PER_seed_2_1790611613,DQN_Double_PER,2,648,32400,-8.10,0,0.3585,0.01338,42.6
DQN_Double_PER_seed_2_1790611613,DQN_Double_PER,2,649,32450,-5.70,0,0.3575,0.01251,42.6
DQN_Double_PER_seed_2_1790611613,DQN_Double_PER,2,650,32500,-6.90,0,0.3565,0.01036,42.7
DQN_Double_PER_seed_2_1790611613,DQN_Double_PER,2,651,32550,-8.10,0,0.3555,0.01268,42.8
DQN_Double_PER_seed_2_1790611613,DQN_Double_PER,2,652,32600,-3.90,0,0.3545,0.01201,42.8
DQN_Double_PER_seed_2_1790611613,DQN_Double_PER,2,653,32650,-6.90,0,0.3535,0.01057,42.9
DQN_Double_PER_seed_2_1790611613,DQN_Double_PER,2,654,32700,-3.90,0,0.3525,0.01352,43.0
DQN_Double_PER_seed_2_1790611613,DQN_Double_PER,2,655,32750,-6.30,0,0.3516,0.00995,43.1
DQN_Double_PER_seed_2_1790611613,DQN_Double_PER,2,656,32800,-8.10,0,0.3506,0.01279,43.1
DQN_Double_PER_seed_2_1790611613,DQN_Double_PER,2,657,32850,-6.30,0,0.3496,0.01288,43.2
DQN_Double_PER_seed_2_1790611613,DQN_Double_PER,2,658,32900,-6.90,0,0.3486,0.01139,43.3
DQN_Double_PER_seed_2_1790611613,DQN_Double_PER,2,659,32950,-7.50,0,0.3476,0.01024,43.3
DQN_Double_PER_seed_2_1790611613,DQN_Double_PER,2,660,33000,-7.50,0,0.3466,0.01083,43.4
DQN_Double_PER_seed_2_1790611613,DQN_Double_PER,2,661,33050,-7.50,0,0.3456,0.01499,43.5
DQN_Double_PER_seed_2_1790611613,DQN_Double_PER,2,662,33100,-8.10,0,0.3446,0.01089,43.6
DQN_Double_PER_seed_2_1790611613,DQN_Double_PER,2,663,33150,-7.50,0,0.3436,0.01288,43.6
DQN_Double_PER_seed_2_1790611613,DQN_Double_PER,2,664,33200,-1.50,0,0.3426,0.01134,43.7
DQN_Double_PER_seed_2_1790611613,DQN_Double_PER,2,665,33250,-5.10,0,0.3417,0.01068,43.8
DQN_Double_PER_seed_2_1790611613,DQN_Double_PER,2,666,33300,3.90,0,0.3407,0.01064,43.8
DQN_Double_PER_seed_2_1790611613,DQN_Double_PER,2,667,33350,-4.50,0,0.3397,0.01159,43.9
DQN_Double_PER_seed_2_1790611613,DQN_Double_PER,2,668,33400,3.90,0,0.3387,0.00988,44.0
DQN_Double_PER_seed_2_1790611613,DQN_Double_PER,2,669,33450,-5.10,0,0.3377,0.00968,44.0
DQN_Double_PER_seed_2_1790611613,DQN_Double_PER,2,670,33500,-6.90,0,0.3367,0.01028,44.1
DQN_Double_PER_seed_2_1790611613,DQN_Double_PER,2,671,33550,-6.90,0,0.3357,0.00879,44.2
DQN_Double_PER_seed_2_1790611613,DQN_Double_PER,2,672,33600,-5.10,0,0.3347,0.00999,44.3
DQN_Double_PER_seed_2_1790611613,DQN_Double_PER,2,673,33650,-7.50,0,0.3337,0.00936,44.3
DQN_Double_PER_seed_2_1790611613,DQN_Double_PER,2,674,33700,-6.30,0,0.3327,0.01017,44.4
DQN_Double_PER_seed_2_1790611613,DQN_Double_PER,2,675,33750,-5.70,0,0.3317,0.01108,44.5
DQN_Double_PER_seed_2_1790611613,DQN_Double_PER,2,676,33800,-3.30,0,0.3308,0.01103,44.5
DQN_Double_PER_seed_2_1790611613,DQN_Double_PER,2,677,33850,-7.50,0,0.3298,0.00847,44.6
DQN_Double_PER_seed_2_1790611613,DQN_Double_PER,2,678,33900,-8.70,0,0.3288,0.00946,44.7
DQN_Double_PER_seed_2_1790611613,DQN_Double_PER,2,679,33950,-5.70,0,0.3278,0.00976,44.8
DQN_Double_PER_seed_2_1790611613,DQN_Double_PER,2,680,34000,-6.30,0,0.3268,0.01288,44.8
DQN_Double_PER_seed_2_1790611613,DQN_Double_PER,2,681,34050,-4.50,0,0.3258,0.01477,44.9
DQN_Double_PER_seed_2_1790611613,DQN_Double_PER,2,682,34100,-2.70,0,0.3248,0.01004,45.0
DQN_Double_PER_seed_2_1790611613,DQN_Double_PER,2,683,34150,-3.30,0,0.3238,0.01014,45.0
DQN_Double_PER_seed_2_1790611613,DQN_Double_PER,2,684,34200,-6.90,0,0.3228,0.01110,45.1
DQN_Double_PER_seed_2_1790611613,DQN_Double_PER,2,685,34250,-8.10,0,0.3218,0.01034,45.2
DQN_Double_PER_seed_2_1790611613,DQN_Double_PER,2,686,34300,-8.70,0,0.3209,0.00826,45.3
DQN_Double_PER_seed_2_1790611613,DQN_Double_PER,2,687,34350,-8.70,0,0.3199,0.00721,45.3
DQN_Double_PER_seed_2_1790611613,DQN_Double_PER,2,688,34400,-3.30,0,0.3189,0.00936,45.4
DQN_Double_PER_seed_2_1790611613,DQN_Double_PER,2,689,34450,-5.70,0,0.3179,0.00891,45.5
DQN_Double_PER_seed_2_1790611613,DQN_Double_PER,2,690,34500,0.90,0,0.3169,0.00998,45.5
DQN_Double_PER_seed_2_1790611613,DQN_Double_PER,2,691,34550,-6.90,0,0.3159,0.01252,45.6
DQN_Double_PER_seed_2_1790611613,DQN_Double_PER,2,692,34600,-5.10,0,0.3149,0.00950,45.7
DQN_Double_PER_seed_2_1790611613,DQN_Double_PER,2,693,34650,3.90,0,0.3139,0.00775,45.7
DQN_Double_PER_seed_2_1790611613,DQN_Double_PER,2,694,34700,-5.70,0,0.3129,0.00819,45.8
DQN_Double_PER_seed_2_1790611613,DQN_Double_PER,2,695,34750,-7.50,0,0.3120,0.01009,45.9
DQN_Double_PER_seed_2_1790611613,DQN_Double_PER,2,696,34800,-7.50,0,0.3110,0.00904,46.0
DQN_Double_PER_seed_2_1790611613,DQN_Double_PER,2,697,34850,3.90,0,0.3100,0.00900,46.0
DQN_Double_PER_seed_2_1790611613,DQN_Double_PER,2,698,34900,-6.90,0,0.3090,0.00808,46.1
DQN_Double_PER_seed_2_1790611613,DQN_Double_PER,2,699,34950,-7.50,0,0.3080,0.00712,46.2
DQN_Double_PER_seed_2_1790611613,DQN_Double_PER,2,700,35000,0.30,0,0.3070,0.00704,46.2
DQN_Double_PER_seed_2_1790611613,DQN_Double_PER,2,701,35050,-5.70,0,0.3060,0.01547,46.4
DQN_Double_PER_seed_2_1790611613,DQN_Double_PER,2,702,35100,-5.70,0,0.3050,0.00970,46.5
DQN_Double_PER_seed_2_1790611613,DQN_Double_PER,2,703,35150,-6.90,0,0.3040,0.00745,46.5
DQN_Double_PER_seed_2_1790611613,DQN_Double_PER,2,704,35200,-8.10,0,0.3030,0.00810,46.6
DQN_Double_PER_seed_2_1790611613,DQN_Double_PER,2,705,35250,-6.30,0,0.3021,0.00680,46.7
DQN_Double_PER_seed_2_1790611613,DQN_Double_PER,2,706,35300,-6.30,0,0.3011,0.00849,46.8
DQN_Double_PER_seed_2_1790611613,DQN_Double_PER,2,707,35350,-4.50,0,0.3001,0.00896,46.8
DQN_Double_PER_seed_2_1790611613,DQN_Double_PER,2,708,35400,-8.10,0,0.2991,0.00770,46.9
DQN_Double_PER_seed_2_1790611613,DQN_Double_PER,2,709,35450,-7.50,0,0.2981,0.00670,47.0
DQN_Double_PER_seed_2_1790611613,DQN_Double_PER,2,710,35500,-7.50,0,0.2971,0.00804,47.0
DQN_Double_PER_seed_2_1790611613,DQN_Double_PER,2,711,35550,-2.10,0,0.2961,0.00608,47.1
DQN_Double_PER_seed_2_1790611613,DQN_Double_PER,2,712,35600,-7.50,0,0.2951,0.00694,47.2
DQN_Double_PER_seed_2_1790611613,DQN_Double_PER,2,713,35650,-8.10,0,0.2941,0.00993,47.2
DQN_Double_PER_seed_2_1790611613,DQN_Double_PER,2,714,35700,-8.10,0,0.2931,0.00754,47.3
DQN_Double_PER_seed_2_1790611613,DQN_Double_PER,2,715,35750,-7.50,0,0.2922,0.00569,47.4
DQN_Double_PER_seed_2_1790611613,DQN_Double_PER,2,716,35800,-3.90,0,0.2912,0.00627,47.5
DQN_Double_PER_seed_2_1790611613,DQN_Double_PER,2,717,35850,-8.10,0,0.2902,0.00534,47.5
DQN_Double_PER_seed_2_1790611613,DQN_Double_PER,2,718,35900,-3.30,0,0.2892,0.00529,47.6
DQN_Double_PER_seed_2_1790611613,DQN_Double_PER,2,719,35950,-6.90,0,0.2882,0.00728,47.7
DQN_Double_PER_seed_2_1790611613,DQN_Double_PER,2,720,36000,-6.90,0,0.2872,0.00603,47.7
DQN_Double_PER_seed_2_1790611613,DQN_Double_PER,2,721,36050,-6.30,0,0.2862,0.01767,47.8
DQN_Double_PER_seed_2_1790611613,DQN_Double_PER,2,722,36100,-3.30,0,0.2852,0.00738,47.9
DQN_Double_PER_seed_2_1790611613,DQN_Double_PER,2,723,36150,-5.10,0,0.2842,0.00898,48.0
DQN_Double_PER_seed_2_1790611613,DQN_Double_PER,2,724,36200,-6.30,0,0.2832,0.00881,48.0
DQN_Double_PER_seed_2_1790611613,DQN_Double_PER,2,725,36250,-5.10,0,0.2823,0.00798,48.1
DQN_Double_PER_seed_2_1790611613,DQN_Double_PER,2,726,36300,-6.30,0,0.2813,0.00771,48.2
DQN_Double_PER_seed_2_1790611613,DQN_Double_PER,2,727,36350,-8.70,0,0.2803,0.00757,48.2
DQN_Double_PER_seed_2_1790611613,DQN_Double_PER,2,728,36400,-7.50,0,0.2793,0.00756,48.3
DQN_Double_PER_seed_2_1790611613,DQN_Double_PER,2,729,36450,-6.90,0,0.2783,0.00716,48.4
DQN_Double_PER_seed_2_1790611613,DQN_Double_PER,2,730,36500,-8.10,0,0.2773,0.00718,48.5
DQN_Double_PER_seed_2_1790611613,DQN_Double_PER,2,731,36550,-0.30,0,0.2763,0.00674,48.5
DQN_Double_PER_seed_2_1790611613,DQN_Double_PER,2,732,36600,-5.70,0,0.2753,0.00747,48.6
DQN_Double_PER_seed_2_1790611613,DQN_Double_PER,2,733,36650,1.50,0,0.2743,0.00663,48.7
DQN_Double_PER_seed_2_1790611613,DQN_Double_PER,2,734,36700,-4.50,0,0.2733,0.00784,48.7
DQN_Double_PER_seed_2_1790611613,DQN_Double_PER,2,735,36750,-7.50,0,0.2723,0.00624,48.8
DQN_Double_PER_seed_2_1790611613,DQN_Double_PER,2,736,36800,-5.10,0,0.2714,0.00643,48.9
DQN_Double_PER_seed_2_1790611613,DQN_Double_PER,2,737,36850,-3.90,0,0.2704,0.00638,48.9
DQN_Double_PER_seed_2_1790611613,DQN_Double_PER,2,738,36900,-4.50,0,0.2694,0.00687,49.0
DQN_Double_PER_seed_2_1790611613,DQN_Double_PER,2,739,36950,-5.70,0,0.2684,0.00735,49.1
DQN_Double_PER_seed_2_1790611613,DQN_Double_PER,2,740,37000,-4.50,0,0.2674,0.00696,49.2
DQN_Double_PER_seed_2_1790611613,DQN_Double_PER,2,741,37050,3.90,0,0.2664,0.01270,49.2
DQN_Double_PER_seed_2_1790611613,DQN_Double_PER,2,742,37100,-5.10,0,0.2654,0.00918,49.3
DQN_Double_PER_seed_2_1790611613,DQN_Double_PER,2,743,37150,0.30,0,0.2644,0.00645,49.4
DQN_Double_PER_seed_2_1790611613,DQN_Double_PER,2,744,37200,-8.10,0,0.2634,0.00709,49.4
DQN_Double_PER_seed_2_1790611613,DQN_Double_PER,2,745,37250,-7.50,0,0.2624,0.00610,49.5
DQN_Double_PER_seed_2_1790611613,DQN_Double_PER,2,746,37300,-5.10,0,0.2615,0.00809,49.6
DQN_Double_PER_seed_2_1790611613,DQN_Double_PER,2,747,37350,-6.90,0,0.2605,0.00879,49.7
DQN_Double_PER_seed_2_1790611613,DQN_Double_PER,2,748,37400,-3.30,0,0.2595,0.00569,49.7
DQN_Double_PER_seed_2_1790611613,DQN_Double_PER,2,749,37450,-3.90,0,0.2585,0.00766,49.8
DQN_Double_PER_seed_2_1790611613,DQN_Double_PER,2,750,37500,-7.50,0,0.2575,0.00490,49.9
DQN_Double_PER_seed_2_1790611613,DQN_Double_PER,2,751,37550,-6.30,0,0.2565,0.00664,49.9
DQN_Double_PER_seed_2_1790611613,DQN_Double_PER,2,752,37600,-7.50,0,0.2555,0.00534,50.0
DQN_Double_PER_seed_2_1790611613,DQN_Double_PER,2,753,37650,3.90,0,0.2545,0.00526,50.1
DQN_Double_PER_seed_2_1790611613,DQN_Double_PER,2,754,37700,-5.70,0,0.2535,0.00561,50.2
DQN_Double_PER_seed_2_1790611613,DQN_Double_PER,2,755,37750,-8.10,0,0.2526,0.00589,50.2
DQN_Double_PER_seed_2_1790611613,DQN_Double_PER,2,756,37800,-1.50,0,0.2516,0.00693,50.3
DQN_Double_PER_seed_2_1790611613,DQN_Double_PER,2,757,37850,-8.70,0,0.2506,0.00553,50.4
DQN_Double_PER_seed_2_1790611613,DQN_Double_PER,2,758,37900,-8.10,0,0.2496,0.00534,50.4
DQN_Double_PER_seed_2_1790611613,DQN_Double_PER,2,759,37950,3.30,0,0.2486,0.00484,50.5
DQN_Double_PER_seed_2_1790611613,DQN_Double_PER,2,760,38000,-2.10,0,0.2476,0.00659,50.6
DQN_Double_PER_seed_2_1790611613,DQN_Double_PER,2,761,38050,0.30,0,0.2466,0.01422,50.7
DQN_Double_PER_seed_2_1790611613,DQN_Double_PER,2,762,38100,-2.70,0,0.2456,0.01005,50.7
DQN_Double_PER_seed_2_1790611613,DQN_Double_PER,2,763,38150,3.30,0,0.2446,0.02043,50.8
DQN_Double_PER_seed_2_1790611613,DQN_Double_PER,2,764,38200,-7.50,0,0.2436,0.00566,50.9
DQN_Double_PER_seed_2_1790611613,DQN_Double_PER,2,765,38250,-7.50,0,0.2427,0.00609,50.9
DQN_Double_PER_seed_2_1790611613,DQN_Double_PER,2,766,38300,-6.90,0,0.2417,0.00455,51.0
DQN_Double_PER_seed_2_1790611613,DQN_Double_PER,2,767,38350,-8.10,0,0.2407,0.00629,51.1
DQN_Double_PER_seed_2_1790611613,DQN_Double_PER,2,768,38400,-5.70,0,0.2397,0.00596,51.1
DQN_Double_PER_seed_2_1790611613,DQN_Double_PER,2,769,38450,-5.70,0,0.2387,0.00415,51.2
DQN_Double_PER_seed_2_1790611613,DQN_Double_PER,2,770,38500,-7.50,0,0.2377,0.00587,51.3
DQN_Double_PER_seed_2_1790611613,DQN_Double_PER,2,771,38550,1.50,0,0.2367,0.00525,51.4
DQN_Double_PER_seed_2_1790611613,DQN_Double_PER,2,772,38600,-6.90,0,0.2357,0.00530,51.4
DQN_Double_PER_seed_2_1790611613,DQN_Double_PER,2,773,38650,-7.50,0,0.2347,0.00654,51.5
DQN_Double_PER_seed_2_1790611613,DQN_Double_PER,2,774,38700,-8.10,0,0.2337,0.00590,51.6
DQN_Double_PER_seed_2_1790611613,DQN_Double_PER,2,775,38750,-5.10,0,0.2328,0.00447,51.6
DQN_Double_PER_seed_2_1790611613,DQN_Double_PER,2,776,38800,-5.70,0,0.2318,0.00436,51.7
DQN_Double_PER_seed_2_1790611613,DQN_Double_PER,2,777,38850,-6.90,0,0.2308,0.00562,51.8
DQN_Double_PER_seed_2_1790611613,DQN_Double_PER,2,778,38900,1.50,0,0.2298,0.00529,51.9
DQN_Double_PER_seed_2_1790611613,DQN_Double_PER,2,779,38950,3.90,0,0.2288,0.00431,51.9
DQN_Double_PER_seed_2_1790611613,DQN_Double_PER,2,780,39000,-6.90,0,0.2278,0.00461,52.0
DQN_Double_PER_seed_2_1790611613,DQN_Double_PER,2,781,39050,-8.10,0,0.2268,0.01477,52.1
DQN_Double_PER_seed_2_1790611613,DQN_Double_PER,2,782,39100,3.90,0,0.2258,0.00669,52.1
DQN_Double_PER_seed_2_1790611613,DQN_Double_PER,2,783,39150,3.90,0,0.2248,0.00593,52.2
DQN_Double_PER_seed_2_1790611613,DQN_Double_PER,2,784,39200,-5.10,0,0.2238,0.00650,52.3
DQN_Double_PER_seed_2_1790611613,DQN_Double_PER,2,785,39250,3.30,0,0.2228,0.00531,52.4
DQN_Double_PER_seed_2_1790611613,DQN_Double_PER,2,786,39300,3.90,0,0.2219,0.00582,52.4
DQN_Double_PER_seed_2_1790611613,DQN_Double_PER,2,787,39350,-7.50,0,0.2209,0.00505,52.5
DQN_Double_PER_seed_2_1790611613,DQN_Double_PER,2,788,39400,-7.50,0,0.2199,0.00510,52.6
DQN_Double_PER_seed_2_1790611613,DQN_Double_PER,2,789,39450,0.90,0,0.2189,0.00591,52.6
DQN_Double_PER_seed_2_1790611613,DQN_Double_PER,2,790,39500,2.70,0,0.2179,0.00441,52.7
DQN_Double_PER_seed_2_1790611613,DQN_Double_PER,2,791,39550,-6.90,0,0.2169,0.00488,52.8
DQN_Double_PER_seed_2_1790611613,DQN_Double_PER,2,792,39600,-6.90,0,0.2159,0.00595,52.9
DQN_Double_PER_seed_2_1790611613,DQN_Double_PER,2,793,39650,-2.70,0,0.2149,0.00547,52.9
DQN_Double_PER_seed_2_1790611613,DQN_Double_PER,2,794,39700,-4.50,0,0.2139,0.00463,53.0
DQN_Double_PER_seed_2_1790611613,DQN_Double_PER,2,795,39750,-6.30,0,0.2129,0.00500,53.1
DQN_Double_PER_seed_2_1790611613,DQN_Double_PER,2,796,39800,-4.50,0,0.2120,0.00508,53.1
DQN_Double_PER_seed_2_1790611613,DQN_Double_PER,2,797,39850,-7.50,0,0.2110,0.00608,53.2
DQN_Double_PER_seed_2_1790611613,DQN_Double_PER,2,798,39900,-7.50,0,0.2100,0.00671,53.3
DQN_Double_PER_seed_2_1790611613,DQN_Double_PER,2,799,39950,-0.90,0,0.2090,0.00503,53.3
DQN_Double_PER_seed_2_1790611613,DQN_Double_PER,2,800,40000,-5.10,0,0.2080,0.01141,53.4
DQN_Double_PER_seed_2_1790611613,DQN_Double_PER,2,801,40050,3.90,0,0.2070,0.01578,53.6
DQN_Double_PER_seed_2_1790611613,DQN_Double_PER,2,802,40100,3.90,0,0.2060,0.00506,53.7
DQN_Double_PER_seed_2_1790611613,DQN_Double_PER,2,803,40150,2.10,0,0.2050,0.00467,53.7
DQN_Double_PER_seed_2_1790611613,DQN_Double_PER,2,804,40200,-3.30,0,0.2040,0.00463,53.8
DQN_Double_PER_seed_2_1790611613,DQN_Double_PER,2,805,40250,-2.70,0,0.2030,0.00374,53.9
DQN_Double_PER_seed_2_1790611613,DQN_Double_PER,2,806,40300,-7.50,0,0.2021,0.00358,53.9
DQN_Double_PER_seed_2_1790611613,DQN_Double_PER,2,807,40350,-0.90,0,0.2011,0.00431,54.0
DQN_Double_PER_seed_2_1790611613,DQN_Double_PER,2,808,40400,3.90,0,0.2001,0.00623,54.1
DQN_Double_PER_seed_2_1790611613,DQN_Double_PER,2,809,40450,-3.90,0,0.1991,0.00441,54.1
DQN_Double_PER_seed_2_1790611613,DQN_Double_PER,2,810,40500,0.30,0,0.1981,0.00563,54.2
DQN_Double_PER_seed_2_1790611613,DQN_Double_PER,2,811,40550,3.90,0,0.1971,0.00478,54.3
DQN_Double_PER_seed_2_1790611613,DQN_Double_PER,2,812,40600,-5.70,0,0.1961,0.00492,54.4
DQN_Double_PER_seed_2_1790611613,DQN_Double_PER,2,813,40650,-0.90,0,0.1951,0.00396,54.4
DQN_Double_PER_seed_2_1790611613,DQN_Double_PER,2,814,40700,3.90,0,0.1941,0.00418,54.5
DQN_Double_PER_seed_2_1790611613,DQN_Double_PER,2,815,40750,3.90,0,0.1932,0.00606,54.6
DQN_Double_PER_seed_2_1790611613,DQN_Double_PER,2,816,40800,-4.50,0,0.1922,0.00600,54.6
DQN_Double_PER_seed_2_1790611613,DQN_Double_PER,2,817,40850,-5.10,0,0.1912,0.00435,54.7
DQN_Double_PER_seed_2_1790611613,DQN_Double_PER,2,818,40900,-3.30,0,0.1902,0.00479,54.8
DQN_Double_PER_seed_2_1790611613,DQN_Double_PER,2,819,40950,3.90,0,0.1892,0.00445,54.9
DQN_Double_PER_seed_2_1790611613,DQN_Double_PER,2,820,41000,3.90,0,0.1882,0.00465,54.9
DQN_Double_PER_seed_2_1790611613,DQN_Double_PER,2,821,41050,-2.70,0,0.1872,0.01634,55.0
DQN_Double_PER_seed_2_1790611613,DQN_Double_PER,2,822,41100,3.90,0,0.1862,0.00904,55.1
DQN_Double_PER_seed_2_1790611613,DQN_Double_PER,2,823,41150,3.90,0,0.1852,0.00454,55.1
DQN_Double_PER_seed_2_1790611613,DQN_Double_PER,2,824,41200,3.90,0,0.1842,0.00475,55.2
DQN_Double_PER_seed_2_1790611613,DQN_Double_PER,2,825,41250,-7.50,0,0.1833,0.00447,55.3
DQN_Double_PER_seed_2_1790611613,DQN_Double_PER,2,826,41300,-5.10,0,0.1823,0.00449,55.4
DQN_Double_PER_seed_2_1790611613,DQN_Double_PER,2,827,41350,3.90,0,0.1813,0.00612,55.4
DQN_Double_PER_seed_2_1790611613,DQN_Double_PER,2,828,41400,-3.90,0,0.1803,0.00384,55.5
DQN_Double_PER_seed_2_1790611613,DQN_Double_PER,2,829,41450,3.90,0,0.1793,0.00408,55.6
DQN_Double_PER_seed_2_1790611613,DQN_Double_PER,2,830,41500,3.90,0,0.1783,0.00415,55.6
DQN_Double_PER_seed_2_1790611613,DQN_Double_PER,2,831,41550,-5.70,0,0.1773,0.00466,55.7
DQN_Double_PER_seed_2_1790611613,DQN_Double_PER,2,832,41600,3.90,0,0.1763,0.00366,55.8
DQN_Double_PER_seed_2_1790611613,DQN_Double_PER,2,833,41650,-0.90,0,0.1753,0.00373,55.9
DQN_Double_PER_seed_2_1790611613,DQN_Double_PER,2,834,41700,3.90,0,0.1743,0.00564,55.9
DQN_Double_PER_seed_2_1790611613,DQN_Double_PER,2,835,41750,-5.10,0,0.1734,0.00519,56.0
DQN_Double_PER_seed_2_1790611613,DQN_Double_PER,2,836,41800,3.90,0,0.1724,0.00385,56.1
DQN_Double_PER_seed_2_1790611613,DQN_Double_PER,2,837,41850,3.90,0,0.1714,0.00458,56.1
DQN_Double_PER_seed_2_1790611613,DQN_Double_PER,2,838,41900,3.90,0,0.1704,0.00437,56.2
DQN_Double_PER_seed_2_1790611613,DQN_Double_PER,2,839,41950,3.90,0,0.1694,0.00334,56.3
DQN_Double_PER_seed_2_1790611613,DQN_Double_PER,2,840,42000,3.90,0,0.1684,0.00376,56.4
DQN_Double_PER_seed_2_1790611613,DQN_Double_PER,2,841,42050,3.90,0,0.1674,0.01306,56.4
DQN_Double_PER_seed_2_1790611613,DQN_Double_PER,2,842,42100,3.90,0,0.1664,0.00812,56.5
DQN_Double_PER_seed_2_1790611613,DQN_Double_PER,2,843,42150,3.90,0,0.1654,0.00649,56.6
DQN_Double_PER_seed_2_1790611613,DQN_Double_PER,2,844,42200,3.90,0,0.1644,0.00725,56.7
DQN_Double_PER_seed_2_1790611613,DQN_Double_PER,2,845,42250,3.90,0,0.1634,0.00644,56.7
DQN_Double_PER_seed_2_1790611613,DQN_Double_PER,2,846,42300,3.90,0,0.1625,0.00628,56.8
DQN_Double_PER_seed_2_1790611613,DQN_Double_PER,2,847,42350,-6.30,0,0.1615,0.00499,56.9
DQN_Double_PER_seed_2_1790611613,DQN_Double_PER,2,848,42400,3.90,0,0.1605,0.00544,56.9
DQN_Double_PER_seed_2_1790611613,DQN_Double_PER,2,849,42450,-0.30,0,0.1595,0.00653,57.0
DQN_Double_PER_seed_2_1790611613,DQN_Double_PER,2,850,42500,3.90,0,0.1585,0.00584,57.1
DQN_Double_PER_seed_2_1790611613,DQN_Double_PER,2,851,42550,-3.90,0,0.1575,0.00540,57.2
DQN_Double_PER_seed_2_1790611613,DQN_Double_PER,2,852,42600,-2.70,0,0.1565,0.00528,57.2
DQN_Double_PER_seed_2_1790611613,DQN_Double_PER,2,853,42650,3.90,0,0.1555,0.00590,57.3
DQN_Double_PER_seed_2_1790611613,DQN_Double_PER,2,854,42700,3.90,0,0.1545,0.00508,57.4
DQN_Double_PER_seed_2_1790611613,DQN_Double_PER,2,855,42750,2.10,0,0.1536,0.00606,57.4
DQN_Double_PER_seed_2_1790611613,DQN_Double_PER,2,856,42800,3.90,0,0.1526,0.00500,57.5
DQN_Double_PER_seed_2_1790611613,DQN_Double_PER,2,857,42850,3.90,0,0.1516,0.00494,57.6
DQN_Double_PER_seed_2_1790611613,DQN_Double_PER,2,858,42900,3.90,0,0.1506,0.00658,57.7
DQN_Double_PER_seed_2_1790611613,DQN_Double_PER,2,859,42950,3.90,0,0.1496,0.00557,57.7
DQN_Double_PER_seed_2_1790611613,DQN_Double_PER,2,860,43000,-0.90,0,0.1486,0.00660,57.8
DQN_Double_PER_seed_2_1790611613,DQN_Double_PER,2,861,43050,3.90,0,0.1476,0.00802,57.9
DQN_Double_PER_seed_2_1790611613,DQN_Double_PER,2,862,43100,3.90,0,0.1466,0.00831,57.9
DQN_Double_PER_seed_2_1790611613,DQN_Double_PER,2,863,43150,0.30,0,0.1456,0.00604,58.0
DQN_Double_PER_seed_2_1790611613,DQN_Double_PER,2,864,43200,3.90,0,0.1446,0.00593,58.1
DQN_Double_PER_seed_2_1790611613,DQN_Double_PER,2,865,43250,3.90,0,0.1437,0.00713,58.2
DQN_Double_PER_seed_2_1790611613,DQN_Double_PER,2,866,43300,3.90,0,0.1427,0.00453,58.2
DQN_Double_PER_seed_2_1790611613,DQN_Double_PER,2,867,43350,3.90,0,0.1417,0.00597,58.3
DQN_Double_PER_seed_2_1790611613,DQN_Double_PER,2,868,43400,3.90,0,0.1407,0.00518,58.4
DQN_Double_PER_seed_2_1790611613,DQN_Double_PER,2,869,43450,-0.30,0,0.1397,0.00581,58.4
DQN_Double_PER_seed_2_1790611613,DQN_Double_PER,2,870,43500,3.90,0,0.1387,0.00580,58.5
DQN_Double_PER_seed_2_1790611613,DQN_Double_PER,2,871,43550,3.90,0,0.1377,0.00526,58.6
DQN_Double_PER_seed_2_1790611613,DQN_Double_PER,2,872,43600,1.50,0,0.1367,0.00460,58.7
DQN_Double_PER_seed_2_1790611613,DQN_Double_PER,2,873,43650,3.90,0,0.1357,0.00680,58.7
DQN_Double_PER_seed_2_1790611613,DQN_Double_PER,2,874,43700,3.90,0,0.1347,0.00611,58.8
DQN_Double_PER_seed_2_1790611613,DQN_Double_PER,2,875,43750,3.90,0,0.1338,0.00533,58.9
DQN_Double_PER_seed_2_1790611613,DQN_Double_PER,2,876,43800,0.90,0,0.1328,0.00697,58.9
DQN_Double_PER_seed_2_1790611613,DQN_Double_PER,2,877,43850,3.90,0,0.1318,0.00422,59.0
DQN_Double_PER_seed_2_1790611613,DQN_Double_PER,2,878,43900,2.10,0,0.1308,0.00390,59.1
DQN_Double_PER_seed_2_1790611613,DQN_Double_PER,2,879,43950,-2.10,0,0.1298,0.00549,59.2
DQN_Double_PER_seed_2_1790611613,DQN_Double_PER,2,880,44000,2.70,0,0.1288,0.00462,59.2
DQN_Double_PER_seed_2_1790611613,DQN_Double_PER,2,881,44050,2.70,0,0.1278,0.00615,59.3
DQN_Double_PER_seed_2_1790611613,DQN_Double_PER,2,882,44100,-2.70,0,0.1268,0.00658,59.4
DQN_Double_PER_seed_2_1790611613,DQN_Double_PER,2,883,44150,3.90,0,0.1258,0.00684,59.4
DQN_Double_PER_seed_2_1790611613,DQN_Double_PER,2,884,44200,3.90,0,0.1248,0.00597,59.5
DQN_Double_PER_seed_2_1790611613,DQN_Double_PER,2,885,44250,3.90,0,0.1239,0.00614,59.6
DQN_Double_PER_seed_2_1790611613,DQN_Double_PER,2,886,44300,3.90,0,0.1229,0.00530,59.7
DQN_Double_PER_seed_2_1790611613,DQN_Double_PER,2,887,44350,-0.90,0,0.1219,0.00787,59.7
DQN_Double_PER_seed_2_1790611613,DQN_Double_PER,2,888,44400,3.90,0,0.1209,0.01013,59.8
DQN_Double_PER_seed_2_1790611613,DQN_Double_PER,2,889,44450,3.90,0,0.1199,0.00472,59.9
DQN_Double_PER_seed_2_1790611613,DQN_Double_PER,2,890,44500,3.90,0,0.1189,0.00394,60.0
DQN_Double_PER_seed_2_1790611613,DQN_Double_PER,2,891,44550,3.90,0,0.1179,0.00470,60.0
DQN_Double_PER_seed_2_1790611613,DQN_Double_PER,2,892,44600,3.90,0,0.1169,0.00667,60.1
DQN_Double_PER_seed_2_1790611613,DQN_Double_PER,2,893,44650,3.90,0,0.1159,0.00479,60.2
DQN_Double_PER_seed_2_1790611613,DQN_Double_PER,2,894,44700,3.90,0,0.1149,0.00517,60.2
DQN_Double_PER_seed_2_1790611613,DQN_Double_PER,2,895,44750,3.90,0,0.1139,0.00447,60.3
DQN_Double_PER_seed_2_1790611613,DQN_Double_PER,2,896,44800,3.90,0,0.1130,0.00399,60.4
DQN_Double_PER_seed_2_1790611613,DQN_Double_PER,2,897,44850,3.90,0,0.1120,0.00462,60.5
DQN_Double_PER_seed_2_1790611613,DQN_Double_PER,2,898,44900,3.90,0,0.1110,0.00463,60.5
DQN_Double_PER_seed_2_1790611613,DQN_Double_PER,2,899,44950,3.90,0,0.1100,0.00578,60.6
DQN_Double_PER_seed_2_1790611613,DQN_Double_PER,2,900,45000,3.90,0,0.1090,0.00458,60.7
DQN_Double_PER_seed_2_1790611613,DQN_Double_PER,2,901,45050,-0.90,0,0.1080,0.00668,60.8
DQN_Double_PER_seed_2_1790611613,DQN_Double_PER,2,902,45100,-5.10,0,0.1070,0.00544,60.9
DQN_Double_PER_seed_2_1790611613,DQN_Double_PER,2,903,45150,3.90,0,0.1060,0.00439,61.0
DQN_Double_PER_seed_2_1790611613,DQN_Double_PER,2,904,45200,3.90,0,0.1050,0.00445,61.0
DQN_Double_PER_seed_2_1790611613,DQN_Double_PER,2,905,45250,-0.30,0,0.1040,0.00828,61.1
DQN_Double_PER_seed_2_1790611613,DQN_Double_PER,2,906,45300,3.90,0,0.1031,0.00619,61.2
DQN_Double_PER_seed_2_1790611613,DQN_Double_PER,2,907,45350,3.90,0,0.1021,0.00494,61.3
DQN_Double_PER_seed_2_1790611613,DQN_Double_PER,2,908,45400,-2.10,0,0.1011,0.00477,61.3
DQN_Double_PER_seed_2_1790611613,DQN_Double_PER,2,909,45450,3.90,0,0.1001,0.00393,61.4
DQN_Double_PER_seed_2_1790611613,DQN_Double_PER,2,910,45500,3.90,0,0.0991,0.00469,61.5
DQN_Double_PER_seed_2_1790611613,DQN_Double_PER,2,911,45550,3.90,0,0.0981,0.00619,61.5
DQN_Double_PER_seed_2_1790611613,DQN_Double_PER,2,912,45600,3.90,0,0.0971,0.00618,61.6
DQN_Double_PER_seed_2_1790611613,DQN_Double_PER,2,913,45650,3.90,0,0.0961,0.00636,61.7
DQN_Double_PER_seed_2_1790611613,DQN_Double_PER,2,914,45700,-2.70,0,0.0951,0.00575,61.8
DQN_Double_PER_seed_2_1790611613,DQN_Double_PER,2,915,45750,3.90,0,0.0941,0.00409,61.8
DQN_Double_PER_seed_2_1790611613,DQN_Double_PER,2,916,45800,3.90,0,0.0932,0.00458,61.9
DQN_Double_PER_seed_2_1790611613,DQN_Double_PER,2,917,45850,3.90,0,0.0922,0.00480,62.0
DQN_Double_PER_seed_2_1790611613,DQN_Double_PER,2,918,45900,3.90,0,0.0912,0.00432,62.0
DQN_Double_PER_seed_2_1790611613,DQN_Double_PER,2,919,45950,1.50,0,0.0902,0.00659,62.1
DQN_Double_PER_seed_2_1790611613,DQN_Double_PER,2,920,46000,3.90,0,0.0892,0.00636,62.2
DQN_Double_PER_seed_2_1790611613,DQN_Double_PER,2,921,46050,3.90,0,0.0882,0.01541,62.3
DQN_Double_PER_seed_2_1790611613,DQN_Double_PER,2,922,46100,3.90,0,0.0872,0.00710,62.3
DQN_Double_PER_seed_2_1790611613,DQN_Double_PER,2,923,46150,3.90,0,0.0862,0.00509,62.4
DQN_Double_PER_seed_2_1790611613,DQN_Double_PER,2,924,46200,3.90,0,0.0852,0.00492,62.5
DQN_Double_PER_seed_2_1790611613,DQN_Double_PER,2,925,46250,3.90,0,0.0842,0.00448,62.6
DQN_Double_PER_seed_2_1790611613,DQN_Double_PER,2,926,46300,3.90,0,0.0833,0.00477,62.6
DQN_Double_PER_seed_2_1790611613,DQN_Double_PER,2,927,46350,3.90,0,0.0823,0.00490,62.7
DQN_Double_PER_seed_2_1790611613,DQN_Double_PER,2,928,46400,3.90,0,0.0813,0.00519,62.8
DQN_Double_PER_seed_2_1790611613,DQN_Double_PER,2,929,46450,-2.10,0,0.0803,0.00473,62.8
DQN_Double_PER_seed_2_1790611613,DQN_Double_PER,2,930,46500,3.90,0,0.0793,0.00541,62.9
DQN_Double_PER_seed_2_1790611613,DQN_Double_PER,2,931,46550,3.90,0,0.0783,0.00555,63.0
DQN_Double_PER_seed_2_1790611613,DQN_Double_PER,2,932,46600,3.90,0,0.0773,0.00503,63.1
DQN_Double_PER_seed_2_1790611613,DQN_Double_PER,2,933,46650,3.90,0,0.0763,0.00448,63.1
DQN_Double_PER_seed_2_1790611613,DQN_Double_PER,2,934,46700,3.90,0,0.0753,0.00646,63.2
DQN_Double_PER_seed_2_1790611613,DQN_Double_PER,2,935,46750,2.10,0,0.0743,0.00527,63.3
DQN_Double_PER_seed_2_1790611613,DQN_Double_PER,2,936,46800,3.90,0,0.0734,0.00588,63.3
DQN_Double_PER_seed_2_1790611613,DQN_Double_PER,2,937,46850,3.90,0,0.0724,0.00560,63.4
DQN_Double_PER_seed_2_1790611613,DQN_Double_PER,2,938,46900,3.90,0,0.0714,0.00680,63.5
DQN_Double_PER_seed_2_1790611613,DQN_Double_PER,2,939,46950,3.90,0,0.0704,0.00362,63.6
DQN_Double_PER_seed_2_1790611613,DQN_Double_PER,2,940,47000,3.90,0,0.0694,0.00553,63.6
DQN_Double_PER_seed_2_1790611613,DQN_Double_PER,2,941,47050,3.90,0,0.0684,0.00854,63.7
DQN_Double_PER_seed_2_1790611613,DQN_Double_PER,2,942,47100,3.90,0,0.0674,0.00666,63.8
DQN_Double_PER_seed_2_1790611613,DQN_Double_PER,2,943,47150,3.90,0,0.0664,0.00744,63.8
DQN_Double_PER_seed_2_1790611613,DQN_Double_PER,2,944,47200,3.90,0,0.0654,0.00697,63.9
DQN_Double_PER_seed_2_1790611613,DQN_Double_PER,2,945,47250,3.90,0,0.0645,0.00487,64.0
DQN_Double_PER_seed_2_1790611613,DQN_Double_PER,2,946,47300,3.90,0,0.0635,0.00466,64.1
DQN_Double_PER_seed_2_1790611613,DQN_Double_PER,2,947,47350,3.90,0,0.0625,0.00425,64.1
DQN_Double_PER_seed_2_1790611613,DQN_Double_PER,2,948,47400,3.90,0,0.0615,0.00501,64.2
DQN_Double_PER_seed_2_1790611613,DQN_Double_PER,2,949,47450,3.90,0,0.0605,0.00464,64.3
DQN_Double_PER_seed_2_1790611613,DQN_Double_PER,2,950,47500,3.90,0,0.0595,0.00586,64.4
DQN_Double_PER_seed_2_1790611613,DQN_Double_PER,2,951,47550,3.90,0,0.0585,0.00673,64.4
DQN_Double_PER_seed_2_1790611613,DQN_Double_PER,2,952,47600,3.90,0,0.0575,0.00466,64.5
DQN_Double_PER_seed_2_1790611613,DQN_Double_PER,2,953,47650,3.90,0,0.0565,0.00596,64.6
DQN_Double_PER_seed_2_1790611613,DQN_Double_PER,2,954,47700,3.90,0,0.0555,0.00582,64.6
DQN_Double_PER_seed_2_1790611613,DQN_Double_PER,2,955,47750,3.90,0,0.0546,0.00621,64.7
DQN_Double_PER_seed_2_1790611613,DQN_Double_PER,2,956,47800,3.90,0,0.0536,0.00744,64.8
DQN_Double_PER_seed_2_1790611613,DQN_Double_PER,2,957,47850,3.90,0,0.0526,0.00460,64.9
DQN_Double_PER_seed_2_1790611613,DQN_Double_PER,2,958,47900,3.90,0,0.0516,0.00421,64.9
DQN_Double_PER_seed_2_1790611613,DQN_Double_PER,2,959,47950,3.90,0,0.0506,0.00461,65.0
DQN_Double_PER_seed_2_1790611613,DQN_Double_PER,2,960,48000,-0.30,0,0.0496,0.00376,65.1
DQN_Double_PER_seed_2_1790611613,DQN_Double_PER,2,961,48050,3.90,0,0.0486,0.00762,65.1
DQN_Double_PER_seed_2_1790611613,DQN_Double_PER,2,962,48100,3.90,0,0.0476,0.00691,65.2
DQN_Double_PER_seed_2_1790611613,DQN_Double_PER,2,963,48150,3.90,0,0.0466,0.00556,65.3
DQN_Double_PER_seed_2_1790611613,DQN_Double_PER,2,964,48200,3.90,0,0.0456,0.00467,65.4
DQN_Double_PER_seed_2_1790611613,DQN_Double_PER,2,965,48250,3.90,0,0.0447,0.00424,65.4
DQN_Double_PER_seed_2_1790611613,DQN_Double_PER,2,966,48300,3.90,0,0.0437,0.00396,65.5
DQN_Double_PER_seed_2_1790611613,DQN_Double_PER,2,967,48350,3.90,0,0.0427,0.00418,65.6
DQN_Double_PER_seed_2_1790611613,DQN_Double_PER,2,968,48400,3.90,0,0.0417,0.00496,65.6
DQN_Double_PER_seed_2_1790611613,DQN_Double_PER,2,969,48450,3.90,0,0.0407,0.00398,65.7
DQN_Double_PER_seed_2_1790611613,DQN_Double_PER,2,970,48500,3.90,0,0.0397,0.00422,65.8
DQN_Double_PER_seed_2_1790611613,DQN_Double_PER,2,971,48550,3.90,0,0.0387,0.00589,65.9
DQN_Double_PER_seed_2_1790611613,DQN_Double_PER,2,972,48600,3.90,0,0.0377,0.00511,65.9
DQN_Double_PER_seed_2_1790611613,DQN_Double_PER,2,973,48650,3.90,0,0.0367,0.00360,66.0
DQN_Double_PER_seed_2_1790611613,DQN_Double_PER,2,974,48700,3.90,0,0.0357,0.00475,66.1
DQN_Double_PER_seed_2_1790611613,DQN_Double_PER,2,975,48750,3.90,0,0.0348,0.00680,66.2
DQN_Double_PER_seed_2_1790611613,DQN_Double_PER,2,976,48800,3.90,0,0.0338,0.00541,66.2
DQN_Double_PER_seed_2_1790611613,DQN_Double_PER,2,977,48850,3.90,0,0.0328,0.00433,66.3
DQN_Double_PER_seed_2_1790611613,DQN_Double_PER,2,978,48900,3.90,0,0.0318,0.00554,66.4
DQN_Double_PER_seed_2_1790611613,DQN_Double_PER,2,979,48950,3.90,0,0.0308,0.00860,66.4
DQN_Double_PER_seed_2_1790611613,DQN_Double_PER,2,980,49000,3.90,0,0.0298,0.00496,66.5
DQN_Double_PER_seed_2_1790611613,DQN_Double_PER,2,981,49050,3.90,0,0.0288,0.00638,66.6
DQN_Double_PER_seed_2_1790611613,DQN_Double_PER,2,982,49100,3.90,0,0.0278,0.00572,66.7
DQN_Double_PER_seed_2_1790611613,DQN_Double_PER,2,983,49150,3.90,0,0.0268,0.00392,66.7
DQN_Double_PER_seed_2_1790611613,DQN_Double_PER,2,984,49200,3.90,0,0.0258,0.00426,66.8
DQN_Double_PER_seed_2_1790611613,DQN_Double_PER,2,985,49250,3.90,0,0.0249,0.00474,66.9
DQN_Double_PER_seed_2_1790611613,DQN_Double_PER,2,986,49300,3.90,0,0.0239,0.00529,66.9
DQN_Double_PER_seed_2_1790611613,DQN_Double_PER,2,987,49350,3.90,0,0.0229,0.00526,67.0
DQN_Double_PER_seed_2_1790611613,DQN_Double_PER,2,988,49400,3.90,0,0.0219,0.00486,67.1
DQN_Double_PER_seed_2_1790611613,DQN_Double_PER,2,989,49450,3.90,0,0.0209,0.00540,67.2
DQN_Double_PER_seed_2_1790611613,DQN_Double_PER,2,990,49500,3.90,0,0.0199,0.00529,67.2
DQN_Double_PER_seed_2_1790611613,DQN_Double_PER,2,991,49550,3.90,0,0.0189,0.00400,67.3
DQN_Double_PER_seed_2_1790611613,DQN_Double_PER,2,992,49600,3.90,0,0.0179,0.00305,67.4
DQN_Double_PER_seed_2_1790611613,DQN_Double_PER,2,993,49650,1.50,0,0.0169,0.00328,67.5
DQN_Double_PER_seed_2_1790611613,DQN_Double_PER,2,994,49700,3.90,0,0.0159,0.00422,67.5
DQN_Double_PER_seed_2_1790611613,DQN_Double_PER,2,995,49750,3.90,0,0.0150,0.00699,67.6
DQN_Double_PER_seed_2_1790611613,DQN_Double_PER,2,996,49800,3.90,0,0.0140,0.00446,67.7
DQN_Double_PER_seed_2_1790611613,DQN_Double_PER,2,997,49850,3.90,0,0.0130,0.00360,67.7
DQN_Double_PER_seed_2_1790611613,DQN_Double_PER,2,998,49900,3.90,0,0.0120,0.00342,67.8
DQN_Double_PER_seed_2_1790611613,DQN_Double_PER,2,999,49950,3.90,0,0.0110,0.00572,67.9
DQN_Double_PER_seed_2_1790611613,DQN_Double_PER,2,1000,50000,3.90,0,0.0100,0.00329,68.0
DQN_Double_PER_seed_2_1790611613,DQN_Double_PER,2,1001,50050,3.90,0,0.0100,0.00619,68.1
DQN_Double_PER_seed_2_1790611613,DQN_Double_PER,2,1002,50100,3.90,0,0.0100,0.00618,68.2
DQN_Double_PER_seed_2_1790611613,DQN_Double_PER,2,1003,50150,3.90,0,0.0100,0.00383,68.3
DQN_Double_PER_seed_2_1790611613,DQN_Double_PER,2,1004,50200,3.90,0,0.0100,0.00398,68.3
DQN_Double_PER_seed_2_1790611613,DQN_Double_PER,2,1005,50250,3.90,0,0.0100,0.00357,68.4
DQN_Double_PER_seed_2_1790611613,DQN_Double_PER,2,1006,50300,3.90,0,0.0100,0.00425,68.5
DQN_Double_PER_seed_2_1790611613,DQN_Double_PER,2,1007,50350,3.90,0,0.0100,0.00348,68.6
DQN_Double_PER_seed_2_1790611613,DQN_Double_PER,2,1008,50400,3.90,0,0.0100,0.00356,68.6
DQN_Double_PER_seed_2_1790611613,DQN_Double_PER,2,1009,50450,3.90,0,0.0100,0.00345,68.7
DQN_Double_PER_seed_2_1790611613,DQN_Double_PER,2,1010,50500,3.90,0,0.0100,0.00398,68.8
DQN_Double_PER_seed_2_1790611613,DQN_Double_PER,2,1011,50550,3.90,0,0.0100,0.00375,68.8
DQN_Double_PER_seed_2_1790611613,DQN_Double_PER,2,1012,50600,3.90,0,0.0100,0.00413,68.9
DQN_Double_PER_seed_2_1790611613,DQN_Double_PER,2,1013,50650,3.90,0,0.0100,0.00320,69.0
DQN_Double_PER_seed_2_1790611613,DQN_Double_PER,2,1014,50700,3.90,0,0.0100,0.00373,69.1
DQN_Double_PER_seed_2_1790611613,DQN_Double_PER,2,1015,50750,3.90,0,0.0100,0.00553,69.1
DQN_Double_PER_seed_2_1790611613,DQN_Double_PER,2,1016,50800,3.90,0,0.0100,0.00431,69.2
DQN_Double_PER_seed_2_1790611613,DQN_Double_PER,2,1017,50850,3.90,0,0.0100,0.00429,69.3
DQN_Double_PER_seed_2_1790611613,DQN_Double_PER,2,1018,50900,3.90,0,0.0100,0.00905,69.4
DQN_Double_PER_seed_2_1790611613,DQN_Double_PER,2,1019,50950,3.90,0,0.0100,0.00620,69.4
DQN_Double_PER_seed_2_1790611613,DQN_Double_PER,2,1020,51000,3.90,0,0.0100,0.00348,69.5
DQN_Double_PER_seed_2_1790611613,DQN_Double_PER,2,1021,51050,3.90,0,0.0100,0.00688,69.6
DQN_Double_PER_seed_2_1790611613,DQN_Double_PER,2,1022,51100,3.90,0,0.0100,0.00360,69.6
DQN_Double_PER_seed_2_1790611613,DQN_Double_PER,2,1023,51150,3.90,0,0.0100,0.00425,69.7
DQN_Double_PER_seed_2_1790611613,DQN_Double_PER,2,1024,51200,3.90,0,0.0100,0.00345,69.8
DQN_Double_PER_seed_2_1790611613,DQN_Double_PER,2,1025,51250,3.90,0,0.0100,0.00645,69.9
DQN_Double_PER_seed_2_1790611613,DQN_Double_PER,2,1026,51300,3.90,0,0.0100,0.00357,69.9
DQN_Double_PER_seed_2_1790611613,DQN_Double_PER,2,1027,51352,4.10,0,0.0100,0.00415,70.0
DQN_Double_PER_seed_2_1790611613,DQN_Double_PER,2,1028,51402,3.90,0,0.0100,0.00511,70.1
DQN_Double_PER_seed_2_1790611613,DQN_Double_PER,2,1029,51452,3.90,0,0.0100,0.00341,70.2
DQN_Double_PER_seed_2_1790611613,DQN_Double_PER,2,1030,51504,4.10,0,0.0100,0.00348,70.2
DQN_Double_PER_seed_2_1790611613,DQN_Double_PER,2,1031,51554,3.90,0,0.0100,0.00586,70.3
DQN_Double_PER_seed_2_1790611613,DQN_Double_PER,2,1032,51604,3.90,0,0.0100,0.00358,70.4
DQN_Double_PER_seed_2_1790611613,DQN_Double_PER,2,1033,51654,3.90,0,0.0100,0.00406,70.4
DQN_Double_PER_seed_2_1790611613,DQN_Double_PER,2,1034,51704,3.90,0,0.0100,0.00400,70.5
DQN_Double_PER_seed_2_1790611613,DQN_Double_PER,2,1035,51755,4.00,0,0.0100,0.00442,70.6
DQN_Double_PER_seed_2_1790611613,DQN_Double_PER,2,1036,51805,3.90,0,0.0100,0.00451,70.7
DQN_Double_PER_seed_2_1790611613,DQN_Double_PER,2,1037,51855,3.90,0,0.0100,0.00291,70.7
DQN_Double_PER_seed_2_1790611613,DQN_Double_PER,2,1038,51905,3.90,0,0.0100,0.00318,70.8
DQN_Double_PER_seed_2_1790611613,DQN_Double_PER,2,1039,51955,3.90,0,0.0100,0.00347,70.9
DQN_Double_PER_seed_2_1790611613,DQN_Double_PER,2,1040,52005,3.90,0,0.0100,0.00528,71.0
DQN_Double_PER_seed_2_1790611613,DQN_Double_PER,2,1041,52056,4.00,0,0.0100,0.00943,71.0
DQN_Double_PER_seed_2_1790611613,DQN_Double_PER,2,1042,52106,3.90,0,0.0100,0.00540,71.1
DQN_Double_PER_seed_2_1790611613,DQN_Double_PER,2,1043,52156,3.90,0,0.0100,0.00425,71.2
DQN_Double_PER_seed_2_1790611613,DQN_Double_PER,2,1044,52206,3.90,0,0.0100,0.00357,71.2
DQN_Double_PER_seed_2_1790611613,DQN_Double_PER,2,1045,52256,3.90,0,0.0100,0.00374,71.3
DQN_Double_PER_seed_2_1790611613,DQN_Double_PER,2,1046,52306,3.90,0,0.0100,0.00433,71.4
DQN_Double_PER_seed_2_1790611613,DQN_Double_PER,2,1047,52356,3.90,0,0.0100,0.00326,71.5
DQN_Double_PER_seed_2_1790611613,DQN_Double_PER,2,1048,52407,4.00,0,0.0100,0.00336,71.5
DQN_Double_PER_seed_2_1790611613,DQN_Double_PER,2,1049,52457,3.90,0,0.0100,0.00369,71.6
DQN_Double_PER_seed_2_1790611613,DQN_Double_PER,2,1050,52507,3.90,0,0.0100,0.00397,71.7
DQN_Double_PER_seed_2_1790611613,DQN_Double_PER,2,1051,52557,3.90,0,0.0100,0.00328,71.7
DQN_Double_PER_seed_2_1790611613,DQN_Double_PER,2,1052,52607,3.90,0,0.0100,0.00313,71.8
DQN_Double_PER_seed_2_1790611613,DQN_Double_PER,2,1053,52657,3.90,0,0.0100,0.00483,71.9
DQN_Double_PER_seed_2_1790611613,DQN_Double_PER,2,1054,52707,3.90,0,0.0100,0.00470,72.0
DQN_Double_PER_seed_2_1790611613,DQN_Double_PER,2,1055,52757,3.90,0,0.0100,0.00746,72.0
DQN_Double_PER_seed_2_1790611613,DQN_Double_PER,2,1056,52807,3.90,0,0.0100,0.00378,72.1
DQN_Double_PER_seed_2_1790611613,DQN_Double_PER,2,1057,52857,3.90,0,0.0100,0.00382,72.2
DQN_Double_PER_seed_2_1790611613,DQN_Double_PER,2,1058,52907,3.90,0,0.0100,0.00363,72.3
DQN_Double_PER_seed_2_1790611613,DQN_Double_PER,2,1059,52957,3.90,0,0.0100,0.00303,72.3
DQN_Double_PER_seed_2_1790611613,DQN_Double_PER,2,1060,53007,3.90,0,0.0100,0.00308,72.4
DQN_Double_PER_seed_2_1790611613,DQN_Double_PER,2,1061,53057,3.90,0,0.0100,0.00473,72.5
DQN_Double_PER_seed_2_1790611613,DQN_Double_PER,2,1062,53110,4.20,0,0.0100,0.00316,72.6
DQN_Double_PER_seed_2_1790611613,DQN_Double_PER,2,1063,53160,3.90,0,0.0100,0.00476,72.6
DQN_Double_PER_seed_2_1790611613,DQN_Double_PER,2,1064,53210,3.90,0,0.0100,0.00367,72.7
DQN_Double_PER_seed_2_1790611613,DQN_Double_PER,2,1065,53260,3.90,0,0.0100,0.00265,72.8
DQN_Double_PER_seed_2_1790611613,DQN_Double_PER,2,1066,53310,3.90,0,0.0100,0.00240,72.8
DQN_Double_PER_seed_2_1790611613,DQN_Double_PER,2,1067,53360,3.90,0,0.0100,0.00238,72.9
DQN_Double_PER_seed_2_1790611613,DQN_Double_PER,2,1068,53410,3.90,0,0.0100,0.00372,73.0
DQN_Double_PER_seed_2_1790611613,DQN_Double_PER,2,1069,53460,3.90,0,0.0100,0.00386,73.1
DQN_Double_PER_seed_2_1790611613,DQN_Double_PER,2,1070,53510,3.90,0,0.0100,0.00394,73.1
DQN_Double_PER_seed_2_1790611613,DQN_Double_PER,2,1071,53560,3.90,0,0.0100,0.00344,73.2
DQN_Double_PER_seed_2_1790611613,DQN_Double_PER,2,1072,53610,3.90,0,0.0100,0.00411,73.3
DQN_Double_PER_seed_2_1790611613,DQN_Double_PER,2,1073,53660,3.90,0,0.0100,0.00256,73.3
DQN_Double_PER_seed_2_1790611613,DQN_Double_PER,2,1074,53710,3.90,0,0.0100,0.00278,73.4
DQN_Double_PER_seed_2_1790611613,DQN_Double_PER,2,1075,53760,3.90,0,0.0100,0.00252,73.5
DQN_Double_PER_seed_2_1790611613,DQN_Double_PER,2,1076,53810,3.90,0,0.0100,0.00282,73.6
DQN_Double_PER_seed_2_1790611613,DQN_Double_PER,2,1077,53860,3.90,0,0.0100,0.00320,73.6
DQN_Double_PER_seed_2_1790611613,DQN_Double_PER,2,1078,53910,3.90,0,0.0100,0.00255,73.7
DQN_Double_PER_seed_2_1790611613,DQN_Double_PER,2,1079,53960,3.90,0,0.0100,0.00837,73.8
DQN_Double_PER_seed_2_1790611613,DQN_Double_PER,2,1080,54010,3.90,0,0.0100,0.00326,73.9
DQN_Double_PER_seed_2_1790611613,DQN_Double_PER,2,1081,54060,3.90,0,0.0100,0.00325,73.9
DQN_Double_PER_seed_2_1790611613,DQN_Double_PER,2,1082,54110,3.90,0,0.0100,0.00342,74.0
DQN_Double_PER_seed_2_1790611613,DQN_Double_PER,2,1083,54160,3.90,0,0.0100,0.00472,74.1
DQN_Double_PER_seed_2_1790611613,DQN_Double_PER,2,1084,54210,3.90,0,0.0100,0.00355,74.2
DQN_Double_PER_seed_2_1790611613,DQN_Double_PER,2,1085,54260,3.90,0,0.0100,0.00386,74.2
DQN_Double_PER_seed_2_1790611613,DQN_Double_PER,2,1086,54312,4.10,0,0.0100,0.00681,74.3
DQN_Double_PER_seed_2_1790611613,DQN_Double_PER,2,1087,54362,3.90,0,0.0100,0.00380,74.4
DQN_Double_PER_seed_2_1790611613,DQN_Double_PER,2,1088,54412,3.90,0,0.0100,0.00283,74.4
DQN_Double_PER_seed_2_1790611613,DQN_Double_PER,2,1089,54464,4.10,0,0.0100,0.00356,74.5
DQN_Double_PER_seed_2_1790611613,DQN_Double_PER,2,1090,54514,3.90,0,0.0100,0.00327,74.6
DQN_Double_PER_seed_2_1790611613,DQN_Double_PER,2,1091,54568,4.30,0,0.0100,0.00448,74.7
DQN_Double_PER_seed_2_1790611613,DQN_Double_PER,2,1092,54618,3.90,0,0.0100,0.00343,74.7
DQN_Double_PER_seed_2_1790611613,DQN_Double_PER,2,1093,54668,3.90,0,0.0100,0.00376,74.8
DQN_Double_PER_seed_2_1790611613,DQN_Double_PER,2,1094,54718,3.90,0,0.0100,0.00381,74.9
DQN_Double_PER_seed_2_1790611613,DQN_Double_PER,2,1095,54768,3.90,0,0.0100,0.00357,75.0
DQN_Double_PER_seed_2_1790611613,DQN_Double_PER,2,1096,54818,3.90,0,0.0100,0.00376,75.0
DQN_Double_PER_seed_2_1790611613,DQN_Double_PER,2,1097,54870,4.10,0,0.0100,0.00400,75.1
DQN_Double_PER_seed_2_1790611613,DQN_Double_PER,2,1098,54920,3.90,0,0.0100,0.00379,75.2
DQN_Double_PER_seed_2_1790611613,DQN_Double_PER,2,1099,54970,3.90,0,0.0100,0.00758,75.3
DQN_Double_PER_seed_2_1790611613,DQN_Double_PER,2,1100,55024,4.30,0,0.0100,0.00419,75.4
DQN_Double_PER_seed_2_1790611613,DQN_Double_PER,2,1101,55074,3.90,0,0.0100,0.00480,75.5
DQN_Double_PER_seed_2_1790611613,DQN_Double_PER,2,1102,55125,4.00,0,0.0100,0.00392,75.6
DQN_Double_PER_seed_2_1790611613,DQN_Double_PER,2,1103,55175,3.90,0,0.0100,0.00320,75.6
DQN_Double_PER_seed_2_1790611613,DQN_Double_PER,2,1104,55225,3.90,0,0.0100,0.00353,75.7
DQN_Double_PER_seed_2_1790611613,DQN_Double_PER,2,1105,55275,3.90,0,0.0100,0.00530,75.8
DQN_Double_PER_seed_2_1790611613,DQN_Double_PER,2,1106,55325,3.90,0,0.0100,0.00583,75.9
DQN_Double_PER_seed_2_1790611613,DQN_Double_PER,2,1107,55380,4.40,0,0.0100,0.00287,75.9
DQN_Double_PER_seed_2_1790611613,DQN_Double_PER,2,1108,55439,4.80,0,0.0100,0.00438,76.0
DQN_Double_PER_seed_2_1790611613,DQN_Double_PER,2,1109,55495,4.50,0,0.0100,0.00246,76.1
DQN_Double_PER_seed_2_1790611613,DQN_Double_PER,2,1110,55547,4.10,0,0.0100,0.00257,76.2
DQN_Double_PER_seed_2_1790611613,DQN_Double_PER,2,1111,55601,4.30,0,0.0100,0.00266,76.3
DQN_Double_PER_seed_2_1790611613,DQN_Double_PER,2,1112,55651,3.90,0,0.0100,0.00334,76.3
DQN_Double_PER_seed_2_1790611613,DQN_Double_PER,2,1113,55705,4.30,0,0.0100,0.00273,76.4
DQN_Double_PER_seed_2_1790611613,DQN_Double_PER,2,1114,55760,4.40,0,0.0100,0.00274,76.5
DQN_Double_PER_seed_2_1790611613,DQN_Double_PER,2,1115,55816,4.50,0,0.0100,0.00293,76.6
DQN_Double_PER_seed_2_1790611613,DQN_Double_PER,2,1116,55873,4.60,0,0.0100,0.00226,76.7
DQN_Double_PER_seed_2_1790611613,DQN_Double_PER,2,1117,55923,3.90,0,0.0100,0.00456,76.7
DQN_Double_PER_seed_2_1790611613,DQN_Double_PER,2,1118,55982,4.80,0,0.0100,0.00377,76.8
DQN_Double_PER_seed_2_1790611613,DQN_Double_PER,2,1119,56032,3.90,0,0.0100,0.00344,76.9
DQN_Double_PER_seed_2_1790611613,DQN_Double_PER,2,1120,56082,3.90,0,0.0100,0.00246,77.0
DQN_Double_PER_seed_2_1790611613,DQN_Double_PER,2,1121,56132,3.90,0,0.0100,0.00239,77.0
DQN_Double_PER_seed_2_1790611613,DQN_Double_PER,2,1122,56187,4.40,0,0.0100,0.00242,77.1
DQN_Double_PER_seed_2_1790611613,DQN_Double_PER,2,1123,56239,4.10,0,0.0100,0.00327,77.2
DQN_Double_PER_seed_2_1790611613,DQN_Double_PER,2,1124,56298,4.80,0,0.0100,0.00346,77.3
DQN_Double_PER_seed_2_1790611613,DQN_Double_PER,2,1125,56353,4.40,0,0.0100,0.00259,77.4
DQN_Double_PER_seed_2_1790611613,DQN_Double_PER,2,1126,56413,4.90,0,0.0100,0.00262,77.4
DQN_Double_PER_seed_2_1790611613,DQN_Double_PER,2,1127,56464,4.00,0,0.0100,0.00275,77.5
DQN_Double_PER_seed_2_1790611613,DQN_Double_PER,2,1128,56515,4.00,0,0.0100,0.00347,77.6
DQN_Double_PER_seed_2_1790611613,DQN_Double_PER,2,1129,56573,4.70,0,0.0100,0.00249,77.7
DQN_Double_PER_seed_2_1790611613,DQN_Double_PER,2,1130,56626,4.20,0,0.0100,0.00201,77.8
DQN_Double_PER_seed_2_1790611613,DQN_Double_PER,2,1131,56685,4.80,0,0.0100,0.00294,77.8
DQN_Double_PER_seed_2_1790611613,DQN_Double_PER,2,1132,56735,3.90,0,0.0100,0.00275,77.9
DQN_Double_PER_seed_2_1790611613,DQN_Double_PER,2,1133,56785,3.90,0,0.0100,0.00250,78.0
DQN_Double_PER_seed_2_1790611613,DQN_Double_PER,2,1134,56840,4.40,0,0.0100,0.00345,78.1
DQN_Double_PER_seed_2_1790611613,DQN_Double_PER,2,1135,56898,4.70,0,0.0100,0.00293,78.2
DQN_Double_PER_seed_2_1790611613,DQN_Double_PER,2,1136,56948,3.90,0,0.0100,0.00297,78.2
DQN_Double_PER_seed_2_1790611613,DQN_Double_PER,2,1137,56998,3.90,0,0.0100,0.00247,78.3
DQN_Double_PER_seed_2_1790611613,DQN_Double_PER,2,1138,57048,3.90,0,0.0100,0.00347,78.4
DQN_Double_PER_seed_2_1790611613,DQN_Double_PER,2,1139,57103,4.40,0,0.0100,0.00341,78.5
DQN_Double_PER_seed_2_1790611613,DQN_Double_PER,2,1140,57153,3.90,0,0.0100,0.00325,78.5
DQN_Double_PER_seed_2_1790611613,DQN_Double_PER,2,1141,57203,3.90,0,0.0100,0.00233,78.6
DQN_Double_PER_seed_2_1790611613,DQN_Double_PER,2,1142,57253,3.90,0,0.0100,0.00212,78.7
DQN_Double_PER_seed_2_1790611613,DQN_Double_PER,2,1143,57303,3.90,0,0.0100,0.00312,78.7
DQN_Double_PER_seed_2_1790611613,DQN_Double_PER,2,1144,57353,3.90,0,0.0100,0.00600,78.8
DQN_Double_PER_seed_2_1790611613,DQN_Double_PER,2,1145,57408,4.40,0,0.0100,0.00432,78.9
DQN_Double_PER_seed_2_1790611613,DQN_Double_PER,2,1146,57458,3.90,0,0.0100,0.00375,79.0
DQN_Double_PER_seed_2_1790611613,DQN_Double_PER,2,1147,57509,4.00,0,0.0100,0.00356,79.0
DQN_Double_PER_seed_2_1790611613,DQN_Double_PER,2,1148,57560,4.00,0,0.0100,0.00228,79.1
DQN_Double_PER_seed_2_1790611613,DQN_Double_PER,2,1149,57610,3.90,0,0.0100,0.00238,79.2
DQN_Double_PER_seed_2_1790611613,DQN_Double_PER,2,1150,57666,4.50,0,0.0100,0.00270,79.3
DQN_Double_PER_seed_2_1790611613,DQN_Double_PER,2,1151,57718,4.10,0,0.0100,0.00256,79.4
DQN_Double_PER_seed_2_1790611613,DQN_Double_PER,2,1152,57779,5.00,1,0.0100,0.00354,79.4
DQN_Double_PER_seed_2_1790611613,DQN_Double_PER,2,1153,57838,4.80,0,0.0100,0.00286,79.5
DQN_Double_PER_seed_2_1790611613,DQN_Double_PER,2,1154,57888,3.90,0,0.0100,0.00256,79.6
DQN_Double_PER_seed_2_1790611613,DQN_Double_PER,2,1155,57940,4.10,0,0.0100,0.00225,79.7
DQN_Double_PER_seed_2_1790611613,DQN_Double_PER,2,1156,57990,3.90,0,0.0100,0.00225,79.7
DQN_Double_PER_seed_2_1790611613,DQN_Double_PER,2,1157,58050,4.90,0,0.0100,0.00316,79.8
DQN_Double_PER_seed_2_1790611613,DQN_Double_PER,2,1158,58100,3.90,0,0.0100,0.00432,79.9
DQN_Double_PER_seed_2_1790611613,DQN_Double_PER,2,1159,58157,4.60,0,0.0100,0.00295,80.0
DQN_Double_PER_seed_2_1790611613,DQN_Double_PER,2,1160,58216,4.80,0,0.0100,0.00221,80.1
DQN_Double_PER_seed_2_1790611613,DQN_Double_PER,2,1161,58267,4.00,0,0.0100,0.00306,80.2
DQN_Double_PER_seed_2_1790611613,DQN_Double_PER,2,1162,58319,4.10,0,0.0100,0.00242,80.2
DQN_Double_PER_seed_2_1790611613,DQN_Double_PER,2,1163,58369,3.90,0,0.0100,0.00268,80.3
DQN_Double_PER_seed_2_1790611613,DQN_Double_PER,2,1164,58419,3.90,0,0.0100,0.00208,80.4
DQN_Double_PER_seed_2_1790611613,DQN_Double_PER,2,1165,58479,4.90,0,0.0100,0.00379,80.5
DQN_Double_PER_seed_2_1790611613,DQN_Double_PER,2,1166,58529,3.90,0,0.0100,0.00237,80.5
DQN_Double_PER_seed_2_1790611613,DQN_Double_PER,2,1167,58579,3.90,0,0.0100,0.00208,80.6
DQN_Double_PER_seed_2_1790611613,DQN_Double_PER,2,1168,58629,3.90,0,0.0100,0.00323,80.7
DQN_Double_PER_seed_2_1790611613,DQN_Double_PER,2,1169,58679,3.90,0,0.0100,0.00474,80.8
DQN_Double_PER_seed_2_1790611613,DQN_Double_PER,2,1170,58732,4.20,0,0.0100,0.00344,80.9
DQN_Double_PER_seed_2_1790611613,DQN_Double_PER,2,1171,58784,4.10,0,0.0100,0.00244,80.9
DQN_Double_PER_seed_2_1790611613,DQN_Double_PER,2,1172,58834,3.90,0,0.0100,0.00181,81.0
DQN_Double_PER_seed_2_1790611613,DQN_Double_PER,2,1173,58894,4.90,0,0.0100,0.00276,81.1
DQN_Double_PER_seed_2_1790611613,DQN_Double_PER,2,1174,58946,4.10,0,0.0100,0.00375,81.2
DQN_Double_PER_seed_2_1790611613,DQN_Double_PER,2,1175,59002,4.50,0,0.0100,0.00258,81.3
DQN_Double_PER_seed_2_1790611613,DQN_Double_PER,2,1176,59055,4.20,0,0.0100,0.00358,81.3
DQN_Double_PER_seed_2_1790611613,DQN_Double_PER,2,1177,59110,4.40,0,0.0100,0.00410,81.4
DQN_Double_PER_seed_2_1790611613,DQN_Double_PER,2,1178,59170,4.90,0,0.0100,0.00271,81.5
DQN_Double_PER_seed_2_1790611613,DQN_Double_PER,2,1179,59227,4.60,0,0.0100,0.00250,81.6
DQN_Double_PER_seed_2_1790611613,DQN_Double_PER,2,1180,59282,4.40,0,0.0100,0.00194,81.7
DQN_Double_PER_seed_2_1790611613,DQN_Double_PER,2,1181,59332,3.90,0,0.0100,0.00230,81.7
DQN_Double_PER_seed_2_1790611613,DQN_Double_PER,2,1182,59389,4.60,0,0.0100,0.00261,81.8
DQN_Double_PER_seed_2_1790611613,DQN_Double_PER,2,1183,59439,3.90,0,0.0100,0.00229,81.9
DQN_Double_PER_seed_2_1790611613,DQN_Double_PER,2,1184,59494,4.40,0,0.0100,0.00198,82.0
DQN_Double_PER_seed_2_1790611613,DQN_Double_PER,2,1185,59544,3.90,0,0.0100,0.00404,82.1
DQN_Double_PER_seed_2_1790611613,DQN_Double_PER,2,1186,59594,3.90,0,0.0100,0.00304,82.1
DQN_Double_PER_seed_2_1790611613,DQN_Double_PER,2,1187,59652,4.70,0,0.0100,0.00180,82.2
DQN_Double_PER_seed_2_1790611613,DQN_Double_PER,2,1188,59702,3.90,0,0.0100,0.00208,82.3
DQN_Double_PER_seed_2_1790611613,DQN_Double_PER,2,1189,59763,5.00,1,0.0100,0.00322,82.4
DQN_Double_PER_seed_2_1790611613,DQN_Double_PER,2,1190,59820,4.60,0,0.0100,0.00271,82.5
DQN_Double_PER_seed_2_1790611613,DQN_Double_PER,2,1191,59870,3.90,0,0.0100,0.00203,82.5
DQN_Double_PER_seed_2_1790611613,DQN_Double_PER,2,1192,59920,3.90,0,0.0100,0.00223,82.6
DQN_Double_PER_seed_2_1790611613,DQN_Double_PER,2,1193,59979,4.80,0,0.0100,0.00218,82.7
DQN_Double_PER_seed_2_1790611613,DQN_Double_PER,2,1194,60029,3.90,0,0.0100,0.00314,82.9
DQN_Double_PER_seed_2_1790611613,DQN_Double_PER,2,1195,60079,3.90,0,0.0100,0.00206,82.9
DQN_Double_PER_seed_2_1790611613,DQN_Double_PER,2,1196,60139,4.90,0,0.0100,0.00224,83.0
DQN_Double_PER_seed_2_1790611613,DQN_Double_PER,2,1197,60197,4.70,0,0.0100,0.00190,83.1
DQN_Double_PER_seed_2_1790611613,DQN_Double_PER,2,1198,60256,4.80,0,0.0100,0.00215,83.2
DQN_Double_PER_seed_2_1790611613,DQN_Double_PER,2,1199,60316,4.90,0,0.0100,0.00231,83.3
DQN_Double_PER_seed_2_1790611613,DQN_Double_PER,2,1200,60376,4.90,0,0.0100,0.00204,83.4
DQN_Double_PER_seed_2_1790611613,DQN_Double_PER,2,1201,60435,4.80,0,0.0100,0.00206,83.5
DQN_Double_PER_seed_2_1790611613,DQN_Double_PER,2,1202,60498,6.10,1,0.0100,0.00248,83.6
DQN_Double_PER_seed_2_1790611613,DQN_Double_PER,2,1203,60548,3.90,0,0.0100,0.00199,83.6
DQN_Double_PER_seed_2_1790611613,DQN_Double_PER,2,1204,60598,3.90,0,0.0100,0.00304,83.7
DQN_Double_PER_seed_2_1790611613,DQN_Double_PER,2,1205,60657,4.80,0,0.0100,0.00203,83.8
DQN_Double_PER_seed_2_1790611613,DQN_Double_PER,2,1206,60720,6.10,1,0.0100,0.00245,83.9
DQN_Double_PER_seed_2_1790611613,DQN_Double_PER,2,1207,60777,4.60,0,0.0100,0.00209,84.0
DQN_Double_PER_seed_2_1790611613,DQN_Double_PER,2,1208,60827,3.90,0,0.0100,0.00191,84.0
DQN_Double_PER_seed_2_1790611613,DQN_Double_PER,2,1209,60886,4.80,0,0.0100,0.00238,84.1
DQN_Double_PER_seed_2_1790611613,DQN_Double_PER,2,1210,60936,3.90,0,0.0100,0.00334,84.2
DQN_Double_PER_seed_2_1790611613,DQN_Double_PER,2,1211,60999,6.10,1,0.0100,0.00311,84.3
DQN_Double_PER_seed_2_1790611613,DQN_Double_PER,2,1212,61057,4.70,0,0.0100,0.00639,84.4
DQN_Double_PER_seed_2_1790611613,DQN_Double_PER,2,1213,61107,3.90,0,0.0100,0.00287,84.5
DQN_Double_PER_seed_2_1790611613,DQN_Double_PER,2,1214,61164,4.60,0,0.0100,0.00195,84.5
DQN_Double_PER_seed_2_1790611613,DQN_Double_PER,2,1215,61222,4.70,0,0.0100,0.00185,84.6
DQN_Double_PER_seed_2_1790611613,DQN_Double_PER,2,1216,61286,6.20,1,0.0100,0.00213,84.7
DQN_Double_PER_seed_2_1790611613,DQN_Double_PER,2,1217,61336,3.90,0,0.0100,0.00199,84.8
DQN_Double_PER_seed_2_1790611613,DQN_Double_PER,2,1218,61387,4.00,0,0.0100,0.00213,84.9
DQN_Double_PER_seed_2_1790611613,DQN_Double_PER,2,1219,61441,4.30,0,0.0100,0.00193,85.0
DQN_Double_PER_seed_2_1790611613,DQN_Double_PER,2,1220,61493,4.10,0,0.0100,0.00250,85.0
DQN_Double_PER_seed_2_1790611613,DQN_Double_PER,2,1221,61543,3.90,0,0.0100,0.00301,85.1
DQN_Double_PER_seed_2_1790611613,DQN_Double_PER,2,1222,61593,3.90,0,0.0100,0.00221,85.2
DQN_Double_PER_seed_2_1790611613,DQN_Double_PER,2,1223,61652,4.80,0,0.0100,0.00195,85.3
DQN_Double_PER_seed_2_1790611613,DQN_Double_PER,2,1224,61708,4.50,0,0.0100,0.00262,85.4
DQN_Double_PER_seed_2_1790611613,DQN_Double_PER,2,1225,61758,3.90,0,0.0100,0.00226,85.4
DQN_Double_PER_seed_2_1790611613,DQN_Double_PER,2,1226,61808,3.90,0,0.0100,0.00191,85.5
DQN_Double_PER_seed_2_1790611613,DQN_Double_PER,2,1227,61872,6.20,1,0.0100,0.00190,85.6
DQN_Double_PER_seed_2_1790611613,DQN_Double_PER,2,1228,61935,6.10,1,0.0100,0.00251,85.7
DQN_Double_PER_seed_2_1790611613,DQN_Double_PER,2,1229,61985,3.90,0,0.0100,0.00227,85.8
DQN_Double_PER_seed_2_1790611613,DQN_Double_PER,2,1230,62045,4.90,0,0.0100,0.00450,85.8
DQN_Double_PER_seed_2_1790611613,DQN_Double_PER,2,1231,62095,3.90,0,0.0100,0.00264,85.9
DQN_Double_PER_seed_2_1790611613,DQN_Double_PER,2,1232,62145,3.90,0,0.0100,0.00188,86.0
DQN_Double_PER_seed_2_1790611613,DQN_Double_PER,2,1233,62195,3.90,0,0.0100,0.00185,86.1
DQN_Double_PER_seed_2_1790611613,DQN_Double_PER,2,1234,62262,6.50,1,0.0100,0.00637,86.2
DQN_Double_PER_seed_2_1790611613,DQN_Double_PER,2,1235,62326,6.20,1,0.0100,0.00223,86.3
DQN_Double_PER_seed_2_1790611613,DQN_Double_PER,2,1236,62380,4.30,0,0.0100,0.00154,86.3
DQN_Double_PER_seed_2_1790611613,DQN_Double_PER,2,1237,62430,3.90,0,0.0100,0.00155,86.4
DQN_Double_PER_seed_2_1790611613,DQN_Double_PER,2,1238,62492,6.00,1,0.0100,0.00202,86.5
DQN_Double_PER_seed_2_1790611613,DQN_Double_PER,2,1239,62551,4.80,0,0.0100,0.00199,86.6
DQN_Double_PER_seed_2_1790611613,DQN_Double_PER,2,1240,62611,4.90,0,0.0100,0.00198,86.7
DQN_Double_PER_seed_2_1790611613,DQN_Double_PER,2,1241,62674,6.10,1,0.0100,0.00203,86.8
DQN_Double_PER_seed_2_1790611613,DQN_Double_PER,2,1242,62724,3.90,0,0.0100,0.00266,86.9
DQN_Double_PER_seed_2_1790611613,DQN_Double_PER,2,1243,62774,3.90,0,0.0100,0.00184,86.9
DQN_Double_PER_seed_2_1790611613,DQN_Double_PER,2,1244,62824,3.90,0,0.0100,0.00184,87.0
DQN_Double_PER_seed_2_1790611613,DQN_Double_PER,2,1245,62885,5.00,1,0.0100,0.00166,87.1
DQN_Double_PER_seed_2_1790611613,DQN_Double_PER,2,1246,62935,3.90,0,0.0100,0.00157,87.2
DQN_Double_PER_seed_2_1790611613,DQN_Double_PER,2,1247,63005,6.80,1,0.0100,0.00188,87.3
DQN_Double_PER_seed_2_1790611613,DQN_Double_PER,2,1248,63055,3.90,0,0.0100,0.00253,87.3
DQN_Double_PER_seed_2_1790611613,DQN_Double_PER,2,1249,63120,6.30,1,0.0100,0.00280,87.4
DQN_Double_PER_seed_2_1790611613,DQN_Double_PER,2,1250,63170,3.90,0,0.0100,0.00312,87.5
DQN_Double_PER_seed_2_1790611613,DQN_Double_PER,2,1251,63235,6.30,1,0.0100,0.00221,87.6
DQN_Double_PER_seed_2_1790611613,DQN_Double_PER,2,1252,63286,4.00,0,0.0100,0.00211,87.7
DQN_Double_PER_seed_2_1790611613,DQN_Double_PER,2,1253,63321,2.40,0,0.0100,0.00213,87.7
DQN_Double_PER_seed_2_1790611613,DQN_Double_PER,2,1254,63371,3.90,0,0.0100,0.00299,87.8
DQN_Double_PER_seed_2_1790611613,DQN_Double_PER,2,1255,63421,3.90,0,0.0100,0.00276,87.9
DQN_Double_PER_seed_2_1790611613,DQN_Double_PER,2,1256,63471,3.90,0,0.0100,0.00247,88.0
DQN_Double_PER_seed_2_1790611613,DQN_Double_PER,2,1257,63521,3.90,0,0.0100,0.00208,88.0
DQN_Double_PER_seed_2_1790611613,DQN_Double_PER,2,1258,63571,3.90,0,0.0100,0.00170,88.1
DQN_Double_PER_seed_2_1790611613,DQN_Double_PER,2,1259,63633,6.00,1,0.0100,0.00226,88.2
DQN_Double_PER_seed_2_1790611613,DQN_Double_PER,2,1260,63683,3.90,0,0.0100,0.00164,88.3
DQN_Double_PER_seed_2_1790611613,DQN_Double_PER,2,1261,63733,3.90,0,0.0100,0.00234,88.3
DQN_Double_PER_seed_2_1790611613,DQN_Double_PER,2,1262,63800,6.50,1,0.0100,0.00227,88.4
DQN_Double_PER_seed_2_1790611613,DQN_Double_PER,2,1263,63850,3.90,0,0.0100,0.00255,88.5
DQN_Double_PER_seed_2_1790611613,DQN_Double_PER,2,1264,63909,4.80,0,0.0100,0.00563,88.6
DQN_Double_PER_seed_2_1790611613,DQN_Double_PER,2,1265,63971,6.00,1,0.0100,0.00200,88.7
DQN_Double_PER_seed_2_1790611613,DQN_Double_PER,2,1266,64021,3.90,0,0.0100,0.00204,88.8
DQN_Double_PER_seed_2_1790611613,DQN_Double_PER,2,1267,64072,4.00,0,0.0100,0.00198,88.8
DQN_Double_PER_seed_2_1790611613,DQN_Double_PER,2,1268,64122,3.90,0,0.0100,0.00247,88.9
DQN_Double_PER_seed_2_1790611613,DQN_Double_PER,2,1269,64172,3.90,0,0.0100,0.00263,89.0
DQN_Double_PER_seed_2_1790611613,DQN_Double_PER,2,1270,64234,6.00,1,0.0100,0.00264,89.1
DQN_Double_PER_seed_2_1790611613,DQN_Double_PER,2,1271,64284,3.90,0,0.0100,0.00232,89.2
DQN_Double_PER_seed_2_1790611613,DQN_Double_PER,2,1272,64349,6.30,1,0.0100,0.00277,89.3
DQN_Double_PER_seed_2_1790611613,DQN_Double_PER,2,1273,64415,6.40,1,0.0100,0.00225,89.4
DQN_Double_PER_seed_2_1790611613,DQN_Double_PER,2,1274,64476,5.00,1,0.0100,0.00190,89.4
DQN_Double_PER_seed_2_1790611613,DQN_Double_PER,2,1275,64538,6.00,1,0.0100,0.00244,89.5
DQN_Double_PER_seed_2_1790611613,DQN_Double_PER,2,1276,64588,3.90,0,0.0100,0.00325,89.6
DQN_Double_PER_seed_2_1790611613,DQN_Double_PER,2,1277,64647,4.80,0,0.0100,0.00194,89.7
DQN_Double_PER_seed_2_1790611613,DQN_Double_PER,2,1278,64697,3.90,0,0.0100,0.00284,89.8
DQN_Double_PER_seed_2_1790611613,DQN_Double_PER,2,1279,64747,3.90,0,0.0100,0.00386,89.8
DQN_Double_PER_seed_2_1790611613,DQN_Double_PER,2,1280,64797,3.90,0,0.0100,0.00275,89.9
DQN_Double_PER_seed_2_1790611613,DQN_Double_PER,2,1281,64847,3.90,0,0.0100,0.00173,90.0
DQN_Double_PER_seed_2_1790611613,DQN_Double_PER,2,1282,64897,3.90,0,0.0100,0.00222,90.1
DQN_Double_PER_seed_2_1790611613,DQN_Double_PER,2,1283,64961,6.20,1,0.0100,0.00208,90.2
DQN_Double_PER_seed_2_1790611613,DQN_Double_PER,2,1284,65011,3.90,0,0.0100,0.00201,90.3
DQN_Double_PER_seed_2_1790611613,DQN_Double_PER,2,1285,65074,6.10,1,0.0100,0.00301,90.4
DQN_Double_PER_seed_2_1790611613,DQN_Double_PER,2,1286,65138,6.20,1,0.0100,0.00256,90.5
DQN_Double_PER_seed_2_1790611613,DQN_Double_PER,2,1287,65188,3.90,0,0.0100,0.00275,90.6
DQN_Double_PER_seed_2_1790611613,DQN_Double_PER,2,1288,65238,3.90,0,0.0100,0.00220,90.7
DQN_Double_PER_seed_2_1790611613,DQN_Double_PER,2,1289,65288,3.90,0,0.0100,0.00235,90.7
DQN_Double_PER_seed_2_1790611613,DQN_Double_PER,2,1290,65338,3.90,0,0.0100,0.00218,90.8
DQN_Double_PER_seed_2_1790611613,DQN_Double_PER,2,1291,65388,3.90,0,0.0100,0.00192,90.9
DQN_Double_PER_seed_2_1790611613,DQN_Double_PER,2,1292,65445,4.60,0,0.0100,0.00204,91.0
DQN_Double_PER_seed_2_1790611613,DQN_Double_PER,2,1293,65508,6.10,1,0.0100,0.00339,91.1
DQN_Double_PER_seed_2_1790611613,DQN_Double_PER,2,1294,65571,6.10,1,0.0100,0.00337,91.2
DQN_Double_PER_seed_2_1790611613,DQN_Double_PER,2,1295,65621,3.90,0,0.0100,0.00213,91.2
DQN_Double_PER_seed_2_1790611613,DQN_Double_PER,2,1296,65671,3.90,0,0.0100,0.00271,91.3
DQN_Double_PER_seed_2_1790611613,DQN_Double_PER,2,1297,65736,6.30,1,0.0100,0.00228,91.4
DQN_Double_PER_seed_2_1790611613,DQN_Double_PER,2,1298,65786,3.90,0,0.0100,0.00212,91.5
DQN_Double_PER_seed_2_1790611613,DQN_Double_PER,2,1299,65854,6.60,1,0.0100,0.00202,91.6
DQN_Double_PER_seed_2_1790611613,DQN_Double_PER,2,1300,65904,3.90,0,0.0100,0.00256,91.7
DQN_Double_PER_seed_2_1790611613,DQN_Double_PER,2,1301,65954,3.90,0,0.0100,0.00388,91.7
DQN_Double_PER_seed_2_1790611613,DQN_Double_PER,2,1302,66004,3.90,0,0.0100,0.00285,91.8
DQN_Double_PER_seed_2_1790611613,DQN_Double_PER,2,1303,66071,6.50,1,0.0100,0.00302,91.9
DQN_Double_PER_seed_2_1790611613,DQN_Double_PER,2,1304,66131,4.90,0,0.0100,0.00318,92.0
DQN_Double_PER_seed_2_1790611613,DQN_Double_PER,2,1305,66190,4.80,0,0.0100,0.00355,92.1
DQN_Double_PER_seed_2_1790611613,DQN_Double_PER,2,1306,66240,3.90,0,0.0100,0.00306,92.2
DQN_Double_PER_seed_2_1790611613,DQN_Double_PER,2,1307,66303,6.10,1,0.0100,0.00235,92.3
DQN_Double_PER_seed_2_1790611613,DQN_Double_PER,2,1308,66356,4.20,0,0.0100,0.00285,92.3
DQN_Double_PER_seed_2_1790611613,DQN_Double_PER,2,1309,66406,3.90,0,0.0100,0.00255,92.4
DQN_Double_PER_seed_2_1790611613,DQN_Double_PER,2,1310,66456,3.90,0,0.0100,0.00224,92.5
DQN_Double_PER_seed_2_1790611613,DQN_Double_PER,2,1311,66500,3.30,0,0.0100,0.00243,92.6
DQN_Double_PER_seed_2_1790611613,DQN_Double_PER,2,1312,66543,3.20,0,0.0100,0.00266,92.6
DQN_Double_PER_seed_2_1790611613,DQN_Double_PER,2,1313,66593,3.90,0,0.0100,0.00330,92.7
DQN_Double_PER_seed_2_1790611613,DQN_Double_PER,2,1314,66679,8.40,1,0.0100,0.00209,92.8
DQN_Double_PER_seed_2_1790611613,DQN_Double_PER,2,1315,66729,3.90,0,0.0100,0.00232,92.9
DQN_Double_PER_seed_2_1790611613,DQN_Double_PER,2,1316,66793,6.20,1,0.0100,0.00258,93.0
DQN_Double_PER_seed_2_1790611613,DQN_Double_PER,2,1317,66844,4.00,0,0.0100,0.00239,93.1
DQN_Double_PER_seed_2_1790611613,DQN_Double_PER,2,1318,66888,3.30,0,0.0100,0.00242,93.1
DQN_Double_PER_seed_2_1790611613,DQN_Double_PER,2,1319,66955,6.50,1,0.0100,0.00334,93.2
DQN_Double_PER_seed_2_1790611613,DQN_Double_PER,2,1320,66995,2.90,0,0.0100,0.00305,93.3
DQN_Double_PER_seed_2_1790611613,DQN_Double_PER,2,1321,67045,3.90,0,0.0100,0.00303,93.4
DQN_Double_PER_seed_2_1790611613,DQN_Double_PER,2,1322,67110,6.30,1,0.0100,0.00307,93.5
DQN_Double_PER_seed_2_1790611613,DQN_Double_PER,2,1323,67179,6.70,1,0.0100,0.00320,93.6
DQN_Double_PER_seed_2_1790611613,DQN_Double_PER,2,1324,67229,3.90,0,0.0100,0.00277,93.6
DQN_Double_PER_seed_2_1790611613,DQN_Double_PER,2,1325,67284,4.40,0,0.0100,0.00329,93.7
DQN_Double_PER_seed_2_1790611613,DQN_Double_PER,2,1326,67345,5.00,1,0.0100,0.00339,93.8
DQN_Double_PER_seed_2_1790611613,DQN_Double_PER,2,1327,67410,6.30,1,0.0100,0.00243,93.9
DQN_Double_PER_seed_2_1790611613,DQN_Double_PER,2,1328,67466,4.50,0,0.0100,0.00267,94.0
DQN_Double_PER_seed_2_1790611613,DQN_Double_PER,2,1329,67516,3.90,0,0.0100,0.00209,94.1
DQN_Double_PER_seed_2_1790611613,DQN_Double_PER,2,1330,67560,3.30,0,0.0100,0.00202,94.1
DQN_Double_PER_seed_2_1790611613,DQN_Double_PER,2,1331,67619,4.80,0,0.0100,0.00259,94.2
DQN_Double_PER_seed_2_1790611613,DQN_Double_PER,2,1332,67669,3.90,0,0.0100,0.00335,94.3
DQN_Double_PER_seed_2_1790611613,DQN_Double_PER,2,1333,67729,4.90,0,0.0100,0.00625,94.4
DQN_Double_PER_seed_2_1790611613,DQN_Double_PER,2,1334,67782,4.20,0,0.0100,0.00272,94.5
DQN_Double_PER_seed_2_1790611613,DQN_Double_PER,2,1335,67847,6.30,1,0.0100,0.00277,94.6
DQN_Double_PER_seed_2_1790611613,DQN_Double_PER,2,1336,67914,6.50,1,0.0100,0.00249,94.7
DQN_Double_PER_seed_2_1790611613,DQN_Double_PER,2,1337,67964,3.90,0,0.0100,0.00255,94.7
DQN_Double_PER_seed_2_1790611613,DQN_Double_PER,2,1338,68014,3.90,0,0.0100,0.00315,94.8
DQN_Double_PER_seed_2_1790611613,DQN_Double_PER,2,1339,68073,4.80,0,0.0100,0.00303,94.9
DQN_Double_PER_seed_2_1790611613,DQN_Double_PER,2,1340,68123,3.90,0,0.0100,0.00452,95.0
DQN_Double_PER_seed_2_1790611613,DQN_Double_PER,2,1341,68173,3.90,0,0.0100,0.00438,95.1
DQN_Double_PER_seed_2_1790611613,DQN_Double_PER,2,1342,68232,4.80,0,0.0100,0.00365,95.1
DQN_Double_PER_seed_2_1790611613,DQN_Double_PER,2,1343,68282,3.90,0,0.0100,0.00259,95.2
DQN_Double_PER_seed_2_1790611613,DQN_Double_PER,2,1344,68368,8.40,1,0.0100,0.00237,95.4
DQN_Double_PER_seed_2_1790611613,DQN_Double_PER,2,1345,68418,3.90,0,0.0100,0.00257,95.4
DQN_Double_PER_seed_2_1790611613,DQN_Double_PER,2,1346,68474,4.50,0,0.0100,0.00292,95.5
DQN_Double_PER_seed_2_1790611613,DQN_Double_PER,2,1347,68513,2.80,0,0.0100,0.00440,95.6
DQN_Double_PER_seed_2_1790611613,DQN_Double_PER,2,1348,68563,3.90,0,0.0100,0.00437,95.6
DQN_Double_PER_seed_2_1790611613,DQN_Double_PER,2,1349,68607,3.30,0,0.0100,0.00307,95.7
DQN_Double_PER_seed_2_1790611613,DQN_Double_PER,2,1350,68667,4.90,0,0.0100,0.00313,95.8
DQN_Double_PER_seed_2_1790611613,DQN_Double_PER,2,1351,68727,4.90,0,0.0100,0.00277,95.9
DQN_Double_PER_seed_2_1790611613,DQN_Double_PER,2,1352,68795,6.60,1,0.0100,0.00315,96.0
DQN_Double_PER_seed_2_1790611613,DQN_Double_PER,2,1353,68845,3.90,0,0.0100,0.00231,96.1
DQN_Double_PER_seed_2_1790611613,DQN_Double_PER,2,1354,68903,4.70,0,0.0100,0.00347,96.2
DQN_Double_PER_seed_2_1790611613,DQN_Double_PER,2,1355,68953,3.90,0,0.0100,0.00297,96.2
DQN_Double_PER_seed_2_1790611613,DQN_Double_PER,2,1356,69013,4.90,0,0.0100,0.00301,96.3
DQN_Double_PER_seed_2_1790611613,DQN_Double_PER,2,1357,69063,3.90,0,0.0100,0.00317,96.4
DQN_Double_PER_seed_2_1790611613,DQN_Double_PER,2,1358,69124,5.00,1,0.0100,0.00337,96.5
DQN_Double_PER_seed_2_1790611613,DQN_Double_PER,2,1359,69168,3.30,0,0.0100,0.00296,96.6
DQN_Double_PER_seed_2_1790611613,DQN_Double_PER,2,1360,69218,3.90,0,0.0100,0.00248,96.6
DQN_Double_PER_seed_2_1790611613,DQN_Double_PER,2,1361,69268,3.90,0,0.0100,0.00337,96.7
DQN_Double_PER_seed_2_1790611613,DQN_Double_PER,2,1362,69318,3.90,0,0.0100,0.00242,96.8
DQN_Double_PER_seed_2_1790611613,DQN_Double_PER,2,1363,69368,3.90,0,0.0100,0.00425,96.9
DQN_Double_PER_seed_2_1790611613,DQN_Double_PER,2,1364,69418,3.90,0,0.0100,0.00899,96.9
DQN_Double_PER_seed_2_1790611613,DQN_Double_PER,2,1365,69468,3.90,0,0.0100,0.00391,97.0
DQN_Double_PER_seed_2_1790611613,DQN_Double_PER,2,1366,69535,6.50,1,0.0100,0.00258,97.1
DQN_Double_PER_seed_2_1790611613,DQN_Double_PER,2,1367,69585,3.90,0,0.0100,0.00231,97.2
DQN_Double_PER_seed_2_1790611613,DQN_Double_PER,2,1368,69635,3.90,0,0.0100,0.00224,97.3
DQN_Double_PER_seed_2_1790611613,DQN_Double_PER,2,1369,69685,3.90,0,0.0100,0.00241,97.3
DQN_Double_PER_seed_2_1790611613,DQN_Double_PER,2,1370,69735,3.90,0,0.0100,0.00238,97.4
DQN_Double_PER_seed_2_1790611613,DQN_Double_PER,2,1371,69794,4.80,0,0.0100,0.00220,97.5
DQN_Double_PER_seed_2_1790611613,DQN_Double_PER,2,1372,69834,2.90,0,0.0100,0.00270,97.6
DQN_Double_PER_seed_2_1790611613,DQN_Double_PER,2,1373,69884,3.90,0,0.0100,0.00247,97.6
DQN_Double_PER_seed_2_1790611613,DQN_Double_PER,2,1374,69934,3.90,0,0.0100,0.00251,97.7
DQN_Double_PER_seed_2_1790611613,DQN_Double_PER,2,1375,69984,3.90,0,0.0100,0.00264,97.8
DQN_Double_PER_seed_2_1790611613,DQN_Double_PER,2,1376,70034,3.90,0,0.0100,0.00385,97.9
DQN_Double_PER_seed_2_1790611613,DQN_Double_PER,2,1377,70084,3.90,0,0.0100,0.00363,98.0
DQN_Double_PER_seed_2_1790611613,DQN_Double_PER,2,1378,70134,3.90,0,0.0100,0.00466,98.1
DQN_Double_PER_seed_2_1790611613,DQN_Double_PER,2,1379,70184,-4.50,0,0.0100,0.00359,98.2
DQN_Double_PER_seed_2_1790611613,DQN_Double_PER,2,1380,70234,3.90,0,0.0100,0.00220,98.2
DQN_Double_PER_seed_2_1790611613,DQN_Double_PER,2,1381,70295,5.00,1,0.0100,0.00218,98.3
DQN_Double_PER_seed_2_1790611613,DQN_Double_PER,2,1382,70345,3.90,0,0.0100,0.00238,98.4
DQN_Double_PER_seed_2_1790611613,DQN_Double_PER,2,1383,70395,3.90,0,0.0100,0.00270,98.5
DQN_Double_PER_seed_2_1790611613,DQN_Double_PER,2,1384,70445,3.90,0,0.0100,0.00282,98.6
DQN_Double_PER_seed_2_1790611613,DQN_Double_PER,2,1385,70495,3.90,0,0.0100,0.00303,98.6
DQN_Double_PER_seed_2_1790611613,DQN_Double_PER,2,1386,70545,3.90,0,0.0100,0.00276,98.7
DQN_Double_PER_seed_2_1790611613,DQN_Double_PER,2,1387,70606,5.00,1,0.0100,0.00266,98.8
DQN_Double_PER_seed_2_1790611613,DQN_Double_PER,2,1388,70656,3.90,0,0.0100,0.00206,98.9
DQN_Double_PER_seed_2_1790611613,DQN_Double_PER,2,1389,70715,4.80,0,0.0100,0.00255,99.0
DQN_Double_PER_seed_2_1790611613,DQN_Double_PER,2,1390,70765,3.90,0,0.0100,0.00378,99.0
DQN_Double_PER_seed_2_1790611613,DQN_Double_PER,2,1391,70815,3.90,0,0.0100,0.00448,99.1
DQN_Double_PER_seed_2_1790611613,DQN_Double_PER,2,1392,70865,3.90,0,0.0100,0.00352,99.2
DQN_Double_PER_seed_2_1790611613,DQN_Double_PER,2,1393,70915,3.90,0,0.0100,0.00281,99.3
DQN_Double_PER_seed_2_1790611613,DQN_Double_PER,2,1394,70965,3.90,0,0.0100,0.00313,99.4
DQN_Double_PER_seed_2_1790611613,DQN_Double_PER,2,1395,71015,3.90,0,0.0100,0.00439,99.4
DQN_Double_PER_seed_2_1790611613,DQN_Double_PER,2,1396,71073,4.70,0,0.0100,0.00535,99.5
DQN_Double_PER_seed_2_1790611613,DQN_Double_PER,2,1397,71136,6.10,1,0.0100,0.00314,99.6
DQN_Double_PER_seed_2_1790611613,DQN_Double_PER,2,1398,71197,5.00,1,0.0100,0.00553,99.7
DQN_Double_PER_seed_2_1790611613,DQN_Double_PER,2,1399,71259,6.00,1,0.0100,0.00359,99.8
DQN_Double_PER_seed_2_1790611613,DQN_Double_PER,2,1400,71318,4.80,0,0.0100,0.00330,99.9
DQN_Double_PER_seed_2_1790611613,DQN_Double_PER,2,1401,71368,3.90,0,0.0100,0.00242,100.0
DQN_Double_PER_seed_2_1790611613,DQN_Double_PER,2,1402,71418,3.90,0,0.0100,0.00277,100.0
DQN_Double_PER_seed_2_1790611613,DQN_Double_PER,2,1403,71458,2.90,0,0.0100,0.00311,100.1
DQN_Double_PER_seed_2_1790611613,DQN_Double_PER,2,1404,71513,4.40,0,0.0100,0.00319,100.2
DQN_Double_PER_seed_2_1790611613,DQN_Double_PER,2,1405,71563,3.90,0,0.0100,0.00275,100.3
DQN_Double_PER_seed_2_1790611613,DQN_Double_PER,2,1406,71613,3.90,0,0.0100,0.00289,100.3
DQN_Double_PER_seed_2_1790611613,DQN_Double_PER,2,1407,71675,6.00,1,0.0100,0.00337,100.4
DQN_Double_PER_seed_2_1790611613,DQN_Double_PER,2,1408,71725,3.90,0,0.0100,0.00333,100.5
DQN_Double_PER_seed_2_1790611613,DQN_Double_PER,2,1409,71775,3.90,0,0.0100,0.00268,100.6
DQN_Double_PER_seed_2_1790611613,DQN_Double_PER,2,1410,71843,6.60,1,0.0100,0.00259,100.7
DQN_Double_PER_seed_2_1790611613,DQN_Double_PER,2,1411,71908,6.30,1,0.0100,0.00233,100.8
DQN_Double_PER_seed_2_1790611613,DQN_Double_PER,2,1412,71958,3.90,0,0.0100,0.00271,100.9
DQN_Double_PER_seed_2_1790611613,DQN_Double_PER,2,1413,72021,6.10,1,0.0100,0.00354,100.9
DQN_Double_PER_seed_2_1790611613,DQN_Double_PER,2,1414,72071,3.90,0,0.0100,0.00395,101.0
DQN_Double_PER_seed_2_1790611613,DQN_Double_PER,2,1415,72127,4.50,0,0.0100,0.00374,101.1
DQN_Double_PER_seed_2_1790611613,DQN_Double_PER,2,1416,72179,4.10,0,0.0100,0.00348,101.2
DQN_Double_PER_seed_2_1790611613,DQN_Double_PER,2,1417,72234,4.40,0,0.0100,0.00294,101.3
DQN_Double_PER_seed_2_1790611613,DQN_Double_PER,2,1418,72296,6.00,1,0.0100,0.00316,101.4
DQN_Double_PER_seed_2_1790611613,DQN_Double_PER,2,1419,72359,6.10,1,0.0100,0.00376,101.5
DQN_Double_PER_seed_2_1790611613,DQN_Double_PER,2,1420,72409,3.90,0,0.0100,0.00587,101.5
DQN_Double_PER_seed_2_1790611613,DQN_Double_PER,2,1421,72459,3.90,0,0.0100,0.00571,101.6
DQN_Double_PER_seed_2_1790611613,DQN_Double_PER,2,1422,72545,8.40,1,0.0100,0.00281,101.7
DQN_Double_PER_seed_2_1790611613,DQN_Double_PER,2,1423,72595,3.90,0,0.0100,0.00314,101.8
DQN_Double_PER_seed_2_1790611613,DQN_Double_PER,2,1424,72645,3.90,0,0.0100,0.00299,101.9
DQN_Double_PER_seed_2_1790611613,DQN_Double_PER,2,1425,72708,6.10,1,0.0100,0.00339,102.0
DQN_Double_PER_seed_2_1790611613,DQN_Double_PER,2,1426,72758,3.90,0,0.0100,0.00267,102.1
DQN_Double_PER_seed_2_1790611613,DQN_Double_PER,2,1427,72808,3.90,0,0.0100,0.00450,102.1
DQN_Double_PER_seed_2_1790611613,DQN_Double_PER,2,1428,72894,8.40,1,0.0100,0.00255,102.3
DQN_Double_PER_seed_2_1790611613,DQN_Double_PER,2,1429,72956,6.00,1,0.0100,0.00337,102.4
DQN_Double_PER_seed_2_1790611613,DQN_Double_PER,2,1430,73025,6.70,1,0.0100,0.00400,102.5
DQN_Double_PER_seed_2_1790611613,DQN_Double_PER,2,1431,73075,3.90,0,0.0100,0.00356,102.5
DQN_Double_PER_seed_2_1790611613,DQN_Double_PER,2,1432,73125,3.90,0,0.0100,0.00250,102.6
DQN_Double_PER_seed_2_1790611613,DQN_Double_PER,2,1433,73175,3.90,0,0.0100,0.00259,102.7
DQN_Double_PER_seed_2_1790611613,DQN_Double_PER,2,1434,73228,4.20,0,0.0100,0.00292,102.8
DQN_Double_PER_seed_2_1790611613,DQN_Double_PER,2,1435,73291,6.10,1,0.0100,0.00293,102.9
DQN_Double_PER_seed_2_1790611613,DQN_Double_PER,2,1436,73342,4.00,0,0.0100,0.00255,103.0
DQN_Double_PER_seed_2_1790611613,DQN_Double_PER,2,1437,73392,3.90,0,0.0100,0.00279,103.0
DQN_Double_PER_seed_2_1790611613,DQN_Double_PER,2,1438,73442,3.90,0,0.0100,0.00346,103.1
DQN_Double_PER_seed_2_1790611613,DQN_Double_PER,2,1439,73502,4.90,0,0.0100,0.00253,103.2
DQN_Double_PER_seed_2_1790611613,DQN_Double_PER,2,1440,73552,3.90,0,0.0100,0.00259,103.3
DQN_Double_PER_seed_2_1790611613,DQN_Double_PER,2,1441,73610,4.70,0,0.0100,0.00368,103.4
DQN_Double_PER_seed_2_1790611613,DQN_Double_PER,2,1442,73669,4.80,0,0.0100,0.00287,103.5
DQN_Double_PER_seed_2_1790611613,DQN_Double_PER,2,1443,73722,4.20,0,0.0100,0.00372,103.5
DQN_Double_PER_seed_2_1790611613,DQN_Double_PER,2,1444,73772,3.90,0,0.0100,0.00339,103.6
DQN_Double_PER_seed_2_1790611613,DQN_Double_PER,2,1445,73842,6.80,1,0.0100,0.00298,103.7
DQN_Double_PER_seed_2_1790611613,DQN_Double_PER,2,1446,73902,4.90,0,0.0100,0.00234,103.8
DQN_Double_PER_seed_2_1790611613,DQN_Double_PER,2,1447,73959,4.60,0,0.0100,0.00355,103.9
DQN_Double_PER_seed_2_1790611613,DQN_Double_PER,2,1448,74020,5.00,1,0.0100,0.00353,104.0
DQN_Double_PER_seed_2_1790611613,DQN_Double_PER,2,1449,74070,3.90,0,0.0100,0.00378,104.1
DQN_Double_PER_seed_2_1790611613,DQN_Double_PER,2,1450,74120,3.90,0,0.0100,0.00270,104.1
DQN_Double_PER_seed_2_1790611613,DQN_Double_PER,2,1451,74170,3.90,0,0.0100,0.00401,104.2
DQN_Double_PER_seed_2_1790611613,DQN_Double_PER,2,1452,74220,3.90,0,0.0100,0.00348,104.3
DQN_Double_PER_seed_2_1790611613,DQN_Double_PER,2,1453,74275,4.40,0,0.0100,0.00311,104.4
DQN_Double_PER_seed_2_1790611613,DQN_Double_PER,2,1454,74327,4.10,0,0.0100,0.00322,104.5
DQN_Double_PER_seed_2_1790611613,DQN_Double_PER,2,1455,74377,3.90,0,0.0100,0.00356,104.5
DQN_Double_PER_seed_2_1790611613,DQN_Double_PER,2,1456,74433,4.50,0,0.0100,0.00357,104.6
DQN_Double_PER_seed_2_1790611613,DQN_Double_PER,2,1457,74496,6.10,1,0.0100,0.00376,104.7
DQN_Double_PER_seed_2_1790611613,DQN_Double_PER,2,1458,74546,3.90,0,0.0100,0.00340,104.8
DQN_Double_PER_seed_2_1790611613,DQN_Double_PER,2,1459,74596,3.90,0,0.0100,0.00356,104.9
DQN_Double_PER_seed_2_1790611613,DQN_Double_PER,2,1460,74646,3.90,0,0.0100,0.00366,104.9
DQN_Double_PER_seed_2_1790611613,DQN_Double_PER,2,1461,74696,3.90,0,0.0100,0.00269,105.0
DQN_Double_PER_seed_2_1790611613,DQN_Double_PER,2,1462,74757,5.00,1,0.0100,0.00289,105.1
DQN_Double_PER_seed_2_1790611613,DQN_Double_PER,2,1463,74807,3.90,0,0.0100,0.00310,105.2
DQN_Double_PER_seed_2_1790611613,DQN_Double_PER,2,1464,74857,3.90,0,0.0100,0.00305,105.3
DQN_Double_PER_seed_2_1790611613,DQN_Double_PER,2,1465,74907,3.90,0,0.0100,0.00331,105.3
DQN_Double_PER_seed_2_1790611613,DQN_Double_PER,2,1466,74964,4.60,0,0.0100,0.00334,105.4
DQN_Double_PER_seed_2_1790611613,DQN_Double_PER,2,1467,75014,3.90,0,0.0100,0.00274,105.6
DQN_Double_PER_seed_2_1790611613,DQN_Double_PER,2,1468,75077,6.10,1,0.0100,0.00264,105.7
DQN_Double_PER_seed_2_1790611613,DQN_Double_PER,2,1469,75127,3.90,0,0.0100,0.00409,105.8
DQN_Double_PER_seed_2_1790611613,DQN_Double_PER,2,1470,75177,3.90,0,0.0100,0.00265,105.8
DQN_Double_PER_seed_2_1790611613,DQN_Double_PER,2,1471,75227,3.90,0,0.0100,0.00269,105.9
DQN_Double_PER_seed_2_1790611613,DQN_Double_PER,2,1472,75277,3.90,0,0.0100,0.00272,106.0
DQN_Double_PER_seed_2_1790611613,DQN_Double_PER,2,1473,75363,8.40,1,0.0100,0.00352,106.1
DQN_Double_PER_seed_2_1790611613,DQN_Double_PER,2,1474,75413,3.90,0,0.0100,0.00385,106.2
DQN_Double_PER_seed_2_1790611613,DQN_Double_PER,2,1475,75466,4.20,0,0.0100,0.00306,106.3
DQN_Double_PER_seed_2_1790611613,DQN_Double_PER,2,1476,75516,3.90,0,0.0100,0.00316,106.4
DQN_Double_PER_seed_2_1790611613,DQN_Double_PER,2,1477,75566,3.90,0,0.0100,0.00367,106.4
DQN_Double_PER_seed_2_1790611613,DQN_Double_PER,2,1478,75616,3.90,0,0.0100,0.00494,106.5
DQN_Double_PER_seed_2_1790611613,DQN_Double_PER,2,1479,75666,3.90,0,0.0100,0.00286,106.6
DQN_Double_PER_seed_2_1790611613,DQN_Double_PER,2,1480,75716,3.90,0,0.0100,0.00334,106.7
DQN_Double_PER_seed_2_1790611613,DQN_Double_PER,2,1481,75776,4.90,0,0.0100,0.00274,106.8
DQN_Double_PER_seed_2_1790611613,DQN_Double_PER,2,1482,75826,3.90,0,0.0100,0.00261,106.8
DQN_Double_PER_seed_2_1790611613,DQN_Double_PER,2,1483,75876,3.90,0,0.0100,0.00265,106.9
DQN_Double_PER_seed_2_1790611613,DQN_Double_PER,2,1484,75926,3.90,0,0.0100,0.00268,107.0
DQN_Double_PER_seed_2_1790611613,DQN_Double_PER,2,1485,75976,3.90,0,0.0100,0.00371,107.1
DQN_Double_PER_seed_2_1790611613,DQN_Double_PER,2,1486,76062,8.40,1,0.0100,0.00365,107.2
DQN_Double_PER_seed_2_1790611613,DQN_Double_PER,2,1487,76112,3.90,0,0.0100,0.00291,107.3
DQN_Double_PER_seed_2_1790611613,DQN_Double_PER,2,1488,76170,4.70,0,0.0100,0.00321,107.4
DQN_Double_PER_seed_2_1790611613,DQN_Double_PER,2,1489,76220,3.90,0,0.0100,0.00248,107.4
DQN_Double_PER_seed_2_1790611613,DQN_Double_PER,2,1490,76306,8.40,1,0.0100,0.00278,107.6
DQN_Double_PER_seed_2_1790611613,DQN_Double_PER,2,1491,76371,6.30,1,0.0100,0.00343,107.7
DQN_Double_PER_seed_2_1790611613,DQN_Double_PER,2,1492,76421,3.90,0,0.0100,0.00267,107.7
DQN_Double_PER_seed_2_1790611613,DQN_Double_PER,2,1493,76471,3.90,0,0.0100,0.00266,107.8
DQN_Double_PER_seed_2_1790611613,DQN_Double_PER,2,1494,76521,3.90,0,0.0100,0.00323,107.9
DQN_Double_PER_seed_2_1790611613,DQN_Double_PER,2,1495,76573,4.10,0,0.0100,0.00334,108.0
DQN_Double_PER_seed_2_1790611613,DQN_Double_PER,2,1496,76634,5.00,1,0.0100,0.00327,108.1
DQN_Double_PER_seed_2_1790611613,DQN_Double_PER,2,1497,76684,3.90,0,0.0100,0.00366,108.1
DQN_Double_PER_seed_2_1790611613,DQN_Double_PER,2,1498,76734,3.90,0,0.0100,0.00366,108.2
DQN_Double_PER_seed_2_1790611613,DQN_Double_PER,2,1499,76796,6.00,1,0.0100,0.00463,108.3
DQN_Double_PER_seed_2_1790611613,DQN_Double_PER,2,1500,76855,4.80,0,0.0100,0.00336,108.4
DQN_Double_PER_seed_2_1790611613,DQN_Double_PER,2,1501,76905,3.90,0,0.0100,0.00269,108.5
DQN_Double_PER_seed_2_1790611613,DQN_Double_PER,2,1502,76955,3.90,0,0.0100,0.00323,108.6
DQN_Double_PER_seed_2_1790611613,DQN_Double_PER,2,1503,77005,3.90,0,0.0100,0.00305,108.6
DQN_Double_PER_seed_2_1790611613,DQN_Double_PER,2,1504,77055,3.90,0,0.0100,0.00423,108.7
DQN_Double_PER_seed_2_1790611613,DQN_Double_PER,2,1505,77105,3.90,0,0.0100,0.00353,108.8
DQN_Double_PER_seed_2_1790611613,DQN_Double_PER,2,1506,77155,3.90,0,0.0100,0.00313,108.9
DQN_Double_PER_seed_2_1790611613,DQN_Double_PER,2,1507,77212,4.60,0,0.0100,0.00291,109.0
DQN_Double_PER_seed_2_1790611613,DQN_Double_PER,2,1508,77262,3.90,0,0.0100,0.00271,109.0
DQN_Double_PER_seed_2_1790611613,DQN_Double_PER,2,1509,77312,3.90,0,0.0100,0.00263,109.1
DQN_Double_PER_seed_2_1790611613,DQN_Double_PER,2,1510,77362,3.90,0,0.0100,0.00292,109.2
DQN_Double_PER_seed_2_1790611613,DQN_Double_PER,2,1511,77412,3.90,0,0.0100,0.00388,109.3
DQN_Double_PER_seed_2_1790611613,DQN_Double_PER,2,1512,77462,3.90,0,0.0100,0.00276,109.3
DQN_Double_PER_seed_2_1790611613,DQN_Double_PER,2,1513,77519,4.60,0,0.0100,0.00353,109.4
DQN_Double_PER_seed_2_1790611613,DQN_Double_PER,2,1514,77570,4.00,0,0.0100,0.00215,109.5
DQN_Double_PER_seed_2_1790611613,DQN_Double_PER,2,1515,77620,3.90,0,0.0100,0.00315,109.6
DQN_Double_PER_seed_2_1790611613,DQN_Double_PER,2,1516,77681,5.00,1,0.0100,0.00283,109.7
DQN_Double_PER_seed_2_1790611613,DQN_Double_PER,2,1517,77743,6.00,1,0.0100,0.00296,109.8
DQN_Double_PER_seed_2_1790611613,DQN_Double_PER,2,1518,77800,4.60,0,0.0100,0.00294,109.9
DQN_Double_PER_seed_2_1790611613,DQN_Double_PER,2,1519,77850,3.90,0,0.0100,0.00211,109.9
DQN_Double_PER_seed_2_1790611613,DQN_Double_PER,2,1520,77900,3.90,0,0.0100,0.00380,110.0
DQN_Double_PER_seed_2_1790611613,DQN_Double_PER,2,1521,77950,3.90,0,0.0100,0.00555,110.1
DQN_Double_PER_seed_2_1790611613,DQN_Double_PER,2,1522,78000,3.90,0,0.0100,0.00352,110.2
DQN_Double_PER_seed_2_1790611613,DQN_Double_PER,2,1523,78050,3.90,0,0.0100,0.00394,110.2
DQN_Double_PER_seed_2_1790611613,DQN_Double_PER,2,1524,78114,6.20,1,0.0100,0.00563,110.3
DQN_Double_PER_seed_2_1790611613,DQN_Double_PER,2,1525,78164,3.90,0,0.0100,0.00323,110.4
DQN_Double_PER_seed_2_1790611613,DQN_Double_PER,2,1526,78214,3.90,0,0.0100,0.00249,110.5
DQN_Double_PER_seed_2_1790611613,DQN_Double_PER,2,1527,78264,3.90,0,0.0100,0.00315,110.6
DQN_Double_PER_seed_2_1790611613,DQN_Double_PER,2,1528,78314,3.90,0,0.0100,0.00287,110.6
DQN_Double_PER_seed_2_1790611613,DQN_Double_PER,2,1529,78364,3.90,0,0.0100,0.00366,110.7
DQN_Double_PER_seed_2_1790611613,DQN_Double_PER,2,1530,78414,3.90,0,0.0100,0.00357,110.8
DQN_Double_PER_seed_2_1790611613,DQN_Double_PER,2,1531,78464,3.90,0,0.0100,0.00331,110.9
DQN_Double_PER_seed_2_1790611613,DQN_Double_PER,2,1532,78514,3.90,0,0.0100,0.00251,110.9
DQN_Double_PER_seed_2_1790611613,DQN_Double_PER,2,1533,78564,3.90,0,0.0100,0.00296,111.0
DQN_Double_PER_seed_2_1790611613,DQN_Double_PER,2,1534,78614,3.90,0,0.0100,0.00287,111.1
DQN_Double_PER_seed_2_1790611613,DQN_Double_PER,2,1535,78664,3.90,0,0.0100,0.00289,111.2
DQN_Double_PER_seed_2_1790611613,DQN_Double_PER,2,1536,78714,3.90,0,0.0100,0.00336,111.3
DQN_Double_PER_seed_2_1790611613,DQN_Double_PER,2,1537,78764,3.90,0,0.0100,0.00825,111.3
DQN_Double_PER_seed_2_1790611613,DQN_Double_PER,2,1538,78821,4.60,0,0.0100,0.00336,111.4
DQN_Double_PER_seed_2_1790611613,DQN_Double_PER,2,1539,78879,4.70,0,0.0100,0.00279,111.5
DQN_Double_PER_seed_2_1790611613,DQN_Double_PER,2,1540,78929,3.90,0,0.0100,0.00340,111.6
DQN_Double_PER_seed_2_1790611613,DQN_Double_PER,2,1541,78979,3.90,0,0.0100,0.00325,111.7
DQN_Double_PER_seed_2_1790611613,DQN_Double_PER,2,1542,79029,3.90,0,0.0100,0.00276,111.7
DQN_Double_PER_seed_2_1790611613,DQN_Double_PER,2,1543,79079,3.90,0,0.0100,0.00322,111.8
DQN_Double_PER_seed_2_1790611613,DQN_Double_PER,2,1544,79129,3.90,0,0.0100,0.00309,111.9
DQN_Double_PER_seed_2_1790611613,DQN_Double_PER,2,1545,79181,4.10,0,0.0100,0.00265,112.0
DQN_Double_PER_seed_2_1790611613,DQN_Double_PER,2,1546,79231,3.90,0,0.0100,0.00265,112.0
DQN_Double_PER_seed_2_1790611613,DQN_Double_PER,2,1547,79281,3.90,0,0.0100,0.00394,112.1
DQN_Double_PER_seed_2_1790611613,DQN_Double_PER,2,1548,79333,4.10,0,0.0100,0.00359,112.2
DQN_Double_PER_seed_2_1790611613,DQN_Double_PER,2,1549,79394,5.00,1,0.0100,0.00463,112.3
DQN_Double_PER_seed_2_1790611613,DQN_Double_PER,2,1550,79444,3.90,0,0.0100,0.00320,112.4
DQN_Double_PER_seed_2_1790611613,DQN_Double_PER,2,1551,79494,3.90,0,0.0100,0.00277,112.4
DQN_Double_PER_seed_2_1790611613,DQN_Double_PER,2,1552,79554,4.90,0,0.0100,0.00264,112.5
DQN_Double_PER_seed_2_1790611613,DQN_Double_PER,2,1553,79604,3.90,0,0.0100,0.00318,112.6
DQN_Double_PER_seed_2_1790611613,DQN_Double_PER,2,1554,79657,4.20,0,0.0100,0.00312,112.7
DQN_Double_PER_seed_2_1790611613,DQN_Double_PER,2,1555,79709,4.10,0,0.0100,0.00324,112.8
DQN_Double_PER_seed_2_1790611613,DQN_Double_PER,2,1556,79759,3.90,0,0.0100,0.00242,112.9
DQN_Double_PER_seed_2_1790611613,DQN_Double_PER,2,1557,79809,3.90,0,0.0100,0.00220,112.9
DQN_Double_PER_seed_2_1790611613,DQN_Double_PER,2,1558,79859,3.90,0,0.0100,0.00281,113.0
DQN_Double_PER_seed_2_1790611613,DQN_Double_PER,2,1559,79909,3.90,0,0.0100,0.00329,113.1
DQN_Double_PER_seed_2_1790611613,DQN_Double_PER,2,1560,79959,-2.10,0,0.0100,0.00275,113.2
DQN_Double_PER_seed_2_1790611613,DQN_Double_PER,2,1561,80009,3.90,0,0.0100,0.00349,113.3
DQN_Double_PER_seed_2_1790611613,DQN_Double_PER,2,1562,80059,3.90,0,0.0100,0.00432,113.4
DQN_Double_PER_seed_2_1790611613,DQN_Double_PER,2,1563,80119,4.90,0,0.0100,0.00314,113.5
DQN_Double_PER_seed_2_1790611613,DQN_Double_PER,2,1564,80180,5.00,1,0.0100,0.00389,113.6
DQN_Double_PER_seed_2_1790611613,DQN_Double_PER,2,1565,80230,3.90,0,0.0100,0.00334,113.7
DQN_Double_PER_seed_2_1790611613,DQN_Double_PER,2,1566,80280,3.90,0,0.0100,0.00359,113.7
DQN_Double_PER_seed_2_1790611613,DQN_Double_PER,2,1567,80330,3.90,0,0.0100,0.00344,113.8
DQN_Double_PER_seed_2_1790611613,DQN_Double_PER,2,1568,80380,3.90,0,0.0100,0.00371,113.9
DQN_Double_PER_seed_2_1790611613,DQN_Double_PER,2,1569,80430,3.90,0,0.0100,0.00273,114.0
DQN_Double_PER_seed_2_1790611613,DQN_Double_PER,2,1570,80480,3.90,0,0.0100,0.00321,114.0
DQN_Double_PER_seed_2_1790611613,DQN_Double_PER,2,1571,80530,3.90,0,0.0100,0.00347,114.1
DQN_Double_PER_seed_2_1790611613,DQN_Double_PER,2,1572,80580,3.90,0,0.0100,0.00452,114.2
DQN_Double_PER_seed_2_1790611613,DQN_Double_PER,2,1573,80630,3.90,0,0.0100,0.00370,114.3
DQN_Double_PER_seed_2_1790611613,DQN_Double_PER,2,1574,80680,3.90,0,0.0100,0.00291,114.4
DQN_Double_PER_seed_2_1790611613,DQN_Double_PER,2,1575,80730,3.90,0,0.0100,0.00291,114.4
DQN_Double_PER_seed_2_1790611613,DQN_Double_PER,2,1576,80785,4.40,0,0.0100,0.00255,114.5
DQN_Double_PER_seed_2_1790611613,DQN_Double_PER,2,1577,80835,3.90,0,0.0100,0.00295,114.6
DQN_Double_PER_seed_2_1790611613,DQN_Double_PER,2,1578,80885,3.90,0,0.0100,0.00347,114.7
DQN_Double_PER_seed_2_1790611613,DQN_Double_PER,2,1579,80935,3.90,0,0.0100,0.00313,114.7
DQN_Double_PER_seed_2_1790611613,DQN_Double_PER,2,1580,80985,3.90,0,0.0100,0.00317,114.8
DQN_Double_PER_seed_2_1790611613,DQN_Double_PER,2,1581,81042,4.60,0,0.0100,0.00357,114.9
DQN_Double_PER_seed_2_1790611613,DQN_Double_PER,2,1582,81092,3.90,0,0.0100,0.00525,115.0
DQN_Double_PER_seed_2_1790611613,DQN_Double_PER,2,1583,81142,3.90,0,0.0100,0.00407,115.1
DQN_Double_PER_seed_2_1790611613,DQN_Double_PER,2,1584,81192,3.90,0,0.0100,0.00309,115.1
DQN_Double_PER_seed_2_1790611613,DQN_Double_PER,2,1585,81257,6.30,1,0.0100,0.00287,115.2
DQN_Double_PER_seed_2_1790611613,DQN_Double_PER,2,1586,81307,3.90,0,0.0100,0.00289,115.3
DQN_Double_PER_seed_2_1790611613,DQN_Double_PER,2,1587,81357,3.90,0,0.0100,0.00334,115.4
DQN_Double_PER_seed_2_1790611613,DQN_Double_PER,2,1588,81407,3.90,0,0.0100,0.00304,115.5
DQN_Double_PER_seed_2_1790611613,DQN_Double_PER,2,1589,81470,6.10,1,0.0100,0.00277,115.6
DQN_Double_PER_seed_2_1790611613,DQN_Double_PER,2,1590,81520,3.90,0,0.0100,0.00289,115.6
DQN_Double_PER_seed_2_1790611613,DQN_Double_PER,2,1591,81576,4.50,0,0.0100,0.00274,115.7
DQN_Double_PER_seed_2_1790611613,DQN_Double_PER,2,1592,81626,3.90,0,0.0100,0.00270,115.8
DQN_Double_PER_seed_2_1790611613,DQN_Double_PER,2,1593,81676,3.90,0,0.0100,0.00313,115.9
DQN_Double_PER_seed_2_1790611613,DQN_Double_PER,2,1594,81726,3.90,0,0.0100,0.00261,116.0
DQN_Double_PER_seed_2_1790611613,DQN_Double_PER,2,1595,81776,3.90,0,0.0100,0.00310,116.0
DQN_Double_PER_seed_2_1790611613,DQN_Double_PER,2,1596,81826,3.90,0,0.0100,0.00318,116.1
DQN_Double_PER_seed_2_1790611613,DQN_Double_PER,2,1597,81876,3.90,0,0.0100,0.00354,116.2
DQN_Double_PER_seed_2_1790611613,DQN_Double_PER,2,1598,81926,3.90,0,0.0100,0.00431,116.3
DQN_Double_PER_seed_2_1790611613,DQN_Double_PER,2,1599,81979,4.20,0,0.0100,0.00270,116.3
DQN_Double_PER_seed_2_1790611613,DQN_Double_PER,2,1600,82029,3.90,0,0.0100,0.00316,116.4
DQN_Double_PER_seed_2_1790611613,DQN_Double_PER,2,1601,82088,4.80,0,0.0100,0.00305,116.5
DQN_Double_PER_seed_2_1790611613,DQN_Double_PER,2,1602,82151,6.10,1,0.0100,0.00349,116.6
DQN_Double_PER_seed_2_1790611613,DQN_Double_PER,2,1603,82211,4.90,0,0.0100,0.00316,116.7
DQN_Double_PER_seed_2_1790611613,DQN_Double_PER,2,1604,82261,3.90,0,0.0100,0.00347,116.8
DQN_Double_PER_seed_2_1790611613,DQN_Double_PER,2,1605,82311,3.90,0,0.0100,0.00283,116.9
DQN_Double_PER_seed_2_1790611613,DQN_Double_PER,2,1606,82361,3.90,0,0.0100,0.00360,116.9
DQN_Double_PER_seed_2_1790611613,DQN_Double_PER,2,1607,82411,3.90,0,0.0100,0.00305,117.0
DQN_Double_PER_seed_2_1790611613,DQN_Double_PER,2,1608,82461,3.90,0,0.0100,0.00387,117.1
DQN_Double_PER_seed_2_1790611613,DQN_Double_PER,2,1609,82511,3.90,0,0.0100,0.00279,117.2
DQN_Double_PER_seed_2_1790611613,DQN_Double_PER,2,1610,82561,3.90,0,0.0100,0.00343,117.2
DQN_Double_PER_seed_2_1790611613,DQN_Double_PER,2,1611,82611,3.90,0,0.0100,0.00280,117.3
DQN_Double_PER_seed_2_1790611613,DQN_Double_PER,2,1612,82661,3.90,0,0.0100,0.00416,117.4
DQN_Double_PER_seed_2_1790611613,DQN_Double_PER,2,1613,82711,3.90,0,0.0100,0.00329,117.5
DQN_Double_PER_seed_2_1790611613,DQN_Double_PER,2,1614,82761,3.90,0,0.0100,0.00299,117.6
DQN_Double_PER_seed_2_1790611613,DQN_Double_PER,2,1615,82811,3.90,0,0.0100,0.00242,117.6
DQN_Double_PER_seed_2_1790611613,DQN_Double_PER,2,1616,82861,3.90,0,0.0100,0.00326,117.7
DQN_Double_PER_seed_2_1790611613,DQN_Double_PER,2,1617,82911,3.90,0,0.0100,0.00293,117.8
DQN_Double_PER_seed_2_1790611613,DQN_Double_PER,2,1618,82961,3.90,0,0.0100,0.00297,117.9
DQN_Double_PER_seed_2_1790611613,DQN_Double_PER,2,1619,83011,3.90,0,0.0100,0.00269,117.9
DQN_Double_PER_seed_2_1790611613,DQN_Double_PER,2,1620,83061,3.90,0,0.0100,0.00254,118.0
DQN_Double_PER_seed_2_1790611613,DQN_Double_PER,2,1621,83147,8.40,1,0.0100,0.00311,118.1
DQN_Double_PER_seed_2_1790611613,DQN_Double_PER,2,1622,83233,8.40,1,0.0100,0.00408,118.3
DQN_Double_PER_seed_2_1790611613,DQN_Double_PER,2,1623,83283,3.90,0,0.0100,0.00338,118.4
DQN_Double_PER_seed_2_1790611613,DQN_Double_PER,2,1624,83333,3.90,0,0.0100,0.00323,118.4
DQN_Double_PER_seed_2_1790611613,DQN_Double_PER,2,1625,83383,3.90,0,0.0100,0.00299,118.5
DQN_Double_PER_seed_2_1790611613,DQN_Double_PER,2,1626,83433,3.90,0,0.0100,0.00365,118.6
DQN_Double_PER_seed_2_1790611613,DQN_Double_PER,2,1627,83485,4.10,0,0.0100,0.00282,118.7
DQN_Double_PER_seed_2_1790611613,DQN_Double_PER,2,1628,83535,3.90,0,0.0100,0.00290,118.7
DQN_Double_PER_seed_2_1790611613,DQN_Double_PER,2,1629,83585,3.90,0,0.0100,0.00190,118.8
DQN_Double_PER_seed_2_1790611613,DQN_Double_PER,2,1630,83635,3.90,0,0.0100,0.00289,118.9
DQN_Double_PER_seed_2_1790611613,DQN_Double_PER,2,1631,83668,2.20,0,0.0100,0.00284,119.0
DQN_Double_PER_seed_2_1790611613,DQN_Double_PER,2,1632,83718,3.90,0,0.0100,0.00231,119.0
DQN_Double_PER_seed_2_1790611613,DQN_Double_PER,2,1633,83768,3.90,0,0.0100,0.00253,119.1
DQN_Double_PER_seed_2_1790611613,DQN_Double_PER,2,1634,83818,3.90,0,0.0100,0.00253,119.2
DQN_Double_PER_seed_2_1790611613,DQN_Double_PER,2,1635,83870,4.10,0,0.0100,0.00245,119.3
DQN_Double_PER_seed_2_1790611613,DQN_Double_PER,2,1636,83920,3.90,0,0.0100,0.00278,119.3
DQN_Double_PER_seed_2_1790611613,DQN_Double_PER,2,1637,83990,6.80,1,0.0100,0.00268,119.4
DQN_Double_PER_seed_2_1790611613,DQN_Double_PER,2,1638,84045,4.40,0,0.0100,0.00306,119.5
DQN_Double_PER_seed_2_1790611613,DQN_Double_PER,2,1639,84095,3.90,0,0.0100,0.00308,119.6
DQN_Double_PER_seed_2_1790611613,DQN_Double_PER,2,1640,84145,3.90,0,0.0100,0.00413,119.7
DQN_Double_PER_seed_2_1790611613,DQN_Double_PER,2,1641,84195,3.90,0,0.0100,0.00298,119.8
DQN_Double_PER_seed_2_1790611613,DQN_Double_PER,2,1642,84245,3.90,0,0.0100,0.00234,119.8
DQN_Double_PER_seed_2_1790611613,DQN_Double_PER,2,1643,84295,3.90,0,0.0100,0.00280,119.9
DQN_Double_PER_seed_2_1790611613,DQN_Double_PER,2,1644,84345,3.90,0,0.0100,0.00293,120.0
DQN_Double_PER_seed_2_1790611613,DQN_Double_PER,2,1645,84395,3.90,0,0.0100,0.00290,120.1
DQN_Double_PER_seed_2_1790611613,DQN_Double_PER,2,1646,84445,3.90,0,0.0100,0.00311,120.1
DQN_Double_PER_seed_2_1790611613,DQN_Double_PER,2,1647,84495,3.90,0,0.0100,0.00240,120.2
DQN_Double_PER_seed_2_1790611613,DQN_Double_PER,2,1648,84550,4.40,0,0.0100,0.00274,120.3
DQN_Double_PER_seed_2_1790611613,DQN_Double_PER,2,1649,84636,8.40,1,0.0100,0.00250,120.4
DQN_Double_PER_seed_2_1790611613,DQN_Double_PER,2,1650,84686,3.90,0,0.0100,0.00258,120.5
DQN_Double_PER_seed_2_1790611613,DQN_Double_PER,2,1651,84736,3.90,0,0.0100,0.00296,120.6
DQN_Double_PER_seed_2_1790611613,DQN_Double_PER,2,1652,84786,3.90,0,0.0100,0.00389,120.7
DQN_Double_PER_seed_2_1790611613,DQN_Double_PER,2,1653,84836,3.90,0,0.0100,0.00497,120.7
DQN_Double_PER_seed_2_1790611613,DQN_Double_PER,2,1654,84886,3.90,0,0.0100,0.00309,120.8
DQN_Double_PER_seed_2_1790611613,DQN_Double_PER,2,1655,84936,3.90,0,0.0100,0.00262,120.9
DQN_Double_PER_seed_2_1790611613,DQN_Double_PER,2,1656,84986,3.90,0,0.0100,0.00234,121.0
DQN_Double_PER_seed_2_1790611613,DQN_Double_PER,2,1657,85036,3.90,0,0.0100,0.00267,121.1
DQN_Double_PER_seed_2_1790611613,DQN_Double_PER,2,1658,85086,3.90,0,0.0100,0.00350,121.2
DQN_Double_PER_seed_2_1790611613,DQN_Double_PER,2,1659,85136,3.90,0,0.0100,0.00280,121.3
DQN_Double_PER_seed_2_1790611613,DQN_Double_PER,2,1660,85186,3.90,0,0.0100,0.00234,121.4
DQN_Double_PER_seed_2_1790611613,DQN_Double_PER,2,1661,85236,3.90,0,0.0100,0.00223,121.5
DQN_Double_PER_seed_2_1790611613,DQN_Double_PER,2,1662,85286,3.90,0,0.0100,0.00274,121.5
DQN_Double_PER_seed_2_1790611613,DQN_Double_PER,2,1663,85372,8.40,1,0.0100,0.00227,121.7
DQN_Double_PER_seed_2_1790611613,DQN_Double_PER,2,1664,85422,3.90,0,0.0100,0.00297,121.7
DQN_Double_PER_seed_2_1790611613,DQN_Double_PER,2,1665,85472,3.90,0,0.0100,0.00244,121.8
DQN_Double_PER_seed_2_1790611613,DQN_Double_PER,2,1666,85522,3.90,0,0.0100,0.00322,121.9
DQN_Double_PER_seed_2_1790611613,DQN_Double_PER,2,1667,85572,3.90,0,0.0100,0.00416,122.0
DQN_Double_PER_seed_2_1790611613,DQN_Double_PER,2,1668,85624,4.10,0,0.0100,0.00286,122.0
DQN_Double_PER_seed_2_1790611613,DQN_Double_PER,2,1669,85676,4.10,0,0.0100,0.00342,122.1
DQN_Double_PER_seed_2_1790611613,DQN_Double_PER,2,1670,85726,3.90,0,0.0100,0.00352,122.2
DQN_Double_PER_seed_2_1790611613,DQN_Double_PER,2,1671,85776,3.90,0,0.0100,0.00250,122.3
DQN_Double_PER_seed_2_1790611613,DQN_Double_PER,2,1672,85826,3.90,0,0.0100,0.00246,122.4
DQN_Double_PER_seed_2_1790611613,DQN_Double_PER,2,1673,85876,3.90,0,0.0100,0.00280,122.4
DQN_Double_PER_seed_2_1790611613,DQN_Double_PER,2,1674,85926,3.90,0,0.0100,0.00262,122.5
DQN_Double_PER_seed_2_1790611613,DQN_Double_PER,2,1675,85976,3.90,0,0.0100,0.00276,122.6
DQN_Double_PER_seed_2_1790611613,DQN_Double_PER,2,1676,86026,3.90,0,0.0100,0.00256,122.7
DQN_Double_PER_seed_2_1790611613,DQN_Double_PER,2,1677,86089,6.10,1,0.0100,0.00282,122.8
DQN_Double_PER_seed_2_1790611613,DQN_Double_PER,2,1678,86139,3.90,0,0.0100,0.00315,122.8
DQN_Double_PER_seed_2_1790611613,DQN_Double_PER,2,1679,86189,3.90,0,0.0100,0.00258,122.9
DQN_Double_PER_seed_2_1790611613,DQN_Double_PER,2,1680,86239,3.90,0,0.0100,0.00298,123.0
DQN_Double_PER_seed_2_1790611613,DQN_Double_PER,2,1681,86289,3.90,0,0.0100,0.00283,123.1
DQN_Double_PER_seed_2_1790611613,DQN_Double_PER,2,1682,86339,3.90,0,0.0100,0.00274,123.2
DQN_Double_PER_seed_2_1790611613,DQN_Double_PER,2,1683,86389,3.90,0,0.0100,0.00318,123.2
DQN_Double_PER_seed_2_1790611613,DQN_Double_PER,2,1684,86439,3.90,0,0.0100,0.00230,123.3
DQN_Double_PER_seed_2_1790611613,DQN_Double_PER,2,1685,86489,3.90,0,0.0100,0.00292,123.4
DQN_Double_PER_seed_2_1790611613,DQN_Double_PER,2,1686,86539,3.90,0,0.0100,0.00290,123.5
DQN_Double_PER_seed_2_1790611613,DQN_Double_PER,2,1687,86589,3.90,0,0.0100,0.00286,123.5
DQN_Double_PER_seed_2_1790611613,DQN_Double_PER,2,1688,86639,3.90,0,0.0100,0.00478,123.6
DQN_Double_PER_seed_2_1790611613,DQN_Double_PER,2,1689,86689,3.90,0,0.0100,0.00303,123.7
DQN_Double_PER_seed_2_1790611613,DQN_Double_PER,2,1690,86739,3.90,0,0.0100,0.00246,123.8
DQN_Double_PER_seed_2_1790611613,DQN_Double_PER,2,1691,86789,3.90,0,0.0100,0.00379,123.8
DQN_Double_PER_seed_2_1790611613,DQN_Double_PER,2,1692,86839,3.90,0,0.0100,0.00313,123.9
DQN_Double_PER_seed_2_1790611613,DQN_Double_PER,2,1693,86889,3.90,0,0.0100,0.00254,124.0
DQN_Double_PER_seed_2_1790611613,DQN_Double_PER,2,1694,86955,6.40,1,0.0100,0.00323,124.1
DQN_Double_PER_seed_2_1790611613,DQN_Double_PER,2,1695,87005,3.90,0,0.0100,0.00366,124.2
DQN_Double_PER_seed_2_1790611613,DQN_Double_PER,2,1696,87055,3.90,0,0.0100,0.00300,124.3
DQN_Double_PER_seed_2_1790611613,DQN_Double_PER,2,1697,87105,3.90,0,0.0100,0.00335,124.3
DQN_Double_PER_seed_2_1790611613,DQN_Double_PER,2,1698,87155,3.90,0,0.0100,0.00391,124.4
DQN_Double_PER_seed_2_1790611613,DQN_Double_PER,2,1699,87205,3.90,0,0.0100,0.00277,124.5
DQN_Double_PER_seed_2_1790611613,DQN_Double_PER,2,1700,87255,3.90,0,0.0100,0.00300,124.6
DQN_Double_PER_seed_2_1790611613,DQN_Double_PER,2,1701,87305,3.90,0,0.0100,0.00495,124.6
DQN_Double_PER_seed_2_1790611613,DQN_Double_PER,2,1702,87355,3.90,0,0.0100,0.00296,124.7
DQN_Double_PER_seed_2_1790611613,DQN_Double_PER,2,1703,87405,3.90,0,0.0100,0.00358,124.8
DQN_Double_PER_seed_2_1790611613,DQN_Double_PER,2,1704,87455,3.90,0,0.0100,0.00307,124.9
DQN_Double_PER_seed_2_1790611613,DQN_Double_PER,2,1705,87505,3.90,0,0.0100,0.00340,124.9
DQN_Double_PER_seed_2_1790611613,DQN_Double_PER,2,1706,87555,3.90,0,0.0100,0.00254,125.0
DQN_Double_PER_seed_2_1790611613,DQN_Double_PER,2,1707,87605,3.90,0,0.0100,0.00323,125.1
DQN_Double_PER_seed_2_1790611613,DQN_Double_PER,2,1708,87655,3.90,0,0.0100,0.00317,125.2
DQN_Double_PER_seed_2_1790611613,DQN_Double_PER,2,1709,87705,3.90,0,0.0100,0.00343,125.3
DQN_Double_PER_seed_2_1790611613,DQN_Double_PER,2,1710,87755,3.90,0,0.0100,0.00271,125.3
DQN_Double_PER_seed_2_1790611613,DQN_Double_PER,2,1711,87805,3.90,0,0.0100,0.00276,125.4
DQN_Double_PER_seed_2_1790611613,DQN_Double_PER,2,1712,87855,3.90,0,0.0100,0.00395,125.5
DQN_Double_PER_seed_2_1790611613,DQN_Double_PER,2,1713,87923,6.60,1,0.0100,0.00264,125.6
DQN_Double_PER_seed_2_1790611613,DQN_Double_PER,2,1714,87973,3.90,0,0.0100,0.00286,125.7
DQN_Double_PER_seed_2_1790611613,DQN_Double_PER,2,1715,88023,3.90,0,0.0100,0.00270,125.7
DQN_Double_PER_seed_2_1790611613,DQN_Double_PER,2,1716,88073,3.90,0,0.0100,0.00304,125.8
DQN_Double_PER_seed_2_1790611613,DQN_Double_PER,2,1717,88123,3.90,0,0.0100,0.00257,125.9
DQN_Double_PER_seed_2_1790611613,DQN_Double_PER,2,1718,88173,3.90,0,0.0100,0.00279,126.0
DQN_Double_PER_seed_2_1790611613,DQN_Double_PER,2,1719,88223,3.90,0,0.0100,0.00309,126.1
DQN_Double_PER_seed_2_1790611613,DQN_Double_PER,2,1720,88273,3.90,0,0.0100,0.00361,126.1
DQN_Double_PER_seed_2_1790611613,DQN_Double_PER,2,1721,88323,3.90,0,0.0100,0.00278,126.2
DQN_Double_PER_seed_2_1790611613,DQN_Double_PER,2,1722,88387,6.20,1,0.0100,0.00268,126.3
DQN_Double_PER_seed_2_1790611613,DQN_Double_PER,2,1723,88437,3.90,0,0.0100,0.00263,126.4
DQN_Double_PER_seed_2_1790611613,DQN_Double_PER,2,1724,88487,3.90,0,0.0100,0.00245,126.5
DQN_Double_PER_seed_2_1790611613,DQN_Double_PER,2,1725,88537,3.90,0,0.0100,0.00270,126.5
DQN_Double_PER_seed_2_1790611613,DQN_Double_PER,2,1726,88606,6.70,1,0.0100,0.00268,126.6
DQN_Double_PER_seed_2_1790611613,DQN_Double_PER,2,1727,88667,5.00,1,0.0100,0.00263,126.7
DQN_Double_PER_seed_2_1790611613,DQN_Double_PER,2,1728,88717,3.90,0,0.0100,0.00288,126.8
DQN_Double_PER_seed_2_1790611613,DQN_Double_PER,2,1729,88767,3.90,0,0.0100,0.00276,126.9
DQN_Double_PER_seed_2_1790611613,DQN_Double_PER,2,1730,88817,3.90,0,0.0100,0.00283,127.0
DQN_Double_PER_seed_2_1790611613,DQN_Double_PER,2,1731,88867,3.90,0,0.0100,0.00239,127.0
DQN_Double_PER_seed_2_1790611613,DQN_Double_PER,2,1732,88917,3.90,0,0.0100,0.00277,127.1
DQN_Double_PER_seed_2_1790611613,DQN_Double_PER,2,1733,88967,3.90,0,0.0100,0.00246,127.2
DQN_Double_PER_seed_2_1790611613,DQN_Double_PER,2,1734,89035,6.60,1,0.0100,0.00308,127.3
DQN_Double_PER_seed_2_1790611613,DQN_Double_PER,2,1735,89093,4.70,0,0.0100,0.00310,127.4
DQN_Double_PER_seed_2_1790611613,DQN_Double_PER,2,1736,89143,3.90,0,0.0100,0.00276,127.5
DQN_Double_PER_seed_2_1790611613,DQN_Double_PER,2,1737,89193,3.90,0,0.0100,0.00308,127.6
DQN_Double_PER_seed_2_1790611613,DQN_Double_PER,2,1738,89245,4.10,0,0.0100,0.00365,127.6
DQN_Double_PER_seed_2_1790611613,DQN_Double_PER,2,1739,89295,3.90,0,0.0100,0.00309,127.7
DQN_Double_PER_seed_2_1790611613,DQN_Double_PER,2,1740,89345,3.90,0,0.0100,0.00270,127.8
DQN_Double_PER_seed_2_1790611613,DQN_Double_PER,2,1741,89410,6.30,1,0.0100,0.00238,127.9
DQN_Double_PER_seed_2_1790611613,DQN_Double_PER,2,1742,89460,3.90,0,0.0100,0.00358,128.0
DQN_Double_PER_seed_2_1790611613,DQN_Double_PER,2,1743,89527,6.50,1,0.0100,0.00275,128.1
DQN_Double_PER_seed_2_1790611613,DQN_Double_PER,2,1744,89577,3.90,0,0.0100,0.00309,128.1
DQN_Double_PER_seed_2_1790611613,DQN_Double_PER,2,1745,89641,6.20,1,0.0100,0.00285,128.2
DQN_Double_PER_seed_2_1790611613,DQN_Double_PER,2,1746,89691,3.90,0,0.0100,0.00353,128.3
DQN_Double_PER_seed_2_1790611613,DQN_Double_PER,2,1747,89741,3.90,0,0.0100,0.00241,128.4
DQN_Double_PER_seed_2_1790611613,DQN_Double_PER,2,1748,89791,3.90,0,0.0100,0.00271,128.5
DQN_Double_PER_seed_2_1790611613,DQN_Double_PER,2,1749,89851,4.90,0,0.0100,0.00300,128.6
DQN_Double_PER_seed_2_1790611613,DQN_Double_PER,2,1750,89913,6.00,1,0.0100,0.00339,128.7
DQN_Double_PER_seed_2_1790611613,DQN_Double_PER,2,1751,89972,4.80,0,0.0100,0.00289,128.8
DQN_Double_PER_seed_2_1790611613,DQN_Double_PER,2,1752,90022,3.90,0,0.0100,0.00261,129.0
DQN_Double_PER_seed_2_1790611613,DQN_Double_PER,2,1753,90072,3.90,0,0.0100,0.00269,129.0
DQN_Double_PER_seed_2_1790611613,DQN_Double_PER,2,1754,90140,6.60,1,0.0100,0.00318,129.1
DQN_Double_PER_seed_2_1790611613,DQN_Double_PER,2,1755,90190,3.90,0,0.0100,0.00639,129.2
DQN_Double_PER_seed_2_1790611613,DQN_Double_PER,2,1756,90259,6.70,1,0.0100,0.00352,129.3
DQN_Double_PER_seed_2_1790611613,DQN_Double_PER,2,1757,90309,3.90,0,0.0100,0.00279,129.4
DQN_Double_PER_seed_2_1790611613,DQN_Double_PER,2,1758,90359,3.90,0,0.0100,0.00282,129.5
DQN_Double_PER_seed_2_1790611613,DQN_Double_PER,2,1759,90423,6.20,1,0.0100,0.00305,129.6
DQN_Double_PER_seed_2_1790611613,DQN_Double_PER,2,1760,90473,3.90,0,0.0100,0.00287,129.7
DQN_Double_PER_seed_2_1790611613,DQN_Double_PER,2,1761,90535,6.00,1,0.0100,0.00348,129.7
DQN_Double_PER_seed_2_1790611613,DQN_Double_PER,2,1762,90587,4.10,0,0.0100,0.00332,129.8
DQN_Double_PER_seed_2_1790611613,DQN_Double_PER,2,1763,90637,3.90,0,0.0100,0.00298,129.9
DQN_Double_PER_seed_2_1790611613,DQN_Double_PER,2,1764,90690,4.20,0,0.0100,0.00331,130.0
DQN_Double_PER_seed_2_1790611613,DQN_Double_PER,2,1765,90740,3.90,0,0.0100,0.00346,130.1
DQN_Double_PER_seed_2_1790611613,DQN_Double_PER,2,1766,90790,3.90,0,0.0100,0.00256,130.1
DQN_Double_PER_seed_2_1790611613,DQN_Double_PER,2,1767,90840,3.90,0,0.0100,0.00285,130.2
DQN_Double_PER_seed_2_1790611613,DQN_Double_PER,2,1768,90890,3.90,0,0.0100,0.00317,130.3
DQN_Double_PER_seed_2_1790611613,DQN_Double_PER,2,1769,90959,6.70,1,0.0100,0.00318,130.4
DQN_Double_PER_seed_2_1790611613,DQN_Double_PER,2,1770,91009,3.90,0,0.0100,0.00321,130.5
DQN_Double_PER_seed_2_1790611613,DQN_Double_PER,2,1771,91059,3.90,0,0.0100,0.00290,130.6
DQN_Double_PER_seed_2_1790611613,DQN_Double_PER,2,1772,91121,6.00,1,0.0100,0.00257,130.7
DQN_Double_PER_seed_2_1790611613,DQN_Double_PER,2,1773,91173,4.10,0,0.0100,0.00288,130.7
DQN_Double_PER_seed_2_1790611613,DQN_Double_PER,2,1774,91240,6.50,1,0.0100,0.00301,130.8
DQN_Double_PER_seed_2_1790611613,DQN_Double_PER,2,1775,91293,4.20,0,0.0100,0.00288,130.9
DQN_Double_PER_seed_2_1790611613,DQN_Double_PER,2,1776,91379,8.40,1,0.0100,0.00297,131.1
DQN_Double_PER_seed_2_1790611613,DQN_Double_PER,2,1777,91429,3.90,0,0.0100,0.00402,131.1
DQN_Double_PER_seed_2_1790611613,DQN_Double_PER,2,1778,91479,3.90,0,0.0100,0.00350,131.2
DQN_Double_PER_seed_2_1790611613,DQN_Double_PER,2,1779,91533,4.30,0,0.0100,0.00338,131.3
DQN_Double_PER_seed_2_1790611613,DQN_Double_PER,2,1780,91600,6.50,1,0.0100,0.00295,131.4
DQN_Double_PER_seed_2_1790611613,DQN_Double_PER,2,1781,91650,3.90,0,0.0100,0.00272,131.5
DQN_Double_PER_seed_2_1790611613,DQN_Double_PER,2,1782,91700,3.90,0,0.0100,0.00357,131.6
DQN_Double_PER_seed_2_1790611613,DQN_Double_PER,2,1783,91765,6.30,1,0.0100,0.00552,131.7
DQN_Double_PER_seed_2_1790611613,DQN_Double_PER,2,1784,91825,4.90,0,0.0100,0.00300,131.7
DQN_Double_PER_seed_2_1790611613,DQN_Double_PER,2,1785,91889,6.20,1,0.0100,0.00260,131.8
DQN_Double_PER_seed_2_1790611613,DQN_Double_PER,2,1786,91939,3.90,0,0.0100,0.00213,131.9
DQN_Double_PER_seed_2_1790611613,DQN_Double_PER,2,1787,91989,3.90,0,0.0100,0.00296,132.0
DQN_Double_PER_seed_2_1790611613,DQN_Double_PER,2,1788,92043,4.30,0,0.0100,0.00554,132.1
DQN_Double_PER_seed_2_1790611613,DQN_Double_PER,2,1789,92109,6.40,1,0.0100,0.00371,132.2
DQN_Double_PER_seed_2_1790611613,DQN_Double_PER,2,1790,92174,6.30,1,0.0100,0.00386,132.3
DQN_Double_PER_seed_2_1790611613,DQN_Double_PER,2,1791,92233,4.80,0,0.0100,0.00430,132.4
DQN_Double_PER_seed_2_1790611613,DQN_Double_PER,2,1792,92288,4.40,0,0.0100,0.00338,132.5
DQN_Double_PER_seed_2_1790611613,DQN_Double_PER,2,1793,92338,3.90,0,0.0100,0.00297,132.5
DQN_Double_PER_seed_2_1790611613,DQN_Double_PER,2,1794,92389,4.00,0,0.0100,0.00342,132.6
DQN_Double_PER_seed_2_1790611613,DQN_Double_PER,2,1795,92454,6.30,1,0.0100,0.00515,132.7
DQN_Double_PER_seed_2_1790611613,DQN_Double_PER,2,1796,92504,3.90,0,0.0100,0.00415,132.8
DQN_Double_PER_seed_2_1790611613,DQN_Double_PER,2,1797,92571,6.50,1,0.0100,0.00347,132.9
DQN_Double_PER_seed_2_1790611613,DQN_Double_PER,2,1798,92621,3.90,0,0.0100,0.00415,133.0
DQN_Double_PER_seed_2_1790611613,DQN_Double_PER,2,1799,92683,6.00,1,0.0100,0.00359,133.1
DQN_Double_PER_seed_2_1790611613,DQN_Double_PER,2,1800,92746,6.10,1,0.0100,0.00276,133.2
DQN_Double_PER_seed_2_1790611613,DQN_Double_PER,2,1801,92796,3.90,0,0.0100,0.00310,133.3
DQN_Double_PER_seed_2_1790611613,DQN_Double_PER,2,1802,92850,4.30,0,0.0100,0.00405,133.3
DQN_Double_PER_seed_2_1790611613,DQN_Double_PER,2,1803,92900,3.90,0,0.0100,0.00303,133.4
DQN_Double_PER_seed_2_1790611613,DQN_Double_PER,2,1804,92950,3.90,0,0.0100,0.00354,133.5
DQN_Double_PER_seed_2_1790611613,DQN_Double_PER,2,1805,93000,3.90,0,0.0100,0.00299,133.6
DQN_Double_PER_seed_2_1790611613,DQN_Double_PER,2,1806,93068,6.60,1,0.0100,0.00300,133.7
DQN_Double_PER_seed_2_1790611613,DQN_Double_PER,2,1807,93118,3.90,0,0.0100,0.00314,133.8
DQN_Double_PER_seed_2_1790611613,DQN_Double_PER,2,1808,93183,6.30,1,0.0100,0.00281,133.9
DQN_Double_PER_seed_2_1790611613,DQN_Double_PER,2,1809,93233,3.90,0,0.0100,0.00322,133.9
DQN_Double_PER_seed_2_1790611613,DQN_Double_PER,2,1810,93283,3.90,0,0.0100,0.00312,134.0
DQN_Double_PER_seed_2_1790611613,DQN_Double_PER,2,1811,93333,3.90,0,0.0100,0.00357,134.1
DQN_Double_PER_seed_2_1790611613,DQN_Double_PER,2,1812,93386,4.20,0,0.0100,0.00301,134.2
DQN_Double_PER_seed_2_1790611613,DQN_Double_PER,2,1813,93450,6.20,1,0.0100,0.00356,134.3
DQN_Double_PER_seed_2_1790611613,DQN_Double_PER,2,1814,93517,6.50,1,0.0100,0.00356,134.4
DQN_Double_PER_seed_2_1790611613,DQN_Double_PER,2,1815,93573,4.50,0,0.0100,0.00370,134.5
DQN_Double_PER_seed_2_1790611613,DQN_Double_PER,2,1816,93634,5.00,1,0.0100,0.00316,134.6
DQN_Double_PER_seed_2_1790611613,DQN_Double_PER,2,1817,93684,3.90,0,0.0100,0.00288,134.6
DQN_Double_PER_seed_2_1790611613,DQN_Double_PER,2,1818,93734,3.90,0,0.0100,0.00293,134.7
DQN_Double_PER_seed_2_1790611613,DQN_Double_PER,2,1819,93784,3.90,0,0.0100,0.00280,134.8
DQN_Double_PER_seed_2_1790611613,DQN_Double_PER,2,1820,93840,4.50,0,0.0100,0.00363,134.9
DQN_Double_PER_seed_2_1790611613,DQN_Double_PER,2,1821,93897,4.60,0,0.0100,0.00320,135.0
DQN_Double_PER_seed_2_1790611613,DQN_Double_PER,2,1822,93961,6.20,1,0.0100,0.00312,135.1
DQN_Double_PER_seed_2_1790611613,DQN_Double_PER,2,1823,94027,6.40,1,0.0100,0.00309,135.2
DQN_Double_PER_seed_2_1790611613,DQN_Double_PER,2,1824,94077,3.90,0,0.0100,0.00347,135.2
DQN_Double_PER_seed_2_1790611613,DQN_Double_PER,2,1825,94145,6.60,1,0.0100,0.00361,135.3
DQN_Double_PER_seed_2_1790611613,DQN_Double_PER,2,1826,94202,4.60,0,0.0100,0.00333,135.4
DQN_Double_PER_seed_2_1790611613,DQN_Double_PER,2,1827,94252,3.90,0,0.0100,0.00253,135.5
DQN_Double_PER_seed_2_1790611613,DQN_Double_PER,2,1828,94302,3.90,0,0.0100,0.00357,135.6
DQN_Double_PER_seed_2_1790611613,DQN_Double_PER,2,1829,94352,3.90,0,0.0100,0.00320,135.7
DQN_Double_PER_seed_2_1790611613,DQN_Double_PER,2,1830,94402,3.90,0,0.0100,0.00298,135.7
DQN_Double_PER_seed_2_1790611613,DQN_Double_PER,2,1831,94488,8.40,1,0.0100,0.00354,135.9
DQN_Double_PER_seed_2_1790611613,DQN_Double_PER,2,1832,94557,6.70,1,0.0100,0.00381,136.0
DQN_Double_PER_seed_2_1790611613,DQN_Double_PER,2,1833,94622,6.30,1,0.0100,0.00322,136.1
DQN_Double_PER_seed_2_1790611613,DQN_Double_PER,2,1834,94672,3.90,0,0.0100,0.00299,136.2
DQN_Double_PER_seed_2_1790611613,DQN_Double_PER,2,1835,94722,3.90,0,0.0100,0.00347,136.2
DQN_Double_PER_seed_2_1790611613,DQN_Double_PER,2,1836,94772,0.30,0,0.0100,0.00374,136.3
DQN_Double_PER_seed_2_1790611613,DQN_Double_PER,2,1837,94822,3.90,0,0.0100,0.00289,136.4
DQN_Double_PER_seed_2_1790611613,DQN_Double_PER,2,1838,94890,6.60,1,0.0100,0.00441,136.5
DQN_Double_PER_seed_2_1790611613,DQN_Double_PER,2,1839,94940,3.90,0,0.0100,0.00322,136.6
DQN_Double_PER_seed_2_1790611613,DQN_Double_PER,2,1840,95005,6.30,1,0.0100,0.00325,136.8
DQN_Double_PER_seed_2_1790611613,DQN_Double_PER,2,1841,95055,3.90,0,0.0100,0.00451,136.8
DQN_Double_PER_seed_2_1790611613,DQN_Double_PER,2,1842,95105,3.90,0,0.0100,0.00844,136.9
DQN_Double_PER_seed_2_1790611613,DQN_Double_PER,2,1843,95155,3.90,0,0.0100,0.00406,137.0
DQN_Double_PER_seed_2_1790611613,DQN_Double_PER,2,1844,95205,3.90,0,0.0100,0.00355,137.1
DQN_Double_PER_seed_2_1790611613,DQN_Double_PER,2,1845,95255,3.90,0,0.0100,0.00337,137.2
DQN_Double_PER_seed_2_1790611613,DQN_Double_PER,2,1846,95305,3.90,0,0.0100,0.00323,137.2
DQN_Double_PER_seed_2_1790611613,DQN_Double_PER,2,1847,95355,3.90,0,0.0100,0.00323,137.3
DQN_Double_PER_seed_2_1790611613,DQN_Double_PER,2,1848,95405,3.90,0,0.0100,0.00355,137.4
DQN_Double_PER_seed_2_1790611613,DQN_Double_PER,2,1849,95455,3.90,0,0.0100,0.00354,137.5
DQN_Double_PER_seed_2_1790611613,DQN_Double_PER,2,1850,95505,3.90,0,0.0100,0.00304,137.5
DQN_Double_PER_seed_2_1790611613,DQN_Double_PER,2,1851,95555,3.90,0,0.0100,0.00308,137.6
DQN_Double_PER_seed_2_1790611613,DQN_Double_PER,2,1852,95605,3.90,0,0.0100,0.00309,137.7
DQN_Double_PER_seed_2_1790611613,DQN_Double_PER,2,1853,95655,3.90,0,0.0100,0.00299,137.8
DQN_Double_PER_seed_2_1790611613,DQN_Double_PER,2,1854,95705,3.90,0,0.0100,0.00345,137.9
DQN_Double_PER_seed_2_1790611613,DQN_Double_PER,2,1855,95768,6.10,1,0.0100,0.00308,138.0
DQN_Double_PER_seed_2_1790611613,DQN_Double_PER,2,1856,95834,6.40,1,0.0100,0.00314,138.1
DQN_Double_PER_seed_2_1790611613,DQN_Double_PER,2,1857,95898,6.20,1,0.0100,0.00308,138.2
DQN_Double_PER_seed_2_1790611613,DQN_Double_PER,2,1858,95948,3.90,0,0.0100,0.00357,138.2
DQN_Double_PER_seed_2_1790611613,DQN_Double_PER,2,1859,96002,4.30,0,0.0100,0.00345,138.3
DQN_Double_PER_seed_2_1790611613,DQN_Double_PER,2,1860,96052,3.90,0,0.0100,0.00383,138.4
DQN_Double_PER_seed_2_1790611613,DQN_Double_PER,2,1861,96102,3.90,0,0.0100,0.00350,138.5
DQN_Double_PER_seed_2_1790611613,DQN_Double_PER,2,1862,96152,3.90,0,0.0100,0.00337,138.5
DQN_Double_PER_seed_2_1790611613,DQN_Double_PER,2,1863,96204,4.10,0,0.0100,0.00336,138.6
DQN_Double_PER_seed_2_1790611613,DQN_Double_PER,2,1864,96254,3.90,0,0.0100,0.00258,138.7
DQN_Double_PER_seed_2_1790611613,DQN_Double_PER,2,1865,96304,3.90,0,0.0100,0.00303,138.8
DQN_Double_PER_seed_2_1790611613,DQN_Double_PER,2,1866,96354,3.90,0,0.0100,0.00373,138.9
DQN_Double_PER_seed_2_1790611613,DQN_Double_PER,2,1867,96404,3.90,0,0.0100,0.00344,138.9
DQN_Double_PER_seed_2_1790611613,DQN_Double_PER,2,1868,96454,3.90,0,0.0100,0.00473,139.0
DQN_Double_PER_seed_2_1790611613,DQN_Double_PER,2,1869,96505,4.00,0,0.0100,0.00420,139.1
DQN_Double_PER_seed_2_1790611613,DQN_Double_PER,2,1870,96556,4.00,0,0.0100,0.00382,139.2
DQN_Double_PER_seed_2_1790611613,DQN_Double_PER,2,1871,96608,4.10,0,0.0100,0.00307,139.3
DQN_Double_PER_seed_2_1790611613,DQN_Double_PER,2,1872,96658,3.90,0,0.0100,0.00321,139.3
DQN_Double_PER_seed_2_1790611613,DQN_Double_PER,2,1873,96718,4.90,0,0.0100,0.00296,139.4
DQN_Double_PER_seed_2_1790611613,DQN_Double_PER,2,1874,96768,3.90,0,0.0100,0.00269,139.5
DQN_Double_PER_seed_2_1790611613,DQN_Double_PER,2,1875,96818,-0.30,0,0.0100,0.00332,139.6
DQN_Double_PER_seed_2_1790611613,DQN_Double_PER,2,1876,96868,3.90,0,0.0100,0.00344,139.7
DQN_Double_PER_seed_2_1790611613,DQN_Double_PER,2,1877,96918,3.90,0,0.0100,0.00346,139.7
DQN_Double_PER_seed_2_1790611613,DQN_Double_PER,2,1878,96968,3.90,0,0.0100,0.00317,139.8
DQN_Double_PER_seed_2_1790611613,DQN_Double_PER,2,1879,97019,4.00,0,0.0100,0.00295,139.9
DQN_Double_PER_seed_2_1790611613,DQN_Double_PER,2,1880,97083,6.20,1,0.0100,0.00342,140.0
DQN_Double_PER_seed_2_1790611613,DQN_Double_PER,2,1881,97133,3.90,0,0.0100,0.00309,140.1
DQN_Double_PER_seed_2_1790611613,DQN_Double_PER,2,1882,97183,3.90,0,0.0100,0.00381,140.2
DQN_Double_PER_seed_2_1790611613,DQN_Double_PER,2,1883,97245,6.00,1,0.0100,0.00379,140.2
DQN_Double_PER_seed_2_1790611613,DQN_Double_PER,2,1884,97295,3.90,0,0.0100,0.00331,140.3
DQN_Double_PER_seed_2_1790611613,DQN_Double_PER,2,1885,97361,6.40,1,0.0100,0.00292,140.4
DQN_Double_PER_seed_2_1790611613,DQN_Double_PER,2,1886,97425,6.20,1,0.0100,0.00298,140.5
DQN_Double_PER_seed_2_1790611613,DQN_Double_PER,2,1887,97485,4.90,0,0.0100,0.00287,140.6
DQN_Double_PER_seed_2_1790611613,DQN_Double_PER,2,1888,97535,3.90,0,0.0100,0.00295,140.7
DQN_Double_PER_seed_2_1790611613,DQN_Double_PER,2,1889,97585,3.90,0,0.0100,0.00298,140.8
DQN_Double_PER_seed_2_1790611613,DQN_Double_PER,2,1890,97649,6.20,1,0.0100,0.00283,140.9
DQN_Double_PER_seed_2_1790611613,DQN_Double_PER,2,1891,97706,4.60,0,0.0100,0.00273,141.0
DQN_Double_PER_seed_2_1790611613,DQN_Double_PER,2,1892,97765,4.80,0,0.0100,0.00308,141.1
DQN_Double_PER_seed_2_1790611613,DQN_Double_PER,2,1893,97851,8.40,1,0.0100,0.00340,141.2
DQN_Double_PER_seed_2_1790611613,DQN_Double_PER,2,1894,97901,3.90,0,0.0100,0.00417,141.3
DQN_Double_PER_seed_2_1790611613,DQN_Double_PER,2,1895,98035,15.00,3,0.0100,0.00317,141.5
DQN_Double_PER_seed_2_1790611613,DQN_Double_PER,2,1896,98136,10.80,2,0.0100,0.00366,141.7
DQN_Double_PER_seed_2_1790611613,DQN_Double_PER,2,1897,98198,6.00,1,0.0100,0.00495,141.8
DQN_Double_PER_seed_2_1790611613,DQN_Double_PER,2,1898,98320,12.90,2,0.0100,0.00379,141.9
DQN_Double_PER_seed_2_1790611613,DQN_Double_PER,2,1899,98384,6.20,1,0.0100,0.00264,142.0
DQN_Double_PER_seed_2_1790611613,DQN_Double_PER,2,1900,98470,8.40,1,0.0100,0.00305,142.2
DQN_Double_PER_seed_2_1790611613,DQN_Double_PER,2,1901,98520,3.90,0,0.0100,0.00453,142.3
DQN_Double_PER_seed_2_1790611613,DQN_Double_PER,2,1902,98606,8.40,1,0.0100,0.00339,142.4
DQN_Double_PER_seed_2_1790611613,DQN_Double_PER,2,1903,98656,3.90,0,0.0100,0.00352,142.5
DQN_Double_PER_seed_2_1790611613,DQN_Double_PER,2,1904,98722,6.40,1,0.0100,0.00376,142.6
DQN_Double_PER_seed_2_1790611613,DQN_Double_PER,2,1905,98772,3.90,0,0.0100,0.00327,142.6
DQN_Double_PER_seed_2_1790611613,DQN_Double_PER,2,1906,98971,22.40,4,0.0100,0.00351,143.0
DQN_Double_PER_seed_2_1790611613,DQN_Double_PER,2,1907,99021,3.90,0,0.0100,0.00295,143.0
DQN_Double_PER_seed_2_1790611613,DQN_Double_PER,2,1908,99143,12.90,2,0.0100,0.00331,143.2
DQN_Double_PER_seed_2_1790611613,DQN_Double_PER,2,1909,99240,9.50,2,0.0100,0.00382,143.4
DQN_Double_PER_seed_2_1790611613,DQN_Double_PER,2,1910,99403,17.90,3,0.0100,0.00326,143.6
DQN_Double_PER_seed_2_1790611613,DQN_Double_PER,2,1911,99489,8.40,1,0.0100,0.00345,143.8
DQN_Double_PER_seed_2_1790611613,DQN_Double_PER,2,1912,99583,9.20,1,0.0100,0.00470,143.9
DQN_Double_PER_seed_2_1790611613,DQN_Double_PER,2,1913,99721,15.40,3,0.0100,0.00347,144.1
DQN_Double_PER_seed_2_1790611613,DQN_Double_PER,2,1914,99814,9.10,1,0.0100,0.00406,144.3
DQN_Double_PER_seed_2_1790611613,DQN_Double_PER,2,1915,99900,8.40,1,0.0100,0.00352,144.4
DQN_Double_PER_seed_2_1790611613,DQN_Double_PER,2,1916,99957,4.60,0,0.0100,0.00374,144.5
DQN_Double_PER_seed_2_1790611613,DQN_Double_PER,2,1917,100044,8.50,1,0.0100,0.00339,144.7
DQN_Double_PER_seed_2_1790611613,DQN_Double_PER,2,1918,100098,4.30,0,0.0100,0.00441,144.8
DQN_Double_PER_seed_2_1790611613,DQN_Double_PER,2,1919,100148,3.90,0,0.0100,0.00373,144.9
DQN_Double_PER_seed_2_1790611613,DQN_Double_PER,2,1920,100209,5.00,1,0.0100,0.00383,145.0
DQN_Double_PER_seed_2_1790611613,DQN_Double_PER,2,1921,100261,4.10,0,0.0100,0.00397,145.1
DQN_Double_PER_seed_2_1790611613,DQN_Double_PER,2,1922,100311,3.90,0,0.0100,0.00303,145.2
DQN_Double_PER_seed_2_1790611613,DQN_Double_PER,2,1923,100409,10.50,2,0.0100,0.00506,145.3
DQN_Double_PER_seed_2_1790611613,DQN_Double_PER,2,1924,100495,8.40,1,0.0100,0.00427,145.5
DQN_Double_PER_seed_2_1790611613,DQN_Double_PER,2,1925,100581,8.40,1,0.0100,0.00354,145.6
DQN_Double_PER_seed_2_1790611613,DQN_Double_PER,2,1926,100631,3.90,0,0.0100,0.00443,145.7
DQN_Double_PER_seed_2_1790611613,DQN_Double_PER,2,1927,100690,4.80,0,0.0100,0.00359,145.8
DQN_Double_PER_seed_2_1790611613,DQN_Double_PER,2,1928,100785,9.30,1,0.0100,0.00356,145.9
DQN_Double_PER_seed_2_1790611613,DQN_Double_PER,2,1929,100871,8.40,1,0.0100,0.00345,146.0
DQN_Double_PER_seed_2_1790611613,DQN_Double_PER,2,1930,100957,8.40,1,0.0100,0.00379,146.2
DQN_Double_PER_seed_2_1790611613,DQN_Double_PER,2,1931,101043,8.40,1,0.0100,0.00446,146.3
DQN_Double_PER_seed_2_1790611613,DQN_Double_PER,2,1932,101093,3.90,0,0.0100,0.00456,146.4
DQN_Double_PER_seed_2_1790611613,DQN_Double_PER,2,1933,101179,8.40,1,0.0100,0.00416,146.5
DQN_Double_PER_seed_2_1790611613,DQN_Double_PER,2,1934,101265,8.40,1,0.0100,0.00369,146.7
DQN_Double_PER_seed_2_1790611613,DQN_Double_PER,2,1935,101317,4.10,0,0.0100,0.00427,146.7
DQN_Double_PER_seed_2_1790611613,DQN_Double_PER,2,1936,101367,3.90,0,0.0100,0.00432,146.8
DQN_Double_PER_seed_2_1790611613,DQN_Double_PER,2,1937,101435,6.60,1,0.0100,0.00389,146.9
DQN_Double_PER_seed_2_1790611613,DQN_Double_PER,2,1938,101491,4.50,0,0.0100,0.00343,147.0
DQN_Double_PER_seed_2_1790611613,DQN_Double_PER,2,1939,101577,8.40,1,0.0100,0.00395,147.1
DQN_Double_PER_seed_2_1790611613,DQN_Double_PER,2,1940,101636,4.80,0,0.0100,0.00349,147.2
DQN_Double_PER_seed_2_1790611613,DQN_Double_PER,2,1941,101722,8.40,1,0.0100,0.00435,147.4
DQN_Double_PER_seed_2_1790611613,DQN_Double_PER,2,1942,101788,6.40,1,0.0100,0.00426,147.5
DQN_Double_PER_seed_2_1790611613,DQN_Double_PER,2,1943,101852,6.20,1,0.0100,0.00393,147.6
DQN_Double_PER_seed_2_1790611613,DQN_Double_PER,2,1944,101902,3.90,0,0.0100,0.00420,147.6
DQN_Double_PER_seed_2_1790611613,DQN_Double_PER,2,1945,101961,4.80,0,0.0100,0.00415,147.7
DQN_Double_PER_seed_2_1790611613,DQN_Double_PER,2,1946,102025,6.20,1,0.0100,0.00353,147.8
DQN_Double_PER_seed_2_1790611613,DQN_Double_PER,2,1947,102118,9.10,1,0.0100,0.00457,148.0
DQN_Double_PER_seed_2_1790611613,DQN_Double_PER,2,1948,102204,8.40,1,0.0100,0.00427,148.1
DQN_Double_PER_seed_2_1790611613,DQN_Double_PER,2,1949,102259,4.40,0,0.0100,0.00438,148.2
DQN_Double_PER_seed_2_1790611613,DQN_Double_PER,2,1950,102326,6.50,1,0.0100,0.00373,148.3
DQN_Double_PER_seed_2_1790611613,DQN_Double_PER,2,1951,102412,8.40,1,0.0100,0.00459,148.4
DQN_Double_PER_seed_2_1790611613,DQN_Double_PER,2,1952,102498,8.40,1,0.0100,0.00403,148.6
DQN_Double_PER_seed_2_1790611613,DQN_Double_PER,2,1953,102584,8.40,1,0.0100,0.00426,148.7
DQN_Double_PER_seed_2_1790611613,DQN_Double_PER,2,1954,102649,6.30,1,0.0100,0.00353,148.8
DQN_Double_PER_seed_2_1790611613,DQN_Double_PER,2,1955,102735,8.40,1,0.0100,0.00400,148.9
DQN_Double_PER_seed_2_1790611613,DQN_Double_PER,2,1956,102857,12.90,2,0.0100,0.00415,149.1
DQN_Double_PER_seed_2_1790611613,DQN_Double_PER,2,1957,102907,3.90,0,0.0100,0.00402,149.2
DQN_Double_PER_seed_2_1790611613,DQN_Double_PER,2,1958,102957,3.90,0,0.0100,0.00443,149.3
DQN_Double_PER_seed_2_1790611613,DQN_Double_PER,2,1959,103043,8.40,1,0.0100,0.00402,149.4
DQN_Double_PER_seed_2_1790611613,DQN_Double_PER,2,1960,103093,3.90,0,0.0100,0.00438,149.5
DQN_Double_PER_seed_2_1790611613,DQN_Double_PER,2,1961,103143,3.90,0,0.0100,0.00465,149.6
DQN_Double_PER_seed_2_1790611613,DQN_Double_PER,2,1962,103208,6.30,1,0.0100,0.00451,149.7
DQN_Double_PER_seed_2_1790611613,DQN_Double_PER,2,1963,103330,12.90,2,0.0100,0.00449,149.9
DQN_Double_PER_seed_2_1790611613,DQN_Double_PER,2,1964,103397,6.50,1,0.0100,0.00418,150.0
DQN_Double_PER_seed_2_1790611613,DQN_Double_PER,2,1965,103483,8.40,1,0.0100,0.00437,150.1
DQN_Double_PER_seed_2_1790611613,DQN_Double_PER,2,1966,103533,3.90,0,0.0100,0.00360,150.2
DQN_Double_PER_seed_2_1790611613,DQN_Double_PER,2,1967,103583,3.90,0,0.0100,0.00530,150.3
DQN_Double_PER_seed_2_1790611613,DQN_Double_PER,2,1968,103633,3.90,0,0.0100,0.00436,150.3
DQN_Double_PER_seed_2_1790611613,DQN_Double_PER,2,1969,103755,12.90,2,0.0100,0.00389,150.5
DQN_Double_PER_seed_2_1790611613,DQN_Double_PER,2,1970,103818,6.10,1,0.0100,0.00451,150.6
DQN_Double_PER_seed_2_1790611613,DQN_Double_PER,2,1971,103904,8.40,1,0.0100,0.00418,150.8
DQN_Double_PER_seed_2_1790611613,DQN_Double_PER,2,1972,103954,3.90,0,0.0100,0.00473,150.8
DQN_Double_PER_seed_2_1790611613,DQN_Double_PER,2,1973,104014,4.90,0,0.0100,0.00521,150.9
DQN_Double_PER_seed_2_1790611613,DQN_Double_PER,2,1974,104100,8.40,1,0.0100,0.00447,151.1
DQN_Double_PER_seed_2_1790611613,DQN_Double_PER,2,1975,104150,3.90,0,0.0100,0.00485,151.1
DQN_Double_PER_seed_2_1790611613,DQN_Double_PER,2,1976,104200,3.90,0,0.0100,0.00479,151.2
DQN_Double_PER_seed_2_1790611613,DQN_Double_PER,2,1977,104409,23.40,4,0.0100,0.00470,151.5
DQN_Double_PER_seed_2_1790611613,DQN_Double_PER,2,1978,104462,4.20,0,0.0100,0.00503,151.6
DQN_Double_PER_seed_2_1790611613,DQN_Double_PER,2,1979,104516,4.30,0,0.0100,0.00394,151.7
DQN_Double_PER_seed_2_1790611613,DQN_Double_PER,2,1980,104566,3.90,0,0.0100,0.00409,151.8
DQN_Double_PER_seed_2_1790611613,DQN_Double_PER,2,1981,104616,3.90,0,0.0100,0.00431,151.9
DQN_Double_PER_seed_2_1790611613,DQN_Double_PER,2,1982,104666,3.90,0,0.0100,0.00434,151.9
DQN_Double_PER_seed_2_1790611613,DQN_Double_PER,2,1983,104730,6.20,1,0.0100,0.00371,152.0
DQN_Double_PER_seed_2_1790611613,DQN_Double_PER,2,1984,104796,6.40,1,0.0100,0.00406,152.1
DQN_Double_PER_seed_2_1790611613,DQN_Double_PER,2,1985,104866,6.80,1,0.0100,0.00455,152.3
DQN_Double_PER_seed_2_1790611613,DQN_Double_PER,2,1986,104988,12.90,2,0.0100,0.00415,152.4
DQN_Double_PER_seed_2_1790611613,DQN_Double_PER,2,1987,105074,8.40,1,0.0100,0.00457,152.7
DQN_Double_PER_seed_2_1790611613,DQN_Double_PER,2,1988,105166,9.00,1,0.0100,0.00481,152.8
DQN_Double_PER_seed_2_1790611613,DQN_Double_PER,2,1989,105252,8.40,1,0.0100,0.00562,153.0
DQN_Double_PER_seed_2_1790611613,DQN_Double_PER,2,1990,105302,3.90,0,0.0100,0.00519,153.1
DQN_Double_PER_seed_2_1790611613,DQN_Double_PER,2,1991,105362,4.90,0,0.0100,0.00464,153.1
DQN_Double_PER_seed_2_1790611613,DQN_Double_PER,2,1992,105412,3.90,0,0.0100,0.00406,153.2
DQN_Double_PER_seed_2_1790611613,DQN_Double_PER,2,1993,105462,3.90,0,0.0100,0.00480,153.3
DQN_Double_PER_seed_2_1790611613,DQN_Double_PER,2,1994,105512,3.90,0,0.0100,0.00526,153.4
DQN_Double_PER_seed_2_1790611613,DQN_Double_PER,2,1995,105598,8.40,1,0.0100,0.00448,153.5
DQN_Double_PER_seed_2_1790611613,DQN_Double_PER,2,1996,105648,3.90,0,0.0100,0.00385,153.6
DQN_Double_PER_seed_2_1790611613,DQN_Double_PER,2,1997,105734,8.40,1,0.0100,0.00473,153.7
DQN_Double_PER_seed_2_1790611613,DQN_Double_PER,2,1998,105820,8.40,1,0.0100,0.00544,153.9
DQN_Double_PER_seed_2_1790611613,DQN_Double_PER,2,1999,105909,8.70,1,0.0100,0.00509,154.0
DQN_Double_PER_seed_2_1790611613,DQN_Double_PER,2,2000,105995,8.40,1,0.0100,0.00441,154.1
DQN_Double_PER_seed_2_1790611613,DQN_Double_PER,2,2001,106081,8.40,1,0.0100,0.00440,154.3
DQN_Double_PER_seed_2_1790611613,DQN_Double_PER,2,2002,106167,8.40,1,0.0100,0.00470,154.4
DQN_Double_PER_seed_2_1790611613,DQN_Double_PER,2,2003,106217,3.90,0,0.0100,0.00356,154.5
DQN_Double_PER_seed_2_1790611613,DQN_Double_PER,2,2004,106268,4.00,0,0.0100,0.00405,154.6
DQN_Double_PER_seed_2_1790611613,DQN_Double_PER,2,2005,106354,8.40,1,0.0100,0.00480,154.7
DQN_Double_PER_seed_2_1790611613,DQN_Double_PER,2,2006,106404,3.90,0,0.0100,0.00484,154.8
DQN_Double_PER_seed_2_1790611613,DQN_Double_PER,2,2007,106463,4.80,0,0.0100,0.00541,154.9
DQN_Double_PER_seed_2_1790611613,DQN_Double_PER,2,2008,106513,3.90,0,0.0100,0.00564,154.9
DQN_Double_PER_seed_2_1790611613,DQN_Double_PER,2,2009,106568,4.40,0,0.0100,0.00454,155.0
DQN_Double_PER_seed_2_1790611613,DQN_Double_PER,2,2010,106654,8.40,1,0.0100,0.00462,155.2
DQN_Double_PER_seed_2_1790611613,DQN_Double_PER,2,2011,106724,6.80,1,0.0100,0.00489,155.3
DQN_Double_PER_seed_2_1790611613,DQN_Double_PER,2,2012,106810,8.40,1,0.0100,0.00459,155.4
DQN_Double_PER_seed_2_1790611613,DQN_Double_PER,2,2013,106896,8.40,1,0.0100,0.00458,155.5
DQN_Double_PER_seed_2_1790611613,DQN_Double_PER,2,2014,106946,3.90,0,0.0100,0.00505,155.6
DQN_Double_PER_seed_2_1790611613,DQN_Double_PER,2,2015,107032,8.40,1,0.0100,0.00536,155.7
DQN_Double_PER_seed_2_1790611613,DQN_Double_PER,2,2016,107082,3.90,0,0.0100,0.00438,155.8
DQN_Double_PER_seed_2_1790611613,DQN_Double_PER,2,2017,107132,3.90,0,0.0100,0.00515,155.9
DQN_Double_PER_seed_2_1790611613,DQN_Double_PER,2,2018,107182,3.90,0,0.0100,0.00512,156.0
DQN_Double_PER_seed_2_1790611613,DQN_Double_PER,2,2019,107232,3.90,0,0.0100,0.00445,156.1
DQN_Double_PER_seed_2_1790611613,DQN_Double_PER,2,2020,107318,8.40,1,0.0100,0.00464,156.2
DQN_Double_PER_seed_2_1790611613,DQN_Double_PER,2,2021,107386,6.60,1,0.0100,0.00579,156.3
DQN_Double_PER_seed_2_1790611613,DQN_Double_PER,2,2022,107446,4.90,0,0.0100,0.00484,156.4
DQN_Double_PER_seed_2_1790611613,DQN_Double_PER,2,2023,107497,4.00,0,0.0100,0.00459,156.5
DQN_Double_PER_seed_2_1790611613,DQN_Double_PER,2,2024,107547,3.90,0,0.0100,0.00448,156.6
DQN_Double_PER_seed_2_1790611613,DQN_Double_PER,2,2025,107607,4.90,0,0.0100,0.00562,156.6
DQN_Double_PER_seed_2_1790611613,DQN_Double_PER,2,2026,107672,6.30,1,0.0100,0.00518,156.7
DQN_Double_PER_seed_2_1790611613,DQN_Double_PER,2,2027,107758,8.40,1,0.0100,0.00528,156.9
DQN_Double_PER_seed_2_1790611613,DQN_Double_PER,2,2028,107808,3.90,0,0.0100,0.00410,157.0
DQN_Double_PER_seed_2_1790611613,DQN_Double_PER,2,2029,107894,8.40,1,0.0100,0.00435,157.1
DQN_Double_PER_seed_2_1790611613,DQN_Double_PER,2,2030,107944,3.90,0,0.0100,0.00435,157.2
DQN_Double_PER_seed_2_1790611613,DQN_Double_PER,2,2031,108004,4.90,0,0.0100,0.00467,157.3
DQN_Double_PER_seed_2_1790611613,DQN_Double_PER,2,2032,108073,6.70,1,0.0100,0.00463,157.4
DQN_Double_PER_seed_2_1790611613,DQN_Double_PER,2,2033,108161,8.60,1,0.0100,0.00512,157.5
DQN_Double_PER_seed_2_1790611613,DQN_Double_PER,2,2034,108211,3.90,0,0.0100,0.00569,157.6
DQN_Double_PER_seed_2_1790611613,DQN_Double_PER,2,2035,108297,8.40,1,0.0100,0.00561,157.7
DQN_Double_PER_seed_2_1790611613,DQN_Double_PER,2,2036,108348,4.00,0,0.0100,0.00531,157.8
DQN_Double_PER_seed_2_1790611613,DQN_Double_PER,2,2037,108403,4.40,0,0.0100,0.00446,157.9
DQN_Double_PER_seed_2_1790611613,DQN_Double_PER,2,2038,108453,3.90,0,0.0100,0.00541,158.0
DQN_Double_PER_seed_2_1790611613,DQN_Double_PER,2,2039,108508,4.40,0,0.0100,0.00498,158.1
DQN_Double_PER_seed_2_1790611613,DQN_Double_PER,2,2040,108594,8.40,1,0.0100,0.00458,158.2
DQN_Double_PER_seed_2_1790611613,DQN_Double_PER,2,2041,108644,3.90,0,0.0100,0.00582,158.3
DQN_Double_PER_seed_2_1790611613,DQN_Double_PER,2,2042,108730,8.40,1,0.0100,0.00498,158.4
DQN_Double_PER_seed_2_1790611613,DQN_Double_PER,2,2043,108781,4.00,0,0.0100,0.00474,158.5
DQN_Double_PER_seed_2_1790611613,DQN_Double_PER,2,2044,108903,12.90,2,0.0100,0.00515,158.7
DQN_Double_PER_seed_2_1790611613,DQN_Double_PER,2,2045,108967,6.20,1,0.0100,0.00534,158.8
DQN_Double_PER_seed_2_1790611613,DQN_Double_PER,2,2046,109017,3.90,0,0.0100,0.00454,158.9
DQN_Double_PER_seed_2_1790611613,DQN_Double_PER,2,2047,109081,6.20,1,0.0100,0.00522,159.0
DQN_Double_PER_seed_2_1790611613,DQN_Double_PER,2,2048,109134,4.20,0,0.0100,0.00478,159.0
DQN_Double_PER_seed_2_1790611613,DQN_Double_PER,2,2049,109184,3.90,0,0.0100,0.00516,159.1
DQN_Double_PER_seed_2_1790611613,DQN_Double_PER,2,2050,109234,3.90,0,0.0100,0.00631,159.2
DQN_Double_PER_seed_2_1790611613,DQN_Double_PER,2,2051,109320,8.40,1,0.0100,0.00548,159.3
DQN_Double_PER_seed_2_1790611613,DQN_Double_PER,2,2052,109376,4.50,0,0.0100,0.00602,159.4
DQN_Double_PER_seed_2_1790611613,DQN_Double_PER,2,2053,109431,4.40,0,0.0100,0.00540,159.5
DQN_Double_PER_seed_2_1790611613,DQN_Double_PER,2,2054,109491,4.90,0,0.0100,0.00555,159.6
DQN_Double_PER_seed_2_1790611613,DQN_Double_PER,2,2055,109577,8.40,1,0.0100,0.00562,159.7
DQN_Double_PER_seed_2_1790611613,DQN_Double_PER,2,2056,109635,4.70,0,0.0100,0.00559,159.8
DQN_Double_PER_seed_2_1790611613,DQN_Double_PER,2,2057,109727,9.00,1,0.0100,0.00501,160.0
DQN_Double_PER_seed_2_1790611613,DQN_Double_PER,2,2058,109818,8.90,1,0.0100,0.00525,160.1
DQN_Double_PER_seed_2_1790611613,DQN_Double_PER,2,2059,109877,4.80,0,0.0100,0.00568,160.2
DQN_Double_PER_seed_2_1790611613,DQN_Double_PER,2,2060,109927,3.90,0,0.0100,0.00486,160.3
DQN_Double_PER_seed_2_1790611613,DQN_Double_PER,2,2061,109977,3.90,0,0.0100,0.00622,160.4
DQN_Double_PER_seed_2_1790611613,DQN_Double_PER,2,2062,110033,4.50,0,0.0100,0.00611,160.5
DQN_Double_PER_seed_2_1790611613,DQN_Double_PER,2,2063,110083,3.90,0,0.0100,0.00637,160.6
DQN_Double_PER_seed_2_1790611613,DQN_Double_PER,2,2064,110169,8.40,1,0.0100,0.00598,160.8
DQN_Double_PER_seed_2_1790611613,DQN_Double_PER,2,2065,110224,4.40,0,0.0100,0.00568,160.8
DQN_Double_PER_seed_2_1790611613,DQN_Double_PER,2,2066,110285,5.00,1,0.0100,0.00637,160.9
DQN_Double_PER_seed_2_1790611613,DQN_Double_PER,2,2067,110338,4.20,0,0.0100,0.00861,161.0
DQN_Double_PER_seed_2_1790611613,DQN_Double_PER,2,2068,110424,8.40,1,0.0100,0.00558,161.2
DQN_Double_PER_seed_2_1790611613,DQN_Double_PER,2,2069,110474,3.90,0,0.0100,0.00649,161.2
DQN_Double_PER_seed_2_1790611613,DQN_Double_PER,2,2070,110527,4.20,0,0.0100,0.00659,161.3
DQN_Double_PER_seed_2_1790611613,DQN_Double_PER,2,2071,110580,4.20,0,0.0100,0.00681,161.4
DQN_Double_PER_seed_2_1790611613,DQN_Double_PER,2,2072,110630,3.90,0,0.0100,0.00624,161.5
DQN_Double_PER_seed_2_1790611613,DQN_Double_PER,2,2073,110680,3.90,0,0.0100,0.00560,161.6
DQN_Double_PER_seed_2_1790611613,DQN_Double_PER,2,2074,110730,3.90,0,0.0100,0.00660,161.6
DQN_Double_PER_seed_2_1790611613,DQN_Double_PER,2,2075,110852,12.90,2,0.0100,0.00548,161.8
DQN_Double_PER_seed_2_1790611613,DQN_Double_PER,2,2076,110941,8.70,1,0.0100,0.00626,162.0
DQN_Double_PER_seed_2_1790611613,DQN_Double_PER,2,2077,110991,3.90,0,0.0100,0.00578,162.0
DQN_Double_PER_seed_2_1790611613,DQN_Double_PER,2,2078,111043,4.10,0,0.0100,0.00567,162.1
DQN_Double_PER_seed_2_1790611613,DQN_Double_PER,2,2079,111100,4.60,0,0.0100,0.00526,162.2
DQN_Double_PER_seed_2_1790611613,DQN_Double_PER,2,2080,111170,6.80,1,0.0100,0.00683,162.3
DQN_Double_PER_seed_2_1790611613,DQN_Double_PER,2,2081,111225,4.40,0,0.0100,0.00554,162.4
DQN_Double_PER_seed_2_1790611613,DQN_Double_PER,2,2082,111316,8.90,1,0.0100,0.00627,162.6
DQN_Double_PER_seed_2_1790611613,DQN_Double_PER,2,2083,111367,4.00,0,0.0100,0.00560,162.6
DQN_Double_PER_seed_2_1790611613,DQN_Double_PER,2,2084,111420,4.20,0,0.0100,0.00645,162.7
DQN_Double_PER_seed_2_1790611613,DQN_Double_PER,2,2085,111525,11.20,2,0.0100,0.00656,162.9
DQN_Double_PER_seed_2_1790611613,DQN_Double_PER,2,2086,111616,8.90,1,0.0100,0.00524,163.0
DQN_Double_PER_seed_2_1790611613,DQN_Double_PER,2,2087,111702,8.40,1,0.0100,0.00526,163.2
DQN_Double_PER_seed_2_1790611613,DQN_Double_PER,2,2088,111752,3.90,0,0.0100,0.00619,163.2
DQN_Double_PER_seed_2_1790611613,DQN_Double_PER,2,2089,111885,14.00,3,0.0100,0.00642,163.5
DQN_Double_PER_seed_2_1790611613,DQN_Double_PER,2,2090,111935,3.90,0,0.0100,0.00598,163.5
DQN_Double_PER_seed_2_1790611613,DQN_Double_PER,2,2091,111997,6.00,1,0.0100,0.00631,163.6
DQN_Double_PER_seed_2_1790611613,DQN_Double_PER,2,2092,112050,4.20,0,0.0100,0.00616,163.7
DQN_Double_PER_seed_2_1790611613,DQN_Double_PER,2,2093,112172,12.90,2,0.0100,0.00611,163.9
DQN_Double_PER_seed_2_1790611613,DQN_Double_PER,2,2094,112231,4.80,0,0.0100,0.00528,164.0
DQN_Double_PER_seed_2_1790611613,DQN_Double_PER,2,2095,112284,4.20,0,0.0100,0.00724,164.1
DQN_Double_PER_seed_2_1790611613,DQN_Double_PER,2,2096,112338,4.30,0,0.0100,0.00540,164.2
DQN_Double_PER_seed_2_1790611613,DQN_Double_PER,2,2097,112396,4.70,0,0.0100,0.00624,164.3
DQN_Double_PER_seed_2_1790611613,DQN_Double_PER,2,2098,112486,8.80,1,0.0100,0.00585,164.4
DQN_Double_PER_seed_2_1790611613,DQN_Double_PER,2,2099,112539,4.20,0,0.0100,0.00480,164.5
DQN_Double_PER_seed_2_1790611613,DQN_Double_PER,2,2100,112589,3.90,0,0.0100,0.00595,164.6
DQN_Double_PER_seed_2_1790611613,DQN_Double_PER,2,2101,112643,4.30,0,0.0100,0.00682,164.6
DQN_Double_PER_seed_2_1790611613,DQN_Double_PER,2,2102,112765,12.90,2,0.0100,0.00596,164.8
DQN_Double_PER_seed_2_1790611613,DQN_Double_PER,2,2103,112822,4.60,0,0.0100,0.00689,164.9
DQN_Double_PER_seed_2_1790611613,DQN_Double_PER,2,2104,112908,8.40,1,0.0100,0.00596,165.1
DQN_Double_PER_seed_2_1790611613,DQN_Double_PER,2,2105,112973,6.30,1,0.0100,0.00642,165.2
DQN_Double_PER_seed_2_1790611613,DQN_Double_PER,2,2106,113213,27.40,5,0.0100,0.00621,165.5
DQN_Double_PER_seed_2_1790611613,DQN_Double_PER,2,2107,113276,6.10,1,0.0100,0.00616,165.6
DQN_Double_PER_seed_2_1790611613,DQN_Double_PER,2,2108,113340,6.20,1,0.0100,0.00652,165.7
DQN_Double_PER_seed_2_1790611613,DQN_Double_PER,2,2109,113396,4.50,0,0.0100,0.00595,165.8
DQN_Double_PER_seed_2_1790611613,DQN_Double_PER,2,2110,113490,9.20,1,0.0100,0.00606,166.0
DQN_Double_PER_seed_2_1790611613,DQN_Double_PER,2,2111,113558,6.60,1,0.0100,0.00671,166.1
DQN_Double_PER_seed_2_1790611613,DQN_Double_PER,2,2112,113623,6.30,1,0.0100,0.00627,166.2
DQN_Double_PER_seed_2_1790611613,DQN_Double_PER,2,2113,113685,6.00,1,0.0100,0.00782,166.3
DQN_Double_PER_seed_2_1790611613,DQN_Double_PER,2,2114,113738,4.20,0,0.0100,0.00577,166.4
DQN_Double_PER_seed_2_1790611613,DQN_Double_PER,2,2115,113801,6.10,1,0.0100,0.00614,166.5
DQN_Double_PER_seed_2_1790611613,DQN_Double_PER,2,2116,113866,6.30,1,0.0100,0.00595,166.6
DQN_Double_PER_seed_2_1790611613,DQN_Double_PER,2,2117,113952,8.40,1,0.0100,0.00571,166.7
DQN_Double_PER_seed_2_1790611613,DQN_Double_PER,2,2118,114005,4.20,0,0.0100,0.00642,166.8
DQN_Double_PER_seed_2_1790611613,DQN_Double_PER,2,2119,114091,8.40,1,0.0100,0.00573,166.9
DQN_Double_PER_seed_2_1790611613,DQN_Double_PER,2,2120,114181,8.80,1,0.0100,0.00664,167.1
DQN_Double_PER_seed_2_1790611613,DQN_Double_PER,2,2121,114231,3.90,0,0.0100,0.00782,167.1
DQN_Double_PER_seed_2_1790611613,DQN_Double_PER,2,2122,114281,3.90,0,0.0100,0.00554,167.2
DQN_Double_PER_seed_2_1790611613,DQN_Double_PER,2,2123,114339,4.70,0,0.0100,0.00521,167.3
DQN_Double_PER_seed_2_1790611613,DQN_Double_PER,2,2124,114403,6.20,1,0.0100,0.00672,167.4
DQN_Double_PER_seed_2_1790611613,DQN_Double_PER,2,2125,114525,12.90,2,0.0100,0.00657,167.6
DQN_Double_PER_seed_2_1790611613,DQN_Double_PER,2,2126,114580,4.40,0,0.0100,0.00765,167.7
DQN_Double_PER_seed_2_1790611613,DQN_Double_PER,2,2127,114630,3.90,0,0.0100,0.00781,167.8
DQN_Double_PER_seed_2_1790611613,DQN_Double_PER,2,2128,114696,6.40,1,0.0100,0.00624,167.9
DQN_Double_PER_seed_2_1790611613,DQN_Double_PER,2,2129,114818,12.90,2,0.0100,0.00569,168.1
DQN_Double_PER_seed_2_1790611613,DQN_Double_PER,2,2130,114940,12.90,2,0.0100,0.00649,168.3
DQN_Double_PER_seed_2_1790611613,DQN_Double_PER,2,2131,115062,12.90,2,0.0100,0.00710,168.6
DQN_Double_PER_seed_2_1790611613,DQN_Double_PER,2,2132,115155,9.10,1,0.0100,0.00780,168.8
DQN_Double_PER_seed_2_1790611613,DQN_Double_PER,2,2133,115222,6.50,1,0.0100,0.00628,168.9
DQN_Double_PER_seed_2_1790611613,DQN_Double_PER,2,2134,115308,8.40,1,0.0100,0.00717,169.0
DQN_Double_PER_seed_2_1790611613,DQN_Double_PER,2,2135,115430,12.90,2,0.0100,0.00622,169.2
DQN_Double_PER_seed_2_1790611613,DQN_Double_PER,2,2136,115522,9.00,1,0.0100,0.00679,169.3
DQN_Double_PER_seed_2_1790611613,DQN_Double_PER,2,2137,115616,9.20,1,0.0100,0.00577,169.5
DQN_Double_PER_seed_2_1790611613,DQN_Double_PER,2,2138,115815,22.40,4,0.0100,0.00647,169.8
DQN_Double_PER_seed_2_1790611613,DQN_Double_PER,2,2139,115873,4.70,0,0.0100,0.00741,169.9
DQN_Double_PER_seed_2_1790611613,DQN_Double_PER,2,2140,115959,8.40,1,0.0100,0.00739,170.0
DQN_Double_PER_seed_2_1790611613,DQN_Double_PER,2,2141,116048,8.70,1,0.0100,0.00634,170.2
DQN_Double_PER_seed_2_1790611613,DQN_Double_PER,2,2142,116214,18.20,3,0.0100,0.00715,170.4
DQN_Double_PER_seed_2_1790611613,DQN_Double_PER,2,2143,116300,8.40,1,0.0100,0.00774,170.6
DQN_Double_PER_seed_2_1790611613,DQN_Double_PER,2,2144,116386,8.40,1,0.0100,0.00682,170.7
DQN_Double_PER_seed_2_1790611613,DQN_Double_PER,2,2145,116476,8.80,1,0.0100,0.00659,170.8
DQN_Double_PER_seed_2_1790611613,DQN_Double_PER,2,2146,116562,8.40,1,0.0100,0.00637,171.0
DQN_Double_PER_seed_2_1790611613,DQN_Double_PER,2,2147,116622,4.90,0,0.0100,0.00658,171.1
DQN_Double_PER_seed_2_1790611613,DQN_Double_PER,2,2148,116689,6.50,1,0.0100,0.00664,171.2
DQN_Double_PER_seed_2_1790611613,DQN_Double_PER,2,2149,116781,9.00,1,0.0100,0.00663,171.3
DQN_Double_PER_seed_2_1790611613,DQN_Double_PER,2,2150,116831,3.90,0,0.0100,0.00851,171.4
DQN_Double_PER_seed_2_1790611613,DQN_Double_PER,2,2151,116881,3.90,0,0.0100,0.00786,171.5
DQN_Double_PER_seed_2_1790611613,DQN_Double_PER,2,2152,116931,-4.50,0,0.0100,0.00684,171.6
DQN_Double_PER_seed_2_1790611613,DQN_Double_PER,2,2153,117025,9.20,1,0.0100,0.00707,171.7
DQN_Double_PER_seed_2_1790611613,DQN_Double_PER,2,2154,117090,6.30,1,0.0100,0.00785,171.8
DQN_Double_PER_seed_2_1790611613,DQN_Double_PER,2,2155,117259,18.50,3,0.0100,0.00734,172.1
DQN_Double_PER_seed_2_1790611613,DQN_Double_PER,2,2156,117345,8.40,1,0.0100,0.00777,172.2
DQN_Double_PER_seed_2_1790611613,DQN_Double_PER,2,2157,117404,4.80,0,0.0100,0.00578,172.3
DQN_Double_PER_seed_2_1790611613,DQN_Double_PER,2,2158,117526,12.90,2,0.0100,0.00710,172.5
DQN_Double_PER_seed_2_1790611613,DQN_Double_PER,2,2159,117591,6.30,1,0.0100,0.00686,172.6
DQN_Double_PER_seed_2_1790611613,DQN_Double_PER,2,2160,117677,8.40,1,0.0100,0.00732,172.7
DQN_Double_PER_seed_2_1790611613,DQN_Double_PER,2,2161,117763,8.40,1,0.0100,0.00682,172.9
DQN_Double_PER_seed_2_1790611613,DQN_Double_PER,2,2162,117813,3.90,0,0.0100,0.00826,172.9
DQN_Double_PER_seed_2_1790611613,DQN_Double_PER,2,2163,117910,9.50,2,0.0100,0.00727,173.1
DQN_Double_PER_seed_2_1790611613,DQN_Double_PER,2,2164,117966,4.50,0,0.0100,0.00810,173.2
DQN_Double_PER_seed_2_1790611613,DQN_Double_PER,2,2165,118101,15.10,3,0.0100,0.00827,173.4
DQN_Double_PER_seed_2_1790611613,DQN_Double_PER,2,2166,118227,13.30,2,0.0100,0.00792,173.6
DQN_Double_PER_seed_2_1790611613,DQN_Double_PER,2,2167,118277,3.90,0,0.0100,0.00830,173.7
DQN_Double_PER_seed_2_1790611613,DQN_Double_PER,2,2168,118333,4.50,0,0.0100,0.00901,173.8
DQN_Double_PER_seed_2_1790611613,DQN_Double_PER,2,2169,118389,4.50,0,0.0100,0.00908,173.9
DQN_Double_PER_seed_2_1790611613,DQN_Double_PER,2,2170,118458,6.70,1,0.0100,0.00742,174.0
DQN_Double_PER_seed_2_1790611613,DQN_Double_PER,2,2171,118547,8.70,1,0.0100,0.00881,174.1
DQN_Double_PER_seed_2_1790611613,DQN_Double_PER,2,2172,118645,10.50,2,0.0100,0.00737,174.3
DQN_Double_PER_seed_2_1790611613,DQN_Double_PER,2,2173,118710,6.30,1,0.0100,0.00777,174.4
DQN_Double_PER_seed_2_1790611613,DQN_Double_PER,2,2174,118778,6.60,1,0.0100,0.00688,174.5
DQN_Double_PER_seed_2_1790611613,DQN_Double_PER,2,2175,118865,8.50,1,0.0100,0.00802,174.6
DQN_Double_PER_seed_2_1790611613,DQN_Double_PER,2,2176,118935,6.80,1,0.0100,0.00679,174.7
DQN_Double_PER_seed_2_1790611613,DQN_Double_PER,2,2177,118997,6.00,1,0.0100,0.00861,174.8
DQN_Double_PER_seed_2_1790611613,DQN_Double_PER,2,2178,119054,4.60,0,0.0100,0.00940,174.9
DQN_Double_PER_seed_2_1790611613,DQN_Double_PER,2,2179,119113,4.80,0,0.0100,0.00795,175.0
DQN_Double_PER_seed_2_1790611613,DQN_Double_PER,2,2180,119170,4.60,0,0.0100,0.00751,175.1
DQN_Double_PER_seed_2_1790611613,DQN_Double_PER,2,2181,119230,4.90,0,0.0100,0.00814,175.2
DQN_Double_PER_seed_2_1790611613,DQN_Double_PER,2,2182,119321,8.90,1,0.0100,0.00909,175.3
DQN_Double_PER_seed_2_1790611613,DQN_Double_PER,2,2183,119384,6.10,1,0.0100,0.00794,175.4
DQN_Double_PER_seed_2_1790611613,DQN_Double_PER,2,2184,119470,8.40,1,0.0100,0.00798,175.6
DQN_Double_PER_seed_2_1790611613,DQN_Double_PER,2,2185,119536,6.40,1,0.0100,0.00839,175.7
DQN_Double_PER_seed_2_1790611613,DQN_Double_PER,2,2186,119627,8.90,1,0.0100,0.00807,175.8
DQN_Double_PER_seed_2_1790611613,DQN_Double_PER,2,2187,119677,3.90,0,0.0100,0.00799,175.9
DQN_Double_PER_seed_2_1790611613,DQN_Double_PER,2,2188,119747,6.80,1,0.0100,0.00879,176.0
DQN_Double_PER_seed_2_1790611613,DQN_Double_PER,2,2189,119815,6.60,1,0.0100,0.00883,176.1
DQN_Double_PER_seed_2_1790611613,DQN_Double_PER,2,2190,119937,12.90,2,0.0100,0.00904,176.3
DQN_Double_PER_seed_2_1790611613,DQN_Double_PER,2,2191,120005,6.60,1,0.0100,0.00890,176.5
DQN_Double_PER_seed_2_1790611613,DQN_Double_PER,2,2192,120091,8.40,1,0.0100,0.00824,176.7
DQN_Double_PER_seed_2_1790611613,DQN_Double_PER,2,2193,120260,18.50,3,0.0100,0.00797,176.9
DQN_Double_PER_seed_2_1790611613,DQN_Double_PER,2,2194,120346,8.40,1,0.0100,0.00767,177.1
DQN_Double_PER_seed_2_1790611613,DQN_Double_PER,2,2195,120468,12.90,2,0.0100,0.00854,177.3
DQN_Double_PER_seed_2_1790611613,DQN_Double_PER,2,2196,120537,6.70,1,0.0100,0.00865,177.4
DQN_Double_PER_seed_2_1790611613,DQN_Double_PER,2,2197,120592,4.40,0,0.0100,0.00815,177.4
DQN_Double_PER_seed_2_1790611613,DQN_Double_PER,2,2198,120688,9.40,1,0.0100,0.00908,177.6
DQN_Double_PER_seed_2_1790611613,DQN_Double_PER,2,2199,120774,8.40,1,0.0100,0.00974,177.7
DQN_Double_PER_seed_2_1790611613,DQN_Double_PER,2,2200,120824,3.90,0,0.0100,0.00951,177.8
DQN_Double_PER_seed_2_1790611613,DQN_Double_PER,2,2201,120874,3.90,0,0.0100,0.00984,177.9
DQN_Double_PER_seed_2_1790611613,DQN_Double_PER,2,2202,120960,8.40,1,0.0100,0.00792,178.0
DQN_Double_PER_seed_2_1790611613,DQN_Double_PER,2,2203,121046,8.40,1,0.0100,0.00894,178.2
DQN_Double_PER_seed_2_1790611613,DQN_Double_PER,2,2204,121132,8.40,1,0.0100,0.00782,178.3
DQN_Double_PER_seed_2_1790611613,DQN_Double_PER,2,2205,121218,8.40,1,0.0100,0.00733,178.4
DQN_Double_PER_seed_2_1790611613,DQN_Double_PER,2,2206,121268,3.90,0,0.0100,0.00757,178.5
DQN_Double_PER_seed_2_1790611613,DQN_Double_PER,2,2207,121476,23.30,4,0.0100,0.00718,178.8
DQN_Double_PER_seed_2_1790611613,DQN_Double_PER,2,2208,121526,3.90,0,0.0100,0.00669,178.9
DQN_Double_PER_seed_2_1790611613,DQN_Double_PER,2,2209,121576,3.90,0,0.0100,0.00761,179.0
DQN_Double_PER_seed_2_1790611613,DQN_Double_PER,2,2210,121662,8.40,1,0.0100,0.00758,179.1
DQN_Double_PER_seed_2_1790611613,DQN_Double_PER,2,2211,121748,8.40,1,0.0100,0.00746,179.3
DQN_Double_PER_seed_2_1790611613,DQN_Double_PER,2,2212,121807,4.80,0,0.0100,0.00782,179.4
DQN_Double_PER_seed_2_1790611613,DQN_Double_PER,2,2213,121893,8.40,1,0.0100,0.00833,179.5
DQN_Double_PER_seed_2_1790611613,DQN_Double_PER,2,2214,122056,17.90,3,0.0100,0.00845,179.8
DQN_Double_PER_seed_2_1790611613,DQN_Double_PER,2,2215,122255,22.40,4,0.0100,0.00750,180.1
DQN_Double_PER_seed_2_1790611613,DQN_Double_PER,2,2216,122341,8.40,1,0.0100,0.00702,180.2
DQN_Double_PER_seed_2_1790611613,DQN_Double_PER,2,2217,122391,3.90,0,0.0100,0.00802,180.3
DQN_Double_PER_seed_2_1790611613,DQN_Double_PER,2,2218,122477,8.40,1,0.0100,0.00740,180.4
DQN_Double_PER_seed_2_1790611613,DQN_Double_PER,2,2219,122563,8.40,1,0.0100,0.00836,180.6
DQN_Double_PER_seed_2_1790611613,DQN_Double_PER,2,2220,122649,8.40,1,0.0100,0.00780,180.7
DQN_Double_PER_seed_2_1790611613,DQN_Double_PER,2,2221,122735,8.40,1,0.0100,0.00869,180.8
DQN_Double_PER_seed_2_1790611613,DQN_Double_PER,2,2222,122785,3.90,0,0.0100,0.00692,180.9
DQN_Double_PER_seed_2_1790611613,DQN_Double_PER,2,2223,122871,8.40,1,0.0100,0.00784,181.1
DQN_Double_PER_seed_2_1790611613,DQN_Double_PER,2,2224,122957,8.40,1,0.0100,0.00814,181.2
DQN_Double_PER_seed_2_1790611613,DQN_Double_PER,2,2225,123192,26.90,5,0.0100,0.00748,181.6
DQN_Double_PER_seed_2_1790611613,DQN_Double_PER,2,2226,123278,8.40,1,0.0100,0.00739,181.7
DQN_Double_PER_seed_2_1790611613,DQN_Double_PER,2,2227,123364,8.40,1,0.0100,0.00792,181.8
DQN_Double_PER_seed_2_1790611613,DQN_Double_PER,2,2228,123461,9.50,2,0.0100,0.00804,182.0
DQN_Double_PER_seed_2_1790611613,DQN_Double_PER,2,2229,123696,26.90,5,0.0100,0.00810,182.4
DQN_Double_PER_seed_2_1790611613,DQN_Double_PER,2,2230,123782,8.40,1,0.0100,0.00906,182.5
DQN_Double_PER_seed_2_1790611613,DQN_Double_PER,2,2231,124065,32.60,6,0.0100,0.00805,182.9
DQN_Double_PER_seed_2_1790611613,DQN_Double_PER,2,2232,124151,8.40,1,0.0100,0.00877,183.1
DQN_Double_PER_seed_2_1790611613,DQN_Double_PER,2,2233,124237,8.40,1,0.0100,0.00907,183.2
DQN_Double_PER_seed_2_1790611613,DQN_Double_PER,2,2234,124296,4.80,0,0.0100,0.00853,183.3
DQN_Double_PER_seed_2_1790611613,DQN_Double_PER,2,2235,124346,3.90,0,0.0100,0.00914,183.4
DQN_Double_PER_seed_2_1790611613,DQN_Double_PER,2,2236,124434,8.60,1,0.0100,0.00809,183.5
DQN_Double_PER_seed_2_1790611613,DQN_Double_PER,2,2237,124520,8.40,1,0.0100,0.00836,183.7
DQN_Double_PER_seed_2_1790611613,DQN_Double_PER,2,2238,124606,8.40,1,0.0100,0.00903,183.8
DQN_Double_PER_seed_2_1790611613,DQN_Double_PER,2,2239,124656,3.90,0,0.0100,0.00775,183.9
DQN_Double_PER_seed_2_1790611613,DQN_Double_PER,2,2240,124778,12.90,2,0.0100,0.00763,184.1
DQN_Double_PER_seed_2_1790611613,DQN_Double_PER,2,2241,124864,8.40,1,0.0100,0.00721,184.2
DQN_Double_PER_seed_2_1790611613,DQN_Double_PER,2,2242,124950,8.40,1,0.0100,0.00861,184.3
DQN_Double_PER_seed_2_1790611613,DQN_Double_PER,2,2243,125000,3.90,0,0.0100,0.00828,184.4
DQN_Double_PER_seed_2_1790611613,DQN_Double_PER,2,2244,125086,8.40,1,0.0100,0.00843,184.7
DQN_Double_PER_seed_2_1790611613,DQN_Double_PER,2,2245,125172,8.40,1,0.0100,0.00756,184.9
DQN_Double_PER_seed_2_1790611613,DQN_Double_PER,2,2246,125258,8.40,1,0.0100,0.00670,185.0
DQN_Double_PER_seed_2_1790611613,DQN_Double_PER,2,2247,125344,8.40,1,0.0100,0.00829,185.1
DQN_Double_PER_seed_2_1790611613,DQN_Double_PER,2,2248,125430,8.40,1,0.0100,0.00773,185.3
DQN_Double_PER_seed_2_1790611613,DQN_Double_PER,2,2249,125516,8.40,1,0.0100,0.00869,185.4
DQN_Double_PER_seed_2_1790611613,DQN_Double_PER,2,2250,125638,12.90,2,0.0100,0.00693,185.6
DQN_Double_PER_seed_2_1790611613,DQN_Double_PER,2,2251,125837,22.40,4,0.0100,0.00778,185.9
DQN_Double_PER_seed_2_1790611613,DQN_Double_PER,2,2252,125923,8.40,1,0.0100,0.00784,186.1
DQN_Double_PER_seed_2_1790611613,DQN_Double_PER,2,2253,126086,17.90,3,0.0100,0.00790,186.3
DQN_Double_PER_seed_2_1790611613,DQN_Double_PER,2,2254,126172,8.40,1,0.0100,0.00741,186.5
DQN_Double_PER_seed_2_1790611613,DQN_Double_PER,2,2255,126353,20.60,4,0.0100,0.00769,186.7
DQN_Double_PER_seed_2_1790611613,DQN_Double_PER,2,2256,126442,8.70,1,0.0100,0.00746,186.9
DQN_Double_PER_seed_2_1790611613,DQN_Double_PER,2,2257,126564,12.90,2,0.0100,0.00772,187.1
DQN_Double_PER_seed_2_1790611613,DQN_Double_PER,2,2258,126763,22.40,4,0.0100,0.00740,187.4
DQN_Double_PER_seed_2_1790611613,DQN_Double_PER,2,2259,126962,22.40,4,0.0100,0.00706,187.7
DQN_Double_PER_seed_2_1790611613,DQN_Double_PER,2,2260,127125,17.90,3,0.0100,0.00781,188.0
DQN_Double_PER_seed_2_1790611613,DQN_Double_PER,2,2261,127211,8.40,1,0.0100,0.00919,188.1
DQN_Double_PER_seed_2_1790611613,DQN_Double_PER,2,2262,127297,8.40,1,0.0100,0.00886,188.2
DQN_Double_PER_seed_2_1790611613,DQN_Double_PER,2,2263,127364,6.50,1,0.0100,0.00940,188.4
DQN_Double_PER_seed_2_1790611613,DQN_Double_PER,2,2264,127420,4.50,0,0.0100,0.00802,188.4
DQN_Double_PER_seed_2_1790611613,DQN_Double_PER,2,2265,127506,8.40,1,0.0100,0.00875,188.6
DQN_Double_PER_seed_2_1790611613,DQN_Double_PER,2,2266,127592,8.40,1,0.0100,0.00893,188.7
DQN_Double_PER_seed_2_1790611613,DQN_Double_PER,2,2267,127678,8.40,1,0.0100,0.00767,188.9
DQN_Double_PER_seed_2_1790611613,DQN_Double_PER,2,2268,127812,15.00,3,0.0100,0.00770,189.1
DQN_Double_PER_seed_2_1790611613,DQN_Double_PER,2,2269,127862,3.90,0,0.0100,0.00807,189.1
DQN_Double_PER_seed_2_1790611613,DQN_Double_PER,2,2270,127948,8.40,1,0.0100,0.00758,189.3
DQN_Double_PER_seed_2_1790611613,DQN_Double_PER,2,2271,128034,8.40,1,0.0100,0.00881,189.4
DQN_Double_PER_seed_2_1790611613,DQN_Double_PER,2,2272,128120,8.40,1,0.0100,0.00732,189.6
DQN_Double_PER_seed_2_1790611613,DQN_Double_PER,2,2273,128206,8.40,1,0.0100,0.00827,189.7
DQN_Double_PER_seed_2_1790611613,DQN_Double_PER,2,2274,128256,3.90,0,0.0100,0.00901,189.8
DQN_Double_PER_seed_2_1790611613,DQN_Double_PER,2,2275,128342,8.40,1,0.0100,0.00735,189.9
DQN_Double_PER_seed_2_1790611613,DQN_Double_PER,2,2276,128428,8.40,1,0.0100,0.00838,190.1
DQN_Double_PER_seed_2_1790611613,DQN_Double_PER,2,2277,128514,8.40,1,0.0100,0.00750,190.2
DQN_Double_PER_seed_2_1790611613,DQN_Double_PER,2,2278,128600,8.40,1,0.0100,0.00830,190.3
DQN_Double_PER_seed_2_1790611613,DQN_Double_PER,2,2279,128686,8.40,1,0.0100,0.00858,190.5
DQN_Double_PER_seed_2_1790611613,DQN_Double_PER,2,2280,128737,4.00,0,0.0100,0.00757,190.5
DQN_Double_PER_seed_2_1790611613,DQN_Double_PER,2,2281,128823,8.40,1,0.0100,0.00814,190.7
DQN_Double_PER_seed_2_1790611613,DQN_Double_PER,2,2282,128909,8.40,1,0.0100,0.00773,190.8
DQN_Double_PER_seed_2_1790611613,DQN_Double_PER,2,2283,129108,22.40,4,0.0100,0.00747,191.1
DQN_Double_PER_seed_2_1790611613,DQN_Double_PER,2,2284,129194,8.40,1,0.0100,0.00943,191.3
DQN_Double_PER_seed_2_1790611613,DQN_Double_PER,2,2285,129280,8.40,1,0.0100,0.00784,191.4
DQN_Double_PER_seed_2_1790611613,DQN_Double_PER,2,2286,129479,22.40,4,0.0100,0.00799,191.7
DQN_Double_PER_seed_2_1790611613,DQN_Double_PER,2,2287,129565,8.40,1,0.0100,0.00947,191.9
DQN_Double_PER_seed_2_1790611613,DQN_Double_PER,2,2288,129632,6.50,1,0.0100,0.00873,192.0
DQN_Double_PER_seed_2_1790611613,DQN_Double_PER,2,2289,129690,4.70,0,0.0100,0.00806,192.1
DQN_Double_PER_seed_2_1790611613,DQN_Double_PER,2,2290,129776,8.40,1,0.0100,0.00828,192.2
DQN_Double_PER_seed_2_1790611613,DQN_Double_PER,2,2291,129898,12.90,2,0.0100,0.00725,192.4
DQN_Double_PER_seed_2_1790611613,DQN_Double_PER,2,2292,129964,6.40,1,0.0100,0.00871,192.5
DQN_Double_PER_seed_2_1790611613,DQN_Double_PER,2,2293,130050,8.40,1,0.0100,0.00973,192.8
DQN_Double_PER_seed_2_1790611613,DQN_Double_PER,2,2294,130136,8.40,1,0.0100,0.00934,193.0
DQN_Double_PER_seed_2_1790611613,DQN_Double_PER,2,2295,130222,8.40,1,0.0100,0.00882,193.1
DQN_Double_PER_seed_2_1790611613,DQN_Double_PER,2,2296,130344,12.90,2,0.0100,0.00850,193.3
DQN_Double_PER_seed_2_1790611613,DQN_Double_PER,2,2297,130507,17.90,3,0.0100,0.00918,193.6
DQN_Double_PER_seed_2_1790611613,DQN_Double_PER,2,2298,130629,12.90,2,0.0100,0.00790,193.8
DQN_Double_PER_seed_2_1790611613,DQN_Double_PER,2,2299,130715,8.40,1,0.0100,0.00851,193.9
DQN_Double_PER_seed_2_1790611613,DQN_Double_PER,2,2300,130878,17.90,3,0.0100,0.00853,194.2
DQN_Double_PER_seed_2_1790611613,DQN_Double_PER,2,2301,130964,8.40,1,0.0100,0.00889,194.3
DQN_Double_PER_seed_2_1790611613,DQN_Double_PER,2,2302,131050,8.40,1,0.0100,0.00942,194.4
DQN_Double_PER_seed_2_1790611613,DQN_Double_PER,2,2303,131136,8.40,1,0.0100,0.00828,194.6
DQN_Double_PER_seed_2_1790611613,DQN_Double_PER,2,2304,131167,2.00,0,0.0100,0.00798,194.6
DQN_Double_PER_seed_2_1790611613,DQN_Double_PER,2,2305,131253,8.40,1,0.0100,0.00793,194.8
DQN_Double_PER_seed_2_1790611613,DQN_Double_PER,2,2306,131339,8.40,1,0.0100,0.00862,194.9
DQN_Double_PER_seed_2_1790611613,DQN_Double_PER,2,2307,131615,31.30,6,0.0100,0.00852,195.3
DQN_Double_PER_seed_2_1790611613,DQN_Double_PER,2,2308,131737,12.90,2,0.0100,0.00864,195.5
DQN_Double_PER_seed_2_1790611613,DQN_Double_PER,2,2309,132097,42.10,9,0.0100,0.00977,196.1
DQN_Double_PER_seed_2_1790611613,DQN_Double_PER,2,2310,132183,8.40,1,0.0100,0.00967,196.2
DQN_Double_PER_seed_2_1790611613,DQN_Double_PER,2,2311,132251,6.60,1,0.0100,0.00939,196.4
DQN_Double_PER_seed_2_1790611613,DQN_Double_PER,2,2312,132282,2.00,0,0.0100,0.01048,196.4
DQN_Double_PER_seed_2_1790611613,DQN_Double_PER,2,2313,132368,8.40,1,0.0100,0.00967,196.5
DQN_Double_PER_seed_2_1790611613,DQN_Double_PER,2,2314,132490,12.90,2,0.0100,0.01064,196.7
DQN_Double_PER_seed_2_1790611613,DQN_Double_PER,2,2315,132725,26.90,5,0.0100,0.00965,197.1
DQN_Double_PER_seed_2_1790611613,DQN_Double_PER,2,2316,132775,3.90,0,0.0100,0.00927,197.2
DQN_Double_PER_seed_2_1790611613,DQN_Double_PER,2,2317,132806,2.00,0,0.0100,0.01058,197.2
DQN_Double_PER_seed_2_1790611613,DQN_Double_PER,2,2318,132892,8.40,1,0.0100,0.00896,197.4
DQN_Double_PER_seed_2_1790611613,DQN_Double_PER,2,2319,133033,15.70,3,0.0100,0.00890,197.6
DQN_Double_PER_seed_2_1790611613,DQN_Double_PER,2,2320,133083,3.90,0,0.0100,0.00931,197.7
DQN_Double_PER_seed_2_1790611613,DQN_Double_PER,2,2321,133205,12.90,2,0.0100,0.01071,197.9
DQN_Double_PER_seed_2_1790611613,DQN_Double_PER,2,2322,133291,8.40,1,0.0100,0.01089,198.0
DQN_Double_PER_seed_2_1790611613,DQN_Double_PER,2,2323,133346,4.40,0,0.0100,0.00877,198.1
DQN_Double_PER_seed_2_1790611613,DQN_Double_PER,2,2324,133402,4.50,0,0.0100,0.01058,198.2
DQN_Double_PER_seed_2_1790611613,DQN_Double_PER,2,2325,133488,8.40,1,0.0100,0.00933,198.3
DQN_Double_PER_seed_2_1790611613,DQN_Double_PER,2,2326,133574,8.40,1,0.0100,0.01134,198.5
DQN_Double_PER_seed_2_1790611613,DQN_Double_PER,2,2327,133660,8.40,1,0.0100,0.00865,198.6
DQN_Double_PER_seed_2_1790611613,DQN_Double_PER,2,2328,133695,2.40,0,0.0100,0.00972,198.7
DQN_Double_PER_seed_2_1790611613,DQN_Double_PER,2,2329,133781,8.40,1,0.0100,0.00998,198.8
DQN_Double_PER_seed_2_1790611613,DQN_Double_PER,2,2330,133867,8.40,1,0.0100,0.01014,198.9
DQN_Double_PER_seed_2_1790611613,DQN_Double_PER,2,2331,133917,3.90,0,0.0100,0.01024,199.0
DQN_Double_PER_seed_2_1790611613,DQN_Double_PER,2,2332,134003,8.40,1,0.0100,0.01128,199.2
DQN_Double_PER_seed_2_1790611613,DQN_Double_PER,2,2333,134089,8.40,1,0.0100,0.00950,199.3
DQN_Double_PER_seed_2_1790611613,DQN_Double_PER,2,2334,134211,12.90,2,0.0100,0.01010,199.5
DQN_Double_PER_seed_2_1790611613,DQN_Double_PER,2,2335,134487,31.90,6,0.0100,0.00969,199.9
DQN_Double_PER_seed_2_1790611613,DQN_Double_PER,2,2336,134550,6.10,1,0.0100,0.00978,200.0
DQN_Double_PER_seed_2_1790611613,DQN_Double_PER,2,2337,134749,22.40,4,0.0100,0.00913,200.4
DQN_Double_PER_seed_2_1790611613,DQN_Double_PER,2,2338,134838,8.70,1,0.0100,0.00938,200.5
DQN_Double_PER_seed_2_1790611613,DQN_Double_PER,2,2339,135299,54.90,11,0.0100,0.00934,201.8
DQN_Double_PER_seed_2_1790611613,DQN_Double_PER,2,2340,135498,22.40,4,0.0100,0.01091,202.1
DQN_Double_PER_seed_2_1790611613,DQN_Double_PER,2,2341,135548,3.90,0,0.0100,0.00899,202.2
DQN_Double_PER_seed_2_1790611613,DQN_Double_PER,2,2342,135711,17.90,3,0.0100,0.00904,202.5
DQN_Double_PER_seed_2_1790611613,DQN_Double_PER,2,2343,135910,22.40,4,0.0100,0.00995,202.8
DQN_Double_PER_seed_2_1790611613,DQN_Double_PER,2,2344,135975,6.30,1,0.0100,0.00809,202.9
DQN_Double_PER_seed_2_1790611613,DQN_Double_PER,2,2345,136042,6.50,1,0.0100,0.01050,203.0
DQN_Double_PER_seed_2_1790611613,DQN_Double_PER,2,2346,136128,8.40,1,0.0100,0.01010,203.1
DQN_Double_PER_seed_2_1790611613,DQN_Double_PER,2,2347,136250,12.90,2,0.0100,0.01066,203.3
DQN_Double_PER_seed_2_1790611613,DQN_Double_PER,2,2348,136449,22.40,4,0.0100,0.00946,203.7
DQN_Double_PER_seed_2_1790611613,DQN_Double_PER,2,2349,136535,8.40,1,0.0100,0.00944,203.8
DQN_Double_PER_seed_2_1790611613,DQN_Double_PER,2,2350,136621,8.40,1,0.0100,0.00852,203.9
DQN_Double_PER_seed_2_1790611613,DQN_Double_PER,2,2351,136676,4.40,0,0.0100,0.00956,204.0
DQN_Double_PER_seed_2_1790611613,DQN_Double_PER,2,2352,136798,12.90,2,0.0100,0.01047,204.2
DQN_Double_PER_seed_2_1790611613,DQN_Double_PER,2,2353,136961,17.90,3,0.0100,0.01017,204.5
DQN_Double_PER_seed_2_1790611613,DQN_Double_PER,2,2354,137422,54.90,11,0.0100,0.01101,205.2
DQN_Double_PER_seed_2_1790611613,DQN_Double_PER,2,2355,137491,6.70,1,0.0100,0.01156,205.3
DQN_Double_PER_seed_2_1790611613,DQN_Double_PER,2,2356,137771,32.30,6,0.0100,0.01115,205.8
DQN_Double_PER_seed_2_1790611613,DQN_Double_PER,2,2357,137893,12.90,2,0.0100,0.01211,206.0
DQN_Double_PER_seed_2_1790611613,DQN_Double_PER,2,2358,137983,8.80,1,0.0100,0.01043,206.1
DQN_Double_PER_seed_2_1790611613,DQN_Double_PER,2,2359,138146,17.90,3,0.0100,0.01038,206.4
DQN_Double_PER_seed_2_1790611613,DQN_Double_PER,2,2360,138268,12.90,2,0.0100,0.01135,206.6
DQN_Double_PER_seed_2_1790611613,DQN_Double_PER,2,2361,138390,12.90,2,0.0100,0.01052,206.8
DQN_Double_PER_seed_2_1790611613,DQN_Double_PER,2,2362,138512,12.90,2,0.0100,0.01119,206.9
DQN_Double_PER_seed_2_1790611613,DQN_Double_PER,2,2363,138634,12.90,2,0.0100,0.01023,207.1
DQN_Double_PER_seed_2_1790611613,DQN_Double_PER,2,2364,139107,56.10,12,0.0100,0.01098,207.9
DQN_Double_PER_seed_2_1790611613,DQN_Double_PER,2,2365,139196,8.70,1,0.0100,0.01116,208.0
DQN_Double_PER_seed_2_1790611613,DQN_Double_PER,2,2366,139282,8.40,1,0.0100,0.01169,208.2
DQN_Double_PER_seed_2_1790611613,DQN_Double_PER,2,2367,139933,78.40,16,0.0100,0.01111,209.2
DQN_Double_PER_seed_2_1790611613,DQN_Double_PER,2,2368,139994,5.00,1,0.0100,0.01019,209.3
DQN_Double_PER_seed_2_1790611613,DQN_Double_PER,2,2369,140047,4.20,0,0.0100,0.01178,209.9
DQN_Double_PER_seed_2_1790611613,DQN_Double_PER,2,2370,140097,3.90,0,0.0100,0.01221,210.0
DQN_Double_PER_seed_2_1790611613,DQN_Double_PER,2,2371,140219,12.90,2,0.0100,0.01190,210.2
DQN_Double_PER_seed_2_1790611613,DQN_Double_PER,2,2372,140608,45.90,9,0.0100,0.01090,210.8
DQN_Double_PER_seed_2_1790611613,DQN_Double_PER,2,2373,140694,8.40,1,0.0100,0.01154,211.0
DQN_Double_PER_seed_2_1790611613,DQN_Double_PER,2,2374,140895,22.60,4,0.0100,0.01153,211.3
DQN_Double_PER_seed_2_1790611613,DQN_Double_PER,2,2375,141017,12.90,2,0.0100,0.01186,211.5
DQN_Double_PER_seed_2_1790611613,DQN_Double_PER,2,2376,141293,31.90,6,0.0100,0.01136,211.9
DQN_Double_PER_seed_2_1790611613,DQN_Double_PER,2,2377,141379,8.40,1,0.0100,0.01253,212.1
DQN_Double_PER_seed_2_1790611613,DQN_Double_PER,2,2378,141501,12.90,2,0.0100,0.01151,212.3
DQN_Double_PER_seed_2_1790611613,DQN_Double_PER,2,2379,141700,22.40,4,0.0100,0.01134,212.6
DQN_Double_PER_seed_2_1790611613,DQN_Double_PER,2,2380,141786,8.40,1,0.0100,0.01196,212.7
DQN_Double_PER_seed_2_1790611613,DQN_Double_PER,2,2381,141883,9.50,2,0.0100,0.01158,212.9
DQN_Double_PER_seed_2_1790611613,DQN_Double_PER,2,2382,142010,13.40,2,0.0100,0.01143,213.1
DQN_Double_PER_seed_2_1790611613,DQN_Double_PER,2,2383,142245,26.90,5,0.0100,0.01253,213.5
DQN_Double_PER_seed_2_1790611613,DQN_Double_PER,2,2384,142301,4.50,0,0.0100,0.01184,213.6
DQN_Double_PER_seed_2_1790611613,DQN_Double_PER,2,2385,142423,12.90,2,0.0100,0.01059,213.7
DQN_Double_PER_seed_2_1790611613,DQN_Double_PER,2,2386,142509,8.40,1,0.0100,0.00971,213.9
DQN_Double_PER_seed_2_1790611613,DQN_Double_PER,2,2387,142595,8.40,1,0.0100,0.01176,214.0
DQN_Double_PER_seed_2_1790611613,DQN_Double_PER,2,2388,142681,8.40,1,0.0100,0.01276,214.2
DQN_Double_PER_seed_2_1790611613,DQN_Double_PER,2,2389,142746,6.30,1,0.0100,0.01155,214.3
DQN_Double_PER_seed_2_1790611613,DQN_Double_PER,2,2390,142924,20.30,4,0.0100,0.01201,214.5
DQN_Double_PER_seed_2_1790611613,DQN_Double_PER,2,2391,143159,26.90,5,0.0100,0.01173,214.9
DQN_Double_PER_seed_2_1790611613,DQN_Double_PER,2,2392,143288,13.60,2,0.0100,0.01250,215.1
DQN_Double_PER_seed_2_1790611613,DQN_Double_PER,2,2393,143523,26.90,5,0.0100,0.01168,215.5
DQN_Double_PER_seed_2_1790611613,DQN_Double_PER,2,2394,143645,12.90,2,0.0100,0.01194,215.7
DQN_Double_PER_seed_2_1790611613,DQN_Double_PER,2,2395,143767,12.90,2,0.0100,0.01264,215.9
DQN_Double_PER_seed_2_1790611613,DQN_Double_PER,2,2396,144002,26.90,5,0.0100,0.01294,216.3
DQN_Double_PER_seed_2_1790611613,DQN_Double_PER,2,2397,144322,37.20,7,0.0100,0.01345,216.8
DQN_Double_PER_seed_2_1790611613,DQN_Double_PER,2,2398,144541,25.30,5,0.0100,0.01207,217.1
DQN_Double_PER_seed_2_1790611613,DQN_Double_PER,2,2399,144663,12.90,2,0.0100,0.01338,217.3
DQN_Double_PER_seed_2_1790611613,DQN_Double_PER,2,2400,144863,22.50,4,0.0100,0.01359,217.6
DQN_Double_PER_seed_2_1790611613,DQN_Double_PER,2,2401,144950,8.50,1,0.0100,0.01328,217.8
DQN_Double_PER_seed_2_1790611613,DQN_Double_PER,2,2402,145036,8.40,1,0.0100,0.01226,218.4
DQN_Double_PER_seed_2_1790611613,DQN_Double_PER,2,2403,145105,6.70,1,0.0100,0.01256,218.5
DQN_Double_PER_seed_2_1790611613,DQN_Double_PER,2,2404,145278,18.90,3,0.0100,0.01452,218.8
DQN_Double_PER_seed_2_1790611613,DQN_Double_PER,2,2405,145400,12.90,2,0.0100,0.01333,219.0
DQN_Double_PER_seed_2_1790611613,DQN_Double_PER,2,2406,145522,12.90,2,0.0100,0.01294,219.2
DQN_Double_PER_seed_2_1790611613,DQN_Double_PER,2,2407,145721,22.40,4,0.0100,0.01293,219.5
DQN_Double_PER_seed_2_1790611613,DQN_Double_PER,2,2408,145827,11.30,2,0.0100,0.01600,219.7
DQN_Double_PER_seed_2_1790611613,DQN_Double_PER,2,2409,145877,3.90,0,0.0100,0.01359,219.8
DQN_Double_PER_seed_2_1790611613,DQN_Double_PER,2,2410,146189,36.40,7,0.0100,0.01355,220.3
DQN_Double_PER_seed_2_1790611613,DQN_Double_PER,2,2411,146691,59.90,12,0.0100,0.01373,221.1
DQN_Double_PER_seed_2_1790611613,DQN_Double_PER,2,2412,146780,8.70,1,0.0100,0.01186,221.2
DQN_Double_PER_seed_2_1790611613,DQN_Double_PER,2,2413,146830,3.90,0,0.0100,0.01353,221.3
DQN_Double_PER_seed_2_1790611613,DQN_Double_PER,2,2414,147142,36.40,7,0.0100,0.01345,221.8
DQN_Double_PER_seed_2_1790611613,DQN_Double_PER,2,2415,147692,65.60,14,0.0100,0.01409,222.7
DQN_Double_PER_seed_2_1790611613,DQN_Double_PER,2,2416,147742,3.90,0,0.0100,0.01540,222.7
DQN_Double_PER_seed_2_1790611613,DQN_Double_PER,2,2417,147980,27.20,5,0.0100,0.01444,223.1
DQN_Double_PER_seed_2_1790611613,DQN_Double_PER,2,2418,148102,12.90,2,0.0100,0.01369,223.3
DQN_Double_PER_seed_2_1790611613,DQN_Double_PER,2,2419,148188,8.40,1,0.0100,0.01565,223.5
DQN_Double_PER_seed_2_1790611613,DQN_Double_PER,2,2420,148274,8.40,1,0.0100,0.01552,223.6
DQN_Double_PER_seed_2_1790611613,DQN_Double_PER,2,2421,148333,4.80,0,0.0100,0.01356,223.7
DQN_Double_PER_seed_2_1790611613,DQN_Double_PER,2,2422,148419,8.40,1,0.0100,0.01242,223.8
DQN_Double_PER_seed_2_1790611613,DQN_Double_PER,2,2423,148541,12.90,2,0.0100,0.01419,224.0
DQN_Double_PER_seed_2_1790611613,DQN_Double_PER,2,2424,148632,8.90,1,0.0100,0.01396,224.2
DQN_Double_PER_seed_2_1790611613,DQN_Double_PER,2,2425,148839,23.20,4,0.0100,0.01419,224.5
DQN_Double_PER_seed_2_1790611613,DQN_Double_PER,2,2426,148925,8.40,1,0.0100,0.01490,224.6
DQN_Double_PER_seed_2_1790611613,DQN_Double_PER,2,2427,149160,26.90,5,0.0100,0.01443,225.0
DQN_Double_PER_seed_2_1790611613,DQN_Double_PER,2,2428,149282,12.90,2,0.0100,0.01353,225.2
DQN_Double_PER_seed_2_1790611613,DQN_Double_PER,2,2429,149481,22.40,4,0.0100,0.01365,225.5
DQN_Double_PER_seed_2_1790611613,DQN_Double_PER,2,2430,149603,12.90,2,0.0100,0.01364,225.7
DQN_Double_PER_seed_2_1790611613,DQN_Double_PER,2,2431,149725,12.90,2,0.0100,0.01349,225.9
DQN_Double_PER_seed_2_1790611613,DQN_Double_PER,2,2432,149960,26.90,5,0.0100,0.01472,226.3
DQN_Double_PER_seed_2_1790611613,DQN_Double_PER,2,2433,150046,8.40,1,0.0100,0.01381,226.9
DQN_Double_PER_seed_2_1790611613,DQN_Double_PER,2,2434,150175,13.60,2,0.0100,0.01496,227.1
DQN_Double_PER_seed_2_1790611613,DQN_Double_PER,2,2435,150271,9.40,1,0.0100,0.01482,227.2
DQN_Double_PER_seed_2_1790611613,DQN_Double_PER,2,2436,150357,8.40,1,0.0100,0.01370,227.4
DQN_Double_PER_seed_2_1790611613,DQN_Double_PER,2,2437,150443,8.40,1,0.0100,0.01428,227.5
DQN_Double_PER_seed_2_1790611613,DQN_Double_PER,2,2438,150642,22.40,4,0.0100,0.01259,227.8
DQN_Double_PER_seed_2_1790611613,DQN_Double_PER,2,2439,150841,22.40,4,0.0100,0.01453,228.1
DQN_Double_PER_seed_2_1790611613,DQN_Double_PER,2,2440,151021,20.50,4,0.0100,0.01462,228.4
DQN_Double_PER_seed_2_1790611613,DQN_Double_PER,2,2441,151256,26.90,5,0.0100,0.01531,228.8
DQN_Double_PER_seed_2_1790611613,DQN_Double_PER,2,2442,151342,8.40,1,0.0100,0.01416,228.9
DQN_Double_PER_seed_2_1790611613,DQN_Double_PER,2,2443,151545,22.80,4,0.0100,0.01480,229.3
DQN_Double_PER_seed_2_1790611613,DQN_Double_PER,2,2444,151970,50.40,10,0.0100,0.01481,229.9
DQN_Double_PER_seed_2_1790611613,DQN_Double_PER,2,2445,152147,20.20,4,0.0100,0.01541,230.2
DQN_Double_PER_seed_2_1790611613,DQN_Double_PER,2,2446,152685,64.40,13,0.0100,0.01454,231.1
DQN_Double_PER_seed_2_1790611613,DQN_Double_PER,2,2447,153110,50.40,10,0.0100,0.01471,231.8
DQN_Double_PER_seed_2_1790611613,DQN_Double_PER,2,2448,153196,8.40,1,0.0100,0.01569,231.9
DQN_Double_PER_seed_2_1790611613,DQN_Double_PER,2,2449,153395,22.40,4,0.0100,0.01441,232.2
DQN_Double_PER_seed_2_1790611613,DQN_Double_PER,2,2450,153517,12.90,2,0.0100,0.01492,232.4
DQN_Double_PER_seed_2_1790611613,DQN_Double_PER,2,2451,153914,46.70,9,0.0100,0.01480,233.1
DQN_Double_PER_seed_2_1790611613,DQN_Double_PER,2,2452,154113,22.40,4,0.0100,0.01362,233.4
DQN_Double_PER_seed_2_1790611613,DQN_Double_PER,2,2453,154183,6.80,1,0.0100,0.01642,233.5
DQN_Double_PER_seed_2_1790611613,DQN_Double_PER,2,2454,154703,62.60,13,0.0100,0.01395,234.3
DQN_Double_PER_seed_2_1790611613,DQN_Double_PER,2,2455,154789,8.40,1,0.0100,0.01471,234.5
DQN_Double_PER_seed_2_1790611613,DQN_Double_PER,2,2456,154911,12.90,2,0.0100,0.01525,234.7
DQN_Double_PER_seed_2_1790611613,DQN_Double_PER,2,2457,155121,23.50,4,0.0100,0.01434,235.5
DQN_Double_PER_seed_2_1790611613,DQN_Double_PER,2,2458,155207,8.40,1,0.0100,0.01400,235.6
DQN_Double_PER_seed_2_1790611613,DQN_Double_PER,2,2459,155293,8.40,1,0.0100,0.01352,235.8
DQN_Double_PER_seed_2_1790611613,DQN_Double_PER,2,2460,155569,31.90,6,0.0100,0.01372,236.2
DQN_Double_PER_seed_2_1790611613,DQN_Double_PER,2,2461,156143,68.90,14,0.0100,0.01414,237.1
DQN_Double_PER_seed_2_1790611613,DQN_Double_PER,2,2462,156265,12.90,2,0.0100,0.01494,237.3
DQN_Double_PER_seed_2_1790611613,DQN_Double_PER,2,2463,156361,9.40,1,0.0100,0.01265,237.5
DQN_Double_PER_seed_2_1790611613,DQN_Double_PER,2,2464,156935,68.90,14,0.0100,0.01472,238.4
DQN_Double_PER_seed_2_1790611613,DQN_Double_PER,2,2465,157073,15.40,3,0.0100,0.01268,238.6
DQN_Double_PER_seed_2_1790611613,DQN_Double_PER,2,2466,157195,12.90,2,0.0100,0.01371,238.8
DQN_Double_PER_seed_2_1790611613,DQN_Double_PER,2,2467,157317,12.90,2,0.0100,0.01545,239.0
DQN_Double_PER_seed_2_1790611613,DQN_Double_PER,2,2468,157415,10.50,2,0.0100,0.01605,239.2
DQN_Double_PER_seed_2_1790611613,DQN_Double_PER,2,2469,157503,8.60,1,0.0100,0.01667,239.3
DQN_Double_PER_seed_2_1790611613,DQN_Double_PER,2,2470,157589,8.40,1,0.0100,0.01877,239.5
DQN_Double_PER_seed_2_1790611613,DQN_Double_PER,2,2471,157675,8.40,1,0.0100,0.01483,239.6
DQN_Double_PER_seed_2_1790611613,DQN_Double_PER,2,2472,157910,26.90,5,0.0100,0.01476,240.0
DQN_Double_PER_seed_2_1790611613,DQN_Double_PER,2,2473,158042,13.90,2,0.0100,0.01428,240.2
DQN_Double_PER_seed_2_1790611613,DQN_Double_PER,2,2474,158636,71.80,15,0.0100,0.01460,241.2
DQN_Double_PER_seed_2_1790611613,DQN_Double_PER,2,2475,158758,12.90,2,0.0100,0.01388,241.3
DQN_Double_PER_seed_2_1790611613,DQN_Double_PER,2,2476,158880,12.90,2,0.0100,0.01559,241.5
DQN_Double_PER_seed_2_1790611613,DQN_Double_PER,2,2477,159507,75.10,16,0.0100,0.01647,242.5
DQN_Double_PER_seed_2_1790611613,DQN_Double_PER,2,2478,159968,54.90,11,0.0100,0.01573,243.3
DQN_Double_PER_seed_2_1790611613,DQN_Double_PER,2,2479,160054,8.40,1,0.0100,0.01650,243.8
DQN_Double_PER_seed_2_1790611613,DQN_Double_PER,2,2480,160689,76.80,16,0.0100,0.01518,244.8
DQN_Double_PER_seed_2_1790611613,DQN_Double_PER,2,2481,160897,23.30,4,0.0100,0.01625,245.1
DQN_Double_PER_seed_2_1790611613,DQN_Double_PER,2,2482,161019,12.90,2,0.0100,0.01639,245.3
DQN_Double_PER_seed_2_1790611613,DQN_Double_PER,2,2483,161107,8.60,1,0.0100,0.01651,245.5
DQN_Double_PER_seed_2_1790611613,DQN_Double_PER,2,2484,161342,26.90,5,0.0100,0.01631,245.9
DQN_Double_PER_seed_2_1790611613,DQN_Double_PER,2,2485,161428,8.40,1,0.0100,0.01810,246.0
DQN_Double_PER_seed_2_1790611613,DQN_Double_PER,2,2486,161514,8.40,1,0.0100,0.01820,246.1
DQN_Double_PER_seed_2_1790611613,DQN_Double_PER,2,2487,161677,17.90,3,0.0100,0.01617,246.4
DQN_Double_PER_seed_2_1790611613,DQN_Double_PER,2,2488,161812,15.10,3,0.0100,0.01701,246.6
DQN_Double_PER_seed_2_1790611613,DQN_Double_PER,2,2489,161898,8.40,1,0.0100,0.01389,246.8
DQN_Double_PER_seed_2_1790611613,DQN_Double_PER,2,2490,161965,6.50,1,0.0100,0.01663,246.9
DQN_Double_PER_seed_2_1790611613,DQN_Double_PER,2,2491,162367,48.10,10,0.0100,0.01616,247.5
DQN_Double_PER_seed_2_1790611613,DQN_Double_PER,2,2492,162417,3.90,0,0.0100,0.01685,247.6
DQN_Double_PER_seed_2_1790611613,DQN_Double_PER,2,2493,162617,22.50,4,0.0100,0.01803,247.9
DQN_Double_PER_seed_2_1790611613,DQN_Double_PER,2,2494,162739,12.90,2,0.0100,0.01690,248.1
DQN_Double_PER_seed_2_1790611613,DQN_Double_PER,2,2495,162806,6.50,1,0.0100,0.01677,248.2
DQN_Double_PER_seed_2_1790611613,DQN_Double_PER,2,2496,163041,26.90,5,0.0100,0.01599,248.6
DQN_Double_PER_seed_2_1790611613,DQN_Double_PER,2,2497,163737,83.80,17,0.0100,0.01738,249.7
DQN_Double_PER_seed_2_1790611613,DQN_Double_PER,2,2498,163972,26.90,5,0.0100,0.01742,250.1
DQN_Double_PER_seed_2_1790611613,DQN_Double_PER,2,2499,164041,6.70,1,0.0100,0.01659,250.2
DQN_Double_PER_seed_2_1790611613,DQN_Double_PER,2,2500,164098,4.60,0,0.0100,0.01777,250.3
DQN_Double_PER_seed_2_1790611613,DQN_Double_PER,2,2501,164564,55.40,11,0.0100,0.01599,251.0
DQN_Double_PER_seed_2_1790611613,DQN_Double_PER,2,2502,165138,68.90,14,0.0100,0.01622,252.5
DQN_Double_PER_seed_2_1790611613,DQN_Double_PER,2,2503,165224,8.40,1,0.0100,0.01406,252.6
DQN_Double_PER_seed_2_1790611613,DQN_Double_PER,2,2504,165459,26.90,5,0.0100,0.01537,253.0
DQN_Double_PER_seed_2_1790611613,DQN_Double_PER,2,2505,165581,12.90,2,0.0100,0.01743,253.2
DQN_Double_PER_seed_2_1790611613,DQN_Double_PER,2,2506,165755,19.00,3,0.0100,0.01495,253.5
DQN_Double_PER_seed_2_1790611613,DQN_Double_PER,2,2507,165844,8.70,1,0.0100,0.01455,253.6
DQN_Double_PER_seed_2_1790611613,DQN_Double_PER,2,2508,166007,17.90,3,0.0100,0.01723,253.9
DQN_Double_PER_seed_2_1790611613,DQN_Double_PER,2,2509,166396,45.90,9,0.0100,0.01619,254.5
DQN_Double_PER_seed_2_1790611613,DQN_Double_PER,2,2510,166538,15.80,3,0.0100,0.01492,254.7
DQN_Double_PER_seed_2_1790611613,DQN_Double_PER,2,2511,167112,68.90,14,0.0100,0.01629,255.7
DQN_Double_PER_seed_2_1790611613,DQN_Double_PER,2,2512,167167,4.40,0,0.0100,0.01924,255.8
DQN_Double_PER_seed_2_1790611613,DQN_Double_PER,2,2513,167265,10.50,2,0.0100,0.01934,255.9
DQN_Double_PER_seed_2_1790611613,DQN_Double_PER,2,2514,167351,8.40,1,0.0100,0.01807,256.0
DQN_Double_PER_seed_2_1790611613,DQN_Double_PER,2,2515,167473,12.90,2,0.0100,0.01718,256.2
DQN_Double_PER_seed_2_1790611613,DQN_Double_PER,2,2516,167579,11.30,2,0.0100,0.01629,256.4
DQN_Double_PER_seed_2_1790611613,DQN_Double_PER,2,2517,167778,22.40,4,0.0100,0.01814,256.7
DQN_Double_PER_seed_2_1790611613,DQN_Double_PER,2,2518,168013,26.90,5,0.0100,0.01591,257.1
DQN_Double_PER_seed_2_1790611613,DQN_Double_PER,2,2519,168890,106.40,22,0.0100,0.01675,258.5
DQN_Double_PER_seed_2_1790611613,DQN_Double_PER,2,2520,169067,20.20,4,0.0100,0.01705,258.8
DQN_Double_PER_seed_2_1790611613,DQN_Double_PER,2,2521,169126,4.80,0,0.0100,0.01911,258.9
DQN_Double_PER_seed_2_1790611613,DQN_Double_PER,2,2522,169212,8.40,1,0.0100,0.01740,259.0
DQN_Double_PER_seed_2_1790611613,DQN_Double_PER,2,2523,169560,40.90,8,0.0100,0.01825,259.6
DQN_Double_PER_seed_2_1790611613,DQN_Double_PER,2,2524,169620,4.90,0,0.0100,0.01966,259.7
DQN_Double_PER_seed_2_1790611613,DQN_Double_PER,2,2525,169743,13.00,2,0.0100,0.01975,259.9
DQN_Double_PER_seed_2_1790611613,DQN_Double_PER,2,2526,169793,3.90,0,0.0100,0.01818,260.0
DQN_Double_PER_seed_2_1790611613,DQN_Double_PER,2,2527,170446,78.60,16,0.0100,0.01744,261.4
DQN_Double_PER_seed_2_1790611613,DQN_Double_PER,2,2528,170568,12.90,2,0.0100,0.01778,261.6
DQN_Double_PER_seed_2_1790611613,DQN_Double_PER,2,2529,170880,36.40,7,0.0100,0.01726,262.1
DQN_Double_PER_seed_2_1790611613,DQN_Double_PER,2,2530,171192,36.40,7,0.0100,0.01880,262.6
DQN_Double_PER_seed_2_1790611613,DQN_Double_PER,2,2531,171287,9.30,1,0.0100,0.01685,262.8
DQN_Double_PER_seed_2_1790611613,DQN_Double_PER,2,2532,171486,22.40,4,0.0100,0.01643,263.1
DQN_Double_PER_seed_2_1790611613,DQN_Double_PER,2,2533,171623,15.30,3,0.0100,0.01723,263.3
DQN_Double_PER_seed_2_1790611613,DQN_Double_PER,2,2534,171951,38.90,8,0.0100,0.01713,263.9
DQN_Double_PER_seed_2_1790611613,DQN_Double_PER,2,2535,172041,8.80,1,0.0100,0.01739,264.0
DQN_Double_PER_seed_2_1790611613,DQN_Double_PER,2,2536,172163,12.90,2,0.0100,0.01700,264.2
DQN_Double_PER_seed_2_1790611613,DQN_Double_PER,2,2537,172249,8.40,1,0.0100,0.01863,264.4
DQN_Double_PER_seed_2_1790611613,DQN_Double_PER,2,2538,172299,3.90,0,0.0100,0.01923,264.4
DQN_Double_PER_seed_2_1790611613,DQN_Double_PER,2,2539,172498,22.40,4,0.0100,0.01798,264.8
DQN_Double_PER_seed_2_1790611613,DQN_Double_PER,2,2540,172620,12.90,2,0.0100,0.01606,265.0
DQN_Double_PER_seed_2_1790611613,DQN_Double_PER,2,2541,173158,64.40,13,0.0100,0.01713,265.8
DQN_Double_PER_seed_2_1790611613,DQN_Double_PER,2,2542,173299,15.70,3,0.0100,0.01830,266.1
DQN_Double_PER_seed_2_1790611613,DQN_Double_PER,2,2543,173385,8.40,1,0.0100,0.01824,266.2
DQN_Double_PER_seed_2_1790611613,DQN_Double_PER,2,2544,173507,12.90,2,0.0100,0.01627,266.4
DQN_Double_PER_seed_2_1790611613,DQN_Double_PER,2,2545,173593,8.40,1,0.0100,0.01613,266.5
DQN_Double_PER_seed_2_1790611613,DQN_Double_PER,2,2546,173643,3.90,0,0.0100,0.01803,266.6
DQN_Double_PER_seed_2_1790611613,DQN_Double_PER,2,2547,173878,26.90,5,0.0100,0.01668,267.0
DQN_Double_PER_seed_2_1790611613,DQN_Double_PER,2,2548,174000,12.90,2,0.0100,0.02021,267.2
DQN_Double_PER_seed_2_1790611613,DQN_Double_PER,2,2549,174200,22.50,4,0.0100,0.01855,267.5
DQN_Double_PER_seed_2_1790611613,DQN_Double_PER,2,2550,174435,26.90,5,0.0100,0.01981,267.9
DQN_Double_PER_seed_2_1790611613,DQN_Double_PER,2,2551,174783,40.90,8,0.0100,0.01930,268.5
DQN_Double_PER_seed_2_1790611613,DQN_Double_PER,2,2552,174869,8.40,1,0.0100,0.01937,268.6
DQN_Double_PER_seed_2_1790611613,DQN_Double_PER,2,2553,174955,8.40,1,0.0100,0.01991,268.7
DQN_Double_PER_seed_2_1790611613,DQN_Double_PER,2,2554,175041,8.40,1,0.0100,0.01501,269.4
DQN_Double_PER_seed_2_1790611613,DQN_Double_PER,2,2555,175165,13.10,2,0.0100,0.02215,269.6
DQN_Double_PER_seed_2_1790611613,DQN_Double_PER,2,2556,175513,40.90,8,0.0100,0.01851,270.2
DQN_Double_PER_seed_2_1790611613,DQN_Double_PER,2,2557,175599,8.40,1,0.0100,0.02051,270.3
DQN_Double_PER_seed_2_1790611613,DQN_Double_PER,2,2558,175685,8.40,1,0.0100,0.01911,270.4
DQN_Double_PER_seed_2_1790611613,DQN_Double_PER,2,2559,175748,6.10,1,0.0100,0.02022,270.5
DQN_Double_PER_seed_2_1790611613,DQN_Double_PER,2,2560,176173,50.40,10,0.0100,0.01883,271.2
DQN_Double_PER_seed_2_1790611613,DQN_Double_PER,2,2561,176372,22.40,4,0.0100,0.01831,271.5
DQN_Double_PER_seed_2_1790611613,DQN_Double_PER,2,2562,176663,34.30,7,0.0100,0.01960,272.0
DQN_Double_PER_seed_2_1790611613,DQN_Double_PER,2,2563,176731,6.60,1,0.0100,0.01997,272.1
DQN_Double_PER_seed_2_1790611613,DQN_Double_PER,2,2564,177043,36.40,7,0.0100,0.01804,272.6
DQN_Double_PER_seed_2_1790611613,DQN_Double_PER,2,2565,177139,9.40,1,0.0100,0.01943,272.8
DQN_Double_PER_seed_2_1790611613,DQN_Double_PER,2,2566,177200,5.00,1,0.0100,0.01725,272.9
DQN_Double_PER_seed_2_1790611613,DQN_Double_PER,2,2567,177270,6.80,1,0.0100,0.02008,273.0
DQN_Double_PER_seed_2_1790611613,DQN_Double_PER,2,2568,177469,22.40,4,0.0100,0.02080,273.3
DQN_Double_PER_seed_2_1790611613,DQN_Double_PER,2,2569,177555,8.40,1,0.0100,0.02273,273.5
DQN_Double_PER_seed_2_1790611613,DQN_Double_PER,2,2570,177641,8.40,1,0.0100,0.01810,273.6
DQN_Double_PER_seed_2_1790611613,DQN_Double_PER,2,2571,177699,4.70,0,0.0100,0.02018,273.7
DQN_Double_PER_seed_2_1790611613,DQN_Double_PER,2,2572,177756,4.60,0,0.0100,0.01978,273.8
DQN_Double_PER_seed_2_1790611613,DQN_Double_PER,2,2573,177842,8.40,1,0.0100,0.02223,273.9
DQN_Double_PER_seed_2_1790611613,DQN_Double_PER,2,2574,178041,22.40,4,0.0100,0.01770,274.2
DQN_Double_PER_seed_2_1790611613,DQN_Double_PER,2,2575,178204,17.90,3,0.0100,0.01917,274.5
DQN_Double_PER_seed_2_1790611613,DQN_Double_PER,2,2576,178386,20.70,4,0.0100,0.02037,274.8
DQN_Double_PER_seed_2_1790611613,DQN_Double_PER,2,2577,178585,22.40,4,0.0100,0.01897,275.1
DQN_Double_PER_seed_2_1790611613,DQN_Double_PER,2,2578,178784,22.40,4,0.0100,0.01936,275.5
DQN_Double_PER_seed_2_1790611613,DQN_Double_PER,2,2579,178907,13.00,2,0.0100,0.01909,275.7
DQN_Double_PER_seed_2_1790611613,DQN_Double_PER,2,2580,178993,8.40,1,0.0100,0.01839,275.8
DQN_Double_PER_seed_2_1790611613,DQN_Double_PER,2,2581,179165,18.80,3,0.0100,0.02037,276.1
DQN_Double_PER_seed_2_1790611613,DQN_Double_PER,2,2582,179215,3.90,0,0.0100,0.02147,276.2
DQN_Double_PER_seed_2_1790611613,DQN_Double_PER,2,2583,179430,24.90,5,0.0100,0.01978,276.5
DQN_Double_PER_seed_2_1790611613,DQN_Double_PER,2,2584,179516,8.40,1,0.0100,0.02243,276.6
DQN_Double_PER_seed_2_1790611613,DQN_Double_PER,2,2585,179733,25.10,5,0.0100,0.02323,277.0
DQN_Double_PER_seed_2_1790611613,DQN_Double_PER,2,2586,179932,22.40,4,0.0100,0.02242,277.3
DQN_Double_PER_seed_2_1790611613,DQN_Double_PER,2,2587,180054,12.90,2,0.0100,0.02133,278.2
DQN_Double_PER_seed_2_1790611613,DQN_Double_PER,2,2588,180592,64.40,13,0.0100,0.02087,279.0
DQN_Double_PER_seed_2_1790611613,DQN_Double_PER,2,2589,180657,6.30,1,0.0100,0.02061,279.2
DQN_Double_PER_seed_2_1790611613,DQN_Double_PER,2,2590,180715,4.70,0,0.0100,0.02133,279.2
DQN_Double_PER_seed_2_1790611613,DQN_Double_PER,2,2591,180950,26.90,5,0.0100,0.01966,279.6
DQN_Double_PER_seed_2_1790611613,DQN_Double_PER,2,2592,181298,40.90,8,0.0100,0.02092,280.2
DQN_Double_PER_seed_2_1790611613,DQN_Double_PER,2,2593,181461,17.90,3,0.0100,0.02095,280.5
DQN_Double_PER_seed_2_1790611613,DQN_Double_PER,2,2594,181626,18.10,3,0.0100,0.02169,280.7
DQN_Double_PER_seed_2_1790611613,DQN_Double_PER,2,2595,181825,22.40,4,0.0100,0.02058,281.1
DQN_Double_PER_seed_2_1790611613,DQN_Double_PER,2,2596,181911,8.40,1,0.0100,0.02060,281.2
DQN_Double_PER_seed_2_1790611613,DQN_Double_PER,2,2597,182110,22.40,4,0.0100,0.02304,281.5
DQN_Double_PER_seed_2_1790611613,DQN_Double_PER,2,2598,182315,23.00,4,0.0100,0.02304,281.9
DQN_Double_PER_seed_2_1790611613,DQN_Double_PER,2,2599,182482,18.30,3,0.0100,0.02272,282.1
DQN_Double_PER_seed_2_1790611613,DQN_Double_PER,2,2600,182645,17.90,3,0.0100,0.02251,282.4
DQN_Double_PER_seed_2_1790611613,DQN_Double_PER,2,2601,182880,26.90,5,0.0100,0.02170,282.8
DQN_Double_PER_seed_2_1790611613,DQN_Double_PER,2,2602,182977,9.50,2,0.0100,0.02276,282.9
DQN_Double_PER_seed_2_1790611613,DQN_Double_PER,2,2603,183325,40.90,8,0.0100,0.02158,283.5
DQN_Double_PER_seed_2_1790611613,DQN_Double_PER,2,2604,183524,22.40,4,0.0100,0.02010,283.8
DQN_Double_PER_seed_2_1790611613,DQN_Double_PER,2,2605,184211,82.90,17,0.0100,0.01998,284.9
DQN_Double_PER_seed_2_1790611613,DQN_Double_PER,2,2606,184298,8.50,1,0.0100,0.01962,285.1
DQN_Double_PER_seed_2_1790611613,DQN_Double_PER,2,2607,184743,53.30,11,0.0100,0.02108,285.8
DQN_Double_PER_seed_2_1790611613,DQN_Double_PER,2,2608,184865,12.90,2,0.0100,0.02003,286.0
DQN_Double_PER_seed_2_1790611613,DQN_Double_PER,2,2609,184987,12.90,2,0.0100,0.01931,286.2
DQN_Double_PER_seed_2_1790611613,DQN_Double_PER,2,2610,185263,31.90,6,0.0100,0.02137,287.3
DQN_Double_PER_seed_2_1790611613,DQN_Double_PER,2,2611,185385,12.90,2,0.0100,0.01906,287.5
DQN_Double_PER_seed_2_1790611613,DQN_Double_PER,2,2612,185507,12.90,2,0.0100,0.02248,287.7
DQN_Double_PER_seed_2_1790611613,DQN_Double_PER,2,2613,185706,22.40,4,0.0100,0.02037,288.0
DQN_Double_PER_seed_2_1790611613,DQN_Double_PER,2,2614,185803,9.50,2,0.0100,0.01946,288.2
DQN_Double_PER_seed_2_1790611613,DQN_Double_PER,2,2615,185904,10.80,2,0.0100,0.01886,288.3
DQN_Double_PER_seed_2_1790611613,DQN_Double_PER,2,2616,186217,36.50,7,0.0100,0.02163,288.8
DQN_Double_PER_seed_2_1790611613,DQN_Double_PER,2,2617,186539,37.40,7,0.0100,0.02144,289.4
DQN_Double_PER_seed_2_1790611613,DQN_Double_PER,2,2618,186979,52.80,11,0.0100,0.02075,290.1
DQN_Double_PER_seed_2_1790611613,DQN_Double_PER,2,2619,187481,59.90,12,0.0100,0.02189,290.9
DQN_Double_PER_seed_2_1790611613,DQN_Double_PER,2,2620,187727,28.00,5,0.0100,0.02212,291.3
DQN_Double_PER_seed_2_1790611613,DQN_Double_PER,2,2621,187969,27.60,5,0.0100,0.01904,291.7
DQN_Double_PER_seed_2_1790611613,DQN_Double_PER,2,2622,188092,13.00,2,0.0100,0.02339,291.9
DQN_Double_PER_seed_2_1790611613,DQN_Double_PER,2,2623,188197,11.20,2,0.0100,0.02428,292.1
DQN_Double_PER_seed_2_1790611613,DQN_Double_PER,2,2624,189074,106.40,22,0.0100,0.02225,293.5
DQN_Double_PER_seed_2_1790611613,DQN_Double_PER,2,2625,189422,40.90,8,0.0100,0.02171,294.0
DQN_Double_PER_seed_2_1790611613,DQN_Double_PER,2,2626,189716,34.60,7,0.0100,0.02144,294.5
DQN_Double_PER_seed_2_1790611613,DQN_Double_PER,2,2627,189766,3.90,0,0.0100,0.02043,294.6
DQN_Double_PER_seed_2_1790611613,DQN_Double_PER,2,2628,190078,36.40,7,0.0100,0.02253,297.9
DQN_Double_PER_seed_2_1790611613,DQN_Double_PER,2,2629,191104,124.90,26,0.0100,0.02133,299.5
DQN_Double_PER_seed_2_1790611613,DQN_Double_PER,2,2630,191572,55.60,11,0.0100,0.02232,300.3
DQN_Double_PER_seed_2_1790611613,DQN_Double_PER,2,2631,191658,8.40,1,0.0100,0.02011,300.5
DQN_Double_PER_seed_2_1790611613,DQN_Double_PER,2,2632,192007,41.00,8,0.0100,0.02395,301.0
DQN_Double_PER_seed_2_1790611613,DQN_Double_PER,2,2633,192170,17.90,3,0.0100,0.02176,301.3
DQN_Double_PER_seed_2_1790611613,DQN_Double_PER,2,2634,192672,59.90,12,0.0100,0.02304,302.1
DQN_Double_PER_seed_2_1790611613,DQN_Double_PER,2,2635,192883,23.60,5,0.0100,0.02280,302.4
DQN_Double_PER_seed_2_1790611613,DQN_Double_PER,2,2636,192987,11.10,2,0.0100,0.02346,302.6
DQN_Double_PER_seed_2_1790611613,DQN_Double_PER,2,2637,193037,3.90,0,0.0100,0.02279,302.7
DQN_Double_PER_seed_2_1790611613,DQN_Double_PER,2,2638,193159,12.90,2,0.0100,0.02263,302.9
DQN_Double_PER_seed_2_1790611613,DQN_Double_PER,2,2639,193245,8.40,1,0.0100,0.02158,303.0
DQN_Double_PER_seed_2_1790611613,DQN_Double_PER,2,2640,193370,13.20,2,0.0100,0.02046,303.2
DQN_Double_PER_seed_2_1790611613,DQN_Double_PER,2,2641,193697,38.80,8,0.0100,0.02218,303.8
DQN_Double_PER_seed_2_1790611613,DQN_Double_PER,2,2642,193906,23.40,4,0.0100,0.02266,304.1
DQN_Double_PER_seed_2_1790611613,DQN_Double_PER,2,2643,194480,68.90,14,0.0100,0.02381,305.0
DQN_Double_PER_seed_2_1790611613,DQN_Double_PER,2,2644,194545,6.30,1,0.0100,0.02088,305.1
DQN_Double_PER_seed_2_1790611613,DQN_Double_PER,2,2645,194642,9.50,2,0.0100,0.02284,305.3
DQN_Double_PER_seed_2_1790611613,DQN_Double_PER,2,2646,195200,67.30,14,0.0100,0.02298,309.1
DQN_Double_PER_seed_2_1790611613,DQN_Double_PER,2,2647,195297,9.50,2,0.0100,0.02339,309.3
DQN_Double_PER_seed_2_1790611613,DQN_Double_PER,2,2648,195460,17.90,3,0.0100,0.02716,309.5
DQN_Double_PER_seed_2_1790611613,DQN_Double_PER,2,2649,195586,13.30,2,0.0100,0.02451,309.7
DQN_Double_PER_seed_2_1790611613,DQN_Double_PER,2,2650,196362,93.60,20,0.0100,0.02445,311.0
DQN_Double_PER_seed_2_1790611613,DQN_Double_PER,2,2651,196883,62.70,13,0.0100,0.02341,311.8
DQN_Double_PER_seed_2_1790611613,DQN_Double_PER,2,2652,197122,27.30,5,0.0100,0.02263,312.2
DQN_Double_PER_seed_2_1790611613,DQN_Double_PER,2,2653,197637,62.10,13,0.0100,0.02385,313.1
DQN_Double_PER_seed_2_1790611613,DQN_Double_PER,2,2654,198118,57.80,12,0.0100,0.02288,313.8
DQN_Double_PER_seed_2_1790611613,DQN_Double_PER,2,2655,198240,12.90,2,0.0100,0.02513,314.0
DQN_Double_PER_seed_2_1790611613,DQN_Double_PER,2,2656,198342,10.90,2,0.0100,0.02174,314.2
DQN_Double_PER_seed_2_1790611613,DQN_Double_PER,2,2657,198862,62.60,13,0.0100,0.02343,315.0
DQN_Double_PER_seed_2_1790611613,DQN_Double_PER,2,2658,199061,22.40,4,0.0100,0.02085,315.4
DQN_Double_PER_seed_2_1790611613,DQN_Double_PER,2,2659,199147,8.40,1,0.0100,0.02160,315.5
DQN_Double_PER_seed_2_1790611613,DQN_Double_PER,2,2660,199358,23.60,5,0.0100,0.02244,315.9
DQN_Double_PER_seed_2_1790611613,DQN_Double_PER,2,2661,199521,17.90,3,0.0100,0.02411,316.1
