run_id,method,seed,episode,step,ep_reward,score,epsilon,loss,wall_time
DQN_UNIFORM_seed_0_1790609140,DQN_UNIFORM,0,1,50,-7.50,0,0.9990,0.00000,0.0
DQN_UNIFORM_seed_0_1790609140,DQN_UNIFORM,0,2,100,-6.90,0,0.9980,0.00000,0.0
DQN_UNIFORM_seed_0_1790609140,DQN_UNIFORM,0,3,150,-7.50,0,0.9970,0.00000,0.0
DQN_UNIFORM_seed_0_1790609140,DQN_UNIFORM,0,4,200,-6.30,0,0.9960,0.00000,0.0
DQN_UNIFORM_seed_0_1790609140,DQN_UNIFORM,0,5,250,-8.10,0,0.9950,0.00000,0.0
DQN_UNIFORM_seed_0_1790609140,DQN_UNIFORM,0,6,300,-7.50,0,0.9941,0.00000,0.0
DQN_UNIFORM_seed_0_1790609140,DQN_UNIFORM,0,7,350,-7.50,0,0.9931,0.00000,0.0
DQN_UNIFORM_seed_0_1790609140,DQN_UNIFORM,0,8,400,-6.90,0,0.9921,0.00000,0.0
DQN_UNIFORM_seed_0_1790609140,DQN_UNIFORM,0,9,450,-6.30,0,0.9911,0.00000,0.0
DQN_UNIFORM_seed_0_1790609140,DQN_UNIFORM,0,10,500,-8.70,0,0.9901,0.00000,0.0
DQN_UNIFORM_seed_0_1790609140,DQN_UNIFORM,0,11,550,-5.10,0,0.9891,0.00000,0.0
DQN_UNIFORM_seed_0_1790609140,DQN_UNIFORM,0,12,600,-8.10,0,0.9881,0.00000,0.0
DQN_UNIFORM_seed_0_1790609140,DQN_UNIFORM,0,13,650,-6.90,0,0.9871,0.00000,0.0
DQN_UNIFORM_seed_0_1790609140,DQN_UNIFORM,0,14,700,-7.50,0,0.9861,0.00000,0.0
DQN_UNIFORM_seed_0_1790609140,DQN_UNIFORM,0,15,750,-8.10,0,0.9851,0.00000,0.0
DQN_UNIFORM_seed_0_1790609140,DQN_UNIFORM,0,16,800,-6.90,0,0.9842,0.00000,0.0
DQN_UNIFORM_seed_0_1790609140,DQN_UNIFORM,0,17,850,-8.10,0,0.9832,0.00000,0.0
DQN_UNIFORM_seed_0_1790609140,DQN_UNIFORM,0,18,900,-6.90,0,0.9822,0.00000,0.0
DQN_UNIFORM_seed_0_1790609140,DQN_UNIFORM,0,19,950,-7.50,0,0.9812,0.00000,0.0
DQN_UNIFORM_seed_0_1790609140,DQN_UNIFORM,0,20,1000,-7.50,0,0.9802,0.00000,0.0
DQN_UNIFORM_seed_0_1790609140,DQN_UNIFORM,0,21,1050,-7.50,0,0.9792,0.00000,0.0
DQN_UNIFORM_seed_0_1790609140,DQN_UNIFORM,0,22,1100,-8.10,0,0.9782,0.00000,0.0
DQN_UNIFORM_seed_0_1790609140,DQN_UNIFORM,0,23,1150,-6.30,0,0.9772,0.00000,0.0
DQN_UNIFORM_seed_0_1790609140,DQN_UNIFORM,0,24,1200,-6.90,0,0.9762,0.00000,0.0
DQN_UNIFORM_seed_0_1790609140,DQN_UNIFORM,0,25,1250,-7.50,0,0.9752,0.00000,0.0
DQN_UNIFORM_seed_0_1790609140,DQN_UNIFORM,0,26,1300,-7.50,0,0.9743,0.00000,0.0
DQN_UNIFORM_seed_0_1790609140,DQN_UNIFORM,0,27,1350,-6.90,0,0.9733,0.00000,0.0
DQN_UNIFORM_seed_0_1790609140,DQN_UNIFORM,0,28,1400,-7.50,0,0.9723,0.00000,0.0
DQN_UNIFORM_seed_0_1790609140,DQN_UNIFORM,0,29,1450,-6.90,0,0.9713,0.00000,0.0
DQN_UNIFORM_seed_0_1790609140,DQN_UNIFORM,0,30,1500,-8.70,0,0.9703,0.00000,0.0
DQN_UNIFORM_seed_0_1790609140,DQN_UNIFORM,0,31,1550,-8.10,0,0.9693,0.00000,0.0
DQN_UNIFORM_seed_0_1790609140,DQN_UNIFORM,0,32,1600,-7.50,0,0.9683,0.00000,0.0
DQN_UNIFORM_seed_0_1790609140,DQN_UNIFORM,0,33,1650,2.70,0,0.9673,0.00000,0.0
DQN_UNIFORM_seed_0_1790609140,DQN_UNIFORM,0,34,1700,-7.50,0,0.9663,0.00000,0.0
DQN_UNIFORM_seed_0_1790609140,DQN_UNIFORM,0,35,1750,-7.50,0,0.9654,0.00000,0.0
DQN_UNIFORM_seed_0_1790609140,DQN_UNIFORM,0,36,1800,-7.50,0,0.9644,0.00000,0.0
DQN_UNIFORM_seed_0_1790609140,DQN_UNIFORM,0,37,1850,-8.10,0,0.9634,0.00000,0.0
DQN_UNIFORM_seed_0_1790609140,DQN_UNIFORM,0,38,1900,-6.30,0,0.9624,0.00000,0.0
DQN_UNIFORM_seed_0_1790609140,DQN_UNIFORM,0,39,1950,-6.30,0,0.9614,0.00000,0.0
DQN_UNIFORM_seed_0_1790609140,DQN_UNIFORM,0,40,2000,-7.50,0,0.9604,0.12230,0.1
DQN_UNIFORM_seed_0_1790609140,DQN_UNIFORM,0,41,2050,-6.90,0,0.9594,0.05098,0.1
DQN_UNIFORM_seed_0_1790609140,DQN_UNIFORM,0,42,2100,-7.50,0,0.9584,0.02381,0.2
DQN_UNIFORM_seed_0_1790609140,DQN_UNIFORM,0,43,2150,-8.10,0,0.9574,0.02079,0.2
DQN_UNIFORM_seed_0_1790609140,DQN_UNIFORM,0,44,2200,-8.10,0,0.9564,0.01741,0.3
DQN_UNIFORM_seed_0_1790609140,DQN_UNIFORM,0,45,2250,-8.10,0,0.9555,0.01659,0.4
DQN_UNIFORM_seed_0_1790609140,DQN_UNIFORM,0,46,2300,-8.70,0,0.9545,0.01453,0.4
DQN_UNIFORM_seed_0_1790609140,DQN_UNIFORM,0,47,2350,-8.10,0,0.9535,0.01183,0.5
DQN_UNIFORM_seed_0_1790609140,DQN_UNIFORM,0,48,2400,-8.10,0,0.9525,0.01033,0.6
DQN_UNIFORM_seed_0_1790609140,DQN_UNIFORM,0,49,2450,-6.90,0,0.9515,0.01006,0.6
DQN_UNIFORM_seed_0_1790609140,DQN_UNIFORM,0,50,2500,-8.70,0,0.9505,0.01040,0.7
DQN_UNIFORM_seed_0_1790609140,DQN_UNIFORM,0,51,2550,-7.50,0,0.9495,0.00893,0.7
DQN_UNIFORM_seed_0_1790609140,DQN_UNIFORM,0,52,2600,-8.10,0,0.9485,0.00919,0.8
DQN_UNIFORM_seed_0_1790609140,DQN_UNIFORM,0,53,2650,-6.90,0,0.9475,0.00799,0.9
DQN_UNIFORM_seed_0_1790609140,DQN_UNIFORM,0,54,2700,-8.10,0,0.9465,0.00946,0.9
DQN_UNIFORM_seed_0_1790609140,DQN_UNIFORM,0,55,2750,-5.10,0,0.9456,0.00869,1.0
DQN_UNIFORM_seed_0_1790609140,DQN_UNIFORM,0,56,2800,-6.30,0,0.9446,0.00937,1.0
DQN_UNIFORM_seed_0_1790609140,DQN_UNIFORM,0,57,2850,-8.10,0,0.9436,0.00829,1.1
DQN_UNIFORM_seed_0_1790609140,DQN_UNIFORM,0,58,2900,-7.50,0,0.9426,0.00793,1.2
DQN_UNIFORM_seed_0_1790609140,DQN_UNIFORM,0,59,2950,-8.70,0,0.9416,0.00794,1.2
DQN_UNIFORM_seed_0_1790609140,DQN_UNIFORM,0,60,3000,-8.10,0,0.9406,0.00771,1.3
DQN_UNIFORM_seed_0_1790609140,DQN_UNIFORM,0,61,3050,-8.70,0,0.9396,0.02068,1.4
DQN_UNIFORM_seed_0_1790609140,DQN_UNIFORM,0,62,3100,-7.50,0,0.9386,0.00759,1.4
DQN_UNIFORM_seed_0_1790609140,DQN_UNIFORM,0,63,3150,-6.90,0,0.9376,0.00661,1.5
DQN_UNIFORM_seed_0_1790609140,DQN_UNIFORM,0,64,3200,-7.50,0,0.9366,0.00785,1.5
DQN_UNIFORM_seed_0_1790609140,DQN_UNIFORM,0,65,3250,-7.50,0,0.9356,0.00666,1.6
DQN_UNIFORM_seed_0_1790609140,DQN_UNIFORM,0,66,3300,-8.70,0,0.9347,0.00557,1.7
DQN_UNIFORM_seed_0_1790609140,DQN_UNIFORM,0,67,3350,-8.10,0,0.9337,0.00544,1.7
DQN_UNIFORM_seed_0_1790609140,DQN_UNIFORM,0,68,3400,-8.10,0,0.9327,0.00492,1.8
DQN_UNIFORM_seed_0_1790609140,DQN_UNIFORM,0,69,3450,-8.70,0,0.9317,0.00523,1.9
DQN_UNIFORM_seed_0_1790609140,DQN_UNIFORM,0,70,3500,-8.10,0,0.9307,0.00474,1.9
DQN_UNIFORM_seed_0_1790609140,DQN_UNIFORM,0,71,3550,-8.10,0,0.9297,0.00465,2.0
DQN_UNIFORM_seed_0_1790609140,DQN_UNIFORM,0,72,3600,-6.90,0,0.9287,0.00424,2.0
DQN_UNIFORM_seed_0_1790609140,DQN_UNIFORM,0,73,3650,-7.50,0,0.9277,0.00402,2.1
DQN_UNIFORM_seed_0_1790609140,DQN_UNIFORM,0,74,3700,-6.90,0,0.9267,0.00512,2.2
DQN_UNIFORM_seed_0_1790609140,DQN_UNIFORM,0,75,3750,-7.50,0,0.9257,0.00402,2.2
DQN_UNIFORM_seed_0_1790609140,DQN_UNIFORM,0,76,3800,-7.50,0,0.9248,0.00404,2.3
DQN_UNIFORM_seed_0_1790609140,DQN_UNIFORM,0,77,3850,-6.90,0,0.9238,0.00357,2.4
DQN_UNIFORM_seed_0_1790609140,DQN_UNIFORM,0,78,3900,-7.50,0,0.9228,0.00354,2.4
DQN_UNIFORM_seed_0_1790609140,DQN_UNIFORM,0,79,3950,-8.10,0,0.9218,0.00356,2.5
DQN_UNIFORM_seed_0_1790609140,DQN_UNIFORM,0,80,4000,-4.50,0,0.9208,0.00365,2.5
DQN_UNIFORM_seed_0_1790609140,DQN_UNIFORM,0,81,4050,-7.50,0,0.9198,0.02011,2.6
DQN_UNIFORM_seed_0_1790609140,DQN_UNIFORM,0,82,4100,-8.10,0,0.9188,0.01080,2.7
DQN_UNIFORM_seed_0_1790609140,DQN_UNIFORM,0,83,4150,-8.10,0,0.9178,0.01000,2.7
DQN_UNIFORM_seed_0_1790609140,DQN_UNIFORM,0,84,4200,-6.90,0,0.9168,0.01010,2.8
DQN_UNIFORM_seed_0_1790609140,DQN_UNIFORM,0,85,4250,-7.50,0,0.9159,0.00845,2.8
DQN_UNIFORM_seed_0_1790609140,DQN_UNIFORM,0,86,4300,-7.50,0,0.9149,0.00797,2.9
DQN_UNIFORM_seed_0_1790609140,DQN_UNIFORM,0,87,4350,-7.50,0,0.9139,0.00737,3.0
DQN_UNIFORM_seed_0_1790609140,DQN_UNIFORM,0,88,4400,-6.90,0,0.9129,0.00773,3.0
DQN_UNIFORM_seed_0_1790609140,DQN_UNIFORM,0,89,4450,-6.30,0,0.9119,0.00896,3.1
DQN_UNIFORM_seed_0_1790609140,DQN_UNIFORM,0,90,4500,-7.50,0,0.9109,0.00812,3.2
DQN_UNIFORM_seed_0_1790609140,DQN_UNIFORM,0,91,4550,-5.70,0,0.9099,0.00835,3.2
DQN_UNIFORM_seed_0_1790609140,DQN_UNIFORM,0,92,4600,-6.90,0,0.9089,0.00880,3.3
DQN_UNIFORM_seed_0_1790609140,DQN_UNIFORM,0,93,4650,-6.90,0,0.9079,0.00776,3.3
DQN_UNIFORM_seed_0_1790609140,DQN_UNIFORM,0,94,4700,-7.50,0,0.9069,0.00781,3.4
DQN_UNIFORM_seed_0_1790609140,DQN_UNIFORM,0,95,4750,-4.50,0,0.9060,0.00762,3.5
DQN_UNIFORM_seed_0_1790609140,DQN_UNIFORM,0,96,4800,-8.10,0,0.9050,0.00859,3.5
DQN_UNIFORM_seed_0_1790609140,DQN_UNIFORM,0,97,4850,-8.10,0,0.9040,0.00694,3.6
DQN_UNIFORM_seed_0_1790609140,DQN_UNIFORM,0,98,4900,-8.10,0,0.9030,0.00645,3.7
DQN_UNIFORM_seed_0_1790609140,DQN_UNIFORM,0,99,4950,-8.10,0,0.9020,0.00768,3.7
DQN_UNIFORM_seed_0_1790609140,DQN_UNIFORM,0,100,5000,-7.50,0,0.9010,0.00764,3.8
DQN_UNIFORM_seed_0_1790609140,DQN_UNIFORM,0,101,5050,-6.30,0,0.9000,0.02664,3.9
DQN_UNIFORM_seed_0_1790609140,DQN_UNIFORM,0,102,5100,-8.70,0,0.8990,0.01289,4.0
DQN_UNIFORM_seed_0_1790609140,DQN_UNIFORM,0,103,5150,-6.90,0,0.8980,0.01242,4.1
DQN_UNIFORM_seed_0_1790609140,DQN_UNIFORM,0,104,5200,-8.10,0,0.8970,0.01270,4.1
DQN_UNIFORM_seed_0_1790609140,DQN_UNIFORM,0,105,5250,-8.10,0,0.8961,0.01238,4.2
DQN_UNIFORM_seed_0_1790609140,DQN_UNIFORM,0,106,5300,-7.50,0,0.8951,0.01160,4.3
DQN_UNIFORM_seed_0_1790609140,DQN_UNIFORM,0,107,5350,-6.90,0,0.8941,0.00983,4.3
DQN_UNIFORM_seed_0_1790609140,DQN_UNIFORM,0,108,5400,-6.90,0,0.8931,0.01232,4.4
DQN_UNIFORM_seed_0_1790609140,DQN_UNIFORM,0,109,5450,-6.90,0,0.8921,0.01193,4.4
DQN_UNIFORM_seed_0_1790609140,DQN_UNIFORM,0,110,5500,-6.30,0,0.8911,0.00956,4.5
DQN_UNIFORM_seed_0_1790609140,DQN_UNIFORM,0,111,5550,-6.90,0,0.8901,0.01066,4.6
DQN_UNIFORM_seed_0_1790609140,DQN_UNIFORM,0,112,5600,-8.70,0,0.8891,0.00841,4.6
DQN_UNIFORM_seed_0_1790609140,DQN_UNIFORM,0,113,5650,-8.10,0,0.8881,0.01142,4.7
DQN_UNIFORM_seed_0_1790609140,DQN_UNIFORM,0,114,5700,-8.10,0,0.8871,0.01374,4.8
DQN_UNIFORM_seed_0_1790609140,DQN_UNIFORM,0,115,5750,-6.30,0,0.8861,0.01277,4.8
DQN_UNIFORM_seed_0_1790609140,DQN_UNIFORM,0,116,5800,-8.10,0,0.8852,0.01267,4.9
DQN_UNIFORM_seed_0_1790609140,DQN_UNIFORM,0,117,5850,-8.70,0,0.8842,0.01134,4.9
DQN_UNIFORM_seed_0_1790609140,DQN_UNIFORM,0,118,5900,-6.90,0,0.8832,0.01273,5.0
DQN_UNIFORM_seed_0_1790609140,DQN_UNIFORM,0,119,5950,-8.70,0,0.8822,0.01114,5.1
DQN_UNIFORM_seed_0_1790609140,DQN_UNIFORM,0,120,6000,-7.50,0,0.8812,0.00965,5.1
DQN_UNIFORM_seed_0_1790609140,DQN_UNIFORM,0,121,6050,-6.90,0,0.8802,0.02566,5.2
DQN_UNIFORM_seed_0_1790609140,DQN_UNIFORM,0,122,6100,-8.10,0,0.8792,0.01121,5.3
DQN_UNIFORM_seed_0_1790609140,DQN_UNIFORM,0,123,6150,-8.10,0,0.8782,0.01202,5.3
DQN_UNIFORM_seed_0_1790609140,DQN_UNIFORM,0,124,6200,-7.50,0,0.8772,0.01329,5.4
DQN_UNIFORM_seed_0_1790609140,DQN_UNIFORM,0,125,6250,-8.70,0,0.8762,0.01269,5.4
DQN_UNIFORM_seed_0_1790609140,DQN_UNIFORM,0,126,6300,-8.10,0,0.8753,0.01008,5.5
DQN_UNIFORM_seed_0_1790609140,DQN_UNIFORM,0,127,6350,-8.10,0,0.8743,0.01180,5.6
DQN_UNIFORM_seed_0_1790609140,DQN_UNIFORM,0,128,6400,-6.90,0,0.8733,0.01349,5.6
DQN_UNIFORM_seed_0_1790609140,DQN_UNIFORM,0,129,6450,-7.50,0,0.8723,0.00971,5.7
DQN_UNIFORM_seed_0_1790609140,DQN_UNIFORM,0,130,6500,-6.90,0,0.8713,0.01284,5.7
DQN_UNIFORM_seed_0_1790609140,DQN_UNIFORM,0,131,6550,-4.50,0,0.8703,0.01037,5.8
DQN_UNIFORM_seed_0_1790609140,DQN_UNIFORM,0,132,6600,-8.10,0,0.8693,0.01032,5.9
DQN_UNIFORM_seed_0_1790609140,DQN_UNIFORM,0,133,6650,-7.50,0,0.8683,0.01128,5.9
DQN_UNIFORM_seed_0_1790609140,DQN_UNIFORM,0,134,6700,-4.50,0,0.8673,0.00836,6.0
DQN_UNIFORM_seed_0_1790609140,DQN_UNIFORM,0,135,6750,-8.70,0,0.8663,0.01221,6.1
DQN_UNIFORM_seed_0_1790609140,DQN_UNIFORM,0,136,6800,-4.50,0,0.8654,0.01181,6.1
DQN_UNIFORM_seed_0_1790609140,DQN_UNIFORM,0,137,6850,-2.10,0,0.8644,0.01072,6.2
DQN_UNIFORM_seed_0_1790609140,DQN_UNIFORM,0,138,6900,-7.50,0,0.8634,0.01509,6.2
DQN_UNIFORM_seed_0_1790609140,DQN_UNIFORM,0,139,6950,-6.30,0,0.8624,0.01029,6.3
DQN_UNIFORM_seed_0_1790609140,DQN_UNIFORM,0,140,7000,-8.10,0,0.8614,0.01100,6.4
DQN_UNIFORM_seed_0_1790609140,DQN_UNIFORM,0,141,7050,-7.50,0,0.8604,0.02640,6.4
DQN_UNIFORM_seed_0_1790609140,DQN_UNIFORM,0,142,7100,-6.30,0,0.8594,0.01264,6.5
DQN_UNIFORM_seed_0_1790609140,DQN_UNIFORM,0,143,7150,-7.50,0,0.8584,0.01248,6.6
DQN_UNIFORM_seed_0_1790609140,DQN_UNIFORM,0,144,7200,-6.90,0,0.8574,0.00891,6.6
DQN_UNIFORM_seed_0_1790609140,DQN_UNIFORM,0,145,7250,-3.90,0,0.8565,0.01094,6.7
DQN_UNIFORM_seed_0_1790609140,DQN_UNIFORM,0,146,7300,-3.30,0,0.8555,0.01286,6.7
DQN_UNIFORM_seed_0_1790609140,DQN_UNIFORM,0,147,7350,-8.70,0,0.8545,0.01277,6.8
DQN_UNIFORM_seed_0_1790609140,DQN_UNIFORM,0,148,7400,-5.70,0,0.8535,0.01116,6.9
DQN_UNIFORM_seed_0_1790609140,DQN_UNIFORM,0,149,7450,-6.90,0,0.8525,0.00806,6.9
DQN_UNIFORM_seed_0_1790609140,DQN_UNIFORM,0,150,7500,-6.90,0,0.8515,0.00971,7.0
DQN_UNIFORM_seed_0_1790609140,DQN_UNIFORM,0,151,7550,1.50,0,0.8505,0.01013,7.1
DQN_UNIFORM_seed_0_1790609140,DQN_UNIFORM,0,152,7600,-7.50,0,0.8495,0.01226,7.1
DQN_UNIFORM_seed_0_1790609140,DQN_UNIFORM,0,153,7650,-6.30,0,0.8485,0.01143,7.2
DQN_UNIFORM_seed_0_1790609140,DQN_UNIFORM,0,154,7700,-5.10,0,0.8475,0.01089,7.2
DQN_UNIFORM_seed_0_1790609140,DQN_UNIFORM,0,155,7750,-7.50,0,0.8466,0.01187,7.3
DQN_UNIFORM_seed_0_1790609140,DQN_UNIFORM,0,156,7800,-5.70,0,0.8456,0.00886,7.4
DQN_UNIFORM_seed_0_1790609140,DQN_UNIFORM,0,157,7850,-7.50,0,0.8446,0.01012,7.4
DQN_UNIFORM_seed_0_1790609140,DQN_UNIFORM,0,158,7900,-8.10,0,0.8436,0.01051,7.5
DQN_UNIFORM_seed_0_1790609140,DQN_UNIFORM,0,159,7950,-6.90,0,0.8426,0.00972,7.5
DQN_UNIFORM_seed_0_1790609140,DQN_UNIFORM,0,160,8000,-8.10,0,0.8416,0.01199,7.6
DQN_UNIFORM_seed_0_1790609140,DQN_UNIFORM,0,161,8050,-8.70,0,0.8406,0.01806,7.7
DQN_UNIFORM_seed_0_1790609140,DQN_UNIFORM,0,162,8100,-5.70,0,0.8396,0.00930,7.7
DQN_UNIFORM_seed_0_1790609140,DQN_UNIFORM,0,163,8150,-7.50,0,0.8386,0.01121,7.8
DQN_UNIFORM_seed_0_1790609140,DQN_UNIFORM,0,164,8200,-6.90,0,0.8376,0.01088,7.9
DQN_UNIFORM_seed_0_1790609140,DQN_UNIFORM,0,165,8250,-6.90,0,0.8367,0.01283,7.9
DQN_UNIFORM_seed_0_1790609140,DQN_UNIFORM,0,166,8300,-6.90,0,0.8357,0.00993,8.0
DQN_UNIFORM_seed_0_1790609140,DQN_UNIFORM,0,167,8350,-7.50,0,0.8347,0.01015,8.0
DQN_UNIFORM_seed_0_1790609140,DQN_UNIFORM,0,168,8400,-7.50,0,0.8337,0.00844,8.1
DQN_UNIFORM_seed_0_1790609140,DQN_UNIFORM,0,169,8450,-8.10,0,0.8327,0.00929,8.2
DQN_UNIFORM_seed_0_1790609140,DQN_UNIFORM,0,170,8500,-8.10,0,0.8317,0.01009,8.2
DQN_UNIFORM_seed_0_1790609140,DQN_UNIFORM,0,171,8550,-8.10,0,0.8307,0.00712,8.3
DQN_UNIFORM_seed_0_1790609140,DQN_UNIFORM,0,172,8600,-6.90,0,0.8297,0.00755,8.4
DQN_UNIFORM_seed_0_1790609140,DQN_UNIFORM,0,173,8650,-8.10,0,0.8287,0.00927,8.4
DQN_UNIFORM_seed_0_1790609140,DQN_UNIFORM,0,174,8700,-6.30,0,0.8277,0.00708,8.5
DQN_UNIFORM_seed_0_1790609140,DQN_UNIFORM,0,175,8750,-5.10,0,0.8267,0.00702,8.5
DQN_UNIFORM_seed_0_1790609140,DQN_UNIFORM,0,176,8800,-7.50,0,0.8258,0.00779,8.6
DQN_UNIFORM_seed_0_1790609140,DQN_UNIFORM,0,177,8850,-8.10,0,0.8248,0.00918,8.7
DQN_UNIFORM_seed_0_1790609140,DQN_UNIFORM,0,178,8900,-8.10,0,0.8238,0.00762,8.7
DQN_UNIFORM_seed_0_1790609140,DQN_UNIFORM,0,179,8950,-5.70,0,0.8228,0.00770,8.8
DQN_UNIFORM_seed_0_1790609140,DQN_UNIFORM,0,180,9000,-6.30,0,0.8218,0.00999,8.9
DQN_UNIFORM_seed_0_1790609140,DQN_UNIFORM,0,181,9050,-7.50,0,0.8208,0.01802,8.9
DQN_UNIFORM_seed_0_1790609140,DQN_UNIFORM,0,182,9100,-6.30,0,0.8198,0.00828,9.0
DQN_UNIFORM_seed_0_1790609140,DQN_UNIFORM,0,183,9150,-4.50,0,0.8188,0.00603,9.0
DQN_UNIFORM_seed_0_1790609140,DQN_UNIFORM,0,184,9200,-6.90,0,0.8178,0.00533,9.1
DQN_UNIFORM_seed_0_1790609140,DQN_UNIFORM,0,185,9250,-8.10,0,0.8168,0.00646,9.2
DQN_UNIFORM_seed_0_1790609140,DQN_UNIFORM,0,186,9300,-7.50,0,0.8159,0.00582,9.2
DQN_UNIFORM_seed_0_1790609140,DQN_UNIFORM,0,187,9350,-7.50,0,0.8149,0.00530,9.3
DQN_UNIFORM_seed_0_1790609140,DQN_UNIFORM,0,188,9400,-6.90,0,0.8139,0.00517,9.4
DQN_UNIFORM_seed_0_1790609140,DQN_UNIFORM,0,189,9450,-7.50,0,0.8129,0.00576,9.4
DQN_UNIFORM_seed_0_1790609140,DQN_UNIFORM,0,190,9500,-6.30,0,0.8119,0.00526,9.5
DQN_UNIFORM_seed_0_1790609140,DQN_UNIFORM,0,191,9550,0.30,0,0.8109,0.00555,9.5
DQN_UNIFORM_seed_0_1790609140,DQN_UNIFORM,0,192,9600,-8.10,0,0.8099,0.00518,9.6
DQN_UNIFORM_seed_0_1790609140,DQN_UNIFORM,0,193,9650,-6.90,0,0.8089,0.00668,9.7
DQN_UNIFORM_seed_0_1790609140,DQN_UNIFORM,0,194,9700,-5.10,0,0.8079,0.00504,9.7
DQN_UNIFORM_seed_0_1790609140,DQN_UNIFORM,0,195,9750,-7.50,0,0.8070,0.00555,9.8
DQN_UNIFORM_seed_0_1790609140,DQN_UNIFORM,0,196,9800,-8.10,0,0.8060,0.00368,9.9
DQN_UNIFORM_seed_0_1790609140,DQN_UNIFORM,0,197,9850,-8.10,0,0.8050,0.00488,9.9
DQN_UNIFORM_seed_0_1790609140,DQN_UNIFORM,0,198,9900,-6.30,0,0.8040,0.00418,10.0
DQN_UNIFORM_seed_0_1790609140,DQN_UNIFORM,0,199,9950,-6.90,0,0.8030,0.00511,10.1
DQN_UNIFORM_seed_0_1790609140,DQN_UNIFORM,0,200,10000,-6.30,0,0.8020,0.00536,10.1
DQN_UNIFORM_seed_0_1790609140,DQN_UNIFORM,0,201,10050,-6.90,0,0.8010,0.01354,10.3
DQN_UNIFORM_seed_0_1790609140,DQN_UNIFORM,0,202,10100,-7.50,0,0.8000,0.00488,10.3
DQN_UNIFORM_seed_0_1790609140,DQN_UNIFORM,0,203,10150,-8.10,0,0.7990,0.00445,10.4
DQN_UNIFORM_seed_0_1790609140,DQN_UNIFORM,0,204,10200,-6.30,0,0.7980,0.00399,10.5
DQN_UNIFORM_seed_0_1790609140,DQN_UNIFORM,0,205,10250,-8.10,0,0.7971,0.00444,10.5
DQN_UNIFORM_seed_0_1790609140,DQN_UNIFORM,0,206,10300,-6.90,0,0.7961,0.00481,10.6
DQN_UNIFORM_seed_0_1790609140,DQN_UNIFORM,0,207,10350,-6.90,0,0.7951,0.00424,10.6
DQN_UNIFORM_seed_0_1790609140,DQN_UNIFORM,0,208,10400,-5.70,0,0.7941,0.00322,10.7
DQN_UNIFORM_seed_0_1790609140,DQN_UNIFORM,0,209,10450,-8.10,0,0.7931,0.00457,10.8
DQN_UNIFORM_seed_0_1790609140,DQN_UNIFORM,0,210,10500,-6.90,0,0.7921,0.00249,10.8
DQN_UNIFORM_seed_0_1790609140,DQN_UNIFORM,0,211,10550,-7.50,0,0.7911,0.00336,10.9
DQN_UNIFORM_seed_0_1790609140,DQN_UNIFORM,0,212,10600,-5.70,0,0.7901,0.00287,11.0
DQN_UNIFORM_seed_0_1790609140,DQN_UNIFORM,0,213,10650,-7.50,0,0.7891,0.00392,11.0
DQN_UNIFORM_seed_0_1790609140,DQN_UNIFORM,0,214,10700,-7.50,0,0.7881,0.00309,11.1
DQN_UNIFORM_seed_0_1790609140,DQN_UNIFORM,0,215,10750,-6.90,0,0.7872,0.00337,11.1
DQN_UNIFORM_seed_0_1790609140,DQN_UNIFORM,0,216,10800,-6.30,0,0.7862,0.00426,11.2
DQN_UNIFORM_seed_0_1790609140,DQN_UNIFORM,0,217,10850,-6.30,0,0.7852,0.00285,11.3
DQN_UNIFORM_seed_0_1790609140,DQN_UNIFORM,0,218,10900,-5.70,0,0.7842,0.00374,11.3
DQN_UNIFORM_seed_0_1790609140,DQN_UNIFORM,0,219,10950,-7.50,0,0.7832,0.00376,11.4
DQN_UNIFORM_seed_0_1790609140,DQN_UNIFORM,0,220,11000,-8.10,0,0.7822,0.00277,11.5
DQN_UNIFORM_seed_0_1790609140,DQN_UNIFORM,0,221,11050,-5.70,0,0.7812,0.01225,11.5
DQN_UNIFORM_seed_0_1790609140,DQN_UNIFORM,0,222,11100,-6.90,0,0.7802,0.00434,11.6
DQN_UNIFORM_seed_0_1790609140,DQN_UNIFORM,0,223,11150,-5.10,0,0.7792,0.00352,11.7
DQN_UNIFORM_seed_0_1790609140,DQN_UNIFORM,0,224,11200,-5.70,0,0.7782,0.00328,11.7
DQN_UNIFORM_seed_0_1790609140,DQN_UNIFORM,0,225,11250,-8.10,0,0.7772,0.00424,11.8
DQN_UNIFORM_seed_0_1790609140,DQN_UNIFORM,0,226,11300,-8.10,0,0.7763,0.00320,11.8
DQN_UNIFORM_seed_0_1790609140,DQN_UNIFORM,0,227,11350,-6.90,0,0.7753,0.00345,11.9
DQN_UNIFORM_seed_0_1790609140,DQN_UNIFORM,0,228,11400,-6.90,0,0.7743,0.00260,12.0
DQN_UNIFORM_seed_0_1790609140,DQN_UNIFORM,0,229,11450,-8.10,0,0.7733,0.00295,12.0
DQN_UNIFORM_seed_0_1790609140,DQN_UNIFORM,0,230,11500,-7.50,0,0.7723,0.00292,12.1
DQN_UNIFORM_seed_0_1790609140,DQN_UNIFORM,0,231,11550,-6.90,0,0.7713,0.00449,12.2
DQN_UNIFORM_seed_0_1790609140,DQN_UNIFORM,0,232,11600,-8.10,0,0.7703,0.00284,12.2
DQN_UNIFORM_seed_0_1790609140,DQN_UNIFORM,0,233,11650,-6.30,0,0.7693,0.00268,12.3
DQN_UNIFORM_seed_0_1790609140,DQN_UNIFORM,0,234,11700,-5.10,0,0.7683,0.00351,12.3
DQN_UNIFORM_seed_0_1790609140,DQN_UNIFORM,0,235,11750,-8.10,0,0.7673,0.00306,12.4
DQN_UNIFORM_seed_0_1790609140,DQN_UNIFORM,0,236,11800,-6.30,0,0.7664,0.00348,12.5
DQN_UNIFORM_seed_0_1790609140,DQN_UNIFORM,0,237,11850,-5.70,0,0.7654,0.00212,12.5
DQN_UNIFORM_seed_0_1790609140,DQN_UNIFORM,0,238,11900,-7.50,0,0.7644,0.00292,12.6
DQN_UNIFORM_seed_0_1790609140,DQN_UNIFORM,0,239,11950,-8.10,0,0.7634,0.00200,12.7
DQN_UNIFORM_seed_0_1790609140,DQN_UNIFORM,0,240,12000,-2.10,0,0.7624,0.00352,12.7
DQN_UNIFORM_seed_0_1790609140,DQN_UNIFORM,0,241,12050,-7.50,0,0.7614,0.00830,12.8
DQN_UNIFORM_seed_0_1790609140,DQN_UNIFORM,0,242,12100,-7.50,0,0.7604,0.00318,12.8
DQN_UNIFORM_seed_0_1790609140,DQN_UNIFORM,0,243,12150,-6.90,0,0.7594,0.00262,12.9
DQN_UNIFORM_seed_0_1790609140,DQN_UNIFORM,0,244,12200,-8.10,0,0.7584,0.00344,13.0
DQN_UNIFORM_seed_0_1790609140,DQN_UNIFORM,0,245,12250,-6.30,0,0.7574,0.00326,13.0
DQN_UNIFORM_seed_0_1790609140,DQN_UNIFORM,0,246,12300,-6.90,0,0.7565,0.00285,13.1
DQN_UNIFORM_seed_0_1790609140,DQN_UNIFORM,0,247,12350,-8.10,0,0.7555,0.00205,13.2
DQN_UNIFORM_seed_0_1790609140,DQN_UNIFORM,0,248,12400,-6.30,0,0.7545,0.00284,13.2
DQN_UNIFORM_seed_0_1790609140,DQN_UNIFORM,0,249,12450,-6.90,0,0.7535,0.00276,13.3
DQN_UNIFORM_seed_0_1790609140,DQN_UNIFORM,0,250,12500,-8.70,0,0.7525,0.00253,13.4
DQN_UNIFORM_seed_0_1790609140,DQN_UNIFORM,0,251,12550,-6.90,0,0.7515,0.00254,13.4
DQN_UNIFORM_seed_0_1790609140,DQN_UNIFORM,0,252,12600,-4.50,0,0.7505,0.00230,13.5
DQN_UNIFORM_seed_0_1790609140,DQN_UNIFORM,0,253,12650,-6.30,0,0.7495,0.00299,13.5
DQN_UNIFORM_seed_0_1790609140,DQN_UNIFORM,0,254,12700,-6.90,0,0.7485,0.00234,13.6
DQN_UNIFORM_seed_0_1790609140,DQN_UNIFORM,0,255,12750,-2.70,0,0.7475,0.00233,13.7
DQN_UNIFORM_seed_0_1790609140,DQN_UNIFORM,0,256,12800,-6.90,0,0.7466,0.00276,13.7
DQN_UNIFORM_seed_0_1790609140,DQN_UNIFORM,0,257,12850,-3.90,0,0.7456,0.00156,13.8
DQN_UNIFORM_seed_0_1790609140,DQN_UNIFORM,0,258,12900,-6.30,0,0.7446,0.00261,13.9
DQN_UNIFORM_seed_0_1790609140,DQN_UNIFORM,0,259,12950,-8.10,0,0.7436,0.00306,13.9
DQN_UNIFORM_seed_0_1790609140,DQN_UNIFORM,0,260,13000,-8.10,0,0.7426,0.00390,14.0
DQN_UNIFORM_seed_0_1790609140,DQN_UNIFORM,0,261,13050,-8.10,0,0.7416,0.01461,14.0
DQN_UNIFORM_seed_0_1790609140,DQN_UNIFORM,0,262,13100,-8.10,0,0.7406,0.00267,14.1
DQN_UNIFORM_seed_0_1790609140,DQN_UNIFORM,0,263,13150,-8.10,0,0.7396,0.00354,14.2
DQN_UNIFORM_seed_0_1790609140,DQN_UNIFORM,0,264,13200,-6.30,0,0.7386,0.00324,14.2
DQN_UNIFORM_seed_0_1790609140,DQN_UNIFORM,0,265,13250,-8.10,0,0.7376,0.00245,14.3
DQN_UNIFORM_seed_0_1790609140,DQN_UNIFORM,0,266,13300,-8.10,0,0.7367,0.00249,14.4
DQN_UNIFORM_seed_0_1790609140,DQN_UNIFORM,0,267,13350,-6.90,0,0.7357,0.00478,14.4
DQN_UNIFORM_seed_0_1790609140,DQN_UNIFORM,0,268,13400,-5.70,0,0.7347,0.00409,14.5
DQN_UNIFORM_seed_0_1790609140,DQN_UNIFORM,0,269,13450,-6.90,0,0.7337,0.00258,14.6
DQN_UNIFORM_seed_0_1790609140,DQN_UNIFORM,0,270,13500,-6.90,0,0.7327,0.00246,14.6
DQN_UNIFORM_seed_0_1790609140,DQN_UNIFORM,0,271,13550,-2.70,0,0.7317,0.00257,14.7
DQN_UNIFORM_seed_0_1790609140,DQN_UNIFORM,0,272,13600,-7.50,0,0.7307,0.00279,14.7
DQN_UNIFORM_seed_0_1790609140,DQN_UNIFORM,0,273,13650,-5.10,0,0.7297,0.00311,14.8
DQN_UNIFORM_seed_0_1790609140,DQN_UNIFORM,0,274,13700,-5.70,0,0.7287,0.00234,14.9
DQN_UNIFORM_seed_0_1790609140,DQN_UNIFORM,0,275,13750,-6.30,0,0.7278,0.00307,14.9
DQN_UNIFORM_seed_0_1790609140,DQN_UNIFORM,0,276,13800,-7.50,0,0.7268,0.00291,15.0
DQN_UNIFORM_seed_0_1790609140,DQN_UNIFORM,0,277,13850,-3.30,0,0.7258,0.00191,15.1
DQN_UNIFORM_seed_0_1790609140,DQN_UNIFORM,0,278,13900,-6.90,0,0.7248,0.00264,15.1
DQN_UNIFORM_seed_0_1790609140,DQN_UNIFORM,0,279,13950,-8.10,0,0.7238,0.00215,15.2
DQN_UNIFORM_seed_0_1790609140,DQN_UNIFORM,0,280,14000,-8.10,0,0.7228,0.00231,15.2
DQN_UNIFORM_seed_0_1790609140,DQN_UNIFORM,0,281,14050,-6.30,0,0.7218,0.01008,15.3
DQN_UNIFORM_seed_0_1790609140,DQN_UNIFORM,0,282,14100,-5.10,0,0.7208,0.00373,15.4
DQN_UNIFORM_seed_0_1790609140,DQN_UNIFORM,0,283,14150,-8.70,0,0.7198,0.00293,15.4
DQN_UNIFORM_seed_0_1790609140,DQN_UNIFORM,0,284,14200,-6.90,0,0.7188,0.00332,15.5
DQN_UNIFORM_seed_0_1790609140,DQN_UNIFORM,0,285,14250,-6.90,0,0.7179,0.00389,15.6
DQN_UNIFORM_seed_0_1790609140,DQN_UNIFORM,0,286,14300,-7.50,0,0.7169,0.00310,15.6
DQN_UNIFORM_seed_0_1790609140,DQN_UNIFORM,0,287,14350,-8.10,0,0.7159,0.00265,15.7
DQN_UNIFORM_seed_0_1790609140,DQN_UNIFORM,0,288,14400,-8.10,0,0.7149,0.00253,15.8
DQN_UNIFORM_seed_0_1790609140,DQN_UNIFORM,0,289,14450,-6.90,0,0.7139,0.00261,15.8
DQN_UNIFORM_seed_0_1790609140,DQN_UNIFORM,0,290,14500,-6.30,0,0.7129,0.00253,15.9
DQN_UNIFORM_seed_0_1790609140,DQN_UNIFORM,0,291,14550,3.30,0,0.7119,0.00275,15.9
DQN_UNIFORM_seed_0_1790609140,DQN_UNIFORM,0,292,14600,-7.50,0,0.7109,0.00258,16.0
DQN_UNIFORM_seed_0_1790609140,DQN_UNIFORM,0,293,14650,-6.90,0,0.7099,0.00375,16.1
DQN_UNIFORM_seed_0_1790609140,DQN_UNIFORM,0,294,14700,-7.50,0,0.7089,0.00376,16.1
DQN_UNIFORM_seed_0_1790609140,DQN_UNIFORM,0,295,14750,-8.10,0,0.7080,0.00397,16.2
DQN_UNIFORM_seed_0_1790609140,DQN_UNIFORM,0,296,14800,-6.30,0,0.7070,0.00373,16.3
DQN_UNIFORM_seed_0_1790609140,DQN_UNIFORM,0,297,14850,-5.10,0,0.7060,0.00219,16.3
DQN_UNIFORM_seed_0_1790609140,DQN_UNIFORM,0,298,14900,-6.90,0,0.7050,0.00266,16.4
DQN_UNIFORM_seed_0_1790609140,DQN_UNIFORM,0,299,14950,-6.90,0,0.7040,0.00298,16.5
DQN_UNIFORM_seed_0_1790609140,DQN_UNIFORM,0,300,15000,-6.90,0,0.7030,0.00334,16.5
DQN_UNIFORM_seed_0_1790609140,DQN_UNIFORM,0,301,15050,-5.10,0,0.7020,0.00795,16.7
DQN_UNIFORM_seed_0_1790609140,DQN_UNIFORM,0,302,15100,-2.10,0,0.7010,0.00471,16.7
DQN_UNIFORM_seed_0_1790609140,DQN_UNIFORM,0,303,15150,-6.90,0,0.7000,0.00533,16.8
DQN_UNIFORM_seed_0_1790609140,DQN_UNIFORM,0,304,15200,-8.10,0,0.6990,0.00383,16.9
DQN_UNIFORM_seed_0_1790609140,DQN_UNIFORM,0,305,15250,-6.30,0,0.6981,0.00383,16.9
DQN_UNIFORM_seed_0_1790609140,DQN_UNIFORM,0,306,15300,-5.70,0,0.6971,0.00335,17.0
DQN_UNIFORM_seed_0_1790609140,DQN_UNIFORM,0,307,15350,-6.90,0,0.6961,0.00394,17.0
DQN_UNIFORM_seed_0_1790609140,DQN_UNIFORM,0,308,15400,-7.50,0,0.6951,0.00379,17.1
DQN_UNIFORM_seed_0_1790609140,DQN_UNIFORM,0,309,15450,-6.30,0,0.6941,0.00252,17.2
DQN_UNIFORM_seed_0_1790609140,DQN_UNIFORM,0,310,15500,-6.90,0,0.6931,0.00269,17.2
DQN_UNIFORM_seed_0_1790609140,DQN_UNIFORM,0,311,15550,-5.10,0,0.6921,0.00258,17.3
DQN_UNIFORM_seed_0_1790609140,DQN_UNIFORM,0,312,15600,-5.10,0,0.6911,0.00307,17.4
DQN_UNIFORM_seed_0_1790609140,DQN_UNIFORM,0,313,15650,-7.50,0,0.6901,0.00298,17.4
DQN_UNIFORM_seed_0_1790609140,DQN_UNIFORM,0,314,15700,-6.30,0,0.6891,0.00339,17.5
DQN_UNIFORM_seed_0_1790609140,DQN_UNIFORM,0,315,15750,-5.10,0,0.6882,0.00300,17.6
DQN_UNIFORM_seed_0_1790609140,DQN_UNIFORM,0,316,15800,3.90,0,0.6872,0.00431,17.6
DQN_UNIFORM_seed_0_1790609140,DQN_UNIFORM,0,317,15850,-6.90,0,0.6862,0.00475,17.7
DQN_UNIFORM_seed_0_1790609140,DQN_UNIFORM,0,318,15900,-5.10,0,0.6852,0.00407,17.8
DQN_UNIFORM_seed_0_1790609140,DQN_UNIFORM,0,319,15950,-6.30,0,0.6842,0.00303,17.8
DQN_UNIFORM_seed_0_1790609140,DQN_UNIFORM,0,320,16000,-6.30,0,0.6832,0.00288,17.9
DQN_UNIFORM_seed_0_1790609140,DQN_UNIFORM,0,321,16050,-8.10,0,0.6822,0.00825,18.0
DQN_UNIFORM_seed_0_1790609140,DQN_UNIFORM,0,322,16100,-7.50,0,0.6812,0.00521,18.0
DQN_UNIFORM_seed_0_1790609140,DQN_UNIFORM,0,323,16150,0.90,0,0.6802,0.00613,18.1
DQN_UNIFORM_seed_0_1790609140,DQN_UNIFORM,0,324,16200,-8.10,0,0.6792,0.00554,18.2
DQN_UNIFORM_seed_0_1790609140,DQN_UNIFORM,0,325,16250,-3.90,0,0.6783,0.00516,18.2
DQN_UNIFORM_seed_0_1790609140,DQN_UNIFORM,0,326,16300,-6.30,0,0.6773,0.00540,18.3
DQN_UNIFORM_seed_0_1790609140,DQN_UNIFORM,0,327,16350,-6.30,0,0.6763,0.00456,18.4
DQN_UNIFORM_seed_0_1790609140,DQN_UNIFORM,0,328,16400,-4.50,0,0.6753,0.00375,18.4
DQN_UNIFORM_seed_0_1790609140,DQN_UNIFORM,0,329,16450,-7.50,0,0.6743,0.00932,18.5
DQN_UNIFORM_seed_0_1790609140,DQN_UNIFORM,0,330,16500,-3.30,0,0.6733,0.00433,18.6
DQN_UNIFORM_seed_0_1790609140,DQN_UNIFORM,0,331,16550,-5.10,0,0.6723,0.00354,18.6
DQN_UNIFORM_seed_0_1790609140,DQN_UNIFORM,0,332,16600,-6.30,0,0.6713,0.00399,18.7
DQN_UNIFORM_seed_0_1790609140,DQN_UNIFORM,0,333,16650,-7.50,0,0.6703,0.00548,18.7
DQN_UNIFORM_seed_0_1790609140,DQN_UNIFORM,0,334,16700,-6.30,0,0.6693,0.00445,18.8
DQN_UNIFORM_seed_0_1790609140,DQN_UNIFORM,0,335,16750,-5.70,0,0.6683,0.00493,18.9
DQN_UNIFORM_seed_0_1790609140,DQN_UNIFORM,0,336,16800,-7.50,0,0.6674,0.00373,18.9
DQN_UNIFORM_seed_0_1790609140,DQN_UNIFORM,0,337,16850,-6.90,0,0.6664,0.00588,19.0
DQN_UNIFORM_seed_0_1790609140,DQN_UNIFORM,0,338,16900,-6.90,0,0.6654,0.00677,19.1
DQN_UNIFORM_seed_0_1790609140,DQN_UNIFORM,0,339,16950,-2.70,0,0.6644,0.00510,19.1
DQN_UNIFORM_seed_0_1790609140,DQN_UNIFORM,0,340,17000,-3.90,0,0.6634,0.00439,19.2
DQN_UNIFORM_seed_0_1790609140,DQN_UNIFORM,0,341,17050,-6.90,0,0.6624,0.01262,19.3
DQN_UNIFORM_seed_0_1790609140,DQN_UNIFORM,0,342,17100,-6.30,0,0.6614,0.00447,19.3
DQN_UNIFORM_seed_0_1790609140,DQN_UNIFORM,0,343,17150,-7.50,0,0.6604,0.00560,19.4
DQN_UNIFORM_seed_0_1790609140,DQN_UNIFORM,0,344,17200,-4.50,0,0.6594,0.00458,19.4
DQN_UNIFORM_seed_0_1790609140,DQN_UNIFORM,0,345,17250,-6.30,0,0.6584,0.00578,19.5
DQN_UNIFORM_seed_0_1790609140,DQN_UNIFORM,0,346,17300,-4.50,0,0.6575,0.00338,19.6
DQN_UNIFORM_seed_0_1790609140,DQN_UNIFORM,0,347,17350,-2.10,0,0.6565,0.00374,19.6
DQN_UNIFORM_seed_0_1790609140,DQN_UNIFORM,0,348,17400,-6.30,0,0.6555,0.00431,19.7
DQN_UNIFORM_seed_0_1790609140,DQN_UNIFORM,0,349,17450,-4.50,0,0.6545,0.00380,19.8
DQN_UNIFORM_seed_0_1790609140,DQN_UNIFORM,0,350,17500,-5.10,0,0.6535,0.00530,19.8
DQN_UNIFORM_seed_0_1790609140,DQN_UNIFORM,0,351,17550,-8.10,0,0.6525,0.00427,19.9
DQN_UNIFORM_seed_0_1790609140,DQN_UNIFORM,0,352,17600,-5.10,0,0.6515,0.00305,20.0
DQN_UNIFORM_seed_0_1790609140,DQN_UNIFORM,0,353,17650,-3.90,0,0.6505,0.00535,20.0
DQN_UNIFORM_seed_0_1790609140,DQN_UNIFORM,0,354,17700,-5.70,0,0.6495,0.00625,20.1
DQN_UNIFORM_seed_0_1790609140,DQN_UNIFORM,0,355,17750,-7.50,0,0.6485,0.00391,20.1
DQN_UNIFORM_seed_0_1790609140,DQN_UNIFORM,0,356,17800,-7.50,0,0.6476,0.00392,20.2
DQN_UNIFORM_seed_0_1790609140,DQN_UNIFORM,0,357,17850,-8.10,0,0.6466,0.00337,20.3
DQN_UNIFORM_seed_0_1790609140,DQN_UNIFORM,0,358,17900,-5.10,0,0.6456,0.00271,20.3
DQN_UNIFORM_seed_0_1790609140,DQN_UNIFORM,0,359,17950,-3.30,0,0.6446,0.00343,20.4
DQN_UNIFORM_seed_0_1790609140,DQN_UNIFORM,0,360,18000,-6.90,0,0.6436,0.00437,20.5
DQN_UNIFORM_seed_0_1790609140,DQN_UNIFORM,0,361,18050,-6.30,0,0.6426,0.00760,20.5
DQN_UNIFORM_seed_0_1790609140,DQN_UNIFORM,0,362,18100,-4.50,0,0.6416,0.00556,20.6
DQN_UNIFORM_seed_0_1790609140,DQN_UNIFORM,0,363,18150,-4.50,0,0.6406,0.00602,20.7
DQN_UNIFORM_seed_0_1790609140,DQN_UNIFORM,0,364,18200,-5.10,0,0.6396,0.00432,20.7
DQN_UNIFORM_seed_0_1790609140,DQN_UNIFORM,0,365,18250,-5.10,0,0.6386,0.00469,20.8
DQN_UNIFORM_seed_0_1790609140,DQN_UNIFORM,0,366,18300,-7.50,0,0.6377,0.00452,20.8
DQN_UNIFORM_seed_0_1790609140,DQN_UNIFORM,0,367,18350,-5.10,0,0.6367,0.00396,20.9
DQN_UNIFORM_seed_0_1790609140,DQN_UNIFORM,0,368,18400,-7.50,0,0.6357,0.00538,21.0
DQN_UNIFORM_seed_0_1790609140,DQN_UNIFORM,0,369,18450,-7.50,0,0.6347,0.00450,21.0
DQN_UNIFORM_seed_0_1790609140,DQN_UNIFORM,0,370,18500,-6.90,0,0.6337,0.00392,21.1
DQN_UNIFORM_seed_0_1790609140,DQN_UNIFORM,0,371,18550,-6.90,0,0.6327,0.00563,21.2
DQN_UNIFORM_seed_0_1790609140,DQN_UNIFORM,0,372,18600,-7.50,0,0.6317,0.00572,21.2
DQN_UNIFORM_seed_0_1790609140,DQN_UNIFORM,0,373,18650,-4.50,0,0.6307,0.00322,21.3
DQN_UNIFORM_seed_0_1790609140,DQN_UNIFORM,0,374,18700,-7.50,0,0.6297,0.00412,21.4
DQN_UNIFORM_seed_0_1790609140,DQN_UNIFORM,0,375,18750,-7.50,0,0.6288,0.00493,21.4
DQN_UNIFORM_seed_0_1790609140,DQN_UNIFORM,0,376,18800,-5.70,0,0.6278,0.00539,21.5
DQN_UNIFORM_seed_0_1790609140,DQN_UNIFORM,0,377,18850,-8.10,0,0.6268,0.00455,21.5
DQN_UNIFORM_seed_0_1790609140,DQN_UNIFORM,0,378,18900,-6.90,0,0.6258,0.00363,21.6
DQN_UNIFORM_seed_0_1790609140,DQN_UNIFORM,0,379,18950,-7.50,0,0.6248,0.00432,21.7
DQN_UNIFORM_seed_0_1790609140,DQN_UNIFORM,0,380,19000,-6.90,0,0.6238,0.00678,21.7
DQN_UNIFORM_seed_0_1790609140,DQN_UNIFORM,0,381,19050,-2.70,0,0.6228,0.00862,21.8
DQN_UNIFORM_seed_0_1790609140,DQN_UNIFORM,0,382,19100,-5.70,0,0.6218,0.00617,21.9
DQN_UNIFORM_seed_0_1790609140,DQN_UNIFORM,0,383,19150,-7.50,0,0.6208,0.00890,21.9
DQN_UNIFORM_seed_0_1790609140,DQN_UNIFORM,0,384,19200,-3.30,0,0.6198,0.00461,22.0
DQN_UNIFORM_seed_0_1790609140,DQN_UNIFORM,0,385,19250,-6.30,0,0.6189,0.00436,22.1
DQN_UNIFORM_seed_0_1790609140,DQN_UNIFORM,0,386,19300,-8.10,0,0.6179,0.00456,22.1
DQN_UNIFORM_seed_0_1790609140,DQN_UNIFORM,0,387,19350,-6.30,0,0.6169,0.00437,22.2
DQN_UNIFORM_seed_0_1790609140,DQN_UNIFORM,0,388,19400,-6.30,0,0.6159,0.01014,22.3
DQN_UNIFORM_seed_0_1790609140,DQN_UNIFORM,0,389,19450,-3.30,0,0.6149,0.00569,22.3
DQN_UNIFORM_seed_0_1790609140,DQN_UNIFORM,0,390,19500,-6.30,0,0.6139,0.00382,22.4
DQN_UNIFORM_seed_0_1790609140,DQN_UNIFORM,0,391,19550,-7.50,0,0.6129,0.00727,22.4
DQN_UNIFORM_seed_0_1790609140,DQN_UNIFORM,0,392,19600,-6.90,0,0.6119,0.00491,22.5
DQN_UNIFORM_seed_0_1790609140,DQN_UNIFORM,0,393,19650,-3.90,0,0.6109,0.00355,22.6
DQN_UNIFORM_seed_0_1790609140,DQN_UNIFORM,0,394,19700,-6.30,0,0.6099,0.00412,22.6
DQN_UNIFORM_seed_0_1790609140,DQN_UNIFORM,0,395,19750,-8.10,0,0.6089,0.00433,22.7
DQN_UNIFORM_seed_0_1790609140,DQN_UNIFORM,0,396,19800,-6.30,0,0.6080,0.00357,22.8
DQN_UNIFORM_seed_0_1790609140,DQN_UNIFORM,0,397,19850,-6.90,0,0.6070,0.00445,22.8
DQN_UNIFORM_seed_0_1790609140,DQN_UNIFORM,0,398,19900,-5.10,0,0.6060,0.00414,22.9
DQN_UNIFORM_seed_0_1790609140,DQN_UNIFORM,0,399,19950,-7.50,0,0.6050,0.00783,23.0
DQN_UNIFORM_seed_0_1790609140,DQN_UNIFORM,0,400,20000,-5.10,0,0.6040,0.00728,23.0
DQN_UNIFORM_seed_0_1790609140,DQN_UNIFORM,0,401,20050,-8.10,0,0.6030,0.01478,23.2
DQN_UNIFORM_seed_0_1790609140,DQN_UNIFORM,0,402,20100,-6.90,0,0.6020,0.01386,23.2
DQN_UNIFORM_seed_0_1790609140,DQN_UNIFORM,0,403,20150,-6.90,0,0.6010,0.01209,23.3
DQN_UNIFORM_seed_0_1790609140,DQN_UNIFORM,0,404,20200,-5.70,0,0.6000,0.00814,23.4
DQN_UNIFORM_seed_0_1790609140,DQN_UNIFORM,0,405,20250,-7.50,0,0.5990,0.00668,23.4
DQN_UNIFORM_seed_0_1790609140,DQN_UNIFORM,0,406,20300,-6.30,0,0.5981,0.00772,23.5
DQN_UNIFORM_seed_0_1790609140,DQN_UNIFORM,0,407,20350,-6.90,0,0.5971,0.01180,23.6
DQN_UNIFORM_seed_0_1790609140,DQN_UNIFORM,0,408,20400,-7.50,0,0.5961,0.01001,23.6
DQN_UNIFORM_seed_0_1790609140,DQN_UNIFORM,0,409,20450,-4.50,0,0.5951,0.00576,23.7
DQN_UNIFORM_seed_0_1790609140,DQN_UNIFORM,0,410,20500,-6.30,0,0.5941,0.00576,23.7
DQN_UNIFORM_seed_0_1790609140,DQN_UNIFORM,0,411,20550,-6.30,0,0.5931,0.00682,23.8
DQN_UNIFORM_seed_0_1790609140,DQN_UNIFORM,0,412,20600,-7.50,0,0.5921,0.00680,23.9
DQN_UNIFORM_seed_0_1790609140,DQN_UNIFORM,0,413,20650,-8.70,0,0.5911,0.00618,23.9
DQN_UNIFORM_seed_0_1790609140,DQN_UNIFORM,0,414,20700,-7.50,0,0.5901,0.00591,24.0
DQN_UNIFORM_seed_0_1790609140,DQN_UNIFORM,0,415,20750,3.90,0,0.5892,0.00808,24.1
DQN_UNIFORM_seed_0_1790609140,DQN_UNIFORM,0,416,20800,-5.70,0,0.5882,0.00563,24.1
DQN_UNIFORM_seed_0_1790609140,DQN_UNIFORM,0,417,20850,-8.10,0,0.5872,0.00576,24.2
DQN_UNIFORM_seed_0_1790609140,DQN_UNIFORM,0,418,20900,-7.50,0,0.5862,0.00729,24.3
DQN_UNIFORM_seed_0_1790609140,DQN_UNIFORM,0,419,20950,-6.90,0,0.5852,0.00805,24.3
DQN_UNIFORM_seed_0_1790609140,DQN_UNIFORM,0,420,21000,-6.30,0,0.5842,0.00582,24.4
DQN_UNIFORM_seed_0_1790609140,DQN_UNIFORM,0,421,21050,-6.90,0,0.5832,0.01100,24.4
DQN_UNIFORM_seed_0_1790609140,DQN_UNIFORM,0,422,21100,-5.10,0,0.5822,0.00845,24.5
DQN_UNIFORM_seed_0_1790609140,DQN_UNIFORM,0,423,21150,-5.70,0,0.5812,0.01171,24.6
DQN_UNIFORM_seed_0_1790609140,DQN_UNIFORM,0,424,21200,-8.10,0,0.5802,0.01351,24.6
DQN_UNIFORM_seed_0_1790609140,DQN_UNIFORM,0,425,21250,-2.10,0,0.5793,0.00934,24.7
DQN_UNIFORM_seed_0_1790609140,DQN_UNIFORM,0,426,21300,-6.30,0,0.5783,0.00781,24.8
DQN_UNIFORM_seed_0_1790609140,DQN_UNIFORM,0,427,21350,-8.10,0,0.5773,0.00689,24.8
DQN_UNIFORM_seed_0_1790609140,DQN_UNIFORM,0,428,21400,-5.10,0,0.5763,0.00829,24.9
DQN_UNIFORM_seed_0_1790609140,DQN_UNIFORM,0,429,21450,2.10,0,0.5753,0.00610,25.0
DQN_UNIFORM_seed_0_1790609140,DQN_UNIFORM,0,430,21500,-6.30,0,0.5743,0.00592,25.0
DQN_UNIFORM_seed_0_1790609140,DQN_UNIFORM,0,431,21550,-5.70,0,0.5733,0.00957,25.1
DQN_UNIFORM_seed_0_1790609140,DQN_UNIFORM,0,432,21600,-5.70,0,0.5723,0.00763,25.1
DQN_UNIFORM_seed_0_1790609140,DQN_UNIFORM,0,433,21650,-3.30,0,0.5713,0.00747,25.2
DQN_UNIFORM_seed_0_1790609140,DQN_UNIFORM,0,434,21700,-6.30,0,0.5703,0.00754,25.3
DQN_UNIFORM_seed_0_1790609140,DQN_UNIFORM,0,435,21750,-5.70,0,0.5694,0.00729,25.3
DQN_UNIFORM_seed_0_1790609140,DQN_UNIFORM,0,436,21800,-6.30,0,0.5684,0.00653,25.4
DQN_UNIFORM_seed_0_1790609140,DQN_UNIFORM,0,437,21850,-0.30,0,0.5674,0.00853,25.5
DQN_UNIFORM_seed_0_1790609140,DQN_UNIFORM,0,438,21900,-0.90,0,0.5664,0.00702,25.5
DQN_UNIFORM_seed_0_1790609140,DQN_UNIFORM,0,439,21950,0.90,0,0.5654,0.01012,25.6
DQN_UNIFORM_seed_0_1790609140,DQN_UNIFORM,0,440,22000,-6.90,0,0.5644,0.00694,25.7
DQN_UNIFORM_seed_0_1790609140,DQN_UNIFORM,0,441,22050,-6.30,0,0.5634,0.01198,25.7
DQN_UNIFORM_seed_0_1790609140,DQN_UNIFORM,0,442,22100,-7.50,0,0.5624,0.00782,25.8
DQN_UNIFORM_seed_0_1790609140,DQN_UNIFORM,0,443,22150,-4.50,0,0.5614,0.00692,25.9
DQN_UNIFORM_seed_0_1790609140,DQN_UNIFORM,0,444,22200,-6.90,0,0.5604,0.00709,25.9
DQN_UNIFORM_seed_0_1790609140,DQN_UNIFORM,0,445,22250,-6.30,0,0.5595,0.00617,26.0
DQN_UNIFORM_seed_0_1790609140,DQN_UNIFORM,0,446,22300,-6.30,0,0.5585,0.01005,26.0
DQN_UNIFORM_seed_0_1790609140,DQN_UNIFORM,0,447,22350,-2.70,0,0.5575,0.00986,26.1
DQN_UNIFORM_seed_0_1790609140,DQN_UNIFORM,0,448,22400,-6.30,0,0.5565,0.01539,26.2
DQN_UNIFORM_seed_0_1790609140,DQN_UNIFORM,0,449,22450,-6.30,0,0.5555,0.00719,26.2
DQN_UNIFORM_seed_0_1790609140,DQN_UNIFORM,0,450,22500,-6.30,0,0.5545,0.00633,26.3
DQN_UNIFORM_seed_0_1790609140,DQN_UNIFORM,0,451,22550,-5.70,0,0.5535,0.00915,26.4
DQN_UNIFORM_seed_0_1790609140,DQN_UNIFORM,0,452,22600,-6.30,0,0.5525,0.01109,26.4
DQN_UNIFORM_seed_0_1790609140,DQN_UNIFORM,0,453,22650,-5.10,0,0.5515,0.00740,26.5
DQN_UNIFORM_seed_0_1790609140,DQN_UNIFORM,0,454,22700,-6.90,0,0.5505,0.00464,26.6
DQN_UNIFORM_seed_0_1790609140,DQN_UNIFORM,0,455,22750,-3.90,0,0.5495,0.00817,26.6
DQN_UNIFORM_seed_0_1790609140,DQN_UNIFORM,0,456,22800,-8.10,0,0.5486,0.01079,26.7
DQN_UNIFORM_seed_0_1790609140,DQN_UNIFORM,0,457,22850,-8.10,0,0.5476,0.00784,26.7
DQN_UNIFORM_seed_0_1790609140,DQN_UNIFORM,0,458,22900,-5.70,0,0.5466,0.00945,26.8
DQN_UNIFORM_seed_0_1790609140,DQN_UNIFORM,0,459,22950,-6.30,0,0.5456,0.00637,26.9
DQN_UNIFORM_seed_0_1790609140,DQN_UNIFORM,0,460,23000,-5.70,0,0.5446,0.01000,26.9
DQN_UNIFORM_seed_0_1790609140,DQN_UNIFORM,0,461,23050,-7.50,0,0.5436,0.01260,27.0
DQN_UNIFORM_seed_0_1790609140,DQN_UNIFORM,0,462,23100,-6.90,0,0.5426,0.01499,27.1
DQN_UNIFORM_seed_0_1790609140,DQN_UNIFORM,0,463,23150,-4.50,0,0.5416,0.01163,27.1
DQN_UNIFORM_seed_0_1790609140,DQN_UNIFORM,0,464,23200,-1.50,0,0.5406,0.00610,27.2
DQN_UNIFORM_seed_0_1790609140,DQN_UNIFORM,0,465,23250,-8.10,0,0.5396,0.00847,27.3
DQN_UNIFORM_seed_0_1790609140,DQN_UNIFORM,0,466,23300,-7.50,0,0.5387,0.01309,27.3
DQN_UNIFORM_seed_0_1790609140,DQN_UNIFORM,0,467,23350,-8.10,0,0.5377,0.01430,27.4
DQN_UNIFORM_seed_0_1790609140,DQN_UNIFORM,0,468,23400,-6.30,0,0.5367,0.00863,27.5
DQN_UNIFORM_seed_0_1790609140,DQN_UNIFORM,0,469,23450,-6.90,0,0.5357,0.00914,27.5
DQN_UNIFORM_seed_0_1790609140,DQN_UNIFORM,0,470,23500,-6.30,0,0.5347,0.00896,27.6
DQN_UNIFORM_seed_0_1790609140,DQN_UNIFORM,0,471,23550,-7.50,0,0.5337,0.00964,27.7
DQN_UNIFORM_seed_0_1790609140,DQN_UNIFORM,0,472,23600,-7.50,0,0.5327,0.00648,27.7
DQN_UNIFORM_seed_0_1790609140,DQN_UNIFORM,0,473,23650,-7.50,0,0.5317,0.00759,27.8
DQN_UNIFORM_seed_0_1790609140,DQN_UNIFORM,0,474,23700,-4.50,0,0.5307,0.00684,27.9
DQN_UNIFORM_seed_0_1790609140,DQN_UNIFORM,0,475,23750,-5.70,0,0.5297,0.00653,28.0
DQN_UNIFORM_seed_0_1790609140,DQN_UNIFORM,0,476,23800,-5.70,0,0.5288,0.00897,28.0
DQN_UNIFORM_seed_0_1790609140,DQN_UNIFORM,0,477,23850,-7.50,0,0.5278,0.00667,28.1
DQN_UNIFORM_seed_0_1790609140,DQN_UNIFORM,0,478,23900,-3.90,0,0.5268,0.01105,28.1
DQN_UNIFORM_seed_0_1790609140,DQN_UNIFORM,0,479,23950,-5.70,0,0.5258,0.00858,28.2
DQN_UNIFORM_seed_0_1790609140,DQN_UNIFORM,0,480,24000,-2.70,0,0.5248,0.00673,28.3
DQN_UNIFORM_seed_0_1790609140,DQN_UNIFORM,0,481,24050,3.30,0,0.5238,0.00942,28.3
DQN_UNIFORM_seed_0_1790609140,DQN_UNIFORM,0,482,24100,-5.10,0,0.5228,0.01137,28.4
DQN_UNIFORM_seed_0_1790609140,DQN_UNIFORM,0,483,24150,-7.50,0,0.5218,0.01610,28.5
DQN_UNIFORM_seed_0_1790609140,DQN_UNIFORM,0,484,24200,-5.70,0,0.5208,0.01440,28.5
DQN_UNIFORM_seed_0_1790609140,DQN_UNIFORM,0,485,24250,-5.10,0,0.5199,0.01637,28.6
DQN_UNIFORM_seed_0_1790609140,DQN_UNIFORM,0,486,24300,0.90,0,0.5189,0.01115,28.7
DQN_UNIFORM_seed_0_1790609140,DQN_UNIFORM,0,487,24350,-3.30,0,0.5179,0.01075,28.7
DQN_UNIFORM_seed_0_1790609140,DQN_UNIFORM,0,488,24400,-5.10,0,0.5169,0.01304,28.8
DQN_UNIFORM_seed_0_1790609140,DQN_UNIFORM,0,489,24450,-5.70,0,0.5159,0.00965,28.9
DQN_UNIFORM_seed_0_1790609140,DQN_UNIFORM,0,490,24500,-1.50,0,0.5149,0.00727,28.9
DQN_UNIFORM_seed_0_1790609140,DQN_UNIFORM,0,491,24550,-6.90,0,0.5139,0.00613,29.0
DQN_UNIFORM_seed_0_1790609140,DQN_UNIFORM,0,492,24600,-6.90,0,0.5129,0.00775,29.1
DQN_UNIFORM_seed_0_1790609140,DQN_UNIFORM,0,493,24650,-8.10,0,0.5119,0.00647,29.1
DQN_UNIFORM_seed_0_1790609140,DQN_UNIFORM,0,494,24700,-8.10,0,0.5109,0.00895,29.2
DQN_UNIFORM_seed_0_1790609140,DQN_UNIFORM,0,495,24750,3.90,0,0.5100,0.01231,29.2
DQN_UNIFORM_seed_0_1790609140,DQN_UNIFORM,0,496,24800,-3.90,0,0.5090,0.00797,29.3
DQN_UNIFORM_seed_0_1790609140,DQN_UNIFORM,0,497,24850,0.90,0,0.5080,0.00682,29.4
DQN_UNIFORM_seed_0_1790609140,DQN_UNIFORM,0,498,24900,-4.50,0,0.5070,0.00956,29.4
DQN_UNIFORM_seed_0_1790609140,DQN_UNIFORM,0,499,24950,-7.50,0,0.5060,0.00849,29.5
DQN_UNIFORM_seed_0_1790609140,DQN_UNIFORM,0,500,25000,-6.90,0,0.5050,0.01147,29.6
DQN_UNIFORM_seed_0_1790609140,DQN_UNIFORM,0,501,25050,-5.70,0,0.5040,0.01374,29.7
DQN_UNIFORM_seed_0_1790609140,DQN_UNIFORM,0,502,25100,-3.90,0,0.5030,0.00912,29.8
DQN_UNIFORM_seed_0_1790609140,DQN_UNIFORM,0,503,25150,-6.90,0,0.5020,0.01071,29.8
DQN_UNIFORM_seed_0_1790609140,DQN_UNIFORM,0,504,25200,-7.50,0,0.5010,0.01311,29.9
DQN_UNIFORM_seed_0_1790609140,DQN_UNIFORM,0,505,25250,-5.70,0,0.5000,0.01042,30.0
DQN_UNIFORM_seed_0_1790609140,DQN_UNIFORM,0,506,25300,-6.30,0,0.4991,0.00896,30.0
DQN_UNIFORM_seed_0_1790609140,DQN_UNIFORM,0,507,25350,-6.30,0,0.4981,0.00833,30.1
DQN_UNIFORM_seed_0_1790609140,DQN_UNIFORM,0,508,25400,-6.90,0,0.4971,0.00735,30.2
DQN_UNIFORM_seed_0_1790609140,DQN_UNIFORM,0,509,25450,-6.30,0,0.4961,0.00836,30.2
DQN_UNIFORM_seed_0_1790609140,DQN_UNIFORM,0,510,25500,-4.50,0,0.4951,0.01148,30.3
DQN_UNIFORM_seed_0_1790609140,DQN_UNIFORM,0,511,25550,-5.70,0,0.4941,0.00833,30.4
DQN_UNIFORM_seed_0_1790609140,DQN_UNIFORM,0,512,25600,-3.90,0,0.4931,0.00836,30.4
DQN_UNIFORM_seed_0_1790609140,DQN_UNIFORM,0,513,25650,-6.30,0,0.4921,0.01016,30.5
DQN_UNIFORM_seed_0_1790609140,DQN_UNIFORM,0,514,25700,-6.90,0,0.4911,0.00710,30.5
DQN_UNIFORM_seed_0_1790609140,DQN_UNIFORM,0,515,25750,-6.90,0,0.4901,0.00937,30.6
DQN_UNIFORM_seed_0_1790609140,DQN_UNIFORM,0,516,25800,-6.90,0,0.4892,0.01147,30.7
DQN_UNIFORM_seed_0_1790609140,DQN_UNIFORM,0,517,25850,-1.50,0,0.4882,0.00813,30.7
DQN_UNIFORM_seed_0_1790609140,DQN_UNIFORM,0,518,25900,-7.50,0,0.4872,0.01152,30.8
DQN_UNIFORM_seed_0_1790609140,DQN_UNIFORM,0,519,25950,-6.30,0,0.4862,0.00694,30.9
DQN_UNIFORM_seed_0_1790609140,DQN_UNIFORM,0,520,26000,-7.50,0,0.4852,0.00921,30.9
DQN_UNIFORM_seed_0_1790609140,DQN_UNIFORM,0,521,26050,-7.50,0,0.4842,0.01945,31.0
DQN_UNIFORM_seed_0_1790609140,DQN_UNIFORM,0,522,26100,-7.50,0,0.4832,0.00753,31.1
DQN_UNIFORM_seed_0_1790609140,DQN_UNIFORM,0,523,26150,-5.10,0,0.4822,0.00856,31.1
DQN_UNIFORM_seed_0_1790609140,DQN_UNIFORM,0,524,26200,-6.90,0,0.4812,0.01078,31.2
DQN_UNIFORM_seed_0_1790609140,DQN_UNIFORM,0,525,26250,-4.50,0,0.4802,0.00705,31.3
DQN_UNIFORM_seed_0_1790609140,DQN_UNIFORM,0,526,26300,-5.10,0,0.4793,0.00895,31.3
DQN_UNIFORM_seed_0_1790609140,DQN_UNIFORM,0,527,26350,-5.70,0,0.4783,0.00625,31.4
DQN_UNIFORM_seed_0_1790609140,DQN_UNIFORM,0,528,26400,-6.30,0,0.4773,0.00785,31.4
DQN_UNIFORM_seed_0_1790609140,DQN_UNIFORM,0,529,26450,-6.30,0,0.4763,0.00606,31.5
DQN_UNIFORM_seed_0_1790609140,DQN_UNIFORM,0,530,26500,-6.90,0,0.4753,0.01123,31.6
DQN_UNIFORM_seed_0_1790609140,DQN_UNIFORM,0,531,26550,-6.90,0,0.4743,0.00882,31.6
DQN_UNIFORM_seed_0_1790609140,DQN_UNIFORM,0,532,26600,-5.10,0,0.4733,0.00602,31.7
DQN_UNIFORM_seed_0_1790609140,DQN_UNIFORM,0,533,26650,-6.90,0,0.4723,0.00665,31.8
DQN_UNIFORM_seed_0_1790609140,DQN_UNIFORM,0,534,26700,-2.70,0,0.4713,0.00716,31.8
DQN_UNIFORM_seed_0_1790609140,DQN_UNIFORM,0,535,26750,-4.50,0,0.4703,0.01110,31.9
DQN_UNIFORM_seed_0_1790609140,DQN_UNIFORM,0,536,26800,-5.70,0,0.4694,0.00912,32.0
DQN_UNIFORM_seed_0_1790609140,DQN_UNIFORM,0,537,26850,-3.90,0,0.4684,0.00706,32.0
DQN_UNIFORM_seed_0_1790609140,DQN_UNIFORM,0,538,26900,-8.10,0,0.4674,0.00502,32.1
DQN_UNIFORM_seed_0_1790609140,DQN_UNIFORM,0,539,26950,-3.90,0,0.4664,0.01057,32.2
DQN_UNIFORM_seed_0_1790609140,DQN_UNIFORM,0,540,27000,-8.10,0,0.4654,0.01409,32.2
DQN_UNIFORM_seed_0_1790609140,DQN_UNIFORM,0,541,27050,-4.50,0,0.4644,0.01368,32.3
DQN_UNIFORM_seed_0_1790609140,DQN_UNIFORM,0,542,27100,-5.70,0,0.4634,0.00741,32.3
DQN_UNIFORM_seed_0_1790609140,DQN_UNIFORM,0,543,27150,-3.90,0,0.4624,0.01039,32.4
DQN_UNIFORM_seed_0_1790609140,DQN_UNIFORM,0,544,27200,-3.90,0,0.4614,0.00823,32.5
DQN_UNIFORM_seed_0_1790609140,DQN_UNIFORM,0,545,27250,-6.90,0,0.4604,0.00882,32.5
DQN_UNIFORM_seed_0_1790609140,DQN_UNIFORM,0,546,27300,-5.70,0,0.4595,0.00889,32.6
DQN_UNIFORM_seed_0_1790609140,DQN_UNIFORM,0,547,27350,-7.50,0,0.4585,0.00917,32.7
DQN_UNIFORM_seed_0_1790609140,DQN_UNIFORM,0,548,27400,-2.10,0,0.4575,0.00705,32.7
DQN_UNIFORM_seed_0_1790609140,DQN_UNIFORM,0,549,27450,-7.50,0,0.4565,0.00601,32.8
DQN_UNIFORM_seed_0_1790609140,DQN_UNIFORM,0,550,27500,-6.90,0,0.4555,0.00670,32.9
DQN_UNIFORM_seed_0_1790609140,DQN_UNIFORM,0,551,27550,-7.50,0,0.4545,0.00781,33.0
DQN_UNIFORM_seed_0_1790609140,DQN_UNIFORM,0,552,27600,3.90,0,0.4535,0.00810,33.0
DQN_UNIFORM_seed_0_1790609140,DQN_UNIFORM,0,553,27650,-3.90,0,0.4525,0.00886,33.1
DQN_UNIFORM_seed_0_1790609140,DQN_UNIFORM,0,554,27700,-2.70,0,0.4515,0.00999,33.2
DQN_UNIFORM_seed_0_1790609140,DQN_UNIFORM,0,555,27750,-2.10,0,0.4506,0.00924,33.2
DQN_UNIFORM_seed_0_1790609140,DQN_UNIFORM,0,556,27800,-5.10,0,0.4496,0.01005,33.3
DQN_UNIFORM_seed_0_1790609140,DQN_UNIFORM,0,557,27850,-5.10,0,0.4486,0.00682,33.4
DQN_UNIFORM_seed_0_1790609140,DQN_UNIFORM,0,558,27900,2.70,0,0.4476,0.00929,33.4
DQN_UNIFORM_seed_0_1790609140,DQN_UNIFORM,0,559,27950,-6.90,0,0.4466,0.00862,33.5
DQN_UNIFORM_seed_0_1790609140,DQN_UNIFORM,0,560,28000,-0.30,0,0.4456,0.01042,33.5
DQN_UNIFORM_seed_0_1790609140,DQN_UNIFORM,0,561,28050,-5.10,0,0.4446,0.01190,33.6
DQN_UNIFORM_seed_0_1790609140,DQN_UNIFORM,0,562,28100,-6.90,0,0.4436,0.00571,33.7
DQN_UNIFORM_seed_0_1790609140,DQN_UNIFORM,0,563,28150,-4.50,0,0.4426,0.00921,33.7
DQN_UNIFORM_seed_0_1790609140,DQN_UNIFORM,0,564,28200,-3.30,0,0.4416,0.00718,33.8
DQN_UNIFORM_seed_0_1790609140,DQN_UNIFORM,0,565,28250,-6.30,0,0.4407,0.00917,33.9
DQN_UNIFORM_seed_0_1790609140,DQN_UNIFORM,0,566,28300,-5.10,0,0.4397,0.00881,33.9
DQN_UNIFORM_seed_0_1790609140,DQN_UNIFORM,0,567,28350,-3.90,0,0.4387,0.01115,34.0
DQN_UNIFORM_seed_0_1790609140,DQN_UNIFORM,0,568,28400,-3.90,0,0.4377,0.00960,34.1
DQN_UNIFORM_seed_0_1790609140,DQN_UNIFORM,0,569,28450,-5.10,0,0.4367,0.00663,34.1
DQN_UNIFORM_seed_0_1790609140,DQN_UNIFORM,0,570,28500,-2.70,0,0.4357,0.00565,34.2
DQN_UNIFORM_seed_0_1790609140,DQN_UNIFORM,0,571,28550,3.90,0,0.4347,0.00753,34.3
DQN_UNIFORM_seed_0_1790609140,DQN_UNIFORM,0,572,28600,-7.50,0,0.4337,0.00793,34.3
DQN_UNIFORM_seed_0_1790609140,DQN_UNIFORM,0,573,28650,-6.30,0,0.4327,0.00770,34.4
DQN_UNIFORM_seed_0_1790609140,DQN_UNIFORM,0,574,28700,-3.90,0,0.4317,0.00739,34.5
DQN_UNIFORM_seed_0_1790609140,DQN_UNIFORM,0,575,28750,-2.70,0,0.4308,0.00737,34.5
DQN_UNIFORM_seed_0_1790609140,DQN_UNIFORM,0,576,28800,-5.10,0,0.4298,0.00551,34.6
DQN_UNIFORM_seed_0_1790609140,DQN_UNIFORM,0,577,28850,1.50,0,0.4288,0.00613,34.6
DQN_UNIFORM_seed_0_1790609140,DQN_UNIFORM,0,578,28900,-6.30,0,0.4278,0.00769,34.7
DQN_UNIFORM_seed_0_1790609140,DQN_UNIFORM,0,579,28950,-6.90,0,0.4268,0.00990,34.8
DQN_UNIFORM_seed_0_1790609140,DQN_UNIFORM,0,580,29000,-2.70,0,0.4258,0.01339,34.8
DQN_UNIFORM_seed_0_1790609140,DQN_UNIFORM,0,581,29050,-5.70,0,0.4248,0.01102,34.9
DQN_UNIFORM_seed_0_1790609140,DQN_UNIFORM,0,582,29100,-6.30,0,0.4238,0.00989,35.0
DQN_UNIFORM_seed_0_1790609140,DQN_UNIFORM,0,583,29150,-3.90,0,0.4228,0.00838,35.0
DQN_UNIFORM_seed_0_1790609140,DQN_UNIFORM,0,584,29200,-6.30,0,0.4218,0.00975,35.1
DQN_UNIFORM_seed_0_1790609140,DQN_UNIFORM,0,585,29250,-2.70,0,0.4209,0.00784,35.2
DQN_UNIFORM_seed_0_1790609140,DQN_UNIFORM,0,586,29300,-6.30,0,0.4199,0.00857,35.2
DQN_UNIFORM_seed_0_1790609140,DQN_UNIFORM,0,587,29350,-6.90,0,0.4189,0.00750,35.3
DQN_UNIFORM_seed_0_1790609140,DQN_UNIFORM,0,588,29400,-1.50,0,0.4179,0.00674,35.4
DQN_UNIFORM_seed_0_1790609140,DQN_UNIFORM,0,589,29450,-6.90,0,0.4169,0.00734,35.4
DQN_UNIFORM_seed_0_1790609140,DQN_UNIFORM,0,590,29500,-2.70,0,0.4159,0.00873,35.5
DQN_UNIFORM_seed_0_1790609140,DQN_UNIFORM,0,591,29550,-0.90,0,0.4149,0.00641,35.5
DQN_UNIFORM_seed_0_1790609140,DQN_UNIFORM,0,592,29600,-6.90,0,0.4139,0.00541,35.6
DQN_UNIFORM_seed_0_1790609140,DQN_UNIFORM,0,593,29650,-6.30,0,0.4129,0.00561,35.7
DQN_UNIFORM_seed_0_1790609140,DQN_UNIFORM,0,594,29700,-4.50,0,0.4119,0.00722,35.7
DQN_UNIFORM_seed_0_1790609140,DQN_UNIFORM,0,595,29750,2.70,0,0.4110,0.00763,35.8
DQN_UNIFORM_seed_0_1790609140,DQN_UNIFORM,0,596,29800,-4.50,0,0.4100,0.00715,35.9
DQN_UNIFORM_seed_0_1790609140,DQN_UNIFORM,0,597,29850,-3.30,0,0.4090,0.00934,35.9
DQN_UNIFORM_seed_0_1790609140,DQN_UNIFORM,0,598,29900,-6.30,0,0.4080,0.00885,36.0
DQN_UNIFORM_seed_0_1790609140,DQN_UNIFORM,0,599,29950,0.30,0,0.4070,0.00994,36.1
DQN_UNIFORM_seed_0_1790609140,DQN_UNIFORM,0,600,30000,-4.50,0,0.4060,0.00753,36.1
DQN_UNIFORM_seed_0_1790609140,DQN_UNIFORM,0,601,30050,-6.30,0,0.4050,0.01456,36.3
DQN_UNIFORM_seed_0_1790609140,DQN_UNIFORM,0,602,30100,-7.50,0,0.4040,0.00761,36.4
DQN_UNIFORM_seed_0_1790609140,DQN_UNIFORM,0,603,30150,-3.30,0,0.4030,0.00773,36.4
DQN_UNIFORM_seed_0_1790609140,DQN_UNIFORM,0,604,30200,-1.50,0,0.4020,0.00768,36.5
DQN_UNIFORM_seed_0_1790609140,DQN_UNIFORM,0,605,30250,-0.90,0,0.4011,0.00831,36.6
DQN_UNIFORM_seed_0_1790609140,DQN_UNIFORM,0,606,30300,3.90,0,0.4001,0.01261,36.7
DQN_UNIFORM_seed_0_1790609140,DQN_UNIFORM,0,607,30350,-2.70,0,0.3991,0.00905,36.8
DQN_UNIFORM_seed_0_1790609140,DQN_UNIFORM,0,608,30400,-6.30,0,0.3981,0.00545,36.9
DQN_UNIFORM_seed_0_1790609140,DQN_UNIFORM,0,609,30450,1.50,0,0.3971,0.00739,37.0
DQN_UNIFORM_seed_0_1790609140,DQN_UNIFORM,0,610,30500,-6.30,0,0.3961,0.00886,37.1
DQN_UNIFORM_seed_0_1790609140,DQN_UNIFORM,0,611,30550,3.90,0,0.3951,0.00802,37.1
DQN_UNIFORM_seed_0_1790609140,DQN_UNIFORM,0,612,30600,-5.10,0,0.3941,0.00873,37.2
DQN_UNIFORM_seed_0_1790609140,DQN_UNIFORM,0,613,30650,-0.30,0,0.3931,0.00762,37.3
DQN_UNIFORM_seed_0_1790609140,DQN_UNIFORM,0,614,30700,-5.10,0,0.3921,0.00991,37.3
DQN_UNIFORM_seed_0_1790609140,DQN_UNIFORM,0,615,30750,-2.10,0,0.3911,0.00744,37.4
DQN_UNIFORM_seed_0_1790609140,DQN_UNIFORM,0,616,30800,3.90,0,0.3902,0.00653,37.5
DQN_UNIFORM_seed_0_1790609140,DQN_UNIFORM,0,617,30850,-2.10,0,0.3892,0.00716,37.5
DQN_UNIFORM_seed_0_1790609140,DQN_UNIFORM,0,618,30900,0.30,0,0.3882,0.00681,37.6
DQN_UNIFORM_seed_0_1790609140,DQN_UNIFORM,0,619,30950,-5.70,0,0.3872,0.00913,37.7
DQN_UNIFORM_seed_0_1790609140,DQN_UNIFORM,0,620,31000,-5.70,0,0.3862,0.01040,37.7
DQN_UNIFORM_seed_0_1790609140,DQN_UNIFORM,0,621,31050,-2.70,0,0.3852,0.00945,37.8
DQN_UNIFORM_seed_0_1790609140,DQN_UNIFORM,0,622,31100,-4.50,0,0.3842,0.00811,37.8
DQN_UNIFORM_seed_0_1790609140,DQN_UNIFORM,0,623,31150,-3.30,0,0.3832,0.00766,37.9
DQN_UNIFORM_seed_0_1790609140,DQN_UNIFORM,0,624,31200,-3.90,0,0.3822,0.00730,38.0
DQN_UNIFORM_seed_0_1790609140,DQN_UNIFORM,0,625,31250,3.90,0,0.3812,0.00891,38.0
DQN_UNIFORM_seed_0_1790609140,DQN_UNIFORM,0,626,31300,-4.50,0,0.3803,0.00553,38.1
DQN_UNIFORM_seed_0_1790609140,DQN_UNIFORM,0,627,31350,3.90,0,0.3793,0.00774,38.2
DQN_UNIFORM_seed_0_1790609140,DQN_UNIFORM,0,628,31400,-5.70,0,0.3783,0.00616,38.2
DQN_UNIFORM_seed_0_1790609140,DQN_UNIFORM,0,629,31450,-5.10,0,0.3773,0.00615,38.3
DQN_UNIFORM_seed_0_1790609140,DQN_UNIFORM,0,630,31500,3.90,0,0.3763,0.00745,38.4
DQN_UNIFORM_seed_0_1790609140,DQN_UNIFORM,0,631,31550,-7.50,0,0.3753,0.00815,38.4
DQN_UNIFORM_seed_0_1790609140,DQN_UNIFORM,0,632,31600,-5.70,0,0.3743,0.01264,38.5
DQN_UNIFORM_seed_0_1790609140,DQN_UNIFORM,0,633,31650,-5.10,0,0.3733,0.01010,38.6
DQN_UNIFORM_seed_0_1790609140,DQN_UNIFORM,0,634,31700,-3.90,0,0.3723,0.00630,38.6
DQN_UNIFORM_seed_0_1790609140,DQN_UNIFORM,0,635,31750,-4.50,0,0.3713,0.00914,38.7
DQN_UNIFORM_seed_0_1790609140,DQN_UNIFORM,0,636,31800,-0.30,0,0.3704,0.00544,38.7
DQN_UNIFORM_seed_0_1790609140,DQN_UNIFORM,0,637,31850,-2.10,0,0.3694,0.00488,38.8
DQN_UNIFORM_seed_0_1790609140,DQN_UNIFORM,0,638,31900,-5.70,0,0.3684,0.00636,38.9
DQN_UNIFORM_seed_0_1790609140,DQN_UNIFORM,0,639,31950,3.90,0,0.3674,0.00626,38.9
DQN_UNIFORM_seed_0_1790609140,DQN_UNIFORM,0,640,32000,-2.70,0,0.3664,0.00912,39.0
DQN_UNIFORM_seed_0_1790609140,DQN_UNIFORM,0,641,32050,-0.30,0,0.3654,0.00910,39.1
DQN_UNIFORM_seed_0_1790609140,DQN_UNIFORM,0,642,32100,3.90,0,0.3644,0.00513,39.1
DQN_UNIFORM_seed_0_1790609140,DQN_UNIFORM,0,643,32150,3.90,0,0.3634,0.00712,39.2
DQN_UNIFORM_seed_0_1790609140,DQN_UNIFORM,0,644,32200,-3.90,0,0.3624,0.01040,39.3
DQN_UNIFORM_seed_0_1790609140,DQN_UNIFORM,0,645,32250,-4.50,0,0.3614,0.00542,39.3
DQN_UNIFORM_seed_0_1790609140,DQN_UNIFORM,0,646,32300,3.90,0,0.3605,0.01018,39.4
DQN_UNIFORM_seed_0_1790609140,DQN_UNIFORM,0,647,32350,-0.30,0,0.3595,0.00489,39.5
DQN_UNIFORM_seed_0_1790609140,DQN_UNIFORM,0,648,32400,-4.50,0,0.3585,0.00912,39.5
DQN_UNIFORM_seed_0_1790609140,DQN_UNIFORM,0,649,32450,-6.30,0,0.3575,0.00613,39.6
DQN_UNIFORM_seed_0_1790609140,DQN_UNIFORM,0,650,32500,3.90,0,0.3565,0.00875,39.7
DQN_UNIFORM_seed_0_1790609140,DQN_UNIFORM,0,651,32550,3.90,0,0.3555,0.00936,39.7
DQN_UNIFORM_seed_0_1790609140,DQN_UNIFORM,0,652,32600,-4.50,0,0.3545,0.00462,39.8
DQN_UNIFORM_seed_0_1790609140,DQN_UNIFORM,0,653,32650,-3.30,0,0.3535,0.00761,39.8
DQN_UNIFORM_seed_0_1790609140,DQN_UNIFORM,0,654,32700,-6.30,0,0.3525,0.00829,39.9
DQN_UNIFORM_seed_0_1790609140,DQN_UNIFORM,0,655,32750,-0.90,0,0.3516,0.00589,40.0
DQN_UNIFORM_seed_0_1790609140,DQN_UNIFORM,0,656,32800,0.90,0,0.3506,0.00763,40.0
DQN_UNIFORM_seed_0_1790609140,DQN_UNIFORM,0,657,32850,1.50,0,0.3496,0.00766,40.1
DQN_UNIFORM_seed_0_1790609140,DQN_UNIFORM,0,658,32900,-2.10,0,0.3486,0.00881,40.2
DQN_UNIFORM_seed_0_1790609140,DQN_UNIFORM,0,659,32950,0.30,0,0.3476,0.00788,40.2
DQN_UNIFORM_seed_0_1790609140,DQN_UNIFORM,0,660,33000,-6.90,0,0.3466,0.00655,40.3
DQN_UNIFORM_seed_0_1790609140,DQN_UNIFORM,0,661,33050,-5.10,0,0.3456,0.00730,40.4
DQN_UNIFORM_seed_0_1790609140,DQN_UNIFORM,0,662,33100,-3.30,0,0.3446,0.01088,40.4
DQN_UNIFORM_seed_0_1790609140,DQN_UNIFORM,0,663,33150,-3.90,0,0.3436,0.01025,40.5
DQN_UNIFORM_seed_0_1790609140,DQN_UNIFORM,0,664,33200,-0.90,0,0.3426,0.00737,40.6
DQN_UNIFORM_seed_0_1790609140,DQN_UNIFORM,0,665,33250,3.90,0,0.3417,0.00597,40.6
DQN_UNIFORM_seed_0_1790609140,DQN_UNIFORM,0,666,33300,-0.30,0,0.3407,0.00782,40.7
DQN_UNIFORM_seed_0_1790609140,DQN_UNIFORM,0,667,33350,-3.90,0,0.3397,0.01207,40.8
DQN_UNIFORM_seed_0_1790609140,DQN_UNIFORM,0,668,33400,-5.70,0,0.3387,0.01014,40.8
DQN_UNIFORM_seed_0_1790609140,DQN_UNIFORM,0,669,33450,-8.70,0,0.3377,0.00705,40.9
DQN_UNIFORM_seed_0_1790609140,DQN_UNIFORM,0,670,33500,-5.70,0,0.3367,0.00796,41.0
DQN_UNIFORM_seed_0_1790609140,DQN_UNIFORM,0,671,33550,-8.10,0,0.3357,0.00706,41.0
DQN_UNIFORM_seed_0_1790609140,DQN_UNIFORM,0,672,33600,-6.30,0,0.3347,0.00740,41.1
DQN_UNIFORM_seed_0_1790609140,DQN_UNIFORM,0,673,33650,-5.70,0,0.3337,0.00630,41.1
DQN_UNIFORM_seed_0_1790609140,DQN_UNIFORM,0,674,33700,-6.30,0,0.3327,0.00934,41.2
DQN_UNIFORM_seed_0_1790609140,DQN_UNIFORM,0,675,33750,3.30,0,0.3317,0.00813,41.3
DQN_UNIFORM_seed_0_1790609140,DQN_UNIFORM,0,676,33800,3.90,0,0.3308,0.00819,41.3
DQN_UNIFORM_seed_0_1790609140,DQN_UNIFORM,0,677,33850,-5.70,0,0.3298,0.00502,41.4
DQN_UNIFORM_seed_0_1790609140,DQN_UNIFORM,0,678,33900,3.30,0,0.3288,0.00726,41.5
DQN_UNIFORM_seed_0_1790609140,DQN_UNIFORM,0,679,33950,-6.30,0,0.3278,0.01073,41.5
DQN_UNIFORM_seed_0_1790609140,DQN_UNIFORM,0,680,34000,-2.70,0,0.3268,0.00781,41.6
DQN_UNIFORM_seed_0_1790609140,DQN_UNIFORM,0,681,34050,-5.10,0,0.3258,0.00831,41.7
DQN_UNIFORM_seed_0_1790609140,DQN_UNIFORM,0,682,34100,-5.70,0,0.3248,0.01128,41.7
DQN_UNIFORM_seed_0_1790609140,DQN_UNIFORM,0,683,34150,-3.90,0,0.3238,0.00897,41.8
DQN_UNIFORM_seed_0_1790609140,DQN_UNIFORM,0,684,34200,-3.90,0,0.3228,0.00702,41.9
DQN_UNIFORM_seed_0_1790609140,DQN_UNIFORM,0,685,34250,3.30,0,0.3218,0.00569,41.9
DQN_UNIFORM_seed_0_1790609140,DQN_UNIFORM,0,686,34300,-7.50,0,0.3209,0.00577,42.0
DQN_UNIFORM_seed_0_1790609140,DQN_UNIFORM,0,687,34350,-7.50,0,0.3199,0.01047,42.0
DQN_UNIFORM_seed_0_1790609140,DQN_UNIFORM,0,688,34400,-6.30,0,0.3189,0.01027,42.1
DQN_UNIFORM_seed_0_1790609140,DQN_UNIFORM,0,689,34450,3.90,0,0.3179,0.00691,42.2
DQN_UNIFORM_seed_0_1790609140,DQN_UNIFORM,0,690,34500,-5.10,0,0.3169,0.00757,42.2
DQN_UNIFORM_seed_0_1790609140,DQN_UNIFORM,0,691,34550,-5.10,0,0.3159,0.00721,42.3
DQN_UNIFORM_seed_0_1790609140,DQN_UNIFORM,0,692,34600,3.90,0,0.3149,0.00733,42.4
DQN_UNIFORM_seed_0_1790609140,DQN_UNIFORM,0,693,34650,-4.50,0,0.3139,0.00625,42.4
DQN_UNIFORM_seed_0_1790609140,DQN_UNIFORM,0,694,34700,-0.90,0,0.3129,0.00861,42.5
DQN_UNIFORM_seed_0_1790609140,DQN_UNIFORM,0,695,34750,-1.50,0,0.3120,0.01102,42.6
DQN_UNIFORM_seed_0_1790609140,DQN_UNIFORM,0,696,34800,-3.30,0,0.3110,0.00775,42.6
DQN_UNIFORM_seed_0_1790609140,DQN_UNIFORM,0,697,34850,3.90,0,0.3100,0.00655,42.7
DQN_UNIFORM_seed_0_1790609140,DQN_UNIFORM,0,698,34900,-1.50,0,0.3090,0.00712,42.8
DQN_UNIFORM_seed_0_1790609140,DQN_UNIFORM,0,699,34950,-3.90,0,0.3080,0.00701,42.8
DQN_UNIFORM_seed_0_1790609140,DQN_UNIFORM,0,700,35000,3.30,0,0.3070,0.00963,42.9
DQN_UNIFORM_seed_0_1790609140,DQN_UNIFORM,0,701,35050,-1.50,0,0.3060,0.00623,43.0
DQN_UNIFORM_seed_0_1790609140,DQN_UNIFORM,0,702,35100,-6.90,0,0.3050,0.00506,43.1
DQN_UNIFORM_seed_0_1790609140,DQN_UNIFORM,0,703,35150,-2.70,0,0.3040,0.00591,43.1
DQN_UNIFORM_seed_0_1790609140,DQN_UNIFORM,0,704,35200,-7.50,0,0.3030,0.00711,43.2
DQN_UNIFORM_seed_0_1790609140,DQN_UNIFORM,0,705,35250,3.90,0,0.3021,0.00840,43.3
DQN_UNIFORM_seed_0_1790609140,DQN_UNIFORM,0,706,35300,-6.30,0,0.3011,0.00753,43.3
DQN_UNIFORM_seed_0_1790609140,DQN_UNIFORM,0,707,35350,-3.30,0,0.3001,0.00637,43.4
DQN_UNIFORM_seed_0_1790609140,DQN_UNIFORM,0,708,35400,-6.90,0,0.2991,0.00977,43.5
DQN_UNIFORM_seed_0_1790609140,DQN_UNIFORM,0,709,35450,-4.50,0,0.2981,0.00618,43.5
DQN_UNIFORM_seed_0_1790609140,DQN_UNIFORM,0,710,35500,2.10,0,0.2971,0.00771,43.6
DQN_UNIFORM_seed_0_1790609140,DQN_UNIFORM,0,711,35550,-4.50,0,0.2961,0.00996,43.7
DQN_UNIFORM_seed_0_1790609140,DQN_UNIFORM,0,712,35600,3.90,0,0.2951,0.00895,43.7
DQN_UNIFORM_seed_0_1790609140,DQN_UNIFORM,0,713,35650,3.90,0,0.2941,0.00788,43.8
DQN_UNIFORM_seed_0_1790609140,DQN_UNIFORM,0,714,35700,2.10,0,0.2931,0.00961,43.9
DQN_UNIFORM_seed_0_1790609140,DQN_UNIFORM,0,715,35750,-4.50,0,0.2922,0.01124,43.9
DQN_UNIFORM_seed_0_1790609140,DQN_UNIFORM,0,716,35800,-0.30,0,0.2912,0.00745,44.0
DQN_UNIFORM_seed_0_1790609140,DQN_UNIFORM,0,717,35850,-6.90,0,0.2902,0.00476,44.1
DQN_UNIFORM_seed_0_1790609140,DQN_UNIFORM,0,718,35900,3.90,0,0.2892,0.00713,44.1
DQN_UNIFORM_seed_0_1790609140,DQN_UNIFORM,0,719,35950,3.90,0,0.2882,0.00517,44.2
DQN_UNIFORM_seed_0_1790609140,DQN_UNIFORM,0,720,36000,3.90,0,0.2872,0.00488,44.3
DQN_UNIFORM_seed_0_1790609140,DQN_UNIFORM,0,721,36058,4.70,0,0.2861,0.01037,44.3
DQN_UNIFORM_seed_0_1790609140,DQN_UNIFORM,0,722,36108,-3.90,0,0.2851,0.00773,44.4
DQN_UNIFORM_seed_0_1790609140,DQN_UNIFORM,0,723,36158,-5.70,0,0.2841,0.01042,44.5
DQN_UNIFORM_seed_0_1790609140,DQN_UNIFORM,0,724,36208,-6.30,0,0.2831,0.00720,44.5
DQN_UNIFORM_seed_0_1790609140,DQN_UNIFORM,0,725,36258,-4.50,0,0.2821,0.00708,44.6
DQN_UNIFORM_seed_0_1790609140,DQN_UNIFORM,0,726,36308,-6.90,0,0.2811,0.00767,44.7
DQN_UNIFORM_seed_0_1790609140,DQN_UNIFORM,0,727,36358,-4.50,0,0.2801,0.00675,44.8
DQN_UNIFORM_seed_0_1790609140,DQN_UNIFORM,0,728,36408,0.90,0,0.2791,0.00850,44.8
DQN_UNIFORM_seed_0_1790609140,DQN_UNIFORM,0,729,36458,-7.50,0,0.2781,0.00714,44.9
DQN_UNIFORM_seed_0_1790609140,DQN_UNIFORM,0,730,36508,2.10,0,0.2771,0.00751,45.0
DQN_UNIFORM_seed_0_1790609140,DQN_UNIFORM,0,731,36558,3.90,0,0.2762,0.00586,45.0
DQN_UNIFORM_seed_0_1790609140,DQN_UNIFORM,0,732,36608,3.90,0,0.2752,0.00675,45.1
DQN_UNIFORM_seed_0_1790609140,DQN_UNIFORM,0,733,36658,3.90,0,0.2742,0.00620,45.2
DQN_UNIFORM_seed_0_1790609140,DQN_UNIFORM,0,734,36708,-5.10,0,0.2732,0.00647,45.2
DQN_UNIFORM_seed_0_1790609140,DQN_UNIFORM,0,735,36758,-5.70,0,0.2722,0.00587,45.3
DQN_UNIFORM_seed_0_1790609140,DQN_UNIFORM,0,736,36808,-6.30,0,0.2712,0.00502,45.4
DQN_UNIFORM_seed_0_1790609140,DQN_UNIFORM,0,737,36858,3.90,0,0.2702,0.00705,45.4
DQN_UNIFORM_seed_0_1790609140,DQN_UNIFORM,0,738,36908,3.90,0,0.2692,0.00765,45.5
DQN_UNIFORM_seed_0_1790609140,DQN_UNIFORM,0,739,36958,3.90,0,0.2682,0.00628,45.5
DQN_UNIFORM_seed_0_1790609140,DQN_UNIFORM,0,740,37008,-0.90,0,0.2672,0.00829,45.6
DQN_UNIFORM_seed_0_1790609140,DQN_UNIFORM,0,741,37058,-5.70,0,0.2663,0.01191,45.7
DQN_UNIFORM_seed_0_1790609140,DQN_UNIFORM,0,742,37108,-6.90,0,0.2653,0.00654,45.7
DQN_UNIFORM_seed_0_1790609140,DQN_UNIFORM,0,743,37158,-4.50,0,0.2643,0.00631,45.8
DQN_UNIFORM_seed_0_1790609140,DQN_UNIFORM,0,744,37208,2.70,0,0.2633,0.00658,45.9
DQN_UNIFORM_seed_0_1790609140,DQN_UNIFORM,0,745,37258,-6.90,0,0.2623,0.01094,45.9
DQN_UNIFORM_seed_0_1790609140,DQN_UNIFORM,0,746,37308,3.90,0,0.2613,0.00699,46.0
DQN_UNIFORM_seed_0_1790609140,DQN_UNIFORM,0,747,37358,-3.30,0,0.2603,0.00918,46.1
DQN_UNIFORM_seed_0_1790609140,DQN_UNIFORM,0,748,37408,-5.10,0,0.2593,0.00534,46.1
DQN_UNIFORM_seed_0_1790609140,DQN_UNIFORM,0,749,37458,-6.90,0,0.2583,0.00620,46.2
DQN_UNIFORM_seed_0_1790609140,DQN_UNIFORM,0,750,37508,3.90,0,0.2573,0.00727,46.3
DQN_UNIFORM_seed_0_1790609140,DQN_UNIFORM,0,751,37558,-5.70,0,0.2564,0.00866,46.3
DQN_UNIFORM_seed_0_1790609140,DQN_UNIFORM,0,752,37608,-2.70,0,0.2554,0.00569,46.4
DQN_UNIFORM_seed_0_1790609140,DQN_UNIFORM,0,753,37658,-1.50,0,0.2544,0.00669,46.5
DQN_UNIFORM_seed_0_1790609140,DQN_UNIFORM,0,754,37708,-2.70,0,0.2534,0.00735,46.5
DQN_UNIFORM_seed_0_1790609140,DQN_UNIFORM,0,755,37764,4.50,0,0.2523,0.00599,46.6
DQN_UNIFORM_seed_0_1790609140,DQN_UNIFORM,0,756,37814,-6.90,0,0.2513,0.00672,46.7
DQN_UNIFORM_seed_0_1790609140,DQN_UNIFORM,0,757,37864,-4.50,0,0.2503,0.00941,46.7
DQN_UNIFORM_seed_0_1790609140,DQN_UNIFORM,0,758,37914,3.90,0,0.2493,0.00846,46.8
DQN_UNIFORM_seed_0_1790609140,DQN_UNIFORM,0,759,37964,0.90,0,0.2483,0.00763,46.9
DQN_UNIFORM_seed_0_1790609140,DQN_UNIFORM,0,760,38014,3.90,0,0.2473,0.00770,46.9
DQN_UNIFORM_seed_0_1790609140,DQN_UNIFORM,0,761,38064,3.90,0,0.2463,0.00900,47.0
DQN_UNIFORM_seed_0_1790609140,DQN_UNIFORM,0,762,38114,-6.90,0,0.2453,0.00718,47.1
DQN_UNIFORM_seed_0_1790609140,DQN_UNIFORM,0,763,38164,3.90,0,0.2444,0.00796,47.1
DQN_UNIFORM_seed_0_1790609140,DQN_UNIFORM,0,764,38214,-4.50,0,0.2434,0.00631,47.2
DQN_UNIFORM_seed_0_1790609140,DQN_UNIFORM,0,765,38264,3.90,0,0.2424,0.00821,47.3
DQN_UNIFORM_seed_0_1790609140,DQN_UNIFORM,0,766,38314,-5.70,0,0.2414,0.00585,47.3
DQN_UNIFORM_seed_0_1790609140,DQN_UNIFORM,0,767,38364,-6.30,0,0.2404,0.00581,47.4
DQN_UNIFORM_seed_0_1790609140,DQN_UNIFORM,0,768,38414,-8.70,0,0.2394,0.00567,47.5
DQN_UNIFORM_seed_0_1790609140,DQN_UNIFORM,0,769,38464,3.90,0,0.2384,0.00597,47.5
DQN_UNIFORM_seed_0_1790609140,DQN_UNIFORM,0,770,38514,3.90,0,0.2374,0.00623,47.6
DQN_UNIFORM_seed_0_1790609140,DQN_UNIFORM,0,771,38564,-6.30,0,0.2364,0.00634,47.7
DQN_UNIFORM_seed_0_1790609140,DQN_UNIFORM,0,772,38614,-2.10,0,0.2354,0.00547,47.7
DQN_UNIFORM_seed_0_1790609140,DQN_UNIFORM,0,773,38664,-5.10,0,0.2345,0.00786,47.8
DQN_UNIFORM_seed_0_1790609140,DQN_UNIFORM,0,774,38714,-1.50,0,0.2335,0.00738,47.8
DQN_UNIFORM_seed_0_1790609140,DQN_UNIFORM,0,775,38764,-7.50,0,0.2325,0.00773,47.9
DQN_UNIFORM_seed_0_1790609140,DQN_UNIFORM,0,776,38814,-6.90,0,0.2315,0.00604,48.0
DQN_UNIFORM_seed_0_1790609140,DQN_UNIFORM,0,777,38864,-6.90,0,0.2305,0.00671,48.0
DQN_UNIFORM_seed_0_1790609140,DQN_UNIFORM,0,778,38914,-2.70,0,0.2295,0.00592,48.1
DQN_UNIFORM_seed_0_1790609140,DQN_UNIFORM,0,779,38964,0.90,0,0.2285,0.00586,48.2
DQN_UNIFORM_seed_0_1790609140,DQN_UNIFORM,0,780,39014,-0.90,0,0.2275,0.00761,48.2
DQN_UNIFORM_seed_0_1790609140,DQN_UNIFORM,0,781,39064,3.90,0,0.2265,0.01133,48.3
DQN_UNIFORM_seed_0_1790609140,DQN_UNIFORM,0,782,39114,-8.10,0,0.2255,0.00756,48.4
DQN_UNIFORM_seed_0_1790609140,DQN_UNIFORM,0,783,39172,4.70,0,0.2244,0.00986,48.4
DQN_UNIFORM_seed_0_1790609140,DQN_UNIFORM,0,784,39226,4.30,0,0.2233,0.00960,48.5
DQN_UNIFORM_seed_0_1790609140,DQN_UNIFORM,0,785,39276,3.90,0,0.2223,0.01016,48.6
DQN_UNIFORM_seed_0_1790609140,DQN_UNIFORM,0,786,39326,-2.10,0,0.2213,0.00745,48.7
DQN_UNIFORM_seed_0_1790609140,DQN_UNIFORM,0,787,39382,4.50,0,0.2202,0.00995,48.7
DQN_UNIFORM_seed_0_1790609140,DQN_UNIFORM,0,788,39432,-0.30,0,0.2192,0.00849,48.8
DQN_UNIFORM_seed_0_1790609140,DQN_UNIFORM,0,789,39482,1.50,0,0.2183,0.00624,48.9
DQN_UNIFORM_seed_0_1790609140,DQN_UNIFORM,0,790,39540,4.70,0,0.2171,0.00678,48.9
DQN_UNIFORM_seed_0_1790609140,DQN_UNIFORM,0,791,39590,-6.30,0,0.2161,0.00884,49.0
DQN_UNIFORM_seed_0_1790609140,DQN_UNIFORM,0,792,39640,3.90,0,0.2151,0.00615,49.1
DQN_UNIFORM_seed_0_1790609140,DQN_UNIFORM,0,793,39690,3.90,0,0.2141,0.00857,49.2
DQN_UNIFORM_seed_0_1790609140,DQN_UNIFORM,0,794,39740,3.90,0,0.2131,0.00650,49.2
DQN_UNIFORM_seed_0_1790609140,DQN_UNIFORM,0,795,39790,3.90,0,0.2122,0.00595,49.3
DQN_UNIFORM_seed_0_1790609140,DQN_UNIFORM,0,796,39843,4.20,0,0.2111,0.00612,49.4
DQN_UNIFORM_seed_0_1790609140,DQN_UNIFORM,0,797,39893,2.10,0,0.2101,0.00745,49.4
DQN_UNIFORM_seed_0_1790609140,DQN_UNIFORM,0,798,39943,-2.70,0,0.2091,0.00795,49.5
DQN_UNIFORM_seed_0_1790609140,DQN_UNIFORM,0,799,39993,-4.50,0,0.2081,0.00700,49.6
DQN_UNIFORM_seed_0_1790609140,DQN_UNIFORM,0,800,40043,3.90,0,0.2071,0.01003,49.7
DQN_UNIFORM_seed_0_1790609140,DQN_UNIFORM,0,801,40093,3.90,0,0.2062,0.00832,49.8
DQN_UNIFORM_seed_0_1790609140,DQN_UNIFORM,0,802,40143,3.90,0,0.2052,0.00619,49.9
DQN_UNIFORM_seed_0_1790609140,DQN_UNIFORM,0,803,40193,-0.90,0,0.2042,0.00826,49.9
DQN_UNIFORM_seed_0_1790609140,DQN_UNIFORM,0,804,40254,5.00,1,0.2030,0.00706,50.0
DQN_UNIFORM_seed_0_1790609140,DQN_UNIFORM,0,805,40304,3.90,0,0.2020,0.00502,50.1
DQN_UNIFORM_seed_0_1790609140,DQN_UNIFORM,0,806,40354,-3.90,0,0.2010,0.00829,50.1
DQN_UNIFORM_seed_0_1790609140,DQN_UNIFORM,0,807,40404,-0.90,0,0.2000,0.00638,50.2
DQN_UNIFORM_seed_0_1790609140,DQN_UNIFORM,0,808,40454,3.90,0,0.1990,0.00569,50.3
DQN_UNIFORM_seed_0_1790609140,DQN_UNIFORM,0,809,40514,4.90,0,0.1978,0.00937,50.3
DQN_UNIFORM_seed_0_1790609140,DQN_UNIFORM,0,810,40564,3.90,0,0.1968,0.00695,50.4
DQN_UNIFORM_seed_0_1790609140,DQN_UNIFORM,0,811,40614,-2.10,0,0.1958,0.00683,50.5
DQN_UNIFORM_seed_0_1790609140,DQN_UNIFORM,0,812,40665,4.00,0,0.1948,0.00688,50.5
DQN_UNIFORM_seed_0_1790609140,DQN_UNIFORM,0,813,40715,3.90,0,0.1938,0.00795,50.6
DQN_UNIFORM_seed_0_1790609140,DQN_UNIFORM,0,814,40765,3.30,0,0.1929,0.00797,50.7
DQN_UNIFORM_seed_0_1790609140,DQN_UNIFORM,0,815,40815,3.90,0,0.1919,0.00860,50.7
DQN_UNIFORM_seed_0_1790609140,DQN_UNIFORM,0,816,40865,3.90,0,0.1909,0.00741,50.8
DQN_UNIFORM_seed_0_1790609140,DQN_UNIFORM,0,817,40915,3.90,0,0.1899,0.00709,50.9
DQN_UNIFORM_seed_0_1790609140,DQN_UNIFORM,0,818,40965,3.90,0,0.1889,0.00549,50.9
DQN_UNIFORM_seed_0_1790609140,DQN_UNIFORM,0,819,41015,3.90,0,0.1879,0.00720,51.0
DQN_UNIFORM_seed_0_1790609140,DQN_UNIFORM,0,820,41065,3.90,0,0.1869,0.00812,51.1
DQN_UNIFORM_seed_0_1790609140,DQN_UNIFORM,0,821,41115,3.90,0,0.1859,0.00790,51.1
DQN_UNIFORM_seed_0_1790609140,DQN_UNIFORM,0,822,41165,3.90,0,0.1849,0.00859,51.2
DQN_UNIFORM_seed_0_1790609140,DQN_UNIFORM,0,823,41215,3.90,0,0.1839,0.01049,51.3
DQN_UNIFORM_seed_0_1790609140,DQN_UNIFORM,0,824,41265,-3.30,0,0.1830,0.00751,51.3
DQN_UNIFORM_seed_0_1790609140,DQN_UNIFORM,0,825,41315,3.90,0,0.1820,0.00633,51.4
DQN_UNIFORM_seed_0_1790609140,DQN_UNIFORM,0,826,41366,4.00,0,0.1810,0.00633,51.5
DQN_UNIFORM_seed_0_1790609140,DQN_UNIFORM,0,827,41416,3.90,0,0.1800,0.00586,51.5
DQN_UNIFORM_seed_0_1790609140,DQN_UNIFORM,0,828,41466,3.90,0,0.1790,0.00729,51.6
DQN_UNIFORM_seed_0_1790609140,DQN_UNIFORM,0,829,41526,4.90,0,0.1778,0.00708,51.7
DQN_UNIFORM_seed_0_1790609140,DQN_UNIFORM,0,830,41576,3.90,0,0.1768,0.00716,51.7
DQN_UNIFORM_seed_0_1790609140,DQN_UNIFORM,0,831,41626,3.90,0,0.1758,0.00642,51.8
DQN_UNIFORM_seed_0_1790609140,DQN_UNIFORM,0,832,41676,0.90,0,0.1748,0.00659,51.9
DQN_UNIFORM_seed_0_1790609140,DQN_UNIFORM,0,833,41726,3.90,0,0.1738,0.00786,51.9
DQN_UNIFORM_seed_0_1790609140,DQN_UNIFORM,0,834,41776,3.90,0,0.1728,0.00867,52.0
DQN_UNIFORM_seed_0_1790609140,DQN_UNIFORM,0,835,41826,3.90,0,0.1718,0.00629,52.1
DQN_UNIFORM_seed_0_1790609140,DQN_UNIFORM,0,836,41879,4.20,0,0.1708,0.00573,52.1
DQN_UNIFORM_seed_0_1790609140,DQN_UNIFORM,0,837,41933,4.30,0,0.1697,0.00767,52.2
DQN_UNIFORM_seed_0_1790609140,DQN_UNIFORM,0,838,41983,0.30,0,0.1687,0.00618,52.3
DQN_UNIFORM_seed_0_1790609140,DQN_UNIFORM,0,839,42034,4.00,0,0.1677,0.00841,52.3
DQN_UNIFORM_seed_0_1790609140,DQN_UNIFORM,0,840,42086,4.10,0,0.1667,0.01014,52.4
DQN_UNIFORM_seed_0_1790609140,DQN_UNIFORM,0,841,42136,3.90,0,0.1657,0.00932,52.5
DQN_UNIFORM_seed_0_1790609140,DQN_UNIFORM,0,842,42186,3.90,0,0.1647,0.00642,52.5
DQN_UNIFORM_seed_0_1790609140,DQN_UNIFORM,0,843,42244,4.70,0,0.1636,0.00734,52.6
DQN_UNIFORM_seed_0_1790609140,DQN_UNIFORM,0,844,42294,3.90,0,0.1626,0.00734,52.7
DQN_UNIFORM_seed_0_1790609140,DQN_UNIFORM,0,845,42344,1.50,0,0.1616,0.00746,52.8
DQN_UNIFORM_seed_0_1790609140,DQN_UNIFORM,0,846,42397,4.20,0,0.1605,0.00909,52.8
DQN_UNIFORM_seed_0_1790609140,DQN_UNIFORM,0,847,42447,3.90,0,0.1595,0.00994,52.9
DQN_UNIFORM_seed_0_1790609140,DQN_UNIFORM,0,848,42497,3.90,0,0.1586,0.00714,53.0
DQN_UNIFORM_seed_0_1790609140,DQN_UNIFORM,0,849,42547,-3.90,0,0.1576,0.00750,53.0
DQN_UNIFORM_seed_0_1790609140,DQN_UNIFORM,0,850,42597,2.10,0,0.1566,0.00674,53.1
DQN_UNIFORM_seed_0_1790609140,DQN_UNIFORM,0,851,42648,4.00,0,0.1556,0.00859,53.2
DQN_UNIFORM_seed_0_1790609140,DQN_UNIFORM,0,852,42698,3.90,0,0.1546,0.01019,53.2
DQN_UNIFORM_seed_0_1790609140,DQN_UNIFORM,0,853,42748,3.90,0,0.1536,0.00777,53.3
DQN_UNIFORM_seed_0_1790609140,DQN_UNIFORM,0,854,42798,3.90,0,0.1526,0.00767,53.4
DQN_UNIFORM_seed_0_1790609140,DQN_UNIFORM,0,855,42848,3.90,0,0.1516,0.00659,53.4
DQN_UNIFORM_seed_0_1790609140,DQN_UNIFORM,0,856,42898,3.90,0,0.1506,0.00886,53.5
DQN_UNIFORM_seed_0_1790609140,DQN_UNIFORM,0,857,42948,0.90,0,0.1496,0.00764,53.5
DQN_UNIFORM_seed_0_1790609140,DQN_UNIFORM,0,858,42998,3.90,0,0.1486,0.00673,53.6
DQN_UNIFORM_seed_0_1790609140,DQN_UNIFORM,0,859,43050,4.10,0,0.1476,0.00958,53.7
DQN_UNIFORM_seed_0_1790609140,DQN_UNIFORM,0,860,43100,3.90,0,0.1466,0.00680,53.8
DQN_UNIFORM_seed_0_1790609140,DQN_UNIFORM,0,861,43150,3.90,0,0.1456,0.00617,53.8
DQN_UNIFORM_seed_0_1790609140,DQN_UNIFORM,0,862,43200,3.90,0,0.1446,0.00852,53.9
DQN_UNIFORM_seed_0_1790609140,DQN_UNIFORM,0,863,43250,2.70,0,0.1437,0.00783,53.9
DQN_UNIFORM_seed_0_1790609140,DQN_UNIFORM,0,864,43300,2.10,0,0.1427,0.00632,54.0
DQN_UNIFORM_seed_0_1790609140,DQN_UNIFORM,0,865,43350,3.90,0,0.1417,0.00640,54.1
DQN_UNIFORM_seed_0_1790609140,DQN_UNIFORM,0,866,43401,4.00,0,0.1407,0.00817,54.1
DQN_UNIFORM_seed_0_1790609140,DQN_UNIFORM,0,867,43451,-1.50,0,0.1397,0.00654,54.2
DQN_UNIFORM_seed_0_1790609140,DQN_UNIFORM,0,868,43501,2.10,0,0.1387,0.00737,54.3
DQN_UNIFORM_seed_0_1790609140,DQN_UNIFORM,0,869,43551,3.90,0,0.1377,0.00857,54.3
DQN_UNIFORM_seed_0_1790609140,DQN_UNIFORM,0,870,43601,3.90,0,0.1367,0.00726,54.4
DQN_UNIFORM_seed_0_1790609140,DQN_UNIFORM,0,871,43651,3.90,0,0.1357,0.00707,54.5
DQN_UNIFORM_seed_0_1790609140,DQN_UNIFORM,0,872,43701,3.90,0,0.1347,0.00681,54.5
DQN_UNIFORM_seed_0_1790609140,DQN_UNIFORM,0,873,43751,2.10,0,0.1337,0.00686,54.6
DQN_UNIFORM_seed_0_1790609140,DQN_UNIFORM,0,874,43801,3.90,0,0.1327,0.00875,54.7
DQN_UNIFORM_seed_0_1790609140,DQN_UNIFORM,0,875,43851,3.90,0,0.1318,0.00851,54.7
DQN_UNIFORM_seed_0_1790609140,DQN_UNIFORM,0,876,43902,4.00,0,0.1307,0.00948,54.8
DQN_UNIFORM_seed_0_1790609140,DQN_UNIFORM,0,877,43952,3.90,0,0.1298,0.00604,54.9
DQN_UNIFORM_seed_0_1790609140,DQN_UNIFORM,0,878,44002,2.70,0,0.1288,0.00819,54.9
DQN_UNIFORM_seed_0_1790609140,DQN_UNIFORM,0,879,44052,3.90,0,0.1278,0.00637,55.0
DQN_UNIFORM_seed_0_1790609140,DQN_UNIFORM,0,880,44102,3.90,0,0.1268,0.00932,55.1
DQN_UNIFORM_seed_0_1790609140,DQN_UNIFORM,0,881,44152,3.90,0,0.1258,0.00859,55.1
DQN_UNIFORM_seed_0_1790609140,DQN_UNIFORM,0,882,44202,3.90,0,0.1248,0.00796,55.2
DQN_UNIFORM_seed_0_1790609140,DQN_UNIFORM,0,883,44252,0.90,0,0.1238,0.00787,55.3
DQN_UNIFORM_seed_0_1790609140,DQN_UNIFORM,0,884,44302,3.90,0,0.1228,0.00676,55.3
DQN_UNIFORM_seed_0_1790609140,DQN_UNIFORM,0,885,44352,0.30,0,0.1218,0.00695,55.4
DQN_UNIFORM_seed_0_1790609140,DQN_UNIFORM,0,886,44402,3.90,0,0.1208,0.00911,55.5
DQN_UNIFORM_seed_0_1790609140,DQN_UNIFORM,0,887,44453,4.00,0,0.1198,0.00785,55.5
DQN_UNIFORM_seed_0_1790609140,DQN_UNIFORM,0,888,44503,3.90,0,0.1188,0.00721,55.6
DQN_UNIFORM_seed_0_1790609140,DQN_UNIFORM,0,889,44560,4.60,0,0.1177,0.00717,55.7
DQN_UNIFORM_seed_0_1790609140,DQN_UNIFORM,0,890,44610,3.90,0,0.1167,0.00826,55.7
DQN_UNIFORM_seed_0_1790609140,DQN_UNIFORM,0,891,44660,3.90,0,0.1157,0.00767,55.8
DQN_UNIFORM_seed_0_1790609140,DQN_UNIFORM,0,892,44710,3.90,0,0.1147,0.01004,55.9
DQN_UNIFORM_seed_0_1790609140,DQN_UNIFORM,0,893,44760,0.30,0,0.1138,0.00765,55.9
DQN_UNIFORM_seed_0_1790609140,DQN_UNIFORM,0,894,44810,3.90,0,0.1128,0.00653,56.0
DQN_UNIFORM_seed_0_1790609140,DQN_UNIFORM,0,895,44868,4.70,0,0.1116,0.00829,56.1
DQN_UNIFORM_seed_0_1790609140,DQN_UNIFORM,0,896,44925,4.60,0,0.1105,0.00720,56.2
DQN_UNIFORM_seed_0_1790609140,DQN_UNIFORM,0,897,44980,4.40,0,0.1094,0.00681,56.2
DQN_UNIFORM_seed_0_1790609140,DQN_UNIFORM,0,898,45030,3.90,0,0.1084,0.00742,56.4
DQN_UNIFORM_seed_0_1790609140,DQN_UNIFORM,0,899,45082,4.10,0,0.1074,0.00719,56.5
DQN_UNIFORM_seed_0_1790609140,DQN_UNIFORM,0,900,45132,3.90,0,0.1064,0.00913,56.5
DQN_UNIFORM_seed_0_1790609140,DQN_UNIFORM,0,901,45187,4.40,0,0.1053,0.00806,56.6
DQN_UNIFORM_seed_0_1790609140,DQN_UNIFORM,0,902,45241,4.30,0,0.1042,0.00652,56.7
DQN_UNIFORM_seed_0_1790609140,DQN_UNIFORM,0,903,45291,3.90,0,0.1032,0.00859,56.7
DQN_UNIFORM_seed_0_1790609140,DQN_UNIFORM,0,904,45341,3.90,0,0.1022,0.00566,56.8
DQN_UNIFORM_seed_0_1790609140,DQN_UNIFORM,0,905,45391,3.90,0,0.1013,0.00670,56.9
DQN_UNIFORM_seed_0_1790609140,DQN_UNIFORM,0,906,45441,3.90,0,0.1003,0.00581,56.9
DQN_UNIFORM_seed_0_1790609140,DQN_UNIFORM,0,907,45495,4.30,0,0.0992,0.00699,57.0
DQN_UNIFORM_seed_0_1790609140,DQN_UNIFORM,0,908,45545,3.90,0,0.0982,0.00605,57.1
DQN_UNIFORM_seed_0_1790609140,DQN_UNIFORM,0,909,45595,3.90,0,0.0972,0.00823,57.1
DQN_UNIFORM_seed_0_1790609140,DQN_UNIFORM,0,910,45654,4.80,0,0.0961,0.00515,57.2
DQN_UNIFORM_seed_0_1790609140,DQN_UNIFORM,0,911,45704,3.90,0,0.0951,0.00635,57.3
DQN_UNIFORM_seed_0_1790609140,DQN_UNIFORM,0,912,45754,3.90,0,0.0941,0.00760,57.3
DQN_UNIFORM_seed_0_1790609140,DQN_UNIFORM,0,913,45804,3.90,0,0.0931,0.00681,57.4
DQN_UNIFORM_seed_0_1790609140,DQN_UNIFORM,0,914,45854,3.90,0,0.0921,0.00683,57.5
DQN_UNIFORM_seed_0_1790609140,DQN_UNIFORM,0,915,45904,3.90,0,0.0911,0.00781,57.5
DQN_UNIFORM_seed_0_1790609140,DQN_UNIFORM,0,916,45957,4.20,0,0.0901,0.00652,57.6
DQN_UNIFORM_seed_0_1790609140,DQN_UNIFORM,0,917,46007,3.90,0,0.0891,0.00759,57.7
DQN_UNIFORM_seed_0_1790609140,DQN_UNIFORM,0,918,46057,3.90,0,0.0881,0.00719,57.7
DQN_UNIFORM_seed_0_1790609140,DQN_UNIFORM,0,919,46107,3.90,0,0.0871,0.00625,57.8
DQN_UNIFORM_seed_0_1790609140,DQN_UNIFORM,0,920,46157,3.90,0,0.0861,0.00873,57.9
DQN_UNIFORM_seed_0_1790609140,DQN_UNIFORM,0,921,46207,3.90,0,0.0851,0.01002,57.9
DQN_UNIFORM_seed_0_1790609140,DQN_UNIFORM,0,922,46257,3.90,0,0.0841,0.00541,58.0
DQN_UNIFORM_seed_0_1790609140,DQN_UNIFORM,0,923,46307,3.90,0,0.0831,0.00801,58.1
DQN_UNIFORM_seed_0_1790609140,DQN_UNIFORM,0,924,46357,3.90,0,0.0821,0.00610,58.1
DQN_UNIFORM_seed_0_1790609140,DQN_UNIFORM,0,925,46407,3.90,0,0.0811,0.00613,58.2
DQN_UNIFORM_seed_0_1790609140,DQN_UNIFORM,0,926,46462,4.40,0,0.0801,0.00573,58.3
DQN_UNIFORM_seed_0_1790609140,DQN_UNIFORM,0,927,46512,3.90,0,0.0791,0.00681,58.3
DQN_UNIFORM_seed_0_1790609140,DQN_UNIFORM,0,928,46566,4.30,0,0.0780,0.00679,58.4
DQN_UNIFORM_seed_0_1790609140,DQN_UNIFORM,0,929,46616,3.90,0,0.0770,0.00733,58.5
DQN_UNIFORM_seed_0_1790609140,DQN_UNIFORM,0,930,46666,3.90,0,0.0760,0.00570,58.5
DQN_UNIFORM_seed_0_1790609140,DQN_UNIFORM,0,931,46716,3.90,0,0.0750,0.00598,58.6
DQN_UNIFORM_seed_0_1790609140,DQN_UNIFORM,0,932,46766,3.90,0,0.0740,0.00762,58.7
DQN_UNIFORM_seed_0_1790609140,DQN_UNIFORM,0,933,46816,3.90,0,0.0730,0.00614,58.7
DQN_UNIFORM_seed_0_1790609140,DQN_UNIFORM,0,934,46866,3.90,0,0.0721,0.00732,58.8
DQN_UNIFORM_seed_0_1790609140,DQN_UNIFORM,0,935,46919,4.20,0,0.0710,0.00768,58.9
DQN_UNIFORM_seed_0_1790609140,DQN_UNIFORM,0,936,46969,3.90,0,0.0700,0.00649,58.9
DQN_UNIFORM_seed_0_1790609140,DQN_UNIFORM,0,937,47019,3.90,0,0.0690,0.00814,59.0
DQN_UNIFORM_seed_0_1790609140,DQN_UNIFORM,0,938,47069,3.90,0,0.0680,0.00917,59.1
DQN_UNIFORM_seed_0_1790609140,DQN_UNIFORM,0,939,47119,3.90,0,0.0670,0.01502,59.1
DQN_UNIFORM_seed_0_1790609140,DQN_UNIFORM,0,940,47174,4.40,0,0.0660,0.01021,59.2
DQN_UNIFORM_seed_0_1790609140,DQN_UNIFORM,0,941,47224,0.30,0,0.0650,0.00637,59.3
DQN_UNIFORM_seed_0_1790609140,DQN_UNIFORM,0,942,47274,3.90,0,0.0640,0.00765,59.4
DQN_UNIFORM_seed_0_1790609140,DQN_UNIFORM,0,943,47324,-0.30,0,0.0630,0.00699,59.4
DQN_UNIFORM_seed_0_1790609140,DQN_UNIFORM,0,944,47374,3.90,0,0.0620,0.00831,59.5
DQN_UNIFORM_seed_0_1790609140,DQN_UNIFORM,0,945,47424,3.90,0,0.0610,0.00658,59.6
DQN_UNIFORM_seed_0_1790609140,DQN_UNIFORM,0,946,47474,3.90,0,0.0600,0.00516,59.6
DQN_UNIFORM_seed_0_1790609140,DQN_UNIFORM,0,947,47529,4.40,0,0.0589,0.00734,59.7
DQN_UNIFORM_seed_0_1790609140,DQN_UNIFORM,0,948,47579,3.90,0,0.0579,0.00728,59.8
DQN_UNIFORM_seed_0_1790609140,DQN_UNIFORM,0,949,47634,4.40,0,0.0568,0.00533,59.8
DQN_UNIFORM_seed_0_1790609140,DQN_UNIFORM,0,950,47688,4.30,0,0.0558,0.00640,59.9
DQN_UNIFORM_seed_0_1790609140,DQN_UNIFORM,0,951,47738,3.90,0,0.0548,0.00519,60.0
DQN_UNIFORM_seed_0_1790609140,DQN_UNIFORM,0,952,47789,4.00,0,0.0538,0.00597,60.0
DQN_UNIFORM_seed_0_1790609140,DQN_UNIFORM,0,953,47839,3.90,0,0.0528,0.00615,60.1
DQN_UNIFORM_seed_0_1790609140,DQN_UNIFORM,0,954,47895,4.50,0,0.0517,0.00621,60.2
DQN_UNIFORM_seed_0_1790609140,DQN_UNIFORM,0,955,47947,4.10,0,0.0506,0.00677,60.3
DQN_UNIFORM_seed_0_1790609140,DQN_UNIFORM,0,956,47997,3.90,0,0.0497,0.00616,60.3
DQN_UNIFORM_seed_0_1790609140,DQN_UNIFORM,0,957,48047,0.90,0,0.0487,0.00880,60.4
DQN_UNIFORM_seed_0_1790609140,DQN_UNIFORM,0,958,48097,3.90,0,0.0477,0.00634,60.5
DQN_UNIFORM_seed_0_1790609140,DQN_UNIFORM,0,959,48148,4.00,0,0.0467,0.00974,60.5
DQN_UNIFORM_seed_0_1790609140,DQN_UNIFORM,0,960,48198,3.90,0,0.0457,0.00702,60.6
DQN_UNIFORM_seed_0_1790609140,DQN_UNIFORM,0,961,48248,3.90,0,0.0447,0.00816,60.7
DQN_UNIFORM_seed_0_1790609140,DQN_UNIFORM,0,962,48298,3.90,0,0.0437,0.00724,60.7
DQN_UNIFORM_seed_0_1790609140,DQN_UNIFORM,0,963,48348,3.90,0,0.0427,0.00747,60.8
DQN_UNIFORM_seed_0_1790609140,DQN_UNIFORM,0,964,48398,3.90,0,0.0417,0.00782,60.9
DQN_UNIFORM_seed_0_1790609140,DQN_UNIFORM,0,965,48448,3.90,0,0.0407,0.00630,60.9
DQN_UNIFORM_seed_0_1790609140,DQN_UNIFORM,0,966,48498,3.90,0,0.0397,0.00607,61.0
DQN_UNIFORM_seed_0_1790609140,DQN_UNIFORM,0,967,48551,4.20,0,0.0387,0.00862,61.1
DQN_UNIFORM_seed_0_1790609140,DQN_UNIFORM,0,968,48601,3.90,0,0.0377,0.00670,61.1
DQN_UNIFORM_seed_0_1790609140,DQN_UNIFORM,0,969,48651,3.90,0,0.0367,0.00661,61.2
DQN_UNIFORM_seed_0_1790609140,DQN_UNIFORM,0,970,48701,3.90,0,0.0357,0.00780,61.3
DQN_UNIFORM_seed_0_1790609140,DQN_UNIFORM,0,971,48751,3.90,0,0.0347,0.00736,61.3
DQN_UNIFORM_seed_0_1790609140,DQN_UNIFORM,0,972,48801,3.90,0,0.0337,0.00739,61.4
DQN_UNIFORM_seed_0_1790609140,DQN_UNIFORM,0,973,48851,3.90,0,0.0328,0.00736,61.5
DQN_UNIFORM_seed_0_1790609140,DQN_UNIFORM,0,974,48901,3.90,0,0.0318,0.00684,61.5
DQN_UNIFORM_seed_0_1790609140,DQN_UNIFORM,0,975,48958,4.60,0,0.0306,0.00594,61.6
DQN_UNIFORM_seed_0_1790609140,DQN_UNIFORM,0,976,49010,4.10,0,0.0296,0.00547,61.7
DQN_UNIFORM_seed_0_1790609140,DQN_UNIFORM,0,977,49060,3.90,0,0.0286,0.01113,61.7
DQN_UNIFORM_seed_0_1790609140,DQN_UNIFORM,0,978,49118,4.70,0,0.0275,0.00684,61.8
DQN_UNIFORM_seed_0_1790609140,DQN_UNIFORM,0,979,49168,3.90,0,0.0265,0.00785,61.9
DQN_UNIFORM_seed_0_1790609140,DQN_UNIFORM,0,980,49218,3.90,0,0.0255,0.00814,61.9
DQN_UNIFORM_seed_0_1790609140,DQN_UNIFORM,0,981,49268,3.90,0,0.0245,0.00818,62.0
DQN_UNIFORM_seed_0_1790609140,DQN_UNIFORM,0,982,49318,3.90,0,0.0235,0.00705,62.1
DQN_UNIFORM_seed_0_1790609140,DQN_UNIFORM,0,983,49379,5.00,1,0.0223,0.00798,62.2
DQN_UNIFORM_seed_0_1790609140,DQN_UNIFORM,0,984,49429,3.90,0,0.0213,0.00649,62.2
DQN_UNIFORM_seed_0_1790609140,DQN_UNIFORM,0,985,49484,4.40,0,0.0202,0.00882,62.3
DQN_UNIFORM_seed_0_1790609140,DQN_UNIFORM,0,986,49534,3.90,0,0.0192,0.00660,62.4
DQN_UNIFORM_seed_0_1790609140,DQN_UNIFORM,0,987,49584,3.90,0,0.0182,0.00967,62.4
DQN_UNIFORM_seed_0_1790609140,DQN_UNIFORM,0,988,49643,4.80,0,0.0171,0.00744,62.5
DQN_UNIFORM_seed_0_1790609140,DQN_UNIFORM,0,989,49693,3.90,0,0.0161,0.00815,62.6
DQN_UNIFORM_seed_0_1790609140,DQN_UNIFORM,0,990,49743,3.90,0,0.0151,0.00495,62.6
DQN_UNIFORM_seed_0_1790609140,DQN_UNIFORM,0,991,49793,3.90,0,0.0141,0.01094,62.7
DQN_UNIFORM_seed_0_1790609140,DQN_UNIFORM,0,992,49843,3.90,0,0.0131,0.00810,62.8
DQN_UNIFORM_seed_0_1790609140,DQN_UNIFORM,0,993,49893,3.90,0,0.0121,0.00639,62.8
DQN_UNIFORM_seed_0_1790609140,DQN_UNIFORM,0,994,49943,3.90,0,0.0111,0.00527,62.9
DQN_UNIFORM_seed_0_1790609140,DQN_UNIFORM,0,995,49993,3.90,0,0.0101,0.00654,63.0
DQN_UNIFORM_seed_0_1790609140,DQN_UNIFORM,0,996,50043,3.90,0,0.0100,0.00695,63.1
DQN_UNIFORM_seed_0_1790609140,DQN_UNIFORM,0,997,50093,3.90,0,0.0100,0.00620,63.2
DQN_UNIFORM_seed_0_1790609140,DQN_UNIFORM,0,998,50143,3.90,0,0.0100,0.00622,63.3
DQN_UNIFORM_seed_0_1790609140,DQN_UNIFORM,0,999,50193,3.90,0,0.0100,0.00645,63.3
DQN_UNIFORM_seed_0_1790609140,DQN_UNIFORM,0,1000,50243,3.90,0,0.0100,0.00951,63.4
DQN_UNIFORM_seed_0_1790609140,DQN_UNIFORM,0,1001,50293,3.90,0,0.0100,0.00763,63.5
DQN_UNIFORM_seed_0_1790609140,DQN_UNIFORM,0,1002,50343,3.90,0,0.0100,0.00771,63.5
DQN_UNIFORM_seed_0_1790609140,DQN_UNIFORM,0,1003,50393,3.90,0,0.0100,0.00782,63.6
DQN_UNIFORM_seed_0_1790609140,DQN_UNIFORM,0,1004,50443,3.90,0,0.0100,0.00724,63.7
DQN_UNIFORM_seed_0_1790609140,DQN_UNIFORM,0,1005,50493,3.90,0,0.0100,0.00618,63.7
DQN_UNIFORM_seed_0_1790609140,DQN_UNIFORM,0,1006,50549,4.50,0,0.0100,0.00711,63.8
DQN_UNIFORM_seed_0_1790609140,DQN_UNIFORM,0,1007,50599,3.90,0,0.0100,0.00510,63.9
DQN_UNIFORM_seed_0_1790609140,DQN_UNIFORM,0,1008,50653,4.30,0,0.0100,0.00618,63.9
DQN_UNIFORM_seed_0_1790609140,DQN_UNIFORM,0,1009,50703,3.90,0,0.0100,0.00511,64.0
DQN_UNIFORM_seed_0_1790609140,DQN_UNIFORM,0,1010,50753,3.90,0,0.0100,0.00456,64.1
DQN_UNIFORM_seed_0_1790609140,DQN_UNIFORM,0,1011,50803,3.90,0,0.0100,0.00603,64.1
DQN_UNIFORM_seed_0_1790609140,DQN_UNIFORM,0,1012,50853,3.90,0,0.0100,0.00646,64.2
DQN_UNIFORM_seed_0_1790609140,DQN_UNIFORM,0,1013,50903,3.90,0,0.0100,0.00630,64.3
DQN_UNIFORM_seed_0_1790609140,DQN_UNIFORM,0,1014,50963,4.90,0,0.0100,0.00651,64.4
DQN_UNIFORM_seed_0_1790609140,DQN_UNIFORM,0,1015,51020,4.60,0,0.0100,0.00779,64.4
DQN_UNIFORM_seed_0_1790609140,DQN_UNIFORM,0,1016,51068,3.70,0,0.0100,0.00615,64.5
DQN_UNIFORM_seed_0_1790609140,DQN_UNIFORM,0,1017,51121,4.20,0,0.0100,0.00767,64.6
DQN_UNIFORM_seed_0_1790609140,DQN_UNIFORM,0,1018,51171,3.90,0,0.0100,0.00772,64.6
DQN_UNIFORM_seed_0_1790609140,DQN_UNIFORM,0,1019,51221,3.90,0,0.0100,0.00622,64.7
DQN_UNIFORM_seed_0_1790609140,DQN_UNIFORM,0,1020,51271,3.90,0,0.0100,0.00547,64.8
DQN_UNIFORM_seed_0_1790609140,DQN_UNIFORM,0,1021,51321,3.90,0,0.0100,0.00751,64.8
DQN_UNIFORM_seed_0_1790609140,DQN_UNIFORM,0,1022,51371,3.90,0,0.0100,0.00623,64.9
DQN_UNIFORM_seed_0_1790609140,DQN_UNIFORM,0,1023,51421,3.90,0,0.0100,0.00861,65.0
DQN_UNIFORM_seed_0_1790609140,DQN_UNIFORM,0,1024,51471,3.90,0,0.0100,0.00846,65.0
DQN_UNIFORM_seed_0_1790609140,DQN_UNIFORM,0,1025,51521,3.90,0,0.0100,0.00764,65.1
DQN_UNIFORM_seed_0_1790609140,DQN_UNIFORM,0,1026,51574,4.20,0,0.0100,0.00644,65.2
DQN_UNIFORM_seed_0_1790609140,DQN_UNIFORM,0,1027,51624,3.90,0,0.0100,0.00577,65.2
DQN_UNIFORM_seed_0_1790609140,DQN_UNIFORM,0,1028,51670,3.50,0,0.0100,0.00464,65.3
DQN_UNIFORM_seed_0_1790609140,DQN_UNIFORM,0,1029,51720,3.90,0,0.0100,0.00647,65.4
DQN_UNIFORM_seed_0_1790609140,DQN_UNIFORM,0,1030,51774,4.30,0,0.0100,0.00575,65.4
DQN_UNIFORM_seed_0_1790609140,DQN_UNIFORM,0,1031,51833,4.80,0,0.0100,0.00785,65.5
DQN_UNIFORM_seed_0_1790609140,DQN_UNIFORM,0,1032,51884,4.00,0,0.0100,0.00691,65.6
DQN_UNIFORM_seed_0_1790609140,DQN_UNIFORM,0,1033,51932,3.70,0,0.0100,0.00552,65.6
DQN_UNIFORM_seed_0_1790609140,DQN_UNIFORM,0,1034,51982,3.90,0,0.0100,0.00550,65.7
DQN_UNIFORM_seed_0_1790609140,DQN_UNIFORM,0,1035,52032,3.90,0,0.0100,0.00688,65.8
DQN_UNIFORM_seed_0_1790609140,DQN_UNIFORM,0,1036,52085,4.20,0,0.0100,0.00548,65.9
DQN_UNIFORM_seed_0_1790609140,DQN_UNIFORM,0,1037,52135,3.90,0,0.0100,0.00481,65.9
DQN_UNIFORM_seed_0_1790609140,DQN_UNIFORM,0,1038,52185,3.90,0,0.0100,0.00437,66.0
DQN_UNIFORM_seed_0_1790609140,DQN_UNIFORM,0,1039,52235,3.90,0,0.0100,0.00616,66.1
DQN_UNIFORM_seed_0_1790609140,DQN_UNIFORM,0,1040,52285,3.90,0,0.0100,0.00482,66.1
DQN_UNIFORM_seed_0_1790609140,DQN_UNIFORM,0,1041,52335,3.90,0,0.0100,0.00445,66.2
DQN_UNIFORM_seed_0_1790609140,DQN_UNIFORM,0,1042,52385,3.90,0,0.0100,0.00539,66.3
DQN_UNIFORM_seed_0_1790609140,DQN_UNIFORM,0,1043,52435,3.90,0,0.0100,0.00524,66.3
DQN_UNIFORM_seed_0_1790609140,DQN_UNIFORM,0,1044,52485,3.90,0,0.0100,0.00687,66.4
DQN_UNIFORM_seed_0_1790609140,DQN_UNIFORM,0,1045,52531,3.50,0,0.0100,0.00667,66.4
DQN_UNIFORM_seed_0_1790609140,DQN_UNIFORM,0,1046,52574,3.20,0,0.0100,0.00443,66.5
DQN_UNIFORM_seed_0_1790609140,DQN_UNIFORM,0,1047,52632,4.70,0,0.0100,0.00657,66.6
DQN_UNIFORM_seed_0_1790609140,DQN_UNIFORM,0,1048,52687,4.40,0,0.0100,0.00485,66.7
DQN_UNIFORM_seed_0_1790609140,DQN_UNIFORM,0,1049,52737,3.90,0,0.0100,0.00445,66.7
DQN_UNIFORM_seed_0_1790609140,DQN_UNIFORM,0,1050,52787,3.90,0,0.0100,0.00609,66.8
DQN_UNIFORM_seed_0_1790609140,DQN_UNIFORM,0,1051,52837,3.90,0,0.0100,0.00525,66.9
DQN_UNIFORM_seed_0_1790609140,DQN_UNIFORM,0,1052,52888,4.00,0,0.0100,0.00689,66.9
DQN_UNIFORM_seed_0_1790609140,DQN_UNIFORM,0,1053,52946,4.70,0,0.0100,0.00664,67.0
DQN_UNIFORM_seed_0_1790609140,DQN_UNIFORM,0,1054,52996,3.90,0,0.0100,0.00766,67.1
DQN_UNIFORM_seed_0_1790609140,DQN_UNIFORM,0,1055,53051,4.40,0,0.0100,0.00630,67.1
DQN_UNIFORM_seed_0_1790609140,DQN_UNIFORM,0,1056,53101,3.90,0,0.0100,0.00520,67.2
DQN_UNIFORM_seed_0_1790609140,DQN_UNIFORM,0,1057,53151,3.90,0,0.0100,0.00550,67.3
DQN_UNIFORM_seed_0_1790609140,DQN_UNIFORM,0,1058,53199,3.70,0,0.0100,0.00505,67.3
DQN_UNIFORM_seed_0_1790609140,DQN_UNIFORM,0,1059,53249,3.90,0,0.0100,0.00480,67.4
DQN_UNIFORM_seed_0_1790609140,DQN_UNIFORM,0,1060,53299,3.90,0,0.0100,0.00568,67.5
DQN_UNIFORM_seed_0_1790609140,DQN_UNIFORM,0,1061,53349,3.90,0,0.0100,0.00653,67.5
DQN_UNIFORM_seed_0_1790609140,DQN_UNIFORM,0,1062,53399,3.90,0,0.0100,0.00553,67.6
DQN_UNIFORM_seed_0_1790609140,DQN_UNIFORM,0,1063,53449,3.90,0,0.0100,0.00539,67.7
DQN_UNIFORM_seed_0_1790609140,DQN_UNIFORM,0,1064,53499,3.90,0,0.0100,0.00540,67.7
DQN_UNIFORM_seed_0_1790609140,DQN_UNIFORM,0,1065,53549,3.90,0,0.0100,0.00640,67.8
DQN_UNIFORM_seed_0_1790609140,DQN_UNIFORM,0,1066,53599,3.90,0,0.0100,0.00831,67.9
DQN_UNIFORM_seed_0_1790609140,DQN_UNIFORM,0,1067,53657,4.70,0,0.0100,0.00655,67.9
DQN_UNIFORM_seed_0_1790609140,DQN_UNIFORM,0,1068,53707,3.90,0,0.0100,0.00480,68.0
DQN_UNIFORM_seed_0_1790609140,DQN_UNIFORM,0,1069,53765,4.70,0,0.0100,0.00687,68.1
DQN_UNIFORM_seed_0_1790609140,DQN_UNIFORM,0,1070,53815,3.90,0,0.0100,0.00720,68.2
DQN_UNIFORM_seed_0_1790609140,DQN_UNIFORM,0,1071,53865,3.90,0,0.0100,0.00610,68.2
DQN_UNIFORM_seed_0_1790609140,DQN_UNIFORM,0,1072,53915,3.90,0,0.0100,0.00545,68.3
DQN_UNIFORM_seed_0_1790609140,DQN_UNIFORM,0,1073,53965,3.90,0,0.0100,0.00527,68.4
DQN_UNIFORM_seed_0_1790609140,DQN_UNIFORM,0,1074,54009,3.30,0,0.0100,0.00546,68.4
DQN_UNIFORM_seed_0_1790609140,DQN_UNIFORM,0,1075,54064,4.40,0,0.0100,0.00625,68.5
DQN_UNIFORM_seed_0_1790609140,DQN_UNIFORM,0,1076,54114,3.90,0,0.0100,0.00801,68.6
DQN_UNIFORM_seed_0_1790609140,DQN_UNIFORM,0,1077,54159,3.40,0,0.0100,0.00646,68.6
DQN_UNIFORM_seed_0_1790609140,DQN_UNIFORM,0,1078,54209,3.90,0,0.0100,0.00684,68.7
DQN_UNIFORM_seed_0_1790609140,DQN_UNIFORM,0,1079,54259,3.90,0,0.0100,0.00763,68.7
DQN_UNIFORM_seed_0_1790609140,DQN_UNIFORM,0,1080,54309,3.90,0,0.0100,0.01180,68.8
DQN_UNIFORM_seed_0_1790609140,DQN_UNIFORM,0,1081,54353,3.30,0,0.0100,0.00596,68.9
DQN_UNIFORM_seed_0_1790609140,DQN_UNIFORM,0,1082,54409,4.50,0,0.0100,0.00614,68.9
DQN_UNIFORM_seed_0_1790609140,DQN_UNIFORM,0,1083,54459,3.90,0,0.0100,0.00472,69.0
DQN_UNIFORM_seed_0_1790609140,DQN_UNIFORM,0,1084,54513,4.30,0,0.0100,0.00524,69.1
DQN_UNIFORM_seed_0_1790609140,DQN_UNIFORM,0,1085,54563,3.90,0,0.0100,0.00471,69.2
DQN_UNIFORM_seed_0_1790609140,DQN_UNIFORM,0,1086,54622,4.80,0,0.0100,0.00681,69.2
DQN_UNIFORM_seed_0_1790609140,DQN_UNIFORM,0,1087,54672,3.90,0,0.0100,0.00999,69.3
DQN_UNIFORM_seed_0_1790609140,DQN_UNIFORM,0,1088,54722,3.90,0,0.0100,0.01092,69.4
DQN_UNIFORM_seed_0_1790609140,DQN_UNIFORM,0,1089,54772,3.90,0,0.0100,0.00549,69.4
DQN_UNIFORM_seed_0_1790609140,DQN_UNIFORM,0,1090,54822,3.90,0,0.0100,0.00624,69.5
DQN_UNIFORM_seed_0_1790609140,DQN_UNIFORM,0,1091,54872,3.90,0,0.0100,0.00538,69.6
DQN_UNIFORM_seed_0_1790609140,DQN_UNIFORM,0,1092,54931,4.80,0,0.0100,0.00512,69.6
DQN_UNIFORM_seed_0_1790609140,DQN_UNIFORM,0,1093,54981,3.90,0,0.0100,0.00497,69.7
DQN_UNIFORM_seed_0_1790609140,DQN_UNIFORM,0,1094,55032,4.00,0,0.0100,0.00656,69.9
DQN_UNIFORM_seed_0_1790609140,DQN_UNIFORM,0,1095,55091,4.80,0,0.0100,0.00548,69.9
DQN_UNIFORM_seed_0_1790609140,DQN_UNIFORM,0,1096,55141,3.90,0,0.0100,0.00671,70.0
DQN_UNIFORM_seed_0_1790609140,DQN_UNIFORM,0,1097,55191,3.90,0,0.0100,0.00694,70.1
DQN_UNIFORM_seed_0_1790609140,DQN_UNIFORM,0,1098,55241,3.90,0,0.0100,0.00547,70.1
DQN_UNIFORM_seed_0_1790609140,DQN_UNIFORM,0,1099,55285,3.30,0,0.0100,0.00544,70.2
DQN_UNIFORM_seed_0_1790609140,DQN_UNIFORM,0,1100,55335,3.90,0,0.0100,0.00465,70.3
DQN_UNIFORM_seed_0_1790609140,DQN_UNIFORM,0,1101,55385,3.90,0,0.0100,0.00492,70.3
DQN_UNIFORM_seed_0_1790609140,DQN_UNIFORM,0,1102,55435,3.90,0,0.0100,0.00524,70.4
DQN_UNIFORM_seed_0_1790609140,DQN_UNIFORM,0,1103,55485,3.90,0,0.0100,0.00608,70.5
DQN_UNIFORM_seed_0_1790609140,DQN_UNIFORM,0,1104,55535,3.90,0,0.0100,0.00479,70.5
DQN_UNIFORM_seed_0_1790609140,DQN_UNIFORM,0,1105,55585,3.90,0,0.0100,0.00500,70.6
DQN_UNIFORM_seed_0_1790609140,DQN_UNIFORM,0,1106,55635,3.90,0,0.0100,0.00493,70.7
DQN_UNIFORM_seed_0_1790609140,DQN_UNIFORM,0,1107,55686,4.00,0,0.0100,0.00633,70.7
DQN_UNIFORM_seed_0_1790609140,DQN_UNIFORM,0,1108,55736,3.90,0,0.0100,0.00565,70.8
DQN_UNIFORM_seed_0_1790609140,DQN_UNIFORM,0,1109,55786,3.90,0,0.0100,0.00617,70.9
DQN_UNIFORM_seed_0_1790609140,DQN_UNIFORM,0,1110,55836,3.90,0,0.0100,0.00552,70.9
DQN_UNIFORM_seed_0_1790609140,DQN_UNIFORM,0,1111,55880,3.30,0,0.0100,0.00527,71.0
DQN_UNIFORM_seed_0_1790609140,DQN_UNIFORM,0,1112,55930,3.90,0,0.0100,0.00475,71.1
DQN_UNIFORM_seed_0_1790609140,DQN_UNIFORM,0,1113,55980,3.90,0,0.0100,0.00773,71.1
DQN_UNIFORM_seed_0_1790609140,DQN_UNIFORM,0,1114,56030,3.90,0,0.0100,0.00710,71.2
DQN_UNIFORM_seed_0_1790609140,DQN_UNIFORM,0,1115,56080,3.90,0,0.0100,0.00734,71.3
DQN_UNIFORM_seed_0_1790609140,DQN_UNIFORM,0,1116,56130,3.90,0,0.0100,0.00576,71.3
DQN_UNIFORM_seed_0_1790609140,DQN_UNIFORM,0,1117,56180,3.90,0,0.0100,0.00463,71.4
DQN_UNIFORM_seed_0_1790609140,DQN_UNIFORM,0,1118,56230,3.90,0,0.0100,0.00768,71.5
DQN_UNIFORM_seed_0_1790609140,DQN_UNIFORM,0,1119,56280,3.90,0,0.0100,0.00600,71.5
DQN_UNIFORM_seed_0_1790609140,DQN_UNIFORM,0,1120,56332,4.10,0,0.0100,0.00715,71.6
DQN_UNIFORM_seed_0_1790609140,DQN_UNIFORM,0,1121,56392,4.90,0,0.0100,0.00495,71.7
DQN_UNIFORM_seed_0_1790609140,DQN_UNIFORM,0,1122,56443,4.00,0,0.0100,0.00507,71.8
DQN_UNIFORM_seed_0_1790609140,DQN_UNIFORM,0,1123,56493,3.90,0,0.0100,0.00494,71.8
DQN_UNIFORM_seed_0_1790609140,DQN_UNIFORM,0,1124,56550,4.60,0,0.0100,0.00460,71.9
DQN_UNIFORM_seed_0_1790609140,DQN_UNIFORM,0,1125,56609,4.80,0,0.0100,0.00532,72.0
DQN_UNIFORM_seed_0_1790609140,DQN_UNIFORM,0,1126,56659,3.90,0,0.0100,0.00612,72.0
DQN_UNIFORM_seed_0_1790609140,DQN_UNIFORM,0,1127,56709,3.90,0,0.0100,0.00777,72.1
DQN_UNIFORM_seed_0_1790609140,DQN_UNIFORM,0,1128,56759,3.90,0,0.0100,0.01665,72.2
DQN_UNIFORM_seed_0_1790609140,DQN_UNIFORM,0,1129,56820,5.00,1,0.0100,0.00506,72.3
DQN_UNIFORM_seed_0_1790609140,DQN_UNIFORM,0,1130,56863,3.20,0,0.0100,0.00710,72.3
DQN_UNIFORM_seed_0_1790609140,DQN_UNIFORM,0,1131,56913,3.90,0,0.0100,0.00649,72.4
DQN_UNIFORM_seed_0_1790609140,DQN_UNIFORM,0,1132,56954,3.00,0,0.0100,0.00436,72.4
DQN_UNIFORM_seed_0_1790609140,DQN_UNIFORM,0,1133,57004,3.90,0,0.0100,0.00585,72.5
DQN_UNIFORM_seed_0_1790609140,DQN_UNIFORM,0,1134,57054,3.90,0,0.0100,0.00631,72.6
DQN_UNIFORM_seed_0_1790609140,DQN_UNIFORM,0,1135,57112,4.70,0,0.0100,0.00497,72.7
DQN_UNIFORM_seed_0_1790609140,DQN_UNIFORM,0,1136,57162,3.90,0,0.0100,0.00525,72.7
DQN_UNIFORM_seed_0_1790609140,DQN_UNIFORM,0,1137,57219,4.60,0,0.0100,0.00441,72.8
DQN_UNIFORM_seed_0_1790609140,DQN_UNIFORM,0,1138,57269,3.90,0,0.0100,0.00512,72.9
DQN_UNIFORM_seed_0_1790609140,DQN_UNIFORM,0,1139,57319,3.90,0,0.0100,0.00523,72.9
DQN_UNIFORM_seed_0_1790609140,DQN_UNIFORM,0,1140,57369,3.90,0,0.0100,0.00546,73.0
DQN_UNIFORM_seed_0_1790609140,DQN_UNIFORM,0,1141,57426,4.60,0,0.0100,0.00536,73.1
DQN_UNIFORM_seed_0_1790609140,DQN_UNIFORM,0,1142,57478,4.10,0,0.0100,0.00528,73.1
DQN_UNIFORM_seed_0_1790609140,DQN_UNIFORM,0,1143,57528,3.90,0,0.0100,0.00609,73.2
DQN_UNIFORM_seed_0_1790609140,DQN_UNIFORM,0,1144,57578,3.90,0,0.0100,0.00548,73.3
DQN_UNIFORM_seed_0_1790609140,DQN_UNIFORM,0,1145,57630,4.10,0,0.0100,0.00426,73.3
DQN_UNIFORM_seed_0_1790609140,DQN_UNIFORM,0,1146,57680,3.90,0,0.0100,0.00572,73.4
DQN_UNIFORM_seed_0_1790609140,DQN_UNIFORM,0,1147,57730,3.90,0,0.0100,0.00501,73.5
DQN_UNIFORM_seed_0_1790609140,DQN_UNIFORM,0,1148,57780,3.90,0,0.0100,0.00495,73.6
DQN_UNIFORM_seed_0_1790609140,DQN_UNIFORM,0,1149,57830,3.90,0,0.0100,0.00495,73.6
DQN_UNIFORM_seed_0_1790609140,DQN_UNIFORM,0,1150,57880,3.90,0,0.0100,0.00543,73.7
DQN_UNIFORM_seed_0_1790609140,DQN_UNIFORM,0,1151,57934,4.30,0,0.0100,0.00697,73.8
DQN_UNIFORM_seed_0_1790609140,DQN_UNIFORM,0,1152,57984,3.90,0,0.0100,0.00781,73.8
DQN_UNIFORM_seed_0_1790609140,DQN_UNIFORM,0,1153,58034,3.90,0,0.0100,0.00829,73.9
DQN_UNIFORM_seed_0_1790609140,DQN_UNIFORM,0,1154,58084,3.90,0,0.0100,0.00631,74.0
DQN_UNIFORM_seed_0_1790609140,DQN_UNIFORM,0,1155,58134,3.90,0,0.0100,0.00572,74.0
DQN_UNIFORM_seed_0_1790609140,DQN_UNIFORM,0,1156,58184,3.90,0,0.0100,0.00537,74.1
DQN_UNIFORM_seed_0_1790609140,DQN_UNIFORM,0,1157,58235,4.00,0,0.0100,0.00484,74.2
DQN_UNIFORM_seed_0_1790609140,DQN_UNIFORM,0,1158,58285,3.90,0,0.0100,0.00565,74.2
DQN_UNIFORM_seed_0_1790609140,DQN_UNIFORM,0,1159,58325,2.90,0,0.0100,0.00473,74.3
DQN_UNIFORM_seed_0_1790609140,DQN_UNIFORM,0,1160,58362,2.60,0,0.0100,0.00564,74.3
DQN_UNIFORM_seed_0_1790609140,DQN_UNIFORM,0,1161,58397,2.40,0,0.0100,0.00667,74.4
DQN_UNIFORM_seed_0_1790609140,DQN_UNIFORM,0,1162,58447,3.90,0,0.0100,0.00500,74.4
DQN_UNIFORM_seed_0_1790609140,DQN_UNIFORM,0,1163,58497,3.90,0,0.0100,0.00632,74.5
DQN_UNIFORM_seed_0_1790609140,DQN_UNIFORM,0,1164,58528,2.00,0,0.0100,0.00727,74.6
DQN_UNIFORM_seed_0_1790609140,DQN_UNIFORM,0,1165,58578,3.90,0,0.0100,0.00532,74.6
DQN_UNIFORM_seed_0_1790609140,DQN_UNIFORM,0,1166,58628,3.90,0,0.0100,0.00611,74.7
DQN_UNIFORM_seed_0_1790609140,DQN_UNIFORM,0,1167,58678,3.90,0,0.0100,0.00597,74.8
DQN_UNIFORM_seed_0_1790609140,DQN_UNIFORM,0,1168,58728,3.90,0,0.0100,0.00944,74.8
DQN_UNIFORM_seed_0_1790609140,DQN_UNIFORM,0,1169,58763,2.40,0,0.0100,0.00672,74.9
DQN_UNIFORM_seed_0_1790609140,DQN_UNIFORM,0,1170,58813,3.90,0,0.0100,0.00439,74.9
DQN_UNIFORM_seed_0_1790609140,DQN_UNIFORM,0,1171,58863,3.90,0,0.0100,0.00477,75.0
DQN_UNIFORM_seed_0_1790609140,DQN_UNIFORM,0,1172,58894,2.00,0,0.0100,0.00764,75.0
DQN_UNIFORM_seed_0_1790609140,DQN_UNIFORM,0,1173,58931,2.60,0,0.0100,0.00542,75.1
DQN_UNIFORM_seed_0_1790609140,DQN_UNIFORM,0,1174,58981,3.90,0,0.0100,0.00481,75.2
DQN_UNIFORM_seed_0_1790609140,DQN_UNIFORM,0,1175,59031,3.90,0,0.0100,0.00863,75.2
DQN_UNIFORM_seed_0_1790609140,DQN_UNIFORM,0,1176,59085,4.30,0,0.0100,0.00846,75.3
DQN_UNIFORM_seed_0_1790609140,DQN_UNIFORM,0,1177,59135,3.90,0,0.0100,0.00653,75.4
DQN_UNIFORM_seed_0_1790609140,DQN_UNIFORM,0,1178,59185,3.90,0,0.0100,0.00538,75.4
DQN_UNIFORM_seed_0_1790609140,DQN_UNIFORM,0,1179,59244,4.80,0,0.0100,0.00671,75.5
DQN_UNIFORM_seed_0_1790609140,DQN_UNIFORM,0,1180,59294,3.90,0,0.0100,0.00570,75.6
DQN_UNIFORM_seed_0_1790609140,DQN_UNIFORM,0,1181,59349,4.40,0,0.0100,0.00626,75.7
DQN_UNIFORM_seed_0_1790609140,DQN_UNIFORM,0,1182,59406,4.60,0,0.0100,0.00631,75.7
DQN_UNIFORM_seed_0_1790609140,DQN_UNIFORM,0,1183,59456,3.90,0,0.0100,0.00623,75.8
DQN_UNIFORM_seed_0_1790609140,DQN_UNIFORM,0,1184,59487,2.00,0,0.0100,0.00500,75.8
DQN_UNIFORM_seed_0_1790609140,DQN_UNIFORM,0,1185,59539,4.10,0,0.0100,0.00673,75.9
DQN_UNIFORM_seed_0_1790609140,DQN_UNIFORM,0,1186,59596,4.60,0,0.0100,0.00736,76.0
DQN_UNIFORM_seed_0_1790609140,DQN_UNIFORM,0,1187,59646,3.90,0,0.0100,0.00580,76.1
DQN_UNIFORM_seed_0_1790609140,DQN_UNIFORM,0,1188,59696,3.90,0,0.0100,0.00588,76.1
DQN_UNIFORM_seed_0_1790609140,DQN_UNIFORM,0,1189,59746,3.90,0,0.0100,0.00539,76.2
DQN_UNIFORM_seed_0_1790609140,DQN_UNIFORM,0,1190,59796,3.90,0,0.0100,0.00622,76.3
DQN_UNIFORM_seed_0_1790609140,DQN_UNIFORM,0,1191,59856,4.90,0,0.0100,0.00582,76.3
DQN_UNIFORM_seed_0_1790609140,DQN_UNIFORM,0,1192,59915,4.80,0,0.0100,0.00395,76.4
DQN_UNIFORM_seed_0_1790609140,DQN_UNIFORM,0,1193,59965,3.90,0,0.0100,0.00752,76.5
DQN_UNIFORM_seed_0_1790609140,DQN_UNIFORM,0,1194,60015,3.90,0,0.0100,0.00608,76.6
DQN_UNIFORM_seed_0_1790609140,DQN_UNIFORM,0,1195,60068,4.20,0,0.0100,0.00664,76.7
DQN_UNIFORM_seed_0_1790609140,DQN_UNIFORM,0,1196,60121,4.20,0,0.0100,0.00519,76.8
DQN_UNIFORM_seed_0_1790609140,DQN_UNIFORM,0,1197,60171,3.90,0,0.0100,0.00808,76.8
DQN_UNIFORM_seed_0_1790609140,DQN_UNIFORM,0,1198,60224,4.20,0,0.0100,0.00576,76.9
DQN_UNIFORM_seed_0_1790609140,DQN_UNIFORM,0,1199,60274,3.90,0,0.0100,0.00688,77.0
DQN_UNIFORM_seed_0_1790609140,DQN_UNIFORM,0,1200,60307,2.20,0,0.0100,0.00531,77.0
DQN_UNIFORM_seed_0_1790609140,DQN_UNIFORM,0,1201,60338,2.00,0,0.0100,0.00583,77.1
DQN_UNIFORM_seed_0_1790609140,DQN_UNIFORM,0,1202,60388,3.90,0,0.0100,0.00489,77.1
DQN_UNIFORM_seed_0_1790609140,DQN_UNIFORM,0,1203,60438,3.90,0,0.0100,0.00453,77.2
DQN_UNIFORM_seed_0_1790609140,DQN_UNIFORM,0,1204,60491,4.20,0,0.0100,0.00547,77.3
DQN_UNIFORM_seed_0_1790609140,DQN_UNIFORM,0,1205,60541,3.90,0,0.0100,0.00837,77.3
DQN_UNIFORM_seed_0_1790609140,DQN_UNIFORM,0,1206,60572,2.00,0,0.0100,0.00609,77.4
DQN_UNIFORM_seed_0_1790609140,DQN_UNIFORM,0,1207,60603,2.00,0,0.0100,0.00652,77.4
DQN_UNIFORM_seed_0_1790609140,DQN_UNIFORM,0,1208,60653,3.90,0,0.0100,0.00465,77.5
DQN_UNIFORM_seed_0_1790609140,DQN_UNIFORM,0,1209,60703,3.90,0,0.0100,0.00939,77.5
DQN_UNIFORM_seed_0_1790609140,DQN_UNIFORM,0,1210,60753,3.90,0,0.0100,0.00566,77.6
DQN_UNIFORM_seed_0_1790609140,DQN_UNIFORM,0,1211,60808,4.40,0,0.0100,0.00667,77.7
DQN_UNIFORM_seed_0_1790609140,DQN_UNIFORM,0,1212,60861,4.20,0,0.0100,0.00539,77.8
DQN_UNIFORM_seed_0_1790609140,DQN_UNIFORM,0,1213,60911,3.90,0,0.0100,0.00443,77.8
DQN_UNIFORM_seed_0_1790609140,DQN_UNIFORM,0,1214,60961,3.90,0,0.0100,0.01345,77.9
DQN_UNIFORM_seed_0_1790609140,DQN_UNIFORM,0,1215,61020,4.80,0,0.0100,0.00583,78.0
DQN_UNIFORM_seed_0_1790609140,DQN_UNIFORM,0,1216,61051,2.00,0,0.0100,0.00569,78.0
DQN_UNIFORM_seed_0_1790609140,DQN_UNIFORM,0,1217,61101,3.90,0,0.0100,0.00802,78.1
DQN_UNIFORM_seed_0_1790609140,DQN_UNIFORM,0,1218,61151,3.90,0,0.0100,0.00871,78.2
DQN_UNIFORM_seed_0_1790609140,DQN_UNIFORM,0,1219,61201,3.90,0,0.0100,0.01082,78.2
DQN_UNIFORM_seed_0_1790609140,DQN_UNIFORM,0,1220,61255,4.30,0,0.0100,0.00732,78.3
DQN_UNIFORM_seed_0_1790609140,DQN_UNIFORM,0,1221,61286,2.00,0,0.0100,0.00467,78.3
DQN_UNIFORM_seed_0_1790609140,DQN_UNIFORM,0,1222,61336,3.90,0,0.0100,0.00729,78.4
DQN_UNIFORM_seed_0_1790609140,DQN_UNIFORM,0,1223,61367,2.00,0,0.0100,0.00459,78.4
DQN_UNIFORM_seed_0_1790609140,DQN_UNIFORM,0,1224,61423,4.50,0,0.0100,0.00546,78.5
DQN_UNIFORM_seed_0_1790609140,DQN_UNIFORM,0,1225,61454,2.00,0,0.0100,0.00517,78.6
DQN_UNIFORM_seed_0_1790609140,DQN_UNIFORM,0,1226,61485,2.00,0,0.0100,0.00469,78.6
DQN_UNIFORM_seed_0_1790609140,DQN_UNIFORM,0,1227,61516,2.00,0,0.0100,0.00489,78.7
DQN_UNIFORM_seed_0_1790609140,DQN_UNIFORM,0,1228,61569,4.20,0,0.0100,0.00939,78.7
DQN_UNIFORM_seed_0_1790609140,DQN_UNIFORM,0,1229,61621,4.10,0,0.0100,0.01168,78.8
DQN_UNIFORM_seed_0_1790609140,DQN_UNIFORM,0,1230,61671,3.90,0,0.0100,0.00651,78.9
DQN_UNIFORM_seed_0_1790609140,DQN_UNIFORM,0,1231,61721,3.90,0,0.0100,0.00526,78.9
DQN_UNIFORM_seed_0_1790609140,DQN_UNIFORM,0,1232,61777,4.50,0,0.0100,0.00793,79.0
DQN_UNIFORM_seed_0_1790609140,DQN_UNIFORM,0,1233,61834,4.60,0,0.0100,0.00662,79.1
DQN_UNIFORM_seed_0_1790609140,DQN_UNIFORM,0,1234,61892,4.70,0,0.0100,0.00520,79.2
DQN_UNIFORM_seed_0_1790609140,DQN_UNIFORM,0,1235,61925,2.20,0,0.0100,0.00623,79.2
DQN_UNIFORM_seed_0_1790609140,DQN_UNIFORM,0,1236,61975,3.90,0,0.0100,0.00657,79.3
DQN_UNIFORM_seed_0_1790609140,DQN_UNIFORM,0,1237,62032,4.60,0,0.0100,0.00571,79.4
DQN_UNIFORM_seed_0_1790609140,DQN_UNIFORM,0,1238,62082,3.90,0,0.0100,0.00826,79.4
DQN_UNIFORM_seed_0_1790609140,DQN_UNIFORM,0,1239,62132,3.90,0,0.0100,0.00722,79.5
DQN_UNIFORM_seed_0_1790609140,DQN_UNIFORM,0,1240,62182,3.90,0,0.0100,0.01118,79.6
DQN_UNIFORM_seed_0_1790609140,DQN_UNIFORM,0,1241,62240,4.70,0,0.0100,0.00661,79.6
DQN_UNIFORM_seed_0_1790609140,DQN_UNIFORM,0,1242,62295,4.40,0,0.0100,0.00727,79.7
DQN_UNIFORM_seed_0_1790609140,DQN_UNIFORM,0,1243,62347,4.10,0,0.0100,0.00796,79.8
DQN_UNIFORM_seed_0_1790609140,DQN_UNIFORM,0,1244,62405,4.70,0,0.0100,0.00471,79.9
DQN_UNIFORM_seed_0_1790609140,DQN_UNIFORM,0,1245,62462,4.60,0,0.0100,0.00749,79.9
DQN_UNIFORM_seed_0_1790609140,DQN_UNIFORM,0,1246,62517,4.40,0,0.0100,0.00729,80.0
DQN_UNIFORM_seed_0_1790609140,DQN_UNIFORM,0,1247,62567,3.90,0,0.0100,0.00947,80.1
DQN_UNIFORM_seed_0_1790609140,DQN_UNIFORM,0,1248,62617,3.90,0,0.0100,0.00741,80.2
DQN_UNIFORM_seed_0_1790609140,DQN_UNIFORM,0,1249,62667,3.90,0,0.0100,0.00595,80.2
DQN_UNIFORM_seed_0_1790609140,DQN_UNIFORM,0,1250,62720,4.20,0,0.0100,0.00812,80.3
DQN_UNIFORM_seed_0_1790609140,DQN_UNIFORM,0,1251,62779,4.80,0,0.0100,0.00511,80.4
DQN_UNIFORM_seed_0_1790609140,DQN_UNIFORM,0,1252,62835,4.50,0,0.0100,0.00691,80.5
DQN_UNIFORM_seed_0_1790609140,DQN_UNIFORM,0,1253,62885,3.90,0,0.0100,0.00445,80.5
DQN_UNIFORM_seed_0_1790609140,DQN_UNIFORM,0,1254,62935,3.90,0,0.0100,0.00541,80.6
DQN_UNIFORM_seed_0_1790609140,DQN_UNIFORM,0,1255,62985,3.90,0,0.0100,0.00819,80.7
DQN_UNIFORM_seed_0_1790609140,DQN_UNIFORM,0,1256,63044,4.80,0,0.0100,0.00555,80.7
DQN_UNIFORM_seed_0_1790609140,DQN_UNIFORM,0,1257,63098,4.30,0,0.0100,0.00700,80.8
DQN_UNIFORM_seed_0_1790609140,DQN_UNIFORM,0,1258,63157,4.80,0,0.0100,0.00756,80.9
DQN_UNIFORM_seed_0_1790609140,DQN_UNIFORM,0,1259,63212,4.40,0,0.0100,0.00667,81.0
DQN_UNIFORM_seed_0_1790609140,DQN_UNIFORM,0,1260,63263,4.00,0,0.0100,0.00721,81.0
DQN_UNIFORM_seed_0_1790609140,DQN_UNIFORM,0,1261,63321,4.70,0,0.0100,0.00560,81.1
DQN_UNIFORM_seed_0_1790609140,DQN_UNIFORM,0,1262,63377,4.50,0,0.0100,0.00947,81.2
DQN_UNIFORM_seed_0_1790609140,DQN_UNIFORM,0,1263,63430,4.20,0,0.0100,0.00579,81.3
DQN_UNIFORM_seed_0_1790609140,DQN_UNIFORM,0,1264,63485,4.40,0,0.0100,0.00414,81.3
DQN_UNIFORM_seed_0_1790609140,DQN_UNIFORM,0,1265,63537,4.10,0,0.0100,0.00799,81.4
DQN_UNIFORM_seed_0_1790609140,DQN_UNIFORM,0,1266,63588,4.00,0,0.0100,0.00802,81.5
DQN_UNIFORM_seed_0_1790609140,DQN_UNIFORM,0,1267,63646,4.70,0,0.0100,0.00622,81.6
DQN_UNIFORM_seed_0_1790609140,DQN_UNIFORM,0,1268,63700,4.30,0,0.0100,0.00564,81.6
DQN_UNIFORM_seed_0_1790609140,DQN_UNIFORM,0,1269,63753,4.20,0,0.0100,0.00660,81.7
DQN_UNIFORM_seed_0_1790609140,DQN_UNIFORM,0,1270,63812,4.80,0,0.0100,0.00688,81.8
DQN_UNIFORM_seed_0_1790609140,DQN_UNIFORM,0,1271,63866,4.30,0,0.0100,0.00482,81.9
DQN_UNIFORM_seed_0_1790609140,DQN_UNIFORM,0,1272,63917,4.00,0,0.0100,0.00577,81.9
DQN_UNIFORM_seed_0_1790609140,DQN_UNIFORM,0,1273,63976,4.80,0,0.0100,0.00617,82.0
DQN_UNIFORM_seed_0_1790609140,DQN_UNIFORM,0,1274,64026,3.90,0,0.0100,0.00987,82.1
DQN_UNIFORM_seed_0_1790609140,DQN_UNIFORM,0,1275,64076,3.90,0,0.0100,0.00663,82.1
DQN_UNIFORM_seed_0_1790609140,DQN_UNIFORM,0,1276,64126,3.90,0,0.0100,0.00819,82.2
DQN_UNIFORM_seed_0_1790609140,DQN_UNIFORM,0,1277,64176,3.90,0,0.0100,0.00550,82.3
DQN_UNIFORM_seed_0_1790609140,DQN_UNIFORM,0,1278,64226,3.90,0,0.0100,0.00476,82.4
DQN_UNIFORM_seed_0_1790609140,DQN_UNIFORM,0,1279,64276,3.90,0,0.0100,0.00650,82.4
DQN_UNIFORM_seed_0_1790609140,DQN_UNIFORM,0,1280,64332,4.50,0,0.0100,0.00569,82.5
DQN_UNIFORM_seed_0_1790609140,DQN_UNIFORM,0,1281,64382,3.90,0,0.0100,0.00585,82.6
DQN_UNIFORM_seed_0_1790609140,DQN_UNIFORM,0,1282,64432,3.90,0,0.0100,0.00637,82.6
DQN_UNIFORM_seed_0_1790609140,DQN_UNIFORM,0,1283,64482,3.90,0,0.0100,0.00520,82.7
DQN_UNIFORM_seed_0_1790609140,DQN_UNIFORM,0,1284,64532,3.90,0,0.0100,0.00973,82.8
DQN_UNIFORM_seed_0_1790609140,DQN_UNIFORM,0,1285,64582,3.90,0,0.0100,0.01097,82.8
DQN_UNIFORM_seed_0_1790609140,DQN_UNIFORM,0,1286,64632,3.90,0,0.0100,0.00758,82.9
DQN_UNIFORM_seed_0_1790609140,DQN_UNIFORM,0,1287,64683,4.00,0,0.0100,0.00483,83.0
DQN_UNIFORM_seed_0_1790609140,DQN_UNIFORM,0,1288,64733,3.90,0,0.0100,0.00701,83.0
DQN_UNIFORM_seed_0_1790609140,DQN_UNIFORM,0,1289,64783,3.90,0,0.0100,0.00662,83.1
DQN_UNIFORM_seed_0_1790609140,DQN_UNIFORM,0,1290,64833,3.90,0,0.0100,0.01009,83.2
DQN_UNIFORM_seed_0_1790609140,DQN_UNIFORM,0,1291,64883,3.90,0,0.0100,0.00590,83.3
DQN_UNIFORM_seed_0_1790609140,DQN_UNIFORM,0,1292,64933,3.90,0,0.0100,0.00667,83.3
DQN_UNIFORM_seed_0_1790609140,DQN_UNIFORM,0,1293,64983,3.90,0,0.0100,0.00639,83.4
DQN_UNIFORM_seed_0_1790609140,DQN_UNIFORM,0,1294,65033,3.90,0,0.0100,0.00788,83.6
DQN_UNIFORM_seed_0_1790609140,DQN_UNIFORM,0,1295,65084,4.00,0,0.0100,0.00969,83.6
DQN_UNIFORM_seed_0_1790609140,DQN_UNIFORM,0,1296,65134,3.90,0,0.0100,0.00889,83.7
DQN_UNIFORM_seed_0_1790609140,DQN_UNIFORM,0,1297,65184,3.90,0,0.0100,0.01034,83.8
DQN_UNIFORM_seed_0_1790609140,DQN_UNIFORM,0,1298,65234,3.90,0,0.0100,0.00849,83.8
DQN_UNIFORM_seed_0_1790609140,DQN_UNIFORM,0,1299,65284,3.90,0,0.0100,0.00713,83.9
DQN_UNIFORM_seed_0_1790609140,DQN_UNIFORM,0,1300,65334,3.90,0,0.0100,0.00545,84.0
DQN_UNIFORM_seed_0_1790609140,DQN_UNIFORM,0,1301,65387,4.20,0,0.0100,0.00536,84.0
DQN_UNIFORM_seed_0_1790609140,DQN_UNIFORM,0,1302,65437,3.90,0,0.0100,0.00928,84.1
DQN_UNIFORM_seed_0_1790609140,DQN_UNIFORM,0,1303,65487,3.90,0,0.0100,0.00732,84.2
DQN_UNIFORM_seed_0_1790609140,DQN_UNIFORM,0,1304,65537,3.90,0,0.0100,0.00697,84.2
DQN_UNIFORM_seed_0_1790609140,DQN_UNIFORM,0,1305,65587,3.90,0,0.0100,0.00595,84.3
DQN_UNIFORM_seed_0_1790609140,DQN_UNIFORM,0,1306,65637,3.90,0,0.0100,0.00629,84.4
DQN_UNIFORM_seed_0_1790609140,DQN_UNIFORM,0,1307,65687,3.90,0,0.0100,0.00949,84.5
DQN_UNIFORM_seed_0_1790609140,DQN_UNIFORM,0,1308,65745,4.70,0,0.0100,0.00680,84.5
DQN_UNIFORM_seed_0_1790609140,DQN_UNIFORM,0,1309,65799,4.30,0,0.0100,0.00545,84.6
DQN_UNIFORM_seed_0_1790609140,DQN_UNIFORM,0,1310,65849,3.90,0,0.0100,0.00484,84.7
DQN_UNIFORM_seed_0_1790609140,DQN_UNIFORM,0,1311,65900,4.00,0,0.0100,0.00623,84.7
DQN_UNIFORM_seed_0_1790609140,DQN_UNIFORM,0,1312,65950,3.90,0,0.0100,0.00615,84.8
DQN_UNIFORM_seed_0_1790609140,DQN_UNIFORM,0,1313,66002,4.10,0,0.0100,0.00823,84.9
DQN_UNIFORM_seed_0_1790609140,DQN_UNIFORM,0,1314,66052,3.90,0,0.0100,0.00865,85.0
DQN_UNIFORM_seed_0_1790609140,DQN_UNIFORM,0,1315,66102,3.90,0,0.0100,0.00503,85.0
DQN_UNIFORM_seed_0_1790609140,DQN_UNIFORM,0,1316,66160,4.70,0,0.0100,0.00672,85.1
DQN_UNIFORM_seed_0_1790609140,DQN_UNIFORM,0,1317,66210,3.90,0,0.0100,0.00617,85.2
DQN_UNIFORM_seed_0_1790609140,DQN_UNIFORM,0,1318,66261,4.00,0,0.0100,0.00648,85.2
DQN_UNIFORM_seed_0_1790609140,DQN_UNIFORM,0,1319,66321,4.90,0,0.0100,0.01051,85.3
DQN_UNIFORM_seed_0_1790609140,DQN_UNIFORM,0,1320,66374,4.20,0,0.0100,0.00623,85.4
DQN_UNIFORM_seed_0_1790609140,DQN_UNIFORM,0,1321,66424,3.90,0,0.0100,0.00732,85.5
DQN_UNIFORM_seed_0_1790609140,DQN_UNIFORM,0,1322,66474,3.90,0,0.0100,0.00573,85.5
DQN_UNIFORM_seed_0_1790609140,DQN_UNIFORM,0,1323,66528,4.30,0,0.0100,0.00518,85.6
DQN_UNIFORM_seed_0_1790609140,DQN_UNIFORM,0,1324,66578,3.90,0,0.0100,0.00837,85.7
DQN_UNIFORM_seed_0_1790609140,DQN_UNIFORM,0,1325,66628,3.90,0,0.0100,0.00758,85.7
DQN_UNIFORM_seed_0_1790609140,DQN_UNIFORM,0,1326,66678,3.90,0,0.0100,0.00847,85.8
DQN_UNIFORM_seed_0_1790609140,DQN_UNIFORM,0,1327,66728,3.90,0,0.0100,0.00658,85.9
DQN_UNIFORM_seed_0_1790609140,DQN_UNIFORM,0,1328,66778,3.90,0,0.0100,0.00534,86.0
DQN_UNIFORM_seed_0_1790609140,DQN_UNIFORM,0,1329,66829,4.00,0,0.0100,0.00587,86.0
DQN_UNIFORM_seed_0_1790609140,DQN_UNIFORM,0,1330,66879,3.90,0,0.0100,0.00466,86.1
DQN_UNIFORM_seed_0_1790609140,DQN_UNIFORM,0,1331,66929,3.90,0,0.0100,0.00598,86.2
DQN_UNIFORM_seed_0_1790609140,DQN_UNIFORM,0,1332,66979,3.90,0,0.0100,0.00440,86.2
DQN_UNIFORM_seed_0_1790609140,DQN_UNIFORM,0,1333,67029,3.90,0,0.0100,0.00571,86.3
DQN_UNIFORM_seed_0_1790609140,DQN_UNIFORM,0,1334,67083,4.30,0,0.0100,0.00724,86.4
DQN_UNIFORM_seed_0_1790609140,DQN_UNIFORM,0,1335,67133,3.90,0,0.0100,0.01126,86.4
DQN_UNIFORM_seed_0_1790609140,DQN_UNIFORM,0,1336,67183,3.90,0,0.0100,0.00710,86.5
DQN_UNIFORM_seed_0_1790609140,DQN_UNIFORM,0,1337,67233,3.90,0,0.0100,0.00881,86.6
DQN_UNIFORM_seed_0_1790609140,DQN_UNIFORM,0,1338,67283,3.90,0,0.0100,0.00742,86.7
DQN_UNIFORM_seed_0_1790609140,DQN_UNIFORM,0,1339,67335,4.10,0,0.0100,0.00590,86.7
DQN_UNIFORM_seed_0_1790609140,DQN_UNIFORM,0,1340,67385,3.90,0,0.0100,0.00724,86.8
DQN_UNIFORM_seed_0_1790609140,DQN_UNIFORM,0,1341,67435,3.90,0,0.0100,0.00707,86.9
DQN_UNIFORM_seed_0_1790609140,DQN_UNIFORM,0,1342,67485,3.90,0,0.0100,0.00882,86.9
DQN_UNIFORM_seed_0_1790609140,DQN_UNIFORM,0,1343,67535,3.90,0,0.0100,0.00620,87.0
DQN_UNIFORM_seed_0_1790609140,DQN_UNIFORM,0,1344,67585,3.90,0,0.0100,0.00615,87.1
DQN_UNIFORM_seed_0_1790609140,DQN_UNIFORM,0,1345,67635,3.90,0,0.0100,0.00599,87.1
DQN_UNIFORM_seed_0_1790609140,DQN_UNIFORM,0,1346,67685,3.90,0,0.0100,0.00686,87.2
DQN_UNIFORM_seed_0_1790609140,DQN_UNIFORM,0,1347,67738,4.20,0,0.0100,0.00605,87.3
DQN_UNIFORM_seed_0_1790609140,DQN_UNIFORM,0,1348,67788,3.90,0,0.0100,0.00723,87.4
DQN_UNIFORM_seed_0_1790609140,DQN_UNIFORM,0,1349,67838,3.90,0,0.0100,0.00564,87.4
DQN_UNIFORM_seed_0_1790609140,DQN_UNIFORM,0,1350,67888,3.90,0,0.0100,0.00523,87.5
DQN_UNIFORM_seed_0_1790609140,DQN_UNIFORM,0,1351,67945,4.60,0,0.0100,0.00377,87.6
DQN_UNIFORM_seed_0_1790609140,DQN_UNIFORM,0,1352,67995,3.90,0,0.0100,0.00548,87.6
DQN_UNIFORM_seed_0_1790609140,DQN_UNIFORM,0,1353,68045,3.90,0,0.0100,0.00741,87.7
DQN_UNIFORM_seed_0_1790609140,DQN_UNIFORM,0,1354,68095,3.90,0,0.0100,0.00784,87.8
DQN_UNIFORM_seed_0_1790609140,DQN_UNIFORM,0,1355,68145,3.90,0,0.0100,0.00511,87.8
DQN_UNIFORM_seed_0_1790609140,DQN_UNIFORM,0,1356,68195,3.90,0,0.0100,0.00644,87.9
DQN_UNIFORM_seed_0_1790609140,DQN_UNIFORM,0,1357,68245,3.90,0,0.0100,0.00773,88.0
DQN_UNIFORM_seed_0_1790609140,DQN_UNIFORM,0,1358,68295,3.90,0,0.0100,0.00709,88.1
DQN_UNIFORM_seed_0_1790609140,DQN_UNIFORM,0,1359,68345,3.90,0,0.0100,0.00561,88.1
DQN_UNIFORM_seed_0_1790609140,DQN_UNIFORM,0,1360,68405,4.90,0,0.0100,0.00521,88.2
DQN_UNIFORM_seed_0_1790609140,DQN_UNIFORM,0,1361,68455,3.90,0,0.0100,0.00634,88.3
DQN_UNIFORM_seed_0_1790609140,DQN_UNIFORM,0,1362,68508,4.20,0,0.0100,0.00519,88.4
DQN_UNIFORM_seed_0_1790609140,DQN_UNIFORM,0,1363,68560,4.10,0,0.0100,0.00787,88.4
DQN_UNIFORM_seed_0_1790609140,DQN_UNIFORM,0,1364,68610,3.90,0,0.0100,0.00721,88.5
DQN_UNIFORM_seed_0_1790609140,DQN_UNIFORM,0,1365,68662,4.10,0,0.0100,0.00860,88.6
DQN_UNIFORM_seed_0_1790609140,DQN_UNIFORM,0,1366,68712,3.90,0,0.0100,0.00941,88.6
DQN_UNIFORM_seed_0_1790609140,DQN_UNIFORM,0,1367,68763,4.00,0,0.0100,0.00509,88.7
DQN_UNIFORM_seed_0_1790609140,DQN_UNIFORM,0,1368,68814,4.00,0,0.0100,0.00550,88.8
DQN_UNIFORM_seed_0_1790609140,DQN_UNIFORM,0,1369,68864,3.90,0,0.0100,0.00604,88.8
DQN_UNIFORM_seed_0_1790609140,DQN_UNIFORM,0,1370,68923,4.80,0,0.0100,0.00467,88.9
DQN_UNIFORM_seed_0_1790609140,DQN_UNIFORM,0,1371,68973,3.90,0,0.0100,0.00673,89.0
DQN_UNIFORM_seed_0_1790609140,DQN_UNIFORM,0,1372,69023,3.90,0,0.0100,0.00572,89.1
DQN_UNIFORM_seed_0_1790609140,DQN_UNIFORM,0,1373,69073,3.90,0,0.0100,0.00674,89.1
DQN_UNIFORM_seed_0_1790609140,DQN_UNIFORM,0,1374,69123,3.90,0,0.0100,0.00676,89.2
DQN_UNIFORM_seed_0_1790609140,DQN_UNIFORM,0,1375,69179,4.50,0,0.0100,0.00875,89.3
DQN_UNIFORM_seed_0_1790609140,DQN_UNIFORM,0,1376,69229,3.90,0,0.0100,0.00656,89.4
DQN_UNIFORM_seed_0_1790609140,DQN_UNIFORM,0,1377,69287,4.70,0,0.0100,0.00838,89.4
DQN_UNIFORM_seed_0_1790609140,DQN_UNIFORM,0,1378,69337,3.90,0,0.0100,0.00563,89.5
DQN_UNIFORM_seed_0_1790609140,DQN_UNIFORM,0,1379,69388,4.00,0,0.0100,0.00505,89.6
DQN_UNIFORM_seed_0_1790609140,DQN_UNIFORM,0,1380,69438,3.90,0,0.0100,0.00793,89.6
DQN_UNIFORM_seed_0_1790609140,DQN_UNIFORM,0,1381,69489,4.00,0,0.0100,0.00475,89.7
DQN_UNIFORM_seed_0_1790609140,DQN_UNIFORM,0,1382,69539,3.90,0,0.0100,0.00619,89.8
DQN_UNIFORM_seed_0_1790609140,DQN_UNIFORM,0,1383,69589,3.90,0,0.0100,0.00790,89.9
DQN_UNIFORM_seed_0_1790609140,DQN_UNIFORM,0,1384,69639,3.90,0,0.0100,0.00670,89.9
DQN_UNIFORM_seed_0_1790609140,DQN_UNIFORM,0,1385,69689,3.90,0,0.0100,0.00587,90.0
DQN_UNIFORM_seed_0_1790609140,DQN_UNIFORM,0,1386,69739,3.90,0,0.0100,0.00412,90.1
DQN_UNIFORM_seed_0_1790609140,DQN_UNIFORM,0,1387,69796,4.60,0,0.0100,0.00614,90.1
DQN_UNIFORM_seed_0_1790609140,DQN_UNIFORM,0,1388,69846,3.90,0,0.0100,0.00486,90.2
DQN_UNIFORM_seed_0_1790609140,DQN_UNIFORM,0,1389,69896,3.90,0,0.0100,0.00353,90.3
DQN_UNIFORM_seed_0_1790609140,DQN_UNIFORM,0,1390,69950,4.30,0,0.0100,0.00441,90.4
DQN_UNIFORM_seed_0_1790609140,DQN_UNIFORM,0,1391,70004,4.30,0,0.0100,0.00917,90.5
DQN_UNIFORM_seed_0_1790609140,DQN_UNIFORM,0,1392,70054,3.90,0,0.0100,0.00994,90.6
DQN_UNIFORM_seed_0_1790609140,DQN_UNIFORM,0,1393,70104,3.90,0,0.0100,0.00629,90.7
DQN_UNIFORM_seed_0_1790609140,DQN_UNIFORM,0,1394,70157,4.20,0,0.0100,0.00692,90.7
DQN_UNIFORM_seed_0_1790609140,DQN_UNIFORM,0,1395,70207,3.90,0,0.0100,0.00663,90.8
DQN_UNIFORM_seed_0_1790609140,DQN_UNIFORM,0,1396,70258,4.00,0,0.0100,0.00799,90.9
DQN_UNIFORM_seed_0_1790609140,DQN_UNIFORM,0,1397,70308,3.90,0,0.0100,0.00677,90.9
DQN_UNIFORM_seed_0_1790609140,DQN_UNIFORM,0,1398,70358,3.90,0,0.0100,0.00672,91.0
DQN_UNIFORM_seed_0_1790609140,DQN_UNIFORM,0,1399,70408,3.90,0,0.0100,0.00644,91.1
DQN_UNIFORM_seed_0_1790609140,DQN_UNIFORM,0,1400,70458,3.90,0,0.0100,0.00549,91.2
DQN_UNIFORM_seed_0_1790609140,DQN_UNIFORM,0,1401,70508,3.90,0,0.0100,0.00507,91.2
DQN_UNIFORM_seed_0_1790609140,DQN_UNIFORM,0,1402,70558,3.90,0,0.0100,0.00547,91.3
DQN_UNIFORM_seed_0_1790609140,DQN_UNIFORM,0,1403,70608,3.90,0,0.0100,0.00505,91.4
DQN_UNIFORM_seed_0_1790609140,DQN_UNIFORM,0,1404,70661,4.20,0,0.0100,0.00652,91.4
DQN_UNIFORM_seed_0_1790609140,DQN_UNIFORM,0,1405,70715,4.30,0,0.0100,0.00480,91.5
DQN_UNIFORM_seed_0_1790609140,DQN_UNIFORM,0,1406,70766,4.00,0,0.0100,0.00801,91.6
DQN_UNIFORM_seed_0_1790609140,DQN_UNIFORM,0,1407,70816,3.90,0,0.0100,0.00592,91.7
DQN_UNIFORM_seed_0_1790609140,DQN_UNIFORM,0,1408,70866,3.90,0,0.0100,0.00691,91.7
DQN_UNIFORM_seed_0_1790609140,DQN_UNIFORM,0,1409,70916,3.90,0,0.0100,0.00721,91.8
DQN_UNIFORM_seed_0_1790609140,DQN_UNIFORM,0,1410,70966,3.90,0,0.0100,0.00518,91.9
DQN_UNIFORM_seed_0_1790609140,DQN_UNIFORM,0,1411,71016,3.90,0,0.0100,0.00822,91.9
DQN_UNIFORM_seed_0_1790609140,DQN_UNIFORM,0,1412,71066,3.90,0,0.0100,0.00762,92.0
DQN_UNIFORM_seed_0_1790609140,DQN_UNIFORM,0,1413,71116,3.90,0,0.0100,0.00625,92.1
DQN_UNIFORM_seed_0_1790609140,DQN_UNIFORM,0,1414,71166,3.90,0,0.0100,0.00430,92.1
DQN_UNIFORM_seed_0_1790609140,DQN_UNIFORM,0,1415,71216,3.90,0,0.0100,0.00510,92.2
DQN_UNIFORM_seed_0_1790609140,DQN_UNIFORM,0,1416,71266,3.90,0,0.0100,0.00392,92.3
DQN_UNIFORM_seed_0_1790609140,DQN_UNIFORM,0,1417,71320,4.30,0,0.0100,0.00407,92.4
DQN_UNIFORM_seed_0_1790609140,DQN_UNIFORM,0,1418,71370,3.90,0,0.0100,0.00522,92.4
DQN_UNIFORM_seed_0_1790609140,DQN_UNIFORM,0,1419,71425,4.40,0,0.0100,0.00410,92.5
DQN_UNIFORM_seed_0_1790609140,DQN_UNIFORM,0,1420,71476,4.00,0,0.0100,0.00662,92.6
DQN_UNIFORM_seed_0_1790609140,DQN_UNIFORM,0,1421,71526,3.90,0,0.0100,0.00579,92.7
DQN_UNIFORM_seed_0_1790609140,DQN_UNIFORM,0,1422,71576,3.90,0,0.0100,0.00964,92.7
DQN_UNIFORM_seed_0_1790609140,DQN_UNIFORM,0,1423,71626,3.90,0,0.0100,0.00837,92.8
DQN_UNIFORM_seed_0_1790609140,DQN_UNIFORM,0,1424,71686,4.90,0,0.0100,0.00576,92.9
DQN_UNIFORM_seed_0_1790609140,DQN_UNIFORM,0,1425,71736,3.90,0,0.0100,0.00525,93.0
DQN_UNIFORM_seed_0_1790609140,DQN_UNIFORM,0,1426,71788,4.10,0,0.0100,0.00419,93.1
DQN_UNIFORM_seed_0_1790609140,DQN_UNIFORM,0,1427,71838,3.90,0,0.0100,0.00758,93.1
DQN_UNIFORM_seed_0_1790609140,DQN_UNIFORM,0,1428,71892,4.30,0,0.0100,0.00466,93.2
DQN_UNIFORM_seed_0_1790609140,DQN_UNIFORM,0,1429,71946,4.30,0,0.0100,0.00631,93.3
DQN_UNIFORM_seed_0_1790609140,DQN_UNIFORM,0,1430,72000,4.30,0,0.0100,0.00460,93.4
DQN_UNIFORM_seed_0_1790609140,DQN_UNIFORM,0,1431,72050,3.90,0,0.0100,0.00559,93.4
DQN_UNIFORM_seed_0_1790609140,DQN_UNIFORM,0,1432,72100,3.90,0,0.0100,0.00781,93.5
DQN_UNIFORM_seed_0_1790609140,DQN_UNIFORM,0,1433,72150,3.90,0,0.0100,0.00658,93.6
DQN_UNIFORM_seed_0_1790609140,DQN_UNIFORM,0,1434,72209,4.80,0,0.0100,0.00471,93.6
DQN_UNIFORM_seed_0_1790609140,DQN_UNIFORM,0,1435,72265,4.50,0,0.0100,0.00590,93.7
DQN_UNIFORM_seed_0_1790609140,DQN_UNIFORM,0,1436,72317,4.10,0,0.0100,0.00748,93.8
DQN_UNIFORM_seed_0_1790609140,DQN_UNIFORM,0,1437,72367,3.90,0,0.0100,0.00793,93.9
DQN_UNIFORM_seed_0_1790609140,DQN_UNIFORM,0,1438,72417,3.90,0,0.0100,0.01164,93.9
DQN_UNIFORM_seed_0_1790609140,DQN_UNIFORM,0,1439,72469,4.10,0,0.0100,0.00741,94.0
DQN_UNIFORM_seed_0_1790609140,DQN_UNIFORM,0,1440,72519,3.90,0,0.0100,0.00857,94.1
DQN_UNIFORM_seed_0_1790609140,DQN_UNIFORM,0,1441,72569,3.90,0,0.0100,0.00692,94.1
DQN_UNIFORM_seed_0_1790609140,DQN_UNIFORM,0,1442,72621,4.10,0,0.0100,0.00551,94.2
DQN_UNIFORM_seed_0_1790609140,DQN_UNIFORM,0,1443,72674,4.20,0,0.0100,0.00754,94.3
DQN_UNIFORM_seed_0_1790609140,DQN_UNIFORM,0,1444,72731,4.60,0,0.0100,0.00590,94.4
DQN_UNIFORM_seed_0_1790609140,DQN_UNIFORM,0,1445,72782,4.00,0,0.0100,0.00538,94.4
DQN_UNIFORM_seed_0_1790609140,DQN_UNIFORM,0,1446,72832,3.90,0,0.0100,0.00709,94.5
DQN_UNIFORM_seed_0_1790609140,DQN_UNIFORM,0,1447,72882,3.90,0,0.0100,0.00370,94.6
DQN_UNIFORM_seed_0_1790609140,DQN_UNIFORM,0,1448,72932,3.90,0,0.0100,0.00509,94.7
DQN_UNIFORM_seed_0_1790609140,DQN_UNIFORM,0,1449,72982,3.90,0,0.0100,0.00547,94.7
DQN_UNIFORM_seed_0_1790609140,DQN_UNIFORM,0,1450,73033,4.00,0,0.0100,0.00581,94.8
DQN_UNIFORM_seed_0_1790609140,DQN_UNIFORM,0,1451,73086,4.20,0,0.0100,0.00559,94.9
DQN_UNIFORM_seed_0_1790609140,DQN_UNIFORM,0,1452,73136,3.90,0,0.0100,0.00606,94.9
DQN_UNIFORM_seed_0_1790609140,DQN_UNIFORM,0,1453,73186,3.90,0,0.0100,0.00507,95.0
DQN_UNIFORM_seed_0_1790609140,DQN_UNIFORM,0,1454,73236,3.90,0,0.0100,0.00518,95.1
DQN_UNIFORM_seed_0_1790609140,DQN_UNIFORM,0,1455,73286,3.90,0,0.0100,0.00657,95.1
DQN_UNIFORM_seed_0_1790609140,DQN_UNIFORM,0,1456,73336,3.90,0,0.0100,0.00774,95.2
DQN_UNIFORM_seed_0_1790609140,DQN_UNIFORM,0,1457,73386,3.90,0,0.0100,0.00462,95.3
DQN_UNIFORM_seed_0_1790609140,DQN_UNIFORM,0,1458,73444,4.70,0,0.0100,0.00463,95.4
DQN_UNIFORM_seed_0_1790609140,DQN_UNIFORM,0,1459,73494,3.90,0,0.0100,0.00477,95.4
DQN_UNIFORM_seed_0_1790609140,DQN_UNIFORM,0,1460,73544,3.90,0,0.0100,0.00409,95.5
DQN_UNIFORM_seed_0_1790609140,DQN_UNIFORM,0,1461,73594,3.90,0,0.0100,0.00545,95.6
DQN_UNIFORM_seed_0_1790609140,DQN_UNIFORM,0,1462,73644,3.90,0,0.0100,0.01178,95.7
DQN_UNIFORM_seed_0_1790609140,DQN_UNIFORM,0,1463,73694,3.90,0,0.0100,0.00709,95.7
DQN_UNIFORM_seed_0_1790609140,DQN_UNIFORM,0,1464,73744,3.90,0,0.0100,0.00993,95.8
DQN_UNIFORM_seed_0_1790609140,DQN_UNIFORM,0,1465,73794,3.90,0,0.0100,0.00551,95.9
DQN_UNIFORM_seed_0_1790609140,DQN_UNIFORM,0,1466,73846,4.10,0,0.0100,0.00569,95.9
DQN_UNIFORM_seed_0_1790609140,DQN_UNIFORM,0,1467,73900,4.30,0,0.0100,0.00465,96.0
DQN_UNIFORM_seed_0_1790609140,DQN_UNIFORM,0,1468,73950,3.90,0,0.0100,0.00815,96.1
DQN_UNIFORM_seed_0_1790609140,DQN_UNIFORM,0,1469,74000,3.90,0,0.0100,0.00656,96.1
DQN_UNIFORM_seed_0_1790609140,DQN_UNIFORM,0,1470,74050,3.90,0,0.0100,0.00647,96.2
DQN_UNIFORM_seed_0_1790609140,DQN_UNIFORM,0,1471,74100,3.90,0,0.0100,0.00450,96.3
DQN_UNIFORM_seed_0_1790609140,DQN_UNIFORM,0,1472,74150,3.90,0,0.0100,0.00573,96.4
DQN_UNIFORM_seed_0_1790609140,DQN_UNIFORM,0,1473,74200,3.90,0,0.0100,0.00563,96.4
DQN_UNIFORM_seed_0_1790609140,DQN_UNIFORM,0,1474,74256,4.50,0,0.0100,0.00425,96.5
DQN_UNIFORM_seed_0_1790609140,DQN_UNIFORM,0,1475,74306,3.90,0,0.0100,0.00401,96.6
DQN_UNIFORM_seed_0_1790609140,DQN_UNIFORM,0,1476,74356,3.90,0,0.0100,0.00682,96.7
DQN_UNIFORM_seed_0_1790609140,DQN_UNIFORM,0,1477,74407,4.00,0,0.0100,0.00517,96.7
DQN_UNIFORM_seed_0_1790609140,DQN_UNIFORM,0,1478,74457,3.90,0,0.0100,0.00510,96.8
DQN_UNIFORM_seed_0_1790609140,DQN_UNIFORM,0,1479,74507,3.90,0,0.0100,0.00589,96.9
DQN_UNIFORM_seed_0_1790609140,DQN_UNIFORM,0,1480,74557,3.90,0,0.0100,0.00685,96.9
DQN_UNIFORM_seed_0_1790609140,DQN_UNIFORM,0,1481,74607,3.90,0,0.0100,0.00348,97.0
DQN_UNIFORM_seed_0_1790609140,DQN_UNIFORM,0,1482,74657,3.90,0,0.0100,0.00628,97.1
DQN_UNIFORM_seed_0_1790609140,DQN_UNIFORM,0,1483,74707,3.90,0,0.0100,0.01267,97.1
DQN_UNIFORM_seed_0_1790609140,DQN_UNIFORM,0,1484,74757,3.90,0,0.0100,0.00759,97.2
DQN_UNIFORM_seed_0_1790609140,DQN_UNIFORM,0,1485,74807,3.90,0,0.0100,0.00736,97.3
DQN_UNIFORM_seed_0_1790609140,DQN_UNIFORM,0,1486,74857,3.90,0,0.0100,0.00467,97.4
DQN_UNIFORM_seed_0_1790609140,DQN_UNIFORM,0,1487,74907,3.90,0,0.0100,0.01114,97.4
DQN_UNIFORM_seed_0_1790609140,DQN_UNIFORM,0,1488,74957,3.90,0,0.0100,0.00750,97.5
DQN_UNIFORM_seed_0_1790609140,DQN_UNIFORM,0,1489,75007,3.90,0,0.0100,0.00666,97.7
DQN_UNIFORM_seed_0_1790609140,DQN_UNIFORM,0,1490,75057,3.90,0,0.0100,0.00499,97.7
DQN_UNIFORM_seed_0_1790609140,DQN_UNIFORM,0,1491,75107,3.90,0,0.0100,0.00388,97.8
DQN_UNIFORM_seed_0_1790609140,DQN_UNIFORM,0,1492,75157,3.90,0,0.0100,0.00593,97.9
DQN_UNIFORM_seed_0_1790609140,DQN_UNIFORM,0,1493,75218,5.00,1,0.0100,0.00938,98.0
DQN_UNIFORM_seed_0_1790609140,DQN_UNIFORM,0,1494,75268,3.90,0,0.0100,0.00835,98.0
DQN_UNIFORM_seed_0_1790609140,DQN_UNIFORM,0,1495,75318,3.90,0,0.0100,0.00405,98.1
DQN_UNIFORM_seed_0_1790609140,DQN_UNIFORM,0,1496,75368,3.90,0,0.0100,0.00619,98.2
DQN_UNIFORM_seed_0_1790609140,DQN_UNIFORM,0,1497,75418,3.90,0,0.0100,0.00582,98.2
DQN_UNIFORM_seed_0_1790609140,DQN_UNIFORM,0,1498,75468,3.90,0,0.0100,0.00341,98.3
DQN_UNIFORM_seed_0_1790609140,DQN_UNIFORM,0,1499,75518,3.90,0,0.0100,0.00345,98.4
DQN_UNIFORM_seed_0_1790609140,DQN_UNIFORM,0,1500,75574,4.50,0,0.0100,0.00419,98.5
DQN_UNIFORM_seed_0_1790609140,DQN_UNIFORM,0,1501,75624,3.90,0,0.0100,0.00667,98.5
DQN_UNIFORM_seed_0_1790609140,DQN_UNIFORM,0,1502,75674,3.90,0,0.0100,0.00814,98.6
DQN_UNIFORM_seed_0_1790609140,DQN_UNIFORM,0,1503,75724,3.90,0,0.0100,0.00553,98.7
DQN_UNIFORM_seed_0_1790609140,DQN_UNIFORM,0,1504,75774,3.90,0,0.0100,0.00443,98.8
DQN_UNIFORM_seed_0_1790609140,DQN_UNIFORM,0,1505,75824,3.90,0,0.0100,0.00337,98.8
DQN_UNIFORM_seed_0_1790609140,DQN_UNIFORM,0,1506,75875,4.00,0,0.0100,0.00563,98.9
DQN_UNIFORM_seed_0_1790609140,DQN_UNIFORM,0,1507,75925,3.90,0,0.0100,0.00390,99.0
DQN_UNIFORM_seed_0_1790609140,DQN_UNIFORM,0,1508,75975,3.90,0,0.0100,0.00334,99.0
DQN_UNIFORM_seed_0_1790609140,DQN_UNIFORM,0,1509,76025,3.90,0,0.0100,0.00433,99.1
DQN_UNIFORM_seed_0_1790609140,DQN_UNIFORM,0,1510,76085,4.90,0,0.0100,0.00479,99.2
DQN_UNIFORM_seed_0_1790609140,DQN_UNIFORM,0,1511,76135,3.90,0,0.0100,0.01042,99.3
DQN_UNIFORM_seed_0_1790609140,DQN_UNIFORM,0,1512,76186,4.00,0,0.0100,0.00567,99.4
DQN_UNIFORM_seed_0_1790609140,DQN_UNIFORM,0,1513,76236,3.90,0,0.0100,0.00455,99.4
DQN_UNIFORM_seed_0_1790609140,DQN_UNIFORM,0,1514,76286,3.90,0,0.0100,0.00630,99.5
DQN_UNIFORM_seed_0_1790609140,DQN_UNIFORM,0,1515,76336,3.90,0,0.0100,0.00471,99.6
DQN_UNIFORM_seed_0_1790609140,DQN_UNIFORM,0,1516,76386,3.90,0,0.0100,0.00517,99.6
DQN_UNIFORM_seed_0_1790609140,DQN_UNIFORM,0,1517,76439,4.20,0,0.0100,0.00474,99.7
DQN_UNIFORM_seed_0_1790609140,DQN_UNIFORM,0,1518,76489,3.90,0,0.0100,0.00467,99.8
DQN_UNIFORM_seed_0_1790609140,DQN_UNIFORM,0,1519,76539,3.90,0,0.0100,0.01080,99.9
DQN_UNIFORM_seed_0_1790609140,DQN_UNIFORM,0,1520,76589,3.90,0,0.0100,0.00971,99.9
DQN_UNIFORM_seed_0_1790609140,DQN_UNIFORM,0,1521,76639,3.90,0,0.0100,0.00719,100.0
DQN_UNIFORM_seed_0_1790609140,DQN_UNIFORM,0,1522,76692,4.20,0,0.0100,0.00592,100.1
DQN_UNIFORM_seed_0_1790609140,DQN_UNIFORM,0,1523,76742,3.90,0,0.0100,0.00421,100.1
DQN_UNIFORM_seed_0_1790609140,DQN_UNIFORM,0,1524,76792,3.90,0,0.0100,0.00381,100.2
DQN_UNIFORM_seed_0_1790609140,DQN_UNIFORM,0,1525,76842,3.90,0,0.0100,0.00750,100.3
DQN_UNIFORM_seed_0_1790609140,DQN_UNIFORM,0,1526,76892,3.90,0,0.0100,0.00638,100.4
DQN_UNIFORM_seed_0_1790609140,DQN_UNIFORM,0,1527,76947,4.40,0,0.0100,0.00479,100.4
DQN_UNIFORM_seed_0_1790609140,DQN_UNIFORM,0,1528,76997,3.90,0,0.0100,0.00766,100.5
DQN_UNIFORM_seed_0_1790609140,DQN_UNIFORM,0,1529,77055,4.70,0,0.0100,0.00934,100.6
DQN_UNIFORM_seed_0_1790609140,DQN_UNIFORM,0,1530,77105,3.90,0,0.0100,0.00729,100.7
DQN_UNIFORM_seed_0_1790609140,DQN_UNIFORM,0,1531,77155,3.90,0,0.0100,0.00714,100.7
DQN_UNIFORM_seed_0_1790609140,DQN_UNIFORM,0,1532,77205,3.90,0,0.0100,0.00368,100.8
DQN_UNIFORM_seed_0_1790609140,DQN_UNIFORM,0,1533,77255,3.90,0,0.0100,0.00478,100.9
DQN_UNIFORM_seed_0_1790609140,DQN_UNIFORM,0,1534,77312,4.60,0,0.0100,0.00576,101.0
DQN_UNIFORM_seed_0_1790609140,DQN_UNIFORM,0,1535,77369,4.60,0,0.0100,0.00608,101.0
DQN_UNIFORM_seed_0_1790609140,DQN_UNIFORM,0,1536,77419,3.90,0,0.0100,0.00364,101.1
DQN_UNIFORM_seed_0_1790609140,DQN_UNIFORM,0,1537,77475,4.50,0,0.0100,0.00673,101.2
DQN_UNIFORM_seed_0_1790609140,DQN_UNIFORM,0,1538,77525,3.90,0,0.0100,0.00489,101.3
DQN_UNIFORM_seed_0_1790609140,DQN_UNIFORM,0,1539,77575,3.90,0,0.0100,0.00672,101.3
DQN_UNIFORM_seed_0_1790609140,DQN_UNIFORM,0,1540,77625,3.90,0,0.0100,0.00354,101.4
DQN_UNIFORM_seed_0_1790609140,DQN_UNIFORM,0,1541,77675,3.90,0,0.0100,0.00429,101.5
DQN_UNIFORM_seed_0_1790609140,DQN_UNIFORM,0,1542,77725,3.90,0,0.0100,0.00442,101.6
DQN_UNIFORM_seed_0_1790609140,DQN_UNIFORM,0,1543,77783,4.70,0,0.0100,0.00518,101.6
DQN_UNIFORM_seed_0_1790609140,DQN_UNIFORM,0,1544,77833,3.90,0,0.0100,0.00527,101.7
DQN_UNIFORM_seed_0_1790609140,DQN_UNIFORM,0,1545,77883,3.90,0,0.0100,0.00572,101.8
DQN_UNIFORM_seed_0_1790609140,DQN_UNIFORM,0,1546,77933,3.90,0,0.0100,0.00514,101.9
DQN_UNIFORM_seed_0_1790609140,DQN_UNIFORM,0,1547,77983,3.90,0,0.0100,0.00498,101.9
DQN_UNIFORM_seed_0_1790609140,DQN_UNIFORM,0,1548,78033,3.90,0,0.0100,0.00750,102.0
DQN_UNIFORM_seed_0_1790609140,DQN_UNIFORM,0,1549,78083,3.90,0,0.0100,0.00527,102.1
DQN_UNIFORM_seed_0_1790609140,DQN_UNIFORM,0,1550,78133,3.90,0,0.0100,0.00495,102.1
DQN_UNIFORM_seed_0_1790609140,DQN_UNIFORM,0,1551,78183,3.90,0,0.0100,0.00455,102.2
DQN_UNIFORM_seed_0_1790609140,DQN_UNIFORM,0,1552,78233,3.90,0,0.0100,0.00659,102.3
DQN_UNIFORM_seed_0_1790609140,DQN_UNIFORM,0,1553,78283,3.90,0,0.0100,0.00792,102.4
DQN_UNIFORM_seed_0_1790609140,DQN_UNIFORM,0,1554,78342,4.80,0,0.0100,0.00629,102.4
DQN_UNIFORM_seed_0_1790609140,DQN_UNIFORM,0,1555,78392,3.90,0,0.0100,0.00731,102.5
DQN_UNIFORM_seed_0_1790609140,DQN_UNIFORM,0,1556,78442,3.90,0,0.0100,0.00586,102.6
DQN_UNIFORM_seed_0_1790609140,DQN_UNIFORM,0,1557,78492,3.90,0,0.0100,0.00464,102.7
DQN_UNIFORM_seed_0_1790609140,DQN_UNIFORM,0,1558,78542,3.90,0,0.0100,0.00807,102.7
DQN_UNIFORM_seed_0_1790609140,DQN_UNIFORM,0,1559,78592,3.90,0,0.0100,0.00596,102.8
DQN_UNIFORM_seed_0_1790609140,DQN_UNIFORM,0,1560,78642,3.90,0,0.0100,0.00465,102.9
DQN_UNIFORM_seed_0_1790609140,DQN_UNIFORM,0,1561,78692,3.90,0,0.0100,0.00370,102.9
DQN_UNIFORM_seed_0_1790609140,DQN_UNIFORM,0,1562,78742,3.90,0,0.0100,0.00672,103.0
DQN_UNIFORM_seed_0_1790609140,DQN_UNIFORM,0,1563,78792,-1.50,0,0.0100,0.00526,103.1
DQN_UNIFORM_seed_0_1790609140,DQN_UNIFORM,0,1564,78842,3.90,0,0.0100,0.00453,103.2
DQN_UNIFORM_seed_0_1790609140,DQN_UNIFORM,0,1565,78892,3.90,0,0.0100,0.00405,103.2
DQN_UNIFORM_seed_0_1790609140,DQN_UNIFORM,0,1566,78942,3.90,0,0.0100,0.00698,103.3
DQN_UNIFORM_seed_0_1790609140,DQN_UNIFORM,0,1567,78992,3.90,0,0.0100,0.00707,103.4
DQN_UNIFORM_seed_0_1790609140,DQN_UNIFORM,0,1568,79042,3.90,0,0.0100,0.00812,103.4
DQN_UNIFORM_seed_0_1790609140,DQN_UNIFORM,0,1569,79092,3.90,0,0.0100,0.00574,103.5
DQN_UNIFORM_seed_0_1790609140,DQN_UNIFORM,0,1570,79142,3.90,0,0.0100,0.00527,103.6
DQN_UNIFORM_seed_0_1790609140,DQN_UNIFORM,0,1571,79192,3.90,0,0.0100,0.00410,103.7
DQN_UNIFORM_seed_0_1790609140,DQN_UNIFORM,0,1572,79242,3.90,0,0.0100,0.00538,103.7
DQN_UNIFORM_seed_0_1790609140,DQN_UNIFORM,0,1573,79292,3.90,0,0.0100,0.00407,103.8
DQN_UNIFORM_seed_0_1790609140,DQN_UNIFORM,0,1574,79342,3.90,0,0.0100,0.00643,103.9
DQN_UNIFORM_seed_0_1790609140,DQN_UNIFORM,0,1575,79394,4.10,0,0.0100,0.00646,104.0
DQN_UNIFORM_seed_0_1790609140,DQN_UNIFORM,0,1576,79444,3.90,0,0.0100,0.00572,104.0
DQN_UNIFORM_seed_0_1790609140,DQN_UNIFORM,0,1577,79494,3.90,0,0.0100,0.00511,104.1
DQN_UNIFORM_seed_0_1790609140,DQN_UNIFORM,0,1578,79544,3.90,0,0.0100,0.00661,104.2
DQN_UNIFORM_seed_0_1790609140,DQN_UNIFORM,0,1579,79594,3.90,0,0.0100,0.00537,104.2
DQN_UNIFORM_seed_0_1790609140,DQN_UNIFORM,0,1580,79644,3.90,0,0.0100,0.00849,104.3
DQN_UNIFORM_seed_0_1790609140,DQN_UNIFORM,0,1581,79694,3.90,0,0.0100,0.00667,104.4
DQN_UNIFORM_seed_0_1790609140,DQN_UNIFORM,0,1582,79744,3.90,0,0.0100,0.00469,104.5
DQN_UNIFORM_seed_0_1790609140,DQN_UNIFORM,0,1583,79794,3.90,0,0.0100,0.00754,104.5
DQN_UNIFORM_seed_0_1790609140,DQN_UNIFORM,0,1584,79844,3.90,0,0.0100,0.00513,104.6
DQN_UNIFORM_seed_0_1790609140,DQN_UNIFORM,0,1585,79894,3.90,0,0.0100,0.00419,104.7
DQN_UNIFORM_seed_0_1790609140,DQN_UNIFORM,0,1586,79944,3.90,0,0.0100,0.00381,104.7
DQN_UNIFORM_seed_0_1790609140,DQN_UNIFORM,0,1587,79994,3.90,0,0.0100,0.00477,104.8
DQN_UNIFORM_seed_0_1790609140,DQN_UNIFORM,0,1588,80044,3.90,0,0.0100,0.00481,105.0
DQN_UNIFORM_seed_0_1790609140,DQN_UNIFORM,0,1589,80094,3.90,0,0.0100,0.00434,105.0
DQN_UNIFORM_seed_0_1790609140,DQN_UNIFORM,0,1590,80148,4.30,0,0.0100,0.00532,105.1
DQN_UNIFORM_seed_0_1790609140,DQN_UNIFORM,0,1591,80198,3.90,0,0.0100,0.00501,105.2
DQN_UNIFORM_seed_0_1790609140,DQN_UNIFORM,0,1592,80248,3.90,0,0.0100,0.00672,105.3
DQN_UNIFORM_seed_0_1790609140,DQN_UNIFORM,0,1593,80298,3.90,0,0.0100,0.00324,105.3
DQN_UNIFORM_seed_0_1790609140,DQN_UNIFORM,0,1594,80348,3.90,0,0.0100,0.00564,105.4
DQN_UNIFORM_seed_0_1790609140,DQN_UNIFORM,0,1595,80398,3.90,0,0.0100,0.00657,105.5
DQN_UNIFORM_seed_0_1790609140,DQN_UNIFORM,0,1596,80448,3.90,0,0.0100,0.00377,105.6
DQN_UNIFORM_seed_0_1790609140,DQN_UNIFORM,0,1597,80498,3.90,0,0.0100,0.00375,105.6
DQN_UNIFORM_seed_0_1790609140,DQN_UNIFORM,0,1598,80548,3.90,0,0.0100,0.00538,105.7
DQN_UNIFORM_seed_0_1790609140,DQN_UNIFORM,0,1599,80598,3.90,0,0.0100,0.00481,105.8
DQN_UNIFORM_seed_0_1790609140,DQN_UNIFORM,0,1600,80650,4.10,0,0.0100,0.00744,105.9
DQN_UNIFORM_seed_0_1790609140,DQN_UNIFORM,0,1601,80700,3.90,0,0.0100,0.00566,105.9
DQN_UNIFORM_seed_0_1790609140,DQN_UNIFORM,0,1602,80750,3.90,0,0.0100,0.00460,106.0
DQN_UNIFORM_seed_0_1790609140,DQN_UNIFORM,0,1603,80800,3.90,0,0.0100,0.00533,106.1
DQN_UNIFORM_seed_0_1790609140,DQN_UNIFORM,0,1604,80850,3.90,0,0.0100,0.00989,106.1
DQN_UNIFORM_seed_0_1790609140,DQN_UNIFORM,0,1605,80900,3.90,0,0.0100,0.00548,106.2
DQN_UNIFORM_seed_0_1790609140,DQN_UNIFORM,0,1606,80955,4.40,0,0.0100,0.00385,106.3
DQN_UNIFORM_seed_0_1790609140,DQN_UNIFORM,0,1607,81005,3.90,0,0.0100,0.00355,106.4
DQN_UNIFORM_seed_0_1790609140,DQN_UNIFORM,0,1608,81055,3.90,0,0.0100,0.00335,106.4
DQN_UNIFORM_seed_0_1790609140,DQN_UNIFORM,0,1609,81105,3.90,0,0.0100,0.00291,106.5
DQN_UNIFORM_seed_0_1790609140,DQN_UNIFORM,0,1610,81157,4.10,0,0.0100,0.00293,106.6
DQN_UNIFORM_seed_0_1790609140,DQN_UNIFORM,0,1611,81207,3.90,0,0.0100,0.00636,106.7
DQN_UNIFORM_seed_0_1790609140,DQN_UNIFORM,0,1612,81257,3.90,0,0.0100,0.00325,106.7
DQN_UNIFORM_seed_0_1790609140,DQN_UNIFORM,0,1613,81307,3.90,0,0.0100,0.00646,106.8
DQN_UNIFORM_seed_0_1790609140,DQN_UNIFORM,0,1614,81357,3.90,0,0.0100,0.00624,106.9
DQN_UNIFORM_seed_0_1790609140,DQN_UNIFORM,0,1615,81407,3.90,0,0.0100,0.00790,106.9
DQN_UNIFORM_seed_0_1790609140,DQN_UNIFORM,0,1616,81459,4.10,0,0.0100,0.00490,107.0
DQN_UNIFORM_seed_0_1790609140,DQN_UNIFORM,0,1617,81518,4.80,0,0.0100,0.00517,107.1
DQN_UNIFORM_seed_0_1790609140,DQN_UNIFORM,0,1618,81568,3.90,0,0.0100,0.00383,107.2
DQN_UNIFORM_seed_0_1790609140,DQN_UNIFORM,0,1619,81619,4.00,0,0.0100,0.00377,107.2
DQN_UNIFORM_seed_0_1790609140,DQN_UNIFORM,0,1620,81672,4.20,0,0.0100,0.00359,107.3
DQN_UNIFORM_seed_0_1790609140,DQN_UNIFORM,0,1621,81722,3.90,0,0.0100,0.00354,107.4
DQN_UNIFORM_seed_0_1790609140,DQN_UNIFORM,0,1622,81772,3.90,0,0.0100,0.00716,107.5
DQN_UNIFORM_seed_0_1790609140,DQN_UNIFORM,0,1623,81822,3.90,0,0.0100,0.00318,107.5
DQN_UNIFORM_seed_0_1790609140,DQN_UNIFORM,0,1624,81872,3.90,0,0.0100,0.00468,107.6
DQN_UNIFORM_seed_0_1790609140,DQN_UNIFORM,0,1625,81929,4.60,0,0.0100,0.00575,107.7
DQN_UNIFORM_seed_0_1790609140,DQN_UNIFORM,0,1626,81979,3.90,0,0.0100,0.00436,107.8
DQN_UNIFORM_seed_0_1790609140,DQN_UNIFORM,0,1627,82029,3.90,0,0.0100,0.00512,107.8
DQN_UNIFORM_seed_0_1790609140,DQN_UNIFORM,0,1628,82079,3.90,0,0.0100,0.00494,107.9
DQN_UNIFORM_seed_0_1790609140,DQN_UNIFORM,0,1629,82129,3.90,0,0.0100,0.00426,108.0
DQN_UNIFORM_seed_0_1790609140,DQN_UNIFORM,0,1630,82179,3.90,0,0.0100,0.00587,108.1
DQN_UNIFORM_seed_0_1790609140,DQN_UNIFORM,0,1631,82229,3.90,0,0.0100,0.00734,108.1
DQN_UNIFORM_seed_0_1790609140,DQN_UNIFORM,0,1632,82288,4.80,0,0.0100,0.00495,108.2
DQN_UNIFORM_seed_0_1790609140,DQN_UNIFORM,0,1633,82342,4.30,0,0.0100,0.00528,108.3
DQN_UNIFORM_seed_0_1790609140,DQN_UNIFORM,0,1634,82401,4.80,0,0.0100,0.00567,108.4
DQN_UNIFORM_seed_0_1790609140,DQN_UNIFORM,0,1635,82451,3.90,0,0.0100,0.00722,108.4
DQN_UNIFORM_seed_0_1790609140,DQN_UNIFORM,0,1636,82501,3.90,0,0.0100,0.00471,108.5
DQN_UNIFORM_seed_0_1790609140,DQN_UNIFORM,0,1637,82551,3.90,0,0.0100,0.00744,108.6
DQN_UNIFORM_seed_0_1790609140,DQN_UNIFORM,0,1638,82601,3.90,0,0.0100,0.00635,108.7
DQN_UNIFORM_seed_0_1790609140,DQN_UNIFORM,0,1639,82656,4.40,0,0.0100,0.00468,108.7
DQN_UNIFORM_seed_0_1790609140,DQN_UNIFORM,0,1640,82706,3.90,0,0.0100,0.00537,108.8
DQN_UNIFORM_seed_0_1790609140,DQN_UNIFORM,0,1641,82756,3.90,0,0.0100,0.00913,108.9
DQN_UNIFORM_seed_0_1790609140,DQN_UNIFORM,0,1642,82812,4.50,0,0.0100,0.00825,109.0
DQN_UNIFORM_seed_0_1790609140,DQN_UNIFORM,0,1643,82862,3.90,0,0.0100,0.00553,109.0
DQN_UNIFORM_seed_0_1790609140,DQN_UNIFORM,0,1644,82921,4.80,0,0.0100,0.00567,109.1
DQN_UNIFORM_seed_0_1790609140,DQN_UNIFORM,0,1645,82974,4.20,0,0.0100,0.00431,109.2
DQN_UNIFORM_seed_0_1790609140,DQN_UNIFORM,0,1646,83024,3.90,0,0.0100,0.00645,109.3
DQN_UNIFORM_seed_0_1790609140,DQN_UNIFORM,0,1647,83074,3.90,0,0.0100,0.00518,109.3
DQN_UNIFORM_seed_0_1790609140,DQN_UNIFORM,0,1648,83124,3.90,0,0.0100,0.00525,109.4
DQN_UNIFORM_seed_0_1790609140,DQN_UNIFORM,0,1649,83179,4.40,0,0.0100,0.00501,109.5
DQN_UNIFORM_seed_0_1790609140,DQN_UNIFORM,0,1650,83230,4.00,0,0.0100,0.00481,109.6
DQN_UNIFORM_seed_0_1790609140,DQN_UNIFORM,0,1651,83280,3.90,0,0.0100,0.00433,109.6
DQN_UNIFORM_seed_0_1790609140,DQN_UNIFORM,0,1652,83330,3.90,0,0.0100,0.00812,109.7
DQN_UNIFORM_seed_0_1790609140,DQN_UNIFORM,0,1653,83380,3.90,0,0.0100,0.01130,109.8
DQN_UNIFORM_seed_0_1790609140,DQN_UNIFORM,0,1654,83430,3.90,0,0.0100,0.00439,109.9
DQN_UNIFORM_seed_0_1790609140,DQN_UNIFORM,0,1655,83485,4.40,0,0.0100,0.00385,109.9
DQN_UNIFORM_seed_0_1790609140,DQN_UNIFORM,0,1656,83535,3.90,0,0.0100,0.00388,110.0
DQN_UNIFORM_seed_0_1790609140,DQN_UNIFORM,0,1657,83588,4.20,0,0.0100,0.00503,110.1
DQN_UNIFORM_seed_0_1790609140,DQN_UNIFORM,0,1658,83641,4.20,0,0.0100,0.00468,110.2
DQN_UNIFORM_seed_0_1790609140,DQN_UNIFORM,0,1659,83699,4.70,0,0.0100,0.00512,110.3
DQN_UNIFORM_seed_0_1790609140,DQN_UNIFORM,0,1660,83750,4.00,0,0.0100,0.00560,110.3
DQN_UNIFORM_seed_0_1790609140,DQN_UNIFORM,0,1661,83802,4.10,0,0.0100,0.00505,110.4
DQN_UNIFORM_seed_0_1790609140,DQN_UNIFORM,0,1662,83852,3.90,0,0.0100,0.00679,110.5
DQN_UNIFORM_seed_0_1790609140,DQN_UNIFORM,0,1663,83908,4.50,0,0.0100,0.00378,110.6
DQN_UNIFORM_seed_0_1790609140,DQN_UNIFORM,0,1664,83958,3.90,0,0.0100,0.00494,110.6
DQN_UNIFORM_seed_0_1790609140,DQN_UNIFORM,0,1665,84008,3.90,0,0.0100,0.00487,110.7
DQN_UNIFORM_seed_0_1790609140,DQN_UNIFORM,0,1666,84058,3.90,0,0.0100,0.00631,110.8
DQN_UNIFORM_seed_0_1790609140,DQN_UNIFORM,0,1667,84108,3.90,0,0.0100,0.00538,110.8
DQN_UNIFORM_seed_0_1790609140,DQN_UNIFORM,0,1668,84158,3.90,0,0.0100,0.00351,110.9
DQN_UNIFORM_seed_0_1790609140,DQN_UNIFORM,0,1669,84210,4.10,0,0.0100,0.00486,111.0
DQN_UNIFORM_seed_0_1790609140,DQN_UNIFORM,0,1670,84260,3.90,0,0.0100,0.00504,111.1
DQN_UNIFORM_seed_0_1790609140,DQN_UNIFORM,0,1671,84310,3.90,0,0.0100,0.00525,111.1
DQN_UNIFORM_seed_0_1790609140,DQN_UNIFORM,0,1672,84360,3.90,0,0.0100,0.00412,111.2
DQN_UNIFORM_seed_0_1790609140,DQN_UNIFORM,0,1673,84410,3.90,0,0.0100,0.00494,111.3
DQN_UNIFORM_seed_0_1790609140,DQN_UNIFORM,0,1674,84463,4.20,0,0.0100,0.00536,111.4
DQN_UNIFORM_seed_0_1790609140,DQN_UNIFORM,0,1675,84513,3.90,0,0.0100,0.00456,111.4
DQN_UNIFORM_seed_0_1790609140,DQN_UNIFORM,0,1676,84563,3.90,0,0.0100,0.00369,111.5
DQN_UNIFORM_seed_0_1790609140,DQN_UNIFORM,0,1677,84613,3.90,0,0.0100,0.00296,111.6
DQN_UNIFORM_seed_0_1790609140,DQN_UNIFORM,0,1678,84672,4.80,0,0.0100,0.00622,111.7
DQN_UNIFORM_seed_0_1790609140,DQN_UNIFORM,0,1679,84722,3.90,0,0.0100,0.00899,111.7
DQN_UNIFORM_seed_0_1790609140,DQN_UNIFORM,0,1680,84772,3.90,0,0.0100,0.00447,111.8
DQN_UNIFORM_seed_0_1790609140,DQN_UNIFORM,0,1681,84822,3.90,0,0.0100,0.00585,111.9
DQN_UNIFORM_seed_0_1790609140,DQN_UNIFORM,0,1682,84874,4.10,0,0.0100,0.00505,112.0
DQN_UNIFORM_seed_0_1790609140,DQN_UNIFORM,0,1683,84924,3.90,0,0.0100,0.00317,112.0
DQN_UNIFORM_seed_0_1790609140,DQN_UNIFORM,0,1684,84974,3.90,0,0.0100,0.00876,112.1
DQN_UNIFORM_seed_0_1790609140,DQN_UNIFORM,0,1685,85024,3.90,0,0.0100,0.00384,112.3
DQN_UNIFORM_seed_0_1790609140,DQN_UNIFORM,0,1686,85076,4.10,0,0.0100,0.00637,112.3
DQN_UNIFORM_seed_0_1790609140,DQN_UNIFORM,0,1687,85128,4.10,0,0.0100,0.00703,112.4
DQN_UNIFORM_seed_0_1790609140,DQN_UNIFORM,0,1688,85183,4.40,0,0.0100,0.00400,112.5
DQN_UNIFORM_seed_0_1790609140,DQN_UNIFORM,0,1689,85233,3.90,0,0.0100,0.00503,112.6
DQN_UNIFORM_seed_0_1790609140,DQN_UNIFORM,0,1690,85283,-2.10,0,0.0100,0.00473,112.6
DQN_UNIFORM_seed_0_1790609140,DQN_UNIFORM,0,1691,85342,4.80,0,0.0100,0.00593,112.7
DQN_UNIFORM_seed_0_1790609140,DQN_UNIFORM,0,1692,85397,4.40,0,0.0100,0.00675,112.8
DQN_UNIFORM_seed_0_1790609140,DQN_UNIFORM,0,1693,85447,3.90,0,0.0100,0.00908,112.9
DQN_UNIFORM_seed_0_1790609140,DQN_UNIFORM,0,1694,85497,3.90,0,0.0100,0.00573,112.9
DQN_UNIFORM_seed_0_1790609140,DQN_UNIFORM,0,1695,85553,4.50,0,0.0100,0.00453,113.0
DQN_UNIFORM_seed_0_1790609140,DQN_UNIFORM,0,1696,85603,3.90,0,0.0100,0.00517,113.1
DQN_UNIFORM_seed_0_1790609140,DQN_UNIFORM,0,1697,85655,4.10,0,0.0100,0.00676,113.2
DQN_UNIFORM_seed_0_1790609140,DQN_UNIFORM,0,1698,85708,4.20,0,0.0100,0.00601,113.2
DQN_UNIFORM_seed_0_1790609140,DQN_UNIFORM,0,1699,85766,4.70,0,0.0100,0.00547,113.3
DQN_UNIFORM_seed_0_1790609140,DQN_UNIFORM,0,1700,85816,3.90,0,0.0100,0.00392,113.4
DQN_UNIFORM_seed_0_1790609140,DQN_UNIFORM,0,1701,85866,3.90,0,0.0100,0.00349,113.5
DQN_UNIFORM_seed_0_1790609140,DQN_UNIFORM,0,1702,85916,3.90,0,0.0100,0.00326,113.6
DQN_UNIFORM_seed_0_1790609140,DQN_UNIFORM,0,1703,85966,3.90,0,0.0100,0.00505,113.6
DQN_UNIFORM_seed_0_1790609140,DQN_UNIFORM,0,1704,86016,3.90,0,0.0100,0.00626,113.7
DQN_UNIFORM_seed_0_1790609140,DQN_UNIFORM,0,1705,86066,3.90,0,0.0100,0.00658,113.8
DQN_UNIFORM_seed_0_1790609140,DQN_UNIFORM,0,1706,86123,4.60,0,0.0100,0.00578,113.8
DQN_UNIFORM_seed_0_1790609140,DQN_UNIFORM,0,1707,86180,4.60,0,0.0100,0.00576,113.9
DQN_UNIFORM_seed_0_1790609140,DQN_UNIFORM,0,1708,86230,-3.30,0,0.0100,0.00604,114.0
DQN_UNIFORM_seed_0_1790609140,DQN_UNIFORM,0,1709,86280,3.90,0,0.0100,0.00558,114.1
DQN_UNIFORM_seed_0_1790609140,DQN_UNIFORM,0,1710,86330,3.90,0,0.0100,0.00470,114.1
DQN_UNIFORM_seed_0_1790609140,DQN_UNIFORM,0,1711,86380,3.90,0,0.0100,0.00537,114.2
DQN_UNIFORM_seed_0_1790609140,DQN_UNIFORM,0,1712,86430,3.90,0,0.0100,0.00616,114.3
DQN_UNIFORM_seed_0_1790609140,DQN_UNIFORM,0,1713,86480,3.90,0,0.0100,0.00708,114.4
DQN_UNIFORM_seed_0_1790609140,DQN_UNIFORM,0,1714,86530,3.90,0,0.0100,0.00391,114.4
DQN_UNIFORM_seed_0_1790609140,DQN_UNIFORM,0,1715,86581,4.00,0,0.0100,0.00411,114.5
DQN_UNIFORM_seed_0_1790609140,DQN_UNIFORM,0,1716,86631,3.90,0,0.0100,0.00507,114.6
DQN_UNIFORM_seed_0_1790609140,DQN_UNIFORM,0,1717,86682,4.00,0,0.0100,0.00574,114.7
DQN_UNIFORM_seed_0_1790609140,DQN_UNIFORM,0,1718,86732,-2.10,0,0.0100,0.00543,114.7
DQN_UNIFORM_seed_0_1790609140,DQN_UNIFORM,0,1719,86782,3.90,0,0.0100,0.00528,114.8
DQN_UNIFORM_seed_0_1790609140,DQN_UNIFORM,0,1720,86841,4.80,0,0.0100,0.00466,114.9
DQN_UNIFORM_seed_0_1790609140,DQN_UNIFORM,0,1721,86891,3.90,0,0.0100,0.00369,115.0
DQN_UNIFORM_seed_0_1790609140,DQN_UNIFORM,0,1722,86951,4.90,0,0.0100,0.00351,115.0
DQN_UNIFORM_seed_0_1790609140,DQN_UNIFORM,0,1723,87001,3.90,0,0.0100,0.00559,115.1
DQN_UNIFORM_seed_0_1790609140,DQN_UNIFORM,0,1724,87057,4.50,0,0.0100,0.00612,115.2
DQN_UNIFORM_seed_0_1790609140,DQN_UNIFORM,0,1725,87108,4.00,0,0.0100,0.01121,115.3
DQN_UNIFORM_seed_0_1790609140,DQN_UNIFORM,0,1726,87158,3.90,0,0.0100,0.01265,115.3
DQN_UNIFORM_seed_0_1790609140,DQN_UNIFORM,0,1727,87208,3.90,0,0.0100,0.00852,115.4
DQN_UNIFORM_seed_0_1790609140,DQN_UNIFORM,0,1728,87261,4.20,0,0.0100,0.00513,115.5
DQN_UNIFORM_seed_0_1790609140,DQN_UNIFORM,0,1729,87315,4.30,0,0.0100,0.00478,115.6
DQN_UNIFORM_seed_0_1790609140,DQN_UNIFORM,0,1730,87372,4.60,0,0.0100,0.00667,115.7
DQN_UNIFORM_seed_0_1790609140,DQN_UNIFORM,0,1731,87422,3.90,0,0.0100,0.00407,115.7
DQN_UNIFORM_seed_0_1790609140,DQN_UNIFORM,0,1732,87472,3.90,0,0.0100,0.00478,115.8
DQN_UNIFORM_seed_0_1790609140,DQN_UNIFORM,0,1733,87524,4.10,0,0.0100,0.00346,115.9
DQN_UNIFORM_seed_0_1790609140,DQN_UNIFORM,0,1734,87576,4.10,0,0.0100,0.00452,115.9
DQN_UNIFORM_seed_0_1790609140,DQN_UNIFORM,0,1735,87626,3.90,0,0.0100,0.00526,116.0
DQN_UNIFORM_seed_0_1790609140,DQN_UNIFORM,0,1736,87683,4.60,0,0.0100,0.00469,116.1
DQN_UNIFORM_seed_0_1790609140,DQN_UNIFORM,0,1737,87734,4.00,0,0.0100,0.00641,116.2
DQN_UNIFORM_seed_0_1790609140,DQN_UNIFORM,0,1738,87784,3.90,0,0.0100,0.00936,116.2
DQN_UNIFORM_seed_0_1790609140,DQN_UNIFORM,0,1739,87834,3.90,0,0.0100,0.00576,116.3
DQN_UNIFORM_seed_0_1790609140,DQN_UNIFORM,0,1740,87884,3.90,0,0.0100,0.00372,116.4
DQN_UNIFORM_seed_0_1790609140,DQN_UNIFORM,0,1741,87934,3.90,0,0.0100,0.00742,116.5
DQN_UNIFORM_seed_0_1790609140,DQN_UNIFORM,0,1742,87984,3.90,0,0.0100,0.00512,116.5
DQN_UNIFORM_seed_0_1790609140,DQN_UNIFORM,0,1743,88034,3.90,0,0.0100,0.00354,116.6
DQN_UNIFORM_seed_0_1790609140,DQN_UNIFORM,0,1744,88084,3.90,0,0.0100,0.00914,116.7
DQN_UNIFORM_seed_0_1790609140,DQN_UNIFORM,0,1745,88141,4.60,0,0.0100,0.00640,116.8
DQN_UNIFORM_seed_0_1790609140,DQN_UNIFORM,0,1746,88191,3.90,0,0.0100,0.00412,116.8
DQN_UNIFORM_seed_0_1790609140,DQN_UNIFORM,0,1747,88248,4.60,0,0.0100,0.00429,116.9
DQN_UNIFORM_seed_0_1790609140,DQN_UNIFORM,0,1748,88304,4.50,0,0.0100,0.00590,117.0
DQN_UNIFORM_seed_0_1790609140,DQN_UNIFORM,0,1749,88354,2.10,0,0.0100,0.00434,117.1
DQN_UNIFORM_seed_0_1790609140,DQN_UNIFORM,0,1750,88407,4.20,0,0.0100,0.00446,117.2
DQN_UNIFORM_seed_0_1790609140,DQN_UNIFORM,0,1751,88457,3.90,0,0.0100,0.00649,117.2
DQN_UNIFORM_seed_0_1790609140,DQN_UNIFORM,0,1752,88511,4.30,0,0.0100,0.00552,117.3
DQN_UNIFORM_seed_0_1790609140,DQN_UNIFORM,0,1753,88561,3.90,0,0.0100,0.00437,117.4
DQN_UNIFORM_seed_0_1790609140,DQN_UNIFORM,0,1754,88611,3.90,0,0.0100,0.00526,117.4
DQN_UNIFORM_seed_0_1790609140,DQN_UNIFORM,0,1755,88662,4.00,0,0.0100,0.01016,117.5
DQN_UNIFORM_seed_0_1790609140,DQN_UNIFORM,0,1756,88714,4.10,0,0.0100,0.00450,117.6
DQN_UNIFORM_seed_0_1790609140,DQN_UNIFORM,0,1757,88768,4.30,0,0.0100,0.00339,117.7
DQN_UNIFORM_seed_0_1790609140,DQN_UNIFORM,0,1758,88818,3.90,0,0.0100,0.00577,117.7
DQN_UNIFORM_seed_0_1790609140,DQN_UNIFORM,0,1759,88872,4.30,0,0.0100,0.00602,117.8
DQN_UNIFORM_seed_0_1790609140,DQN_UNIFORM,0,1760,88922,3.90,0,0.0100,0.00427,117.9
DQN_UNIFORM_seed_0_1790609140,DQN_UNIFORM,0,1761,88977,4.40,0,0.0100,0.00382,118.0
DQN_UNIFORM_seed_0_1790609140,DQN_UNIFORM,0,1762,89030,4.20,0,0.0100,0.00519,118.1
DQN_UNIFORM_seed_0_1790609140,DQN_UNIFORM,0,1763,89080,3.90,0,0.0100,0.00342,118.1
DQN_UNIFORM_seed_0_1790609140,DQN_UNIFORM,0,1764,89130,1.50,0,0.0100,0.00355,118.2
DQN_UNIFORM_seed_0_1790609140,DQN_UNIFORM,0,1765,89183,4.20,0,0.0100,0.00417,118.3
DQN_UNIFORM_seed_0_1790609140,DQN_UNIFORM,0,1766,89233,3.90,0,0.0100,0.00413,118.3
DQN_UNIFORM_seed_0_1790609140,DQN_UNIFORM,0,1767,89283,3.90,0,0.0100,0.00408,118.4
DQN_UNIFORM_seed_0_1790609140,DQN_UNIFORM,0,1768,89333,3.90,0,0.0100,0.00591,118.5
DQN_UNIFORM_seed_0_1790609140,DQN_UNIFORM,0,1769,89387,4.30,0,0.0100,0.00523,118.6
DQN_UNIFORM_seed_0_1790609140,DQN_UNIFORM,0,1770,89437,3.90,0,0.0100,0.00626,118.6
DQN_UNIFORM_seed_0_1790609140,DQN_UNIFORM,0,1771,89487,3.90,0,0.0100,0.00503,118.7
DQN_UNIFORM_seed_0_1790609140,DQN_UNIFORM,0,1772,89537,3.90,0,0.0100,0.00451,118.8
DQN_UNIFORM_seed_0_1790609140,DQN_UNIFORM,0,1773,89587,3.90,0,0.0100,0.00560,118.9
DQN_UNIFORM_seed_0_1790609140,DQN_UNIFORM,0,1774,89637,3.90,0,0.0100,0.00771,118.9
DQN_UNIFORM_seed_0_1790609140,DQN_UNIFORM,0,1775,89687,3.90,0,0.0100,0.00663,119.0
DQN_UNIFORM_seed_0_1790609140,DQN_UNIFORM,0,1776,89741,4.30,0,0.0100,0.00330,119.1
DQN_UNIFORM_seed_0_1790609140,DQN_UNIFORM,0,1777,89793,4.10,0,0.0100,0.00401,119.2
DQN_UNIFORM_seed_0_1790609140,DQN_UNIFORM,0,1778,89843,3.90,0,0.0100,0.00561,119.2
DQN_UNIFORM_seed_0_1790609140,DQN_UNIFORM,0,1779,89893,3.90,0,0.0100,0.00912,119.3
DQN_UNIFORM_seed_0_1790609140,DQN_UNIFORM,0,1780,89943,3.90,0,0.0100,0.00933,119.4
DQN_UNIFORM_seed_0_1790609140,DQN_UNIFORM,0,1781,89997,4.30,0,0.0100,0.00401,119.5
DQN_UNIFORM_seed_0_1790609140,DQN_UNIFORM,0,1782,90047,3.90,0,0.0100,0.00520,119.6
DQN_UNIFORM_seed_0_1790609140,DQN_UNIFORM,0,1783,90097,3.90,0,0.0100,0.00580,119.7
DQN_UNIFORM_seed_0_1790609140,DQN_UNIFORM,0,1784,90147,3.90,0,0.0100,0.00820,119.8
DQN_UNIFORM_seed_0_1790609140,DQN_UNIFORM,0,1785,90197,3.90,0,0.0100,0.00869,119.8
DQN_UNIFORM_seed_0_1790609140,DQN_UNIFORM,0,1786,90247,3.90,0,0.0100,0.00581,119.9
DQN_UNIFORM_seed_0_1790609140,DQN_UNIFORM,0,1787,90297,3.90,0,0.0100,0.00406,120.0
DQN_UNIFORM_seed_0_1790609140,DQN_UNIFORM,0,1788,90348,4.00,0,0.0100,0.00340,120.0
DQN_UNIFORM_seed_0_1790609140,DQN_UNIFORM,0,1789,90398,3.90,0,0.0100,0.00499,120.1
DQN_UNIFORM_seed_0_1790609140,DQN_UNIFORM,0,1790,90458,4.90,0,0.0100,0.00511,120.2
DQN_UNIFORM_seed_0_1790609140,DQN_UNIFORM,0,1791,90515,4.60,0,0.0100,0.00385,120.3
DQN_UNIFORM_seed_0_1790609140,DQN_UNIFORM,0,1792,90575,4.90,0,0.0100,0.00528,120.4
DQN_UNIFORM_seed_0_1790609140,DQN_UNIFORM,0,1793,90625,3.90,0,0.0100,0.00434,120.4
DQN_UNIFORM_seed_0_1790609140,DQN_UNIFORM,0,1794,90684,4.80,0,0.0100,0.00406,120.5
DQN_UNIFORM_seed_0_1790609140,DQN_UNIFORM,0,1795,90740,4.50,0,0.0100,0.00422,120.6
DQN_UNIFORM_seed_0_1790609140,DQN_UNIFORM,0,1796,90790,3.90,0,0.0100,0.00610,120.7
DQN_UNIFORM_seed_0_1790609140,DQN_UNIFORM,0,1797,90841,4.00,0,0.0100,0.00327,120.8
DQN_UNIFORM_seed_0_1790609140,DQN_UNIFORM,0,1798,90891,3.90,0,0.0100,0.00577,120.8
DQN_UNIFORM_seed_0_1790609140,DQN_UNIFORM,0,1799,90941,3.90,0,0.0100,0.00670,120.9
DQN_UNIFORM_seed_0_1790609140,DQN_UNIFORM,0,1800,90991,3.90,0,0.0100,0.00488,121.0
DQN_UNIFORM_seed_0_1790609140,DQN_UNIFORM,0,1801,91047,4.50,0,0.0100,0.00463,121.1
DQN_UNIFORM_seed_0_1790609140,DQN_UNIFORM,0,1802,91097,3.90,0,0.0100,0.00427,121.1
DQN_UNIFORM_seed_0_1790609140,DQN_UNIFORM,0,1803,91147,3.90,0,0.0100,0.00723,121.2
DQN_UNIFORM_seed_0_1790609140,DQN_UNIFORM,0,1804,91197,3.90,0,0.0100,0.00591,121.3
DQN_UNIFORM_seed_0_1790609140,DQN_UNIFORM,0,1805,91248,4.00,0,0.0100,0.00380,121.3
DQN_UNIFORM_seed_0_1790609140,DQN_UNIFORM,0,1806,91304,4.50,0,0.0100,0.00489,121.4
DQN_UNIFORM_seed_0_1790609140,DQN_UNIFORM,0,1807,91354,3.90,0,0.0100,0.00533,121.5
DQN_UNIFORM_seed_0_1790609140,DQN_UNIFORM,0,1808,91404,3.90,0,0.0100,0.00438,121.6
DQN_UNIFORM_seed_0_1790609140,DQN_UNIFORM,0,1809,91454,3.90,0,0.0100,0.00716,121.6
DQN_UNIFORM_seed_0_1790609140,DQN_UNIFORM,0,1810,91508,4.30,0,0.0100,0.00866,121.7
DQN_UNIFORM_seed_0_1790609140,DQN_UNIFORM,0,1811,91562,4.30,0,0.0100,0.00802,121.8
DQN_UNIFORM_seed_0_1790609140,DQN_UNIFORM,0,1812,91612,3.90,0,0.0100,0.00602,121.9
DQN_UNIFORM_seed_0_1790609140,DQN_UNIFORM,0,1813,91662,3.90,0,0.0100,0.00502,121.9
DQN_UNIFORM_seed_0_1790609140,DQN_UNIFORM,0,1814,91712,3.90,0,0.0100,0.00459,122.0
DQN_UNIFORM_seed_0_1790609140,DQN_UNIFORM,0,1815,91764,4.10,0,0.0100,0.00375,122.1
DQN_UNIFORM_seed_0_1790609140,DQN_UNIFORM,0,1816,91814,3.90,0,0.0100,0.00453,122.2
DQN_UNIFORM_seed_0_1790609140,DQN_UNIFORM,0,1817,91864,3.90,0,0.0100,0.00843,122.2
DQN_UNIFORM_seed_0_1790609140,DQN_UNIFORM,0,1818,91917,4.20,0,0.0100,0.00408,122.3
DQN_UNIFORM_seed_0_1790609140,DQN_UNIFORM,0,1819,91972,4.40,0,0.0100,0.00456,122.4
DQN_UNIFORM_seed_0_1790609140,DQN_UNIFORM,0,1820,92022,3.90,0,0.0100,0.00671,122.5
DQN_UNIFORM_seed_0_1790609140,DQN_UNIFORM,0,1821,92072,3.90,0,0.0100,0.00577,122.5
DQN_UNIFORM_seed_0_1790609140,DQN_UNIFORM,0,1822,92122,3.90,0,0.0100,0.00784,122.6
DQN_UNIFORM_seed_0_1790609140,DQN_UNIFORM,0,1823,92172,3.90,0,0.0100,0.00583,122.7
DQN_UNIFORM_seed_0_1790609140,DQN_UNIFORM,0,1824,92222,3.90,0,0.0100,0.00837,122.8
DQN_UNIFORM_seed_0_1790609140,DQN_UNIFORM,0,1825,92272,3.90,0,0.0100,0.00484,122.8
DQN_UNIFORM_seed_0_1790609140,DQN_UNIFORM,0,1826,92323,4.00,0,0.0100,0.00347,122.9
DQN_UNIFORM_seed_0_1790609140,DQN_UNIFORM,0,1827,92373,3.30,0,0.0100,0.00519,123.0
DQN_UNIFORM_seed_0_1790609140,DQN_UNIFORM,0,1828,92423,3.90,0,0.0100,0.00627,123.1
DQN_UNIFORM_seed_0_1790609140,DQN_UNIFORM,0,1829,92481,4.70,0,0.0100,0.00696,123.1
DQN_UNIFORM_seed_0_1790609140,DQN_UNIFORM,0,1830,92531,3.90,0,0.0100,0.00415,123.2
DQN_UNIFORM_seed_0_1790609140,DQN_UNIFORM,0,1831,92581,3.90,0,0.0100,0.00380,123.3
DQN_UNIFORM_seed_0_1790609140,DQN_UNIFORM,0,1832,92635,4.30,0,0.0100,0.00651,123.4
DQN_UNIFORM_seed_0_1790609140,DQN_UNIFORM,0,1833,92692,4.60,0,0.0100,0.00822,123.4
DQN_UNIFORM_seed_0_1790609140,DQN_UNIFORM,0,1834,92742,3.90,0,0.0100,0.00659,123.5
DQN_UNIFORM_seed_0_1790609140,DQN_UNIFORM,0,1835,92792,3.90,0,0.0100,0.00440,123.6
DQN_UNIFORM_seed_0_1790609140,DQN_UNIFORM,0,1836,92842,3.90,0,0.0100,0.00355,123.7
DQN_UNIFORM_seed_0_1790609140,DQN_UNIFORM,0,1837,92892,3.90,0,0.0100,0.00600,123.7
DQN_UNIFORM_seed_0_1790609140,DQN_UNIFORM,0,1838,92942,3.90,0,0.0100,0.00539,123.8
DQN_UNIFORM_seed_0_1790609140,DQN_UNIFORM,0,1839,92998,4.50,0,0.0100,0.00290,123.9
DQN_UNIFORM_seed_0_1790609140,DQN_UNIFORM,0,1840,93048,3.90,0,0.0100,0.00492,124.0
DQN_UNIFORM_seed_0_1790609140,DQN_UNIFORM,0,1841,93098,3.90,0,0.0100,0.00757,124.0
DQN_UNIFORM_seed_0_1790609140,DQN_UNIFORM,0,1842,93154,4.50,0,0.0100,0.00451,124.1
DQN_UNIFORM_seed_0_1790609140,DQN_UNIFORM,0,1843,93204,3.90,0,0.0100,0.00422,124.2
DQN_UNIFORM_seed_0_1790609140,DQN_UNIFORM,0,1844,93259,4.40,0,0.0100,0.00425,124.3
DQN_UNIFORM_seed_0_1790609140,DQN_UNIFORM,0,1845,93309,3.90,0,0.0100,0.00489,124.3
DQN_UNIFORM_seed_0_1790609140,DQN_UNIFORM,0,1846,93359,3.90,0,0.0100,0.00338,124.4
DQN_UNIFORM_seed_0_1790609140,DQN_UNIFORM,0,1847,93409,3.90,0,0.0100,0.00746,124.5
DQN_UNIFORM_seed_0_1790609140,DQN_UNIFORM,0,1848,93463,4.30,0,0.0100,0.00414,124.6
DQN_UNIFORM_seed_0_1790609140,DQN_UNIFORM,0,1849,93521,4.70,0,0.0100,0.00396,124.6
DQN_UNIFORM_seed_0_1790609140,DQN_UNIFORM,0,1850,93571,3.90,0,0.0100,0.00371,124.7
DQN_UNIFORM_seed_0_1790609140,DQN_UNIFORM,0,1851,93628,4.60,0,0.0100,0.00563,124.8
DQN_UNIFORM_seed_0_1790609140,DQN_UNIFORM,0,1852,93678,3.90,0,0.0100,0.00784,124.9
DQN_UNIFORM_seed_0_1790609140,DQN_UNIFORM,0,1853,93728,3.90,0,0.0100,0.00560,124.9
DQN_UNIFORM_seed_0_1790609140,DQN_UNIFORM,0,1854,93778,3.90,0,0.0100,0.00379,125.0
DQN_UNIFORM_seed_0_1790609140,DQN_UNIFORM,0,1855,93829,4.00,0,0.0100,0.00318,125.1
DQN_UNIFORM_seed_0_1790609140,DQN_UNIFORM,0,1856,93879,3.90,0,0.0100,0.00487,125.2
DQN_UNIFORM_seed_0_1790609140,DQN_UNIFORM,0,1857,93929,3.90,0,0.0100,0.00585,125.2
DQN_UNIFORM_seed_0_1790609140,DQN_UNIFORM,0,1858,93980,4.00,0,0.0100,0.00470,125.3
DQN_UNIFORM_seed_0_1790609140,DQN_UNIFORM,0,1859,94030,3.90,0,0.0100,0.00454,125.4
DQN_UNIFORM_seed_0_1790609140,DQN_UNIFORM,0,1860,94080,3.90,0,0.0100,0.00393,125.5
DQN_UNIFORM_seed_0_1790609140,DQN_UNIFORM,0,1861,94130,3.90,0,0.0100,0.00457,125.5
DQN_UNIFORM_seed_0_1790609140,DQN_UNIFORM,0,1862,94180,3.90,0,0.0100,0.00590,125.6
DQN_UNIFORM_seed_0_1790609140,DQN_UNIFORM,0,1863,94230,3.90,0,0.0100,0.00671,125.7
DQN_UNIFORM_seed_0_1790609140,DQN_UNIFORM,0,1864,94282,4.10,0,0.0100,0.00660,125.7
DQN_UNIFORM_seed_0_1790609140,DQN_UNIFORM,0,1865,94337,4.40,0,0.0100,0.00518,125.8
DQN_UNIFORM_seed_0_1790609140,DQN_UNIFORM,0,1866,94393,4.50,0,0.0100,0.00624,125.9
DQN_UNIFORM_seed_0_1790609140,DQN_UNIFORM,0,1867,94443,3.90,0,0.0100,0.00401,126.0
DQN_UNIFORM_seed_0_1790609140,DQN_UNIFORM,0,1868,94493,3.90,0,0.0100,0.00536,126.1
DQN_UNIFORM_seed_0_1790609140,DQN_UNIFORM,0,1869,94543,3.90,0,0.0100,0.00349,126.1
DQN_UNIFORM_seed_0_1790609140,DQN_UNIFORM,0,1870,94593,3.90,0,0.0100,0.00441,126.2
DQN_UNIFORM_seed_0_1790609140,DQN_UNIFORM,0,1871,94644,4.00,0,0.0100,0.00432,126.3
DQN_UNIFORM_seed_0_1790609140,DQN_UNIFORM,0,1872,94694,2.70,0,0.0100,0.00784,126.3
DQN_UNIFORM_seed_0_1790609140,DQN_UNIFORM,0,1873,94744,3.90,0,0.0100,0.01102,126.4
DQN_UNIFORM_seed_0_1790609140,DQN_UNIFORM,0,1874,94794,3.90,0,0.0100,0.00731,126.5
DQN_UNIFORM_seed_0_1790609140,DQN_UNIFORM,0,1875,94844,3.90,0,0.0100,0.00515,126.6
DQN_UNIFORM_seed_0_1790609140,DQN_UNIFORM,0,1876,94899,4.40,0,0.0100,0.00512,126.6
DQN_UNIFORM_seed_0_1790609140,DQN_UNIFORM,0,1877,94958,4.80,0,0.0100,0.00521,126.7
DQN_UNIFORM_seed_0_1790609140,DQN_UNIFORM,0,1878,95014,4.50,0,0.0100,0.00425,126.9
DQN_UNIFORM_seed_0_1790609140,DQN_UNIFORM,0,1879,95064,3.90,0,0.0100,0.00284,127.0
DQN_UNIFORM_seed_0_1790609140,DQN_UNIFORM,0,1880,95114,3.90,0,0.0100,0.00381,127.0
DQN_UNIFORM_seed_0_1790609140,DQN_UNIFORM,0,1881,95173,4.80,0,0.0100,0.00511,127.1
DQN_UNIFORM_seed_0_1790609140,DQN_UNIFORM,0,1882,95223,3.90,0,0.0100,0.00387,127.2
DQN_UNIFORM_seed_0_1790609140,DQN_UNIFORM,0,1883,95273,3.90,0,0.0100,0.00387,127.3
DQN_UNIFORM_seed_0_1790609140,DQN_UNIFORM,0,1884,95323,3.90,0,0.0100,0.00381,127.3
DQN_UNIFORM_seed_0_1790609140,DQN_UNIFORM,0,1885,95373,3.90,0,0.0100,0.00571,127.4
DQN_UNIFORM_seed_0_1790609140,DQN_UNIFORM,0,1886,95423,3.90,0,0.0100,0.00598,127.5
DQN_UNIFORM_seed_0_1790609140,DQN_UNIFORM,0,1887,95473,3.90,0,0.0100,0.00301,127.6
DQN_UNIFORM_seed_0_1790609140,DQN_UNIFORM,0,1888,95523,3.90,0,0.0100,0.00623,127.6
DQN_UNIFORM_seed_0_1790609140,DQN_UNIFORM,0,1889,95573,3.90,0,0.0100,0.00438,127.7
DQN_UNIFORM_seed_0_1790609140,DQN_UNIFORM,0,1890,95623,3.90,0,0.0100,0.00608,127.8
DQN_UNIFORM_seed_0_1790609140,DQN_UNIFORM,0,1891,95674,4.00,0,0.0100,0.00573,127.8
DQN_UNIFORM_seed_0_1790609140,DQN_UNIFORM,0,1892,95724,3.90,0,0.0100,0.00614,127.9
DQN_UNIFORM_seed_0_1790609140,DQN_UNIFORM,0,1893,95774,3.90,0,0.0100,0.00717,128.0
DQN_UNIFORM_seed_0_1790609140,DQN_UNIFORM,0,1894,95826,4.10,0,0.0100,0.00426,128.1
DQN_UNIFORM_seed_0_1790609140,DQN_UNIFORM,0,1895,95883,4.60,0,0.0100,0.00679,128.1
DQN_UNIFORM_seed_0_1790609140,DQN_UNIFORM,0,1896,95938,4.40,0,0.0100,0.00449,128.2
DQN_UNIFORM_seed_0_1790609140,DQN_UNIFORM,0,1897,95988,3.90,0,0.0100,0.00348,128.3
DQN_UNIFORM_seed_0_1790609140,DQN_UNIFORM,0,1898,96038,3.90,0,0.0100,0.00654,128.4
DQN_UNIFORM_seed_0_1790609140,DQN_UNIFORM,0,1899,96088,3.90,0,0.0100,0.00330,128.4
DQN_UNIFORM_seed_0_1790609140,DQN_UNIFORM,0,1900,96138,3.90,0,0.0100,0.00245,128.5
DQN_UNIFORM_seed_0_1790609140,DQN_UNIFORM,0,1901,96188,3.90,0,0.0100,0.00673,128.6
DQN_UNIFORM_seed_0_1790609140,DQN_UNIFORM,0,1902,96238,3.90,0,0.0100,0.00435,128.7
DQN_UNIFORM_seed_0_1790609140,DQN_UNIFORM,0,1903,96288,3.90,0,0.0100,0.00291,128.7
DQN_UNIFORM_seed_0_1790609140,DQN_UNIFORM,0,1904,96338,3.90,0,0.0100,0.00288,128.8
DQN_UNIFORM_seed_0_1790609140,DQN_UNIFORM,0,1905,96390,4.10,0,0.0100,0.00626,128.9
DQN_UNIFORM_seed_0_1790609140,DQN_UNIFORM,0,1906,96440,3.90,0,0.0100,0.00483,129.0
DQN_UNIFORM_seed_0_1790609140,DQN_UNIFORM,0,1907,96490,3.90,0,0.0100,0.00800,129.0
DQN_UNIFORM_seed_0_1790609140,DQN_UNIFORM,0,1908,96540,3.90,0,0.0100,0.00401,129.1
DQN_UNIFORM_seed_0_1790609140,DQN_UNIFORM,0,1909,96590,3.90,0,0.0100,0.00543,129.2
DQN_UNIFORM_seed_0_1790609140,DQN_UNIFORM,0,1910,96640,3.90,0,0.0100,0.00263,129.2
DQN_UNIFORM_seed_0_1790609140,DQN_UNIFORM,0,1911,96698,4.70,0,0.0100,0.00293,129.3
DQN_UNIFORM_seed_0_1790609140,DQN_UNIFORM,0,1912,96748,3.90,0,0.0100,0.00511,129.4
DQN_UNIFORM_seed_0_1790609140,DQN_UNIFORM,0,1913,96798,3.90,0,0.0100,0.00318,129.5
DQN_UNIFORM_seed_0_1790609140,DQN_UNIFORM,0,1914,96848,3.90,0,0.0100,0.00600,129.5
DQN_UNIFORM_seed_0_1790609140,DQN_UNIFORM,0,1915,96898,3.90,0,0.0100,0.00520,129.6
DQN_UNIFORM_seed_0_1790609140,DQN_UNIFORM,0,1916,96948,-3.30,0,0.0100,0.00317,129.7
DQN_UNIFORM_seed_0_1790609140,DQN_UNIFORM,0,1917,96998,3.90,0,0.0100,0.00304,129.8
DQN_UNIFORM_seed_0_1790609140,DQN_UNIFORM,0,1918,97048,3.90,0,0.0100,0.00601,129.8
DQN_UNIFORM_seed_0_1790609140,DQN_UNIFORM,0,1919,97098,3.90,0,0.0100,0.00425,129.9
DQN_UNIFORM_seed_0_1790609140,DQN_UNIFORM,0,1920,97159,5.00,1,0.0100,0.00595,130.0
DQN_UNIFORM_seed_0_1790609140,DQN_UNIFORM,0,1921,97210,4.00,0,0.0100,0.00323,130.1
DQN_UNIFORM_seed_0_1790609140,DQN_UNIFORM,0,1922,97260,3.90,0,0.0100,0.00269,130.1
DQN_UNIFORM_seed_0_1790609140,DQN_UNIFORM,0,1923,97310,3.90,0,0.0100,0.00401,130.2
DQN_UNIFORM_seed_0_1790609140,DQN_UNIFORM,0,1924,97360,3.90,0,0.0100,0.00492,130.3
DQN_UNIFORM_seed_0_1790609140,DQN_UNIFORM,0,1925,97410,3.90,0,0.0100,0.00295,130.4
DQN_UNIFORM_seed_0_1790609140,DQN_UNIFORM,0,1926,97464,4.30,0,0.0100,0.00411,130.4
DQN_UNIFORM_seed_0_1790609140,DQN_UNIFORM,0,1927,97514,3.90,0,0.0100,0.00571,130.5
DQN_UNIFORM_seed_0_1790609140,DQN_UNIFORM,0,1928,97568,4.30,0,0.0100,0.00377,130.6
DQN_UNIFORM_seed_0_1790609140,DQN_UNIFORM,0,1929,97623,4.40,0,0.0100,0.00403,130.7
DQN_UNIFORM_seed_0_1790609140,DQN_UNIFORM,0,1930,97674,4.00,0,0.0100,0.00288,130.7
DQN_UNIFORM_seed_0_1790609140,DQN_UNIFORM,0,1931,97724,3.90,0,0.0100,0.00339,130.8
DQN_UNIFORM_seed_0_1790609140,DQN_UNIFORM,0,1932,97774,3.90,0,0.0100,0.00273,130.9
DQN_UNIFORM_seed_0_1790609140,DQN_UNIFORM,0,1933,97824,3.90,0,0.0100,0.00513,130.9
DQN_UNIFORM_seed_0_1790609140,DQN_UNIFORM,0,1934,97874,3.90,0,0.0100,0.00285,131.0
DQN_UNIFORM_seed_0_1790609140,DQN_UNIFORM,0,1935,97924,3.90,0,0.0100,0.00422,131.1
DQN_UNIFORM_seed_0_1790609140,DQN_UNIFORM,0,1936,97974,3.90,0,0.0100,0.00697,131.2
DQN_UNIFORM_seed_0_1790609140,DQN_UNIFORM,0,1937,98024,3.90,0,0.0100,0.00653,131.2
DQN_UNIFORM_seed_0_1790609140,DQN_UNIFORM,0,1938,98074,3.90,0,0.0100,0.00482,131.3
DQN_UNIFORM_seed_0_1790609140,DQN_UNIFORM,0,1939,98124,3.90,0,0.0100,0.00335,131.4
DQN_UNIFORM_seed_0_1790609140,DQN_UNIFORM,0,1940,98178,4.30,0,0.0100,0.00340,131.5
DQN_UNIFORM_seed_0_1790609140,DQN_UNIFORM,0,1941,98228,3.90,0,0.0100,0.01003,131.5
DQN_UNIFORM_seed_0_1790609140,DQN_UNIFORM,0,1942,98278,3.90,0,0.0100,0.00834,131.6
DQN_UNIFORM_seed_0_1790609140,DQN_UNIFORM,0,1943,98328,3.90,0,0.0100,0.00290,131.7
DQN_UNIFORM_seed_0_1790609140,DQN_UNIFORM,0,1944,98378,3.90,0,0.0100,0.00593,131.7
DQN_UNIFORM_seed_0_1790609140,DQN_UNIFORM,0,1945,98428,3.90,0,0.0100,0.00593,131.8
DQN_UNIFORM_seed_0_1790609140,DQN_UNIFORM,0,1946,98478,3.90,0,0.0100,0.00465,131.9
DQN_UNIFORM_seed_0_1790609140,DQN_UNIFORM,0,1947,98528,3.90,0,0.0100,0.00641,132.0
DQN_UNIFORM_seed_0_1790609140,DQN_UNIFORM,0,1948,98578,3.90,0,0.0100,0.00434,132.0
DQN_UNIFORM_seed_0_1790609140,DQN_UNIFORM,0,1949,98628,3.90,0,0.0100,0.00616,132.1
DQN_UNIFORM_seed_0_1790609140,DQN_UNIFORM,0,1950,98678,3.90,0,0.0100,0.00434,132.2
DQN_UNIFORM_seed_0_1790609140,DQN_UNIFORM,0,1951,98728,-3.30,0,0.0100,0.00521,132.2
DQN_UNIFORM_seed_0_1790609140,DQN_UNIFORM,0,1952,98778,3.90,0,0.0100,0.00306,132.3
DQN_UNIFORM_seed_0_1790609140,DQN_UNIFORM,0,1953,98828,3.90,0,0.0100,0.00318,132.4
DQN_UNIFORM_seed_0_1790609140,DQN_UNIFORM,0,1954,98878,3.90,0,0.0100,0.00829,132.5
DQN_UNIFORM_seed_0_1790609140,DQN_UNIFORM,0,1955,98928,3.90,0,0.0100,0.00509,132.5
DQN_UNIFORM_seed_0_1790609140,DQN_UNIFORM,0,1956,98978,3.90,0,0.0100,0.00525,132.6
DQN_UNIFORM_seed_0_1790609140,DQN_UNIFORM,0,1957,99028,3.90,0,0.0100,0.00792,132.7
DQN_UNIFORM_seed_0_1790609140,DQN_UNIFORM,0,1958,99078,3.90,0,0.0100,0.00566,132.8
DQN_UNIFORM_seed_0_1790609140,DQN_UNIFORM,0,1959,99129,4.00,0,0.0100,0.00367,132.8
DQN_UNIFORM_seed_0_1790609140,DQN_UNIFORM,0,1960,99184,4.40,0,0.0100,0.00481,132.9
DQN_UNIFORM_seed_0_1790609140,DQN_UNIFORM,0,1961,99234,3.90,0,0.0100,0.00409,133.0
DQN_UNIFORM_seed_0_1790609140,DQN_UNIFORM,0,1962,99284,-0.90,0,0.0100,0.00450,133.0
DQN_UNIFORM_seed_0_1790609140,DQN_UNIFORM,0,1963,99339,4.40,0,0.0100,0.00449,133.1
DQN_UNIFORM_seed_0_1790609140,DQN_UNIFORM,0,1964,99389,3.90,0,0.0100,0.00603,133.2
DQN_UNIFORM_seed_0_1790609140,DQN_UNIFORM,0,1965,99439,-5.70,0,0.0100,0.00398,133.3
DQN_UNIFORM_seed_0_1790609140,DQN_UNIFORM,0,1966,99489,-6.30,0,0.0100,0.00316,133.3
DQN_UNIFORM_seed_0_1790609140,DQN_UNIFORM,0,1967,99540,4.00,0,0.0100,0.00320,133.4
DQN_UNIFORM_seed_0_1790609140,DQN_UNIFORM,0,1968,99594,4.30,0,0.0100,0.00581,133.5
DQN_UNIFORM_seed_0_1790609140,DQN_UNIFORM,0,1969,99644,3.90,0,0.0100,0.00670,133.6
DQN_UNIFORM_seed_0_1790609140,DQN_UNIFORM,0,1970,99697,4.20,0,0.0100,0.00703,133.6
DQN_UNIFORM_seed_0_1790609140,DQN_UNIFORM,0,1971,99747,3.90,0,0.0100,0.00395,133.7
DQN_UNIFORM_seed_0_1790609140,DQN_UNIFORM,0,1972,99802,4.40,0,0.0100,0.00611,133.8
DQN_UNIFORM_seed_0_1790609140,DQN_UNIFORM,0,1973,99860,4.70,0,0.0100,0.00392,133.9
DQN_UNIFORM_seed_0_1790609140,DQN_UNIFORM,0,1974,99914,4.30,0,0.0100,0.00615,134.0
DQN_UNIFORM_seed_0_1790609140,DQN_UNIFORM,0,1975,99964,3.90,0,0.0100,0.00376,134.0
DQN_UNIFORM_seed_0_1790609140,DQN_UNIFORM,0,1976,100015,4.00,0,0.0100,0.00566,134.2
DQN_UNIFORM_seed_0_1790609140,DQN_UNIFORM,0,1977,100065,-0.90,0,0.0100,0.00382,134.3
DQN_UNIFORM_seed_0_1790609140,DQN_UNIFORM,0,1978,100118,4.20,0,0.0100,0.00309,134.3
DQN_UNIFORM_seed_0_1790609140,DQN_UNIFORM,0,1979,100168,3.90,0,0.0100,0.00461,134.4
DQN_UNIFORM_seed_0_1790609140,DQN_UNIFORM,0,1980,100225,4.60,0,0.0100,0.00377,134.5
DQN_UNIFORM_seed_0_1790609140,DQN_UNIFORM,0,1981,100275,3.90,0,0.0100,0.00467,134.6
DQN_UNIFORM_seed_0_1790609140,DQN_UNIFORM,0,1982,100328,4.20,0,0.0100,0.00370,134.7
DQN_UNIFORM_seed_0_1790609140,DQN_UNIFORM,0,1983,100378,3.90,0,0.0100,0.00434,134.7
DQN_UNIFORM_seed_0_1790609140,DQN_UNIFORM,0,1984,100428,3.90,0,0.0100,0.00415,134.8
DQN_UNIFORM_seed_0_1790609140,DQN_UNIFORM,0,1985,100482,4.30,0,0.0100,0.00386,134.9
DQN_UNIFORM_seed_0_1790609140,DQN_UNIFORM,0,1986,100539,4.60,0,0.0100,0.00596,135.0
DQN_UNIFORM_seed_0_1790609140,DQN_UNIFORM,0,1987,100593,4.30,0,0.0100,0.00318,135.0
DQN_UNIFORM_seed_0_1790609140,DQN_UNIFORM,0,1988,100652,4.80,0,0.0100,0.00392,135.1
DQN_UNIFORM_seed_0_1790609140,DQN_UNIFORM,0,1989,100702,3.90,0,0.0100,0.00394,135.2
DQN_UNIFORM_seed_0_1790609140,DQN_UNIFORM,0,1990,100757,4.40,0,0.0100,0.00363,135.3
DQN_UNIFORM_seed_0_1790609140,DQN_UNIFORM,0,1991,100807,3.90,0,0.0100,0.00356,135.4
DQN_UNIFORM_seed_0_1790609140,DQN_UNIFORM,0,1992,100866,4.80,0,0.0100,0.00683,135.4
DQN_UNIFORM_seed_0_1790609140,DQN_UNIFORM,0,1993,100916,3.90,0,0.0100,0.00971,135.5
DQN_UNIFORM_seed_0_1790609140,DQN_UNIFORM,0,1994,100966,3.90,0,0.0100,0.00559,135.6
DQN_UNIFORM_seed_0_1790609140,DQN_UNIFORM,0,1995,101016,-2.10,0,0.0100,0.00489,135.7
DQN_UNIFORM_seed_0_1790609140,DQN_UNIFORM,0,1996,101066,3.90,0,0.0100,0.00635,135.7
DQN_UNIFORM_seed_0_1790609140,DQN_UNIFORM,0,1997,101116,3.90,0,0.0100,0.00443,135.8
DQN_UNIFORM_seed_0_1790609140,DQN_UNIFORM,0,1998,101166,3.90,0,0.0100,0.00297,135.9
DQN_UNIFORM_seed_0_1790609140,DQN_UNIFORM,0,1999,101216,3.90,0,0.0100,0.00850,135.9
DQN_UNIFORM_seed_0_1790609140,DQN_UNIFORM,0,2000,101266,3.90,0,0.0100,0.00518,136.0
DQN_UNIFORM_seed_0_1790609140,DQN_UNIFORM,0,2001,101316,3.90,0,0.0100,0.00401,136.1
DQN_UNIFORM_seed_0_1790609140,DQN_UNIFORM,0,2002,101367,4.00,0,0.0100,0.00545,136.2
DQN_UNIFORM_seed_0_1790609140,DQN_UNIFORM,0,2003,101417,-1.50,0,0.0100,0.00411,136.2
DQN_UNIFORM_seed_0_1790609140,DQN_UNIFORM,0,2004,101467,-2.10,0,0.0100,0.00363,136.3
DQN_UNIFORM_seed_0_1790609140,DQN_UNIFORM,0,2005,101517,3.90,0,0.0100,0.00376,136.4
DQN_UNIFORM_seed_0_1790609140,DQN_UNIFORM,0,2006,101571,4.30,0,0.0100,0.00281,136.5
DQN_UNIFORM_seed_0_1790609140,DQN_UNIFORM,0,2007,101621,3.90,0,0.0100,0.00259,136.5
DQN_UNIFORM_seed_0_1790609140,DQN_UNIFORM,0,2008,101682,5.00,1,0.0100,0.00473,136.6
DQN_UNIFORM_seed_0_1790609140,DQN_UNIFORM,0,2009,101732,3.90,0,0.0100,0.00349,136.7
DQN_UNIFORM_seed_0_1790609140,DQN_UNIFORM,0,2010,101782,3.90,0,0.0100,0.00442,136.8
DQN_UNIFORM_seed_0_1790609140,DQN_UNIFORM,0,2011,101841,4.80,0,0.0100,0.00485,136.9
DQN_UNIFORM_seed_0_1790609140,DQN_UNIFORM,0,2012,101891,3.90,0,0.0100,0.00585,136.9
DQN_UNIFORM_seed_0_1790609140,DQN_UNIFORM,0,2013,101941,3.90,0,0.0100,0.00606,137.0
DQN_UNIFORM_seed_0_1790609140,DQN_UNIFORM,0,2014,101992,4.00,0,0.0100,0.00509,137.1
DQN_UNIFORM_seed_0_1790609140,DQN_UNIFORM,0,2015,102042,-3.30,0,0.0100,0.00765,137.2
DQN_UNIFORM_seed_0_1790609140,DQN_UNIFORM,0,2016,102097,4.40,0,0.0100,0.00273,137.2
DQN_UNIFORM_seed_0_1790609140,DQN_UNIFORM,0,2017,102147,3.90,0,0.0100,0.00544,137.3
DQN_UNIFORM_seed_0_1790609140,DQN_UNIFORM,0,2018,102197,3.90,0,0.0100,0.00335,137.4
DQN_UNIFORM_seed_0_1790609140,DQN_UNIFORM,0,2019,102249,4.10,0,0.0100,0.00414,137.5
DQN_UNIFORM_seed_0_1790609140,DQN_UNIFORM,0,2020,102309,4.90,0,0.0100,0.00302,137.5
DQN_UNIFORM_seed_0_1790609140,DQN_UNIFORM,0,2021,102365,4.50,0,0.0100,0.00329,137.6
DQN_UNIFORM_seed_0_1790609140,DQN_UNIFORM,0,2022,102415,3.90,0,0.0100,0.00488,137.7
DQN_UNIFORM_seed_0_1790609140,DQN_UNIFORM,0,2023,102465,3.90,0,0.0100,0.00646,137.8
DQN_UNIFORM_seed_0_1790609140,DQN_UNIFORM,0,2024,102515,3.90,0,0.0100,0.00467,137.8
DQN_UNIFORM_seed_0_1790609140,DQN_UNIFORM,0,2025,102565,3.90,0,0.0100,0.00585,137.9
DQN_UNIFORM_seed_0_1790609140,DQN_UNIFORM,0,2026,102615,3.90,0,0.0100,0.00297,138.0
DQN_UNIFORM_seed_0_1790609140,DQN_UNIFORM,0,2027,102665,3.90,0,0.0100,0.00669,138.1
DQN_UNIFORM_seed_0_1790609140,DQN_UNIFORM,0,2028,102720,4.40,0,0.0100,0.00490,138.1
DQN_UNIFORM_seed_0_1790609140,DQN_UNIFORM,0,2029,102770,3.90,0,0.0100,0.00402,138.2
DQN_UNIFORM_seed_0_1790609140,DQN_UNIFORM,0,2030,102820,3.90,0,0.0100,0.00286,138.3
DQN_UNIFORM_seed_0_1790609140,DQN_UNIFORM,0,2031,102870,3.90,0,0.0100,0.00361,138.3
DQN_UNIFORM_seed_0_1790609140,DQN_UNIFORM,0,2032,102924,4.30,0,0.0100,0.00523,138.4
DQN_UNIFORM_seed_0_1790609140,DQN_UNIFORM,0,2033,102981,4.60,0,0.0100,0.00296,138.5
DQN_UNIFORM_seed_0_1790609140,DQN_UNIFORM,0,2034,103033,4.10,0,0.0100,0.00280,138.6
DQN_UNIFORM_seed_0_1790609140,DQN_UNIFORM,0,2035,103083,3.90,0,0.0100,0.00578,138.7
DQN_UNIFORM_seed_0_1790609140,DQN_UNIFORM,0,2036,103142,4.80,0,0.0100,0.00609,138.7
DQN_UNIFORM_seed_0_1790609140,DQN_UNIFORM,0,2037,103196,4.30,0,0.0100,0.00495,138.8
DQN_UNIFORM_seed_0_1790609140,DQN_UNIFORM,0,2038,103250,4.30,0,0.0100,0.00595,138.9
DQN_UNIFORM_seed_0_1790609140,DQN_UNIFORM,0,2039,103300,3.90,0,0.0100,0.00412,139.0
DQN_UNIFORM_seed_0_1790609140,DQN_UNIFORM,0,2040,103355,4.40,0,0.0100,0.00597,139.0
DQN_UNIFORM_seed_0_1790609140,DQN_UNIFORM,0,2041,103408,4.20,0,0.0100,0.00328,139.1
DQN_UNIFORM_seed_0_1790609140,DQN_UNIFORM,0,2042,103458,3.90,0,0.0100,0.00278,139.2
DQN_UNIFORM_seed_0_1790609140,DQN_UNIFORM,0,2043,103508,3.90,0,0.0100,0.00415,139.3
DQN_UNIFORM_seed_0_1790609140,DQN_UNIFORM,0,2044,103558,3.90,0,0.0100,0.00368,139.3
DQN_UNIFORM_seed_0_1790609140,DQN_UNIFORM,0,2045,103618,4.90,0,0.0100,0.00376,139.4
DQN_UNIFORM_seed_0_1790609140,DQN_UNIFORM,0,2046,103671,4.20,0,0.0100,0.00387,139.5
DQN_UNIFORM_seed_0_1790609140,DQN_UNIFORM,0,2047,103732,5.00,1,0.0100,0.00469,139.6
DQN_UNIFORM_seed_0_1790609140,DQN_UNIFORM,0,2048,103782,3.90,0,0.0100,0.00366,139.7
DQN_UNIFORM_seed_0_1790609140,DQN_UNIFORM,0,2049,103839,4.60,0,0.0100,0.00288,139.7
DQN_UNIFORM_seed_0_1790609140,DQN_UNIFORM,0,2050,103890,4.00,0,0.0100,0.00382,139.8
DQN_UNIFORM_seed_0_1790609140,DQN_UNIFORM,0,2051,103950,4.90,0,0.0100,0.00479,139.9
DQN_UNIFORM_seed_0_1790609140,DQN_UNIFORM,0,2052,104000,3.90,0,0.0100,0.00386,140.0
DQN_UNIFORM_seed_0_1790609140,DQN_UNIFORM,0,2053,104057,4.60,0,0.0100,0.00356,140.1
DQN_UNIFORM_seed_0_1790609140,DQN_UNIFORM,0,2054,104116,4.80,0,0.0100,0.00427,140.1
DQN_UNIFORM_seed_0_1790609140,DQN_UNIFORM,0,2055,104173,4.60,0,0.0100,0.00705,140.2
DQN_UNIFORM_seed_0_1790609140,DQN_UNIFORM,0,2056,104223,3.90,0,0.0100,0.00783,140.3
DQN_UNIFORM_seed_0_1790609140,DQN_UNIFORM,0,2057,104273,3.90,0,0.0100,0.00727,140.4
DQN_UNIFORM_seed_0_1790609140,DQN_UNIFORM,0,2058,104323,3.90,0,0.0100,0.00467,140.4
DQN_UNIFORM_seed_0_1790609140,DQN_UNIFORM,0,2059,104373,3.90,0,0.0100,0.00380,140.5
DQN_UNIFORM_seed_0_1790609140,DQN_UNIFORM,0,2060,104423,3.90,0,0.0100,0.00443,140.6
DQN_UNIFORM_seed_0_1790609140,DQN_UNIFORM,0,2061,104480,4.60,0,0.0100,0.00556,140.7
DQN_UNIFORM_seed_0_1790609140,DQN_UNIFORM,0,2062,104532,4.10,0,0.0100,0.00467,140.8
DQN_UNIFORM_seed_0_1790609140,DQN_UNIFORM,0,2063,104582,3.90,0,0.0100,0.00298,140.8
DQN_UNIFORM_seed_0_1790609140,DQN_UNIFORM,0,2064,104632,3.90,0,0.0100,0.00245,140.9
DQN_UNIFORM_seed_0_1790609140,DQN_UNIFORM,0,2065,104689,4.60,0,0.0100,0.00464,141.0
DQN_UNIFORM_seed_0_1790609140,DQN_UNIFORM,0,2066,104739,3.90,0,0.0100,0.00222,141.1
DQN_UNIFORM_seed_0_1790609140,DQN_UNIFORM,0,2067,104789,3.90,0,0.0100,0.00287,141.1
DQN_UNIFORM_seed_0_1790609140,DQN_UNIFORM,0,2068,104839,3.90,0,0.0100,0.00230,141.2
DQN_UNIFORM_seed_0_1790609140,DQN_UNIFORM,0,2069,104889,3.90,0,0.0100,0.00204,141.3
DQN_UNIFORM_seed_0_1790609140,DQN_UNIFORM,0,2070,104946,4.60,0,0.0100,0.00603,141.4
DQN_UNIFORM_seed_0_1790609140,DQN_UNIFORM,0,2071,104996,3.90,0,0.0100,0.00241,141.4
DQN_UNIFORM_seed_0_1790609140,DQN_UNIFORM,0,2072,105046,3.90,0,0.0100,0.00313,141.6
DQN_UNIFORM_seed_0_1790609140,DQN_UNIFORM,0,2073,105105,4.80,0,0.0100,0.00342,141.7
DQN_UNIFORM_seed_0_1790609140,DQN_UNIFORM,0,2074,105155,3.90,0,0.0100,0.00569,141.8
DQN_UNIFORM_seed_0_1790609140,DQN_UNIFORM,0,2075,105212,4.60,0,0.0100,0.00460,141.8
DQN_UNIFORM_seed_0_1790609140,DQN_UNIFORM,0,2076,105262,3.90,0,0.0100,0.00364,141.9
DQN_UNIFORM_seed_0_1790609140,DQN_UNIFORM,0,2077,105312,3.90,0,0.0100,0.00658,142.0
DQN_UNIFORM_seed_0_1790609140,DQN_UNIFORM,0,2078,105369,4.60,0,0.0100,0.00332,142.1
DQN_UNIFORM_seed_0_1790609140,DQN_UNIFORM,0,2079,105423,4.30,0,0.0100,0.00369,142.1
DQN_UNIFORM_seed_0_1790609140,DQN_UNIFORM,0,2080,105473,3.90,0,0.0100,0.00716,142.2
DQN_UNIFORM_seed_0_1790609140,DQN_UNIFORM,0,2081,105523,3.90,0,0.0100,0.00463,142.3
DQN_UNIFORM_seed_0_1790609140,DQN_UNIFORM,0,2082,105576,4.20,0,0.0100,0.00787,142.4
DQN_UNIFORM_seed_0_1790609140,DQN_UNIFORM,0,2083,105626,3.90,0,0.0100,0.00299,142.4
DQN_UNIFORM_seed_0_1790609140,DQN_UNIFORM,0,2084,105680,4.30,0,0.0100,0.00293,142.5
DQN_UNIFORM_seed_0_1790609140,DQN_UNIFORM,0,2085,105730,3.90,0,0.0100,0.00264,142.6
DQN_UNIFORM_seed_0_1790609140,DQN_UNIFORM,0,2086,105780,3.90,0,0.0100,0.00291,142.7
DQN_UNIFORM_seed_0_1790609140,DQN_UNIFORM,0,2087,105830,3.90,0,0.0100,0.00450,142.7
DQN_UNIFORM_seed_0_1790609140,DQN_UNIFORM,0,2088,105880,3.90,0,0.0100,0.00355,142.8
DQN_UNIFORM_seed_0_1790609140,DQN_UNIFORM,0,2089,105930,3.90,0,0.0100,0.00287,142.9
DQN_UNIFORM_seed_0_1790609140,DQN_UNIFORM,0,2090,105980,3.90,0,0.0100,0.00347,143.0
DQN_UNIFORM_seed_0_1790609140,DQN_UNIFORM,0,2091,106030,3.90,0,0.0100,0.00615,143.0
DQN_UNIFORM_seed_0_1790609140,DQN_UNIFORM,0,2092,106090,4.90,0,0.0100,0.00669,143.1
DQN_UNIFORM_seed_0_1790609140,DQN_UNIFORM,0,2093,106140,3.90,0,0.0100,0.00383,143.2
DQN_UNIFORM_seed_0_1790609140,DQN_UNIFORM,0,2094,106200,4.90,0,0.0100,0.00303,143.3
DQN_UNIFORM_seed_0_1790609140,DQN_UNIFORM,0,2095,106256,4.50,0,0.0100,0.00402,143.4
DQN_UNIFORM_seed_0_1790609140,DQN_UNIFORM,0,2096,106306,3.90,0,0.0100,0.00324,143.4
DQN_UNIFORM_seed_0_1790609140,DQN_UNIFORM,0,2097,106356,3.90,0,0.0100,0.00243,143.5
DQN_UNIFORM_seed_0_1790609140,DQN_UNIFORM,0,2098,106406,3.90,0,0.0100,0.00258,143.6
DQN_UNIFORM_seed_0_1790609140,DQN_UNIFORM,0,2099,106463,4.60,0,0.0100,0.00302,143.7
DQN_UNIFORM_seed_0_1790609140,DQN_UNIFORM,0,2100,106513,3.90,0,0.0100,0.00213,143.7
DQN_UNIFORM_seed_0_1790609140,DQN_UNIFORM,0,2101,106569,4.50,0,0.0100,0.00401,143.8
DQN_UNIFORM_seed_0_1790609140,DQN_UNIFORM,0,2102,106624,4.40,0,0.0100,0.00459,143.9
DQN_UNIFORM_seed_0_1790609140,DQN_UNIFORM,0,2103,106674,3.90,0,0.0100,0.00328,144.0
DQN_UNIFORM_seed_0_1790609140,DQN_UNIFORM,0,2104,106724,3.90,0,0.0100,0.00684,144.0
DQN_UNIFORM_seed_0_1790609140,DQN_UNIFORM,0,2105,106784,4.90,0,0.0100,0.00439,144.1
DQN_UNIFORM_seed_0_1790609140,DQN_UNIFORM,0,2106,106837,4.20,0,0.0100,0.00340,144.2
DQN_UNIFORM_seed_0_1790609140,DQN_UNIFORM,0,2107,106887,3.90,0,0.0100,0.00226,144.3
DQN_UNIFORM_seed_0_1790609140,DQN_UNIFORM,0,2108,106941,4.30,0,0.0100,0.00458,144.4
DQN_UNIFORM_seed_0_1790609140,DQN_UNIFORM,0,2109,107000,4.80,0,0.0100,0.00538,144.5
DQN_UNIFORM_seed_0_1790609140,DQN_UNIFORM,0,2110,107055,4.40,0,0.0100,0.00385,144.5
DQN_UNIFORM_seed_0_1790609140,DQN_UNIFORM,0,2111,107113,4.70,0,0.0100,0.00266,144.6
DQN_UNIFORM_seed_0_1790609140,DQN_UNIFORM,0,2112,107163,3.90,0,0.0100,0.00263,144.7
DQN_UNIFORM_seed_0_1790609140,DQN_UNIFORM,0,2113,107213,3.90,0,0.0100,0.00579,144.8
DQN_UNIFORM_seed_0_1790609140,DQN_UNIFORM,0,2114,107263,3.90,0,0.0100,0.00439,144.8
DQN_UNIFORM_seed_0_1790609140,DQN_UNIFORM,0,2115,107313,3.90,0,0.0100,0.00266,144.9
DQN_UNIFORM_seed_0_1790609140,DQN_UNIFORM,0,2116,107363,3.90,0,0.0100,0.00485,145.0
DQN_UNIFORM_seed_0_1790609140,DQN_UNIFORM,0,2117,107420,4.60,0,0.0100,0.00468,145.1
DQN_UNIFORM_seed_0_1790609140,DQN_UNIFORM,0,2118,107478,4.70,0,0.0100,0.00522,145.1
DQN_UNIFORM_seed_0_1790609140,DQN_UNIFORM,0,2119,107538,4.90,0,0.0100,0.00282,145.2
DQN_UNIFORM_seed_0_1790609140,DQN_UNIFORM,0,2120,107589,4.00,0,0.0100,0.00527,145.3
DQN_UNIFORM_seed_0_1790609140,DQN_UNIFORM,0,2121,107639,3.90,0,0.0100,0.00497,145.4
DQN_UNIFORM_seed_0_1790609140,DQN_UNIFORM,0,2122,107689,3.90,0,0.0100,0.00531,145.5
DQN_UNIFORM_seed_0_1790609140,DQN_UNIFORM,0,2123,107739,3.90,0,0.0100,0.00536,145.5
DQN_UNIFORM_seed_0_1790609140,DQN_UNIFORM,0,2124,107800,5.00,1,0.0100,0.00381,145.6
DQN_UNIFORM_seed_0_1790609140,DQN_UNIFORM,0,2125,107850,3.90,0,0.0100,0.00387,145.7
DQN_UNIFORM_seed_0_1790609140,DQN_UNIFORM,0,2126,107900,3.90,0,0.0100,0.00450,145.8
DQN_UNIFORM_seed_0_1790609140,DQN_UNIFORM,0,2127,107950,3.90,0,0.0100,0.00335,145.8
DQN_UNIFORM_seed_0_1790609140,DQN_UNIFORM,0,2128,108004,4.30,0,0.0100,0.00354,145.9
DQN_UNIFORM_seed_0_1790609140,DQN_UNIFORM,0,2129,108054,3.90,0,0.0100,0.00540,146.0
DQN_UNIFORM_seed_0_1790609140,DQN_UNIFORM,0,2130,108104,3.90,0,0.0100,0.00531,146.1
DQN_UNIFORM_seed_0_1790609140,DQN_UNIFORM,0,2131,108159,4.40,0,0.0100,0.00252,146.1
DQN_UNIFORM_seed_0_1790609140,DQN_UNIFORM,0,2132,108209,3.90,0,0.0100,0.00484,146.2
DQN_UNIFORM_seed_0_1790609140,DQN_UNIFORM,0,2133,108263,4.30,0,0.0100,0.00232,146.3
DQN_UNIFORM_seed_0_1790609140,DQN_UNIFORM,0,2134,108322,4.80,0,0.0100,0.00447,146.4
DQN_UNIFORM_seed_0_1790609140,DQN_UNIFORM,0,2135,108377,4.40,0,0.0100,0.00380,146.5
DQN_UNIFORM_seed_0_1790609140,DQN_UNIFORM,0,2136,108436,4.80,0,0.0100,0.00234,146.6
DQN_UNIFORM_seed_0_1790609140,DQN_UNIFORM,0,2137,108486,3.90,0,0.0100,0.00413,146.6
DQN_UNIFORM_seed_0_1790609140,DQN_UNIFORM,0,2138,108539,4.20,0,0.0100,0.00387,146.7
DQN_UNIFORM_seed_0_1790609140,DQN_UNIFORM,0,2139,108596,4.60,0,0.0100,0.00401,146.8
DQN_UNIFORM_seed_0_1790609140,DQN_UNIFORM,0,2140,108646,3.90,0,0.0100,0.00682,146.9
DQN_UNIFORM_seed_0_1790609140,DQN_UNIFORM,0,2141,108705,4.80,0,0.0100,0.00649,146.9
DQN_UNIFORM_seed_0_1790609140,DQN_UNIFORM,0,2142,108755,3.90,0,0.0100,0.00399,147.0
DQN_UNIFORM_seed_0_1790609140,DQN_UNIFORM,0,2143,108814,4.80,0,0.0100,0.00544,147.1
DQN_UNIFORM_seed_0_1790609140,DQN_UNIFORM,0,2144,108864,3.90,0,0.0100,0.00453,147.2
DQN_UNIFORM_seed_0_1790609140,DQN_UNIFORM,0,2145,108918,4.30,0,0.0100,0.00389,147.3
DQN_UNIFORM_seed_0_1790609140,DQN_UNIFORM,0,2146,108977,4.80,0,0.0100,0.00433,147.3
DQN_UNIFORM_seed_0_1790609140,DQN_UNIFORM,0,2147,109027,3.90,0,0.0100,0.00573,147.4
DQN_UNIFORM_seed_0_1790609140,DQN_UNIFORM,0,2148,109077,3.90,0,0.0100,0.00720,147.5
DQN_UNIFORM_seed_0_1790609140,DQN_UNIFORM,0,2149,109138,5.00,1,0.0100,0.00502,147.6
DQN_UNIFORM_seed_0_1790609140,DQN_UNIFORM,0,2150,109188,3.90,0,0.0100,0.01126,147.7
DQN_UNIFORM_seed_0_1790609140,DQN_UNIFORM,0,2151,109238,-8.10,0,0.0100,0.00584,147.7
DQN_UNIFORM_seed_0_1790609140,DQN_UNIFORM,0,2152,109288,3.90,0,0.0100,0.00360,147.8
DQN_UNIFORM_seed_0_1790609140,DQN_UNIFORM,0,2153,109338,3.90,0,0.0100,0.00563,147.9
DQN_UNIFORM_seed_0_1790609140,DQN_UNIFORM,0,2154,109394,4.50,0,0.0100,0.00375,148.0
DQN_UNIFORM_seed_0_1790609140,DQN_UNIFORM,0,2155,109444,3.90,0,0.0100,0.00361,148.0
DQN_UNIFORM_seed_0_1790609140,DQN_UNIFORM,0,2156,109494,3.90,0,0.0100,0.00423,148.1
DQN_UNIFORM_seed_0_1790609140,DQN_UNIFORM,0,2157,109544,3.90,0,0.0100,0.00297,148.2
DQN_UNIFORM_seed_0_1790609140,DQN_UNIFORM,0,2158,109597,4.20,0,0.0100,0.00313,148.3
DQN_UNIFORM_seed_0_1790609140,DQN_UNIFORM,0,2159,109647,3.90,0,0.0100,0.00392,148.4
DQN_UNIFORM_seed_0_1790609140,DQN_UNIFORM,0,2160,109697,3.90,0,0.0100,0.00631,148.5
DQN_UNIFORM_seed_0_1790609140,DQN_UNIFORM,0,2161,109754,4.60,0,0.0100,0.00381,148.7
DQN_UNIFORM_seed_0_1790609140,DQN_UNIFORM,0,2162,109804,3.90,0,0.0100,0.00586,148.7
DQN_UNIFORM_seed_0_1790609140,DQN_UNIFORM,0,2163,109861,4.60,0,0.0100,0.00427,148.8
DQN_UNIFORM_seed_0_1790609140,DQN_UNIFORM,0,2164,109911,3.90,0,0.0100,0.00505,148.9
DQN_UNIFORM_seed_0_1790609140,DQN_UNIFORM,0,2165,109961,3.90,0,0.0100,0.00556,149.0
DQN_UNIFORM_seed_0_1790609140,DQN_UNIFORM,0,2166,110011,3.90,0,0.0100,0.00494,149.2
DQN_UNIFORM_seed_0_1790609140,DQN_UNIFORM,0,2167,110067,4.50,0,0.0100,0.00374,149.2
DQN_UNIFORM_seed_0_1790609140,DQN_UNIFORM,0,2168,110122,4.40,0,0.0100,0.00470,149.3
DQN_UNIFORM_seed_0_1790609140,DQN_UNIFORM,0,2169,110172,3.90,0,0.0100,0.00429,149.4
DQN_UNIFORM_seed_0_1790609140,DQN_UNIFORM,0,2170,110222,3.90,0,0.0100,0.00352,149.5
DQN_UNIFORM_seed_0_1790609140,DQN_UNIFORM,0,2171,110274,4.10,0,0.0100,0.00282,149.5
DQN_UNIFORM_seed_0_1790609140,DQN_UNIFORM,0,2172,110327,4.20,0,0.0100,0.00369,149.6
DQN_UNIFORM_seed_0_1790609140,DQN_UNIFORM,0,2173,110377,3.90,0,0.0100,0.00433,149.7
DQN_UNIFORM_seed_0_1790609140,DQN_UNIFORM,0,2174,110430,4.20,0,0.0100,0.00320,149.8
DQN_UNIFORM_seed_0_1790609140,DQN_UNIFORM,0,2175,110480,3.90,0,0.0100,0.00430,149.8
DQN_UNIFORM_seed_0_1790609140,DQN_UNIFORM,0,2176,110536,4.50,0,0.0100,0.00327,149.9
DQN_UNIFORM_seed_0_1790609140,DQN_UNIFORM,0,2177,110587,4.00,0,0.0100,0.00318,150.0
DQN_UNIFORM_seed_0_1790609140,DQN_UNIFORM,0,2178,110643,4.50,0,0.0100,0.00422,150.1
DQN_UNIFORM_seed_0_1790609140,DQN_UNIFORM,0,2179,110697,4.30,0,0.0100,0.00339,150.2
DQN_UNIFORM_seed_0_1790609140,DQN_UNIFORM,0,2180,110755,4.70,0,0.0100,0.00322,150.2
DQN_UNIFORM_seed_0_1790609140,DQN_UNIFORM,0,2181,110805,3.90,0,0.0100,0.00425,150.3
DQN_UNIFORM_seed_0_1790609140,DQN_UNIFORM,0,2182,110855,3.90,0,0.0100,0.00331,150.4
DQN_UNIFORM_seed_0_1790609140,DQN_UNIFORM,0,2183,110905,3.90,0,0.0100,0.00226,150.5
DQN_UNIFORM_seed_0_1790609140,DQN_UNIFORM,0,2184,110961,4.50,0,0.0100,0.00362,150.5
DQN_UNIFORM_seed_0_1790609140,DQN_UNIFORM,0,2185,111011,3.90,0,0.0100,0.00345,150.6
DQN_UNIFORM_seed_0_1790609140,DQN_UNIFORM,0,2186,111071,4.90,0,0.0100,0.00404,150.7
DQN_UNIFORM_seed_0_1790609140,DQN_UNIFORM,0,2187,111121,3.90,0,0.0100,0.00537,150.8
DQN_UNIFORM_seed_0_1790609140,DQN_UNIFORM,0,2188,111171,3.90,0,0.0100,0.00339,150.9
DQN_UNIFORM_seed_0_1790609140,DQN_UNIFORM,0,2189,111225,4.30,0,0.0100,0.00266,150.9
DQN_UNIFORM_seed_0_1790609140,DQN_UNIFORM,0,2190,111275,3.90,0,0.0100,0.00278,151.0
DQN_UNIFORM_seed_0_1790609140,DQN_UNIFORM,0,2191,111325,3.90,0,0.0100,0.00442,151.1
DQN_UNIFORM_seed_0_1790609140,DQN_UNIFORM,0,2192,111375,3.90,0,0.0100,0.00323,151.2
DQN_UNIFORM_seed_0_1790609140,DQN_UNIFORM,0,2193,111432,4.60,0,0.0100,0.00302,151.2
DQN_UNIFORM_seed_0_1790609140,DQN_UNIFORM,0,2194,111482,3.90,0,0.0100,0.00691,151.3
DQN_UNIFORM_seed_0_1790609140,DQN_UNIFORM,0,2195,111533,4.00,0,0.0100,0.00306,151.4
DQN_UNIFORM_seed_0_1790609140,DQN_UNIFORM,0,2196,111584,4.00,0,0.0100,0.00421,151.5
DQN_UNIFORM_seed_0_1790609140,DQN_UNIFORM,0,2197,111634,3.90,0,0.0100,0.00388,151.5
DQN_UNIFORM_seed_0_1790609140,DQN_UNIFORM,0,2198,111688,4.30,0,0.0100,0.00396,151.6
DQN_UNIFORM_seed_0_1790609140,DQN_UNIFORM,0,2199,111738,3.90,0,0.0100,0.00451,151.7
DQN_UNIFORM_seed_0_1790609140,DQN_UNIFORM,0,2200,111797,4.80,0,0.0100,0.00495,151.8
DQN_UNIFORM_seed_0_1790609140,DQN_UNIFORM,0,2201,111847,3.90,0,0.0100,0.00523,151.8
DQN_UNIFORM_seed_0_1790609140,DQN_UNIFORM,0,2202,111900,4.20,0,0.0100,0.00245,151.9
DQN_UNIFORM_seed_0_1790609140,DQN_UNIFORM,0,2203,111951,4.00,0,0.0100,0.00517,152.0
DQN_UNIFORM_seed_0_1790609140,DQN_UNIFORM,0,2204,112008,4.60,0,0.0100,0.00510,152.1
DQN_UNIFORM_seed_0_1790609140,DQN_UNIFORM,0,2205,112066,4.70,0,0.0100,0.00337,152.2
DQN_UNIFORM_seed_0_1790609140,DQN_UNIFORM,0,2206,112119,4.20,0,0.0100,0.00330,152.2
DQN_UNIFORM_seed_0_1790609140,DQN_UNIFORM,0,2207,112169,3.90,0,0.0100,0.00410,152.3
DQN_UNIFORM_seed_0_1790609140,DQN_UNIFORM,0,2208,112219,3.90,0,0.0100,0.00520,152.4
DQN_UNIFORM_seed_0_1790609140,DQN_UNIFORM,0,2209,112269,3.90,0,0.0100,0.00269,152.5
DQN_UNIFORM_seed_0_1790609140,DQN_UNIFORM,0,2210,112319,3.90,0,0.0100,0.00471,152.5
DQN_UNIFORM_seed_0_1790609140,DQN_UNIFORM,0,2211,112375,4.50,0,0.0100,0.00497,152.6
DQN_UNIFORM_seed_0_1790609140,DQN_UNIFORM,0,2212,112427,4.10,0,0.0100,0.00283,152.7
DQN_UNIFORM_seed_0_1790609140,DQN_UNIFORM,0,2213,112486,4.80,0,0.0100,0.00367,152.8
DQN_UNIFORM_seed_0_1790609140,DQN_UNIFORM,0,2214,112536,3.90,0,0.0100,0.00597,152.9
DQN_UNIFORM_seed_0_1790609140,DQN_UNIFORM,0,2215,112586,3.90,0,0.0100,0.00323,153.0
DQN_UNIFORM_seed_0_1790609140,DQN_UNIFORM,0,2216,112642,4.50,0,0.0100,0.00239,153.0
DQN_UNIFORM_seed_0_1790609140,DQN_UNIFORM,0,2217,112693,4.00,0,0.0100,0.00399,153.1
DQN_UNIFORM_seed_0_1790609140,DQN_UNIFORM,0,2218,112749,4.50,0,0.0100,0.00448,153.2
DQN_UNIFORM_seed_0_1790609140,DQN_UNIFORM,0,2219,112804,4.40,0,0.0100,0.00411,153.3
DQN_UNIFORM_seed_0_1790609140,DQN_UNIFORM,0,2220,112854,3.90,0,0.0100,0.00409,153.4
DQN_UNIFORM_seed_0_1790609140,DQN_UNIFORM,0,2221,112904,3.90,0,0.0100,0.00662,153.4
DQN_UNIFORM_seed_0_1790609140,DQN_UNIFORM,0,2222,112958,4.30,0,0.0100,0.00249,153.5
DQN_UNIFORM_seed_0_1790609140,DQN_UNIFORM,0,2223,113020,6.00,1,0.0100,0.00290,153.6
DQN_UNIFORM_seed_0_1790609140,DQN_UNIFORM,0,2224,113070,3.90,0,0.0100,0.00277,153.7
DQN_UNIFORM_seed_0_1790609140,DQN_UNIFORM,0,2225,113131,5.00,1,0.0100,0.00265,153.8
DQN_UNIFORM_seed_0_1790609140,DQN_UNIFORM,0,2226,113189,4.70,0,0.0100,0.00288,153.9
DQN_UNIFORM_seed_0_1790609140,DQN_UNIFORM,0,2227,113239,3.90,0,0.0100,0.00365,153.9
DQN_UNIFORM_seed_0_1790609140,DQN_UNIFORM,0,2228,113298,4.80,0,0.0100,0.00266,154.0
DQN_UNIFORM_seed_0_1790609140,DQN_UNIFORM,0,2229,113359,5.00,1,0.0100,0.00224,154.1
DQN_UNIFORM_seed_0_1790609140,DQN_UNIFORM,0,2230,113419,4.90,0,0.0100,0.00422,154.2
DQN_UNIFORM_seed_0_1790609140,DQN_UNIFORM,0,2231,113479,4.90,0,0.0100,0.00239,154.3
DQN_UNIFORM_seed_0_1790609140,DQN_UNIFORM,0,2232,113535,4.50,0,0.0100,0.00371,154.4
DQN_UNIFORM_seed_0_1790609140,DQN_UNIFORM,0,2233,113585,3.90,0,0.0100,0.00272,154.4
DQN_UNIFORM_seed_0_1790609140,DQN_UNIFORM,0,2234,113645,4.90,0,0.0100,0.00257,154.5
DQN_UNIFORM_seed_0_1790609140,DQN_UNIFORM,0,2235,113700,4.40,0,0.0100,0.00285,154.6
DQN_UNIFORM_seed_0_1790609140,DQN_UNIFORM,0,2236,113755,4.40,0,0.0100,0.00314,154.7
DQN_UNIFORM_seed_0_1790609140,DQN_UNIFORM,0,2237,113805,3.90,0,0.0100,0.00238,154.8
DQN_UNIFORM_seed_0_1790609140,DQN_UNIFORM,0,2238,113862,4.60,0,0.0100,0.00476,154.8
DQN_UNIFORM_seed_0_1790609140,DQN_UNIFORM,0,2239,113923,5.00,1,0.0100,0.00606,154.9
DQN_UNIFORM_seed_0_1790609140,DQN_UNIFORM,0,2240,113982,4.80,0,0.0100,0.00462,155.0
DQN_UNIFORM_seed_0_1790609140,DQN_UNIFORM,0,2241,114032,3.90,0,0.0100,0.00352,155.1
DQN_UNIFORM_seed_0_1790609140,DQN_UNIFORM,0,2242,114084,4.10,0,0.0100,0.00572,155.2
DQN_UNIFORM_seed_0_1790609140,DQN_UNIFORM,0,2243,114147,6.10,1,0.0100,0.00343,155.3
DQN_UNIFORM_seed_0_1790609140,DQN_UNIFORM,0,2244,114208,5.00,1,0.0100,0.00392,155.3
DQN_UNIFORM_seed_0_1790609140,DQN_UNIFORM,0,2245,114268,4.90,0,0.0100,0.00796,155.4
DQN_UNIFORM_seed_0_1790609140,DQN_UNIFORM,0,2246,114327,4.80,0,0.0100,0.00465,155.5
DQN_UNIFORM_seed_0_1790609140,DQN_UNIFORM,0,2247,114384,4.60,0,0.0100,0.00321,155.6
DQN_UNIFORM_seed_0_1790609140,DQN_UNIFORM,0,2248,114434,3.90,0,0.0100,0.00254,155.7
DQN_UNIFORM_seed_0_1790609140,DQN_UNIFORM,0,2249,114489,4.40,0,0.0100,0.00318,155.8
DQN_UNIFORM_seed_0_1790609140,DQN_UNIFORM,0,2250,114539,3.90,0,0.0100,0.00351,155.8
DQN_UNIFORM_seed_0_1790609140,DQN_UNIFORM,0,2251,114589,3.90,0,0.0100,0.00287,155.9
DQN_UNIFORM_seed_0_1790609140,DQN_UNIFORM,0,2252,114639,3.90,0,0.0100,0.00376,156.0
DQN_UNIFORM_seed_0_1790609140,DQN_UNIFORM,0,2253,114693,4.30,0,0.0100,0.00344,156.1
DQN_UNIFORM_seed_0_1790609140,DQN_UNIFORM,0,2254,114743,3.90,0,0.0100,0.00317,156.2
DQN_UNIFORM_seed_0_1790609140,DQN_UNIFORM,0,2255,114793,3.90,0,0.0100,0.00342,156.3
DQN_UNIFORM_seed_0_1790609140,DQN_UNIFORM,0,2256,114854,5.00,1,0.0100,0.00442,156.3
DQN_UNIFORM_seed_0_1790609140,DQN_UNIFORM,0,2257,114913,4.80,0,0.0100,0.00328,156.4
DQN_UNIFORM_seed_0_1790609140,DQN_UNIFORM,0,2258,114967,4.30,0,0.0100,0.00347,156.5
DQN_UNIFORM_seed_0_1790609140,DQN_UNIFORM,0,2259,115027,4.90,0,0.0100,0.00342,156.7
DQN_UNIFORM_seed_0_1790609140,DQN_UNIFORM,0,2260,115077,3.90,0,0.0100,0.00350,156.8
DQN_UNIFORM_seed_0_1790609140,DQN_UNIFORM,0,2261,115134,4.60,0,0.0100,0.00529,156.9
DQN_UNIFORM_seed_0_1790609140,DQN_UNIFORM,0,2262,115193,4.80,0,0.0100,0.00411,157.0
DQN_UNIFORM_seed_0_1790609140,DQN_UNIFORM,0,2263,115256,6.10,1,0.0100,0.00516,157.1
DQN_UNIFORM_seed_0_1790609140,DQN_UNIFORM,0,2264,115309,4.20,0,0.0100,0.00451,157.1
DQN_UNIFORM_seed_0_1790609140,DQN_UNIFORM,0,2265,115359,3.90,0,0.0100,0.00519,157.2
DQN_UNIFORM_seed_0_1790609140,DQN_UNIFORM,0,2266,115421,6.00,1,0.0100,0.00265,157.3
DQN_UNIFORM_seed_0_1790609140,DQN_UNIFORM,0,2267,115471,3.90,0,0.0100,0.00414,157.4
DQN_UNIFORM_seed_0_1790609140,DQN_UNIFORM,0,2268,115521,3.90,0,0.0100,0.00635,157.4
DQN_UNIFORM_seed_0_1790609140,DQN_UNIFORM,0,2269,115571,3.90,0,0.0100,0.00302,157.5
DQN_UNIFORM_seed_0_1790609140,DQN_UNIFORM,0,2270,115631,4.90,0,0.0100,0.00321,157.6
DQN_UNIFORM_seed_0_1790609140,DQN_UNIFORM,0,2271,115692,5.00,1,0.0100,0.00668,157.7
DQN_UNIFORM_seed_0_1790609140,DQN_UNIFORM,0,2272,115742,3.90,0,0.0100,0.00239,157.8
DQN_UNIFORM_seed_0_1790609140,DQN_UNIFORM,0,2273,115806,6.20,1,0.0100,0.00351,157.9
DQN_UNIFORM_seed_0_1790609140,DQN_UNIFORM,0,2274,115856,3.90,0,0.0100,0.00551,157.9
DQN_UNIFORM_seed_0_1790609140,DQN_UNIFORM,0,2275,115915,4.80,0,0.0100,0.00472,158.0
DQN_UNIFORM_seed_0_1790609140,DQN_UNIFORM,0,2276,115965,3.90,0,0.0100,0.00310,158.1
DQN_UNIFORM_seed_0_1790609140,DQN_UNIFORM,0,2277,116015,3.90,0,0.0100,0.00363,158.2
DQN_UNIFORM_seed_0_1790609140,DQN_UNIFORM,0,2278,116073,4.70,0,0.0100,0.00300,158.3
DQN_UNIFORM_seed_0_1790609140,DQN_UNIFORM,0,2279,116123,3.90,0,0.0100,0.01215,158.3
DQN_UNIFORM_seed_0_1790609140,DQN_UNIFORM,0,2280,116173,3.90,0,0.0100,0.00529,158.4
DQN_UNIFORM_seed_0_1790609140,DQN_UNIFORM,0,2281,116226,4.20,0,0.0100,0.00353,158.5
DQN_UNIFORM_seed_0_1790609140,DQN_UNIFORM,0,2282,116283,4.60,0,0.0100,0.00786,158.6
DQN_UNIFORM_seed_0_1790609140,DQN_UNIFORM,0,2283,116342,4.80,0,0.0100,0.00226,158.7
DQN_UNIFORM_seed_0_1790609140,DQN_UNIFORM,0,2284,116392,3.90,0,0.0100,0.00467,158.7
DQN_UNIFORM_seed_0_1790609140,DQN_UNIFORM,0,2285,116443,4.00,0,0.0100,0.00420,158.8
DQN_UNIFORM_seed_0_1790609140,DQN_UNIFORM,0,2286,116504,5.00,1,0.0100,0.00339,158.9
DQN_UNIFORM_seed_0_1790609140,DQN_UNIFORM,0,2287,116554,3.90,0,0.0100,0.00361,159.0
DQN_UNIFORM_seed_0_1790609140,DQN_UNIFORM,0,2288,116619,6.30,1,0.0100,0.00278,159.1
DQN_UNIFORM_seed_0_1790609140,DQN_UNIFORM,0,2289,116672,4.20,0,0.0100,0.00221,159.1
DQN_UNIFORM_seed_0_1790609140,DQN_UNIFORM,0,2290,116726,4.30,0,0.0100,0.00406,159.2
DQN_UNIFORM_seed_0_1790609140,DQN_UNIFORM,0,2291,116776,3.90,0,0.0100,0.00352,159.3
DQN_UNIFORM_seed_0_1790609140,DQN_UNIFORM,0,2292,116832,4.50,0,0.0100,0.00440,159.4
DQN_UNIFORM_seed_0_1790609140,DQN_UNIFORM,0,2293,116886,4.30,0,0.0100,0.00254,159.5
DQN_UNIFORM_seed_0_1790609140,DQN_UNIFORM,0,2294,116946,4.90,0,0.0100,0.00251,159.5
DQN_UNIFORM_seed_0_1790609140,DQN_UNIFORM,0,2295,117009,6.10,1,0.0100,0.00617,159.6
DQN_UNIFORM_seed_0_1790609140,DQN_UNIFORM,0,2296,117059,3.90,0,0.0100,0.00432,159.7
DQN_UNIFORM_seed_0_1790609140,DQN_UNIFORM,0,2297,117117,4.70,0,0.0100,0.00246,159.8
DQN_UNIFORM_seed_0_1790609140,DQN_UNIFORM,0,2298,117176,4.80,0,0.0100,0.00304,159.9
DQN_UNIFORM_seed_0_1790609140,DQN_UNIFORM,0,2299,117239,6.10,1,0.0100,0.00233,160.0
DQN_UNIFORM_seed_0_1790609140,DQN_UNIFORM,0,2300,117298,4.80,0,0.0100,0.00269,160.1
DQN_UNIFORM_seed_0_1790609140,DQN_UNIFORM,0,2301,117361,6.10,1,0.0100,0.00273,160.2
DQN_UNIFORM_seed_0_1790609140,DQN_UNIFORM,0,2302,117421,4.90,0,0.0100,0.00234,160.2
DQN_UNIFORM_seed_0_1790609140,DQN_UNIFORM,0,2303,117475,4.30,0,0.0100,0.00233,160.3
DQN_UNIFORM_seed_0_1790609140,DQN_UNIFORM,0,2304,117525,3.90,0,0.0100,0.00578,160.4
DQN_UNIFORM_seed_0_1790609140,DQN_UNIFORM,0,2305,117579,4.30,0,0.0100,0.00258,160.5
DQN_UNIFORM_seed_0_1790609140,DQN_UNIFORM,0,2306,117643,6.20,1,0.0100,0.00294,160.6
DQN_UNIFORM_seed_0_1790609140,DQN_UNIFORM,0,2307,117693,3.90,0,0.0100,0.00192,160.6
DQN_UNIFORM_seed_0_1790609140,DQN_UNIFORM,0,2308,117744,4.00,0,0.0100,0.00210,160.7
DQN_UNIFORM_seed_0_1790609140,DQN_UNIFORM,0,2309,117794,3.90,0,0.0100,0.00824,160.8
DQN_UNIFORM_seed_0_1790609140,DQN_UNIFORM,0,2310,117844,3.90,0,0.0100,0.01022,160.9
DQN_UNIFORM_seed_0_1790609140,DQN_UNIFORM,0,2311,117894,3.90,0,0.0100,0.00287,160.9
DQN_UNIFORM_seed_0_1790609140,DQN_UNIFORM,0,2312,117944,3.90,0,0.0100,0.00266,161.0
DQN_UNIFORM_seed_0_1790609140,DQN_UNIFORM,0,2313,118003,4.80,0,0.0100,0.00275,161.1
DQN_UNIFORM_seed_0_1790609140,DQN_UNIFORM,0,2314,118058,4.40,0,0.0100,0.00397,161.2
DQN_UNIFORM_seed_0_1790609140,DQN_UNIFORM,0,2315,118112,4.30,0,0.0100,0.00357,161.3
DQN_UNIFORM_seed_0_1790609140,DQN_UNIFORM,0,2316,118165,4.20,0,0.0100,0.00354,161.3
DQN_UNIFORM_seed_0_1790609140,DQN_UNIFORM,0,2317,118222,4.60,0,0.0100,0.00439,161.4
DQN_UNIFORM_seed_0_1790609140,DQN_UNIFORM,0,2318,118275,4.20,0,0.0100,0.00521,161.5
DQN_UNIFORM_seed_0_1790609140,DQN_UNIFORM,0,2319,118335,4.90,0,0.0100,0.00357,161.6
DQN_UNIFORM_seed_0_1790609140,DQN_UNIFORM,0,2320,118400,6.30,1,0.0100,0.00380,161.7
DQN_UNIFORM_seed_0_1790609140,DQN_UNIFORM,0,2321,118465,6.30,1,0.0100,0.00341,161.8
DQN_UNIFORM_seed_0_1790609140,DQN_UNIFORM,0,2322,118515,3.90,0,0.0100,0.00412,161.9
DQN_UNIFORM_seed_0_1790609140,DQN_UNIFORM,0,2323,118581,6.40,1,0.0100,0.02040,162.0
DQN_UNIFORM_seed_0_1790609140,DQN_UNIFORM,0,2324,118631,3.90,0,0.0100,0.00395,162.0
DQN_UNIFORM_seed_0_1790609140,DQN_UNIFORM,0,2325,118681,3.90,0,0.0100,0.00422,162.1
DQN_UNIFORM_seed_0_1790609140,DQN_UNIFORM,0,2326,118745,6.20,1,0.0100,0.00502,162.2
DQN_UNIFORM_seed_0_1790609140,DQN_UNIFORM,0,2327,118799,4.30,0,0.0100,0.00641,162.3
DQN_UNIFORM_seed_0_1790609140,DQN_UNIFORM,0,2328,118855,4.50,0,0.0100,0.00428,162.4
DQN_UNIFORM_seed_0_1790609140,DQN_UNIFORM,0,2329,118916,5.00,1,0.0100,0.00319,162.4
DQN_UNIFORM_seed_0_1790609140,DQN_UNIFORM,0,2330,118966,3.90,0,0.0100,0.00585,162.5
DQN_UNIFORM_seed_0_1790609140,DQN_UNIFORM,0,2331,119026,4.90,0,0.0100,0.00289,162.6
DQN_UNIFORM_seed_0_1790609140,DQN_UNIFORM,0,2332,119076,3.90,0,0.0100,0.00331,162.7
DQN_UNIFORM_seed_0_1790609140,DQN_UNIFORM,0,2333,119146,6.80,1,0.0100,0.00438,162.8
DQN_UNIFORM_seed_0_1790609140,DQN_UNIFORM,0,2334,119208,6.00,1,0.0100,0.00373,162.9
DQN_UNIFORM_seed_0_1790609140,DQN_UNIFORM,0,2335,119272,6.20,1,0.0100,0.00439,163.0
DQN_UNIFORM_seed_0_1790609140,DQN_UNIFORM,0,2336,119338,6.40,1,0.0100,0.00363,163.1
DQN_UNIFORM_seed_0_1790609140,DQN_UNIFORM,0,2337,119388,3.90,0,0.0100,0.00322,163.1
DQN_UNIFORM_seed_0_1790609140,DQN_UNIFORM,0,2338,119439,4.00,0,0.0100,0.00709,163.2
DQN_UNIFORM_seed_0_1790609140,DQN_UNIFORM,0,2339,119525,8.40,1,0.0100,0.00335,163.3
DQN_UNIFORM_seed_0_1790609140,DQN_UNIFORM,0,2340,119593,6.60,1,0.0100,0.00285,163.4
DQN_UNIFORM_seed_0_1790609140,DQN_UNIFORM,0,2341,119643,3.90,0,0.0100,0.00529,163.5
DQN_UNIFORM_seed_0_1790609140,DQN_UNIFORM,0,2342,119693,3.90,0,0.0100,0.00372,163.6
DQN_UNIFORM_seed_0_1790609140,DQN_UNIFORM,0,2343,119757,6.20,1,0.0100,0.00406,163.7
DQN_UNIFORM_seed_0_1790609140,DQN_UNIFORM,0,2344,119813,4.50,0,0.0100,0.00390,163.8
DQN_UNIFORM_seed_0_1790609140,DQN_UNIFORM,0,2345,119863,3.90,0,0.0100,0.00446,163.8
DQN_UNIFORM_seed_0_1790609140,DQN_UNIFORM,0,2346,119913,3.90,0,0.0100,0.00371,163.9
DQN_UNIFORM_seed_0_1790609140,DQN_UNIFORM,0,2347,119975,6.00,1,0.0100,0.00640,164.0
DQN_UNIFORM_seed_0_1790609140,DQN_UNIFORM,0,2348,120021,3.50,0,0.0100,0.00350,164.2
DQN_UNIFORM_seed_0_1790609140,DQN_UNIFORM,0,2349,120077,4.50,0,0.0100,0.00361,164.3
DQN_UNIFORM_seed_0_1790609140,DQN_UNIFORM,0,2350,120163,8.40,1,0.0100,0.00520,164.4
DQN_UNIFORM_seed_0_1790609140,DQN_UNIFORM,0,2351,120213,3.90,0,0.0100,0.00415,164.5
DQN_UNIFORM_seed_0_1790609140,DQN_UNIFORM,0,2352,120263,3.90,0,0.0100,0.00279,164.5
DQN_UNIFORM_seed_0_1790609140,DQN_UNIFORM,0,2353,120349,8.40,1,0.0100,0.00280,164.7
DQN_UNIFORM_seed_0_1790609140,DQN_UNIFORM,0,2354,120409,4.90,0,0.0100,0.00356,164.8
DQN_UNIFORM_seed_0_1790609140,DQN_UNIFORM,0,2355,120472,6.10,1,0.0100,0.00289,164.9
DQN_UNIFORM_seed_0_1790609140,DQN_UNIFORM,0,2356,120526,4.30,0,0.0100,0.00391,164.9
DQN_UNIFORM_seed_0_1790609140,DQN_UNIFORM,0,2357,120591,6.30,1,0.0100,0.00615,165.0
DQN_UNIFORM_seed_0_1790609140,DQN_UNIFORM,0,2358,120658,6.50,1,0.0100,0.00541,165.1
DQN_UNIFORM_seed_0_1790609140,DQN_UNIFORM,0,2359,120719,5.00,1,0.0100,0.00316,165.2
DQN_UNIFORM_seed_0_1790609140,DQN_UNIFORM,0,2360,120769,3.90,0,0.0100,0.00416,165.3
DQN_UNIFORM_seed_0_1790609140,DQN_UNIFORM,0,2361,120826,4.60,0,0.0100,0.00344,165.4
DQN_UNIFORM_seed_0_1790609140,DQN_UNIFORM,0,2362,120888,6.00,1,0.0100,0.00267,165.5
DQN_UNIFORM_seed_0_1790609140,DQN_UNIFORM,0,2363,120952,6.20,1,0.0100,0.00321,165.6
DQN_UNIFORM_seed_0_1790609140,DQN_UNIFORM,0,2364,121002,3.90,0,0.0100,0.00746,165.6
DQN_UNIFORM_seed_0_1790609140,DQN_UNIFORM,0,2365,121054,4.10,0,0.0100,0.00427,165.7
DQN_UNIFORM_seed_0_1790609140,DQN_UNIFORM,0,2366,121104,3.90,0,0.0100,0.00278,165.8
DQN_UNIFORM_seed_0_1790609140,DQN_UNIFORM,0,2367,121154,3.90,0,0.0100,0.00417,165.9
DQN_UNIFORM_seed_0_1790609140,DQN_UNIFORM,0,2368,121204,3.90,0,0.0100,0.00355,165.9
DQN_UNIFORM_seed_0_1790609140,DQN_UNIFORM,0,2369,121261,4.60,0,0.0100,0.00329,166.0
DQN_UNIFORM_seed_0_1790609140,DQN_UNIFORM,0,2370,121311,3.90,0,0.0100,0.00304,166.1
DQN_UNIFORM_seed_0_1790609140,DQN_UNIFORM,0,2371,121379,6.60,1,0.0100,0.00431,166.2
DQN_UNIFORM_seed_0_1790609140,DQN_UNIFORM,0,2372,121444,6.30,1,0.0100,0.00415,166.3
DQN_UNIFORM_seed_0_1790609140,DQN_UNIFORM,0,2373,121494,3.90,0,0.0100,0.00399,166.4
DQN_UNIFORM_seed_0_1790609140,DQN_UNIFORM,0,2374,121544,3.90,0,0.0100,0.00566,166.4
DQN_UNIFORM_seed_0_1790609140,DQN_UNIFORM,0,2375,121613,6.70,1,0.0100,0.00559,166.5
DQN_UNIFORM_seed_0_1790609140,DQN_UNIFORM,0,2376,121677,6.20,1,0.0100,0.00369,166.6
DQN_UNIFORM_seed_0_1790609140,DQN_UNIFORM,0,2377,121727,3.90,0,0.0100,0.00306,166.7
DQN_UNIFORM_seed_0_1790609140,DQN_UNIFORM,0,2378,121796,6.70,1,0.0100,0.00430,166.8
DQN_UNIFORM_seed_0_1790609140,DQN_UNIFORM,0,2379,121864,6.60,1,0.0100,0.00589,166.9
DQN_UNIFORM_seed_0_1790609140,DQN_UNIFORM,0,2380,121925,5.00,1,0.0100,0.00436,167.0
DQN_UNIFORM_seed_0_1790609140,DQN_UNIFORM,0,2381,122009,8.20,1,0.0100,0.00318,167.1
DQN_UNIFORM_seed_0_1790609140,DQN_UNIFORM,0,2382,122076,6.50,1,0.0100,0.00501,167.2
DQN_UNIFORM_seed_0_1790609140,DQN_UNIFORM,0,2383,122140,6.20,1,0.0100,0.00693,167.3
DQN_UNIFORM_seed_0_1790609140,DQN_UNIFORM,0,2384,122194,4.30,0,0.0100,0.00429,167.4
DQN_UNIFORM_seed_0_1790609140,DQN_UNIFORM,0,2385,122259,6.30,1,0.0100,0.00438,167.5
DQN_UNIFORM_seed_0_1790609140,DQN_UNIFORM,0,2386,122324,6.30,1,0.0100,0.00466,167.6
DQN_UNIFORM_seed_0_1790609140,DQN_UNIFORM,0,2387,122378,4.30,0,0.0100,0.00560,167.6
DQN_UNIFORM_seed_0_1790609140,DQN_UNIFORM,0,2388,122438,4.90,0,0.0100,0.00630,167.7
DQN_UNIFORM_seed_0_1790609140,DQN_UNIFORM,0,2389,122488,3.90,0,0.0100,0.00582,167.8
DQN_UNIFORM_seed_0_1790609140,DQN_UNIFORM,0,2390,122545,4.60,0,0.0100,0.00425,167.9
DQN_UNIFORM_seed_0_1790609140,DQN_UNIFORM,0,2391,122631,8.40,1,0.0100,0.00329,168.0
DQN_UNIFORM_seed_0_1790609140,DQN_UNIFORM,0,2392,122696,6.30,1,0.0100,0.00332,168.1
DQN_UNIFORM_seed_0_1790609140,DQN_UNIFORM,0,2393,122760,6.20,1,0.0100,0.00398,168.2
DQN_UNIFORM_seed_0_1790609140,DQN_UNIFORM,0,2394,122819,4.80,0,0.0100,0.00509,168.3
DQN_UNIFORM_seed_0_1790609140,DQN_UNIFORM,0,2395,122889,6.80,1,0.0100,0.00413,168.4
DQN_UNIFORM_seed_0_1790609140,DQN_UNIFORM,0,2396,122939,3.90,0,0.0100,0.00347,168.5
DQN_UNIFORM_seed_0_1790609140,DQN_UNIFORM,0,2397,123000,5.00,1,0.0100,0.00475,168.5
DQN_UNIFORM_seed_0_1790609140,DQN_UNIFORM,0,2398,123064,6.20,1,0.0100,0.00557,168.6
DQN_UNIFORM_seed_0_1790609140,DQN_UNIFORM,0,2399,123121,4.60,0,0.0100,0.00395,168.7
DQN_UNIFORM_seed_0_1790609140,DQN_UNIFORM,0,2400,123185,6.20,1,0.0100,0.00679,168.8
DQN_UNIFORM_seed_0_1790609140,DQN_UNIFORM,0,2401,123248,6.10,1,0.0100,0.00432,168.9
DQN_UNIFORM_seed_0_1790609140,DQN_UNIFORM,0,2402,123318,6.80,1,0.0100,0.00701,169.0
DQN_UNIFORM_seed_0_1790609140,DQN_UNIFORM,0,2403,123383,6.30,1,0.0100,0.00565,169.1
DQN_UNIFORM_seed_0_1790609140,DQN_UNIFORM,0,2404,123434,4.00,0,0.0100,0.00492,169.2
DQN_UNIFORM_seed_0_1790609140,DQN_UNIFORM,0,2405,123499,6.30,1,0.0100,0.00602,169.3
DQN_UNIFORM_seed_0_1790609140,DQN_UNIFORM,0,2406,123558,4.80,0,0.0100,0.00687,169.4
DQN_UNIFORM_seed_0_1790609140,DQN_UNIFORM,0,2407,123627,6.70,1,0.0100,0.00693,169.5
DQN_UNIFORM_seed_0_1790609140,DQN_UNIFORM,0,2408,123691,6.20,1,0.0100,0.00538,169.5
DQN_UNIFORM_seed_0_1790609140,DQN_UNIFORM,0,2409,123741,3.90,0,0.0100,0.00613,169.6
DQN_UNIFORM_seed_0_1790609140,DQN_UNIFORM,0,2410,123800,4.80,0,0.0100,0.00339,169.7
DQN_UNIFORM_seed_0_1790609140,DQN_UNIFORM,0,2411,123861,5.00,1,0.0100,0.00617,169.8
DQN_UNIFORM_seed_0_1790609140,DQN_UNIFORM,0,2412,123925,6.20,1,0.0100,0.00468,169.9
DQN_UNIFORM_seed_0_1790609140,DQN_UNIFORM,0,2413,123988,6.10,1,0.0100,0.00370,170.0
DQN_UNIFORM_seed_0_1790609140,DQN_UNIFORM,0,2414,124074,8.40,1,0.0100,0.00478,170.1
DQN_UNIFORM_seed_0_1790609140,DQN_UNIFORM,0,2415,124137,6.10,1,0.0100,0.00558,170.2
DQN_UNIFORM_seed_0_1790609140,DQN_UNIFORM,0,2416,124198,5.00,1,0.0100,0.00454,170.3
DQN_UNIFORM_seed_0_1790609140,DQN_UNIFORM,0,2417,124248,3.90,0,0.0100,0.00941,170.4
DQN_UNIFORM_seed_0_1790609140,DQN_UNIFORM,0,2418,124303,4.40,0,0.0100,0.00669,170.4
DQN_UNIFORM_seed_0_1790609140,DQN_UNIFORM,0,2419,124353,3.90,0,0.0100,0.00723,170.5
DQN_UNIFORM_seed_0_1790609140,DQN_UNIFORM,0,2420,124416,6.10,1,0.0100,0.00711,170.6
DQN_UNIFORM_seed_0_1790609140,DQN_UNIFORM,0,2421,124482,6.40,1,0.0100,0.00421,170.7
DQN_UNIFORM_seed_0_1790609140,DQN_UNIFORM,0,2422,124543,5.00,1,0.0100,0.00459,170.8
DQN_UNIFORM_seed_0_1790609140,DQN_UNIFORM,0,2423,124601,4.70,0,0.0100,0.00424,170.9
DQN_UNIFORM_seed_0_1790609140,DQN_UNIFORM,0,2424,124660,4.80,0,0.0100,0.00457,171.0
DQN_UNIFORM_seed_0_1790609140,DQN_UNIFORM,0,2425,124710,3.90,0,0.0100,0.00720,171.0
DQN_UNIFORM_seed_0_1790609140,DQN_UNIFORM,0,2426,124760,3.90,0,0.0100,0.00963,171.1
DQN_UNIFORM_seed_0_1790609140,DQN_UNIFORM,0,2427,124818,4.70,0,0.0100,0.00549,171.2
DQN_UNIFORM_seed_0_1790609140,DQN_UNIFORM,0,2428,124868,3.90,0,0.0100,0.00478,171.3
DQN_UNIFORM_seed_0_1790609140,DQN_UNIFORM,0,2429,124935,6.50,1,0.0100,0.00553,171.4
DQN_UNIFORM_seed_0_1790609140,DQN_UNIFORM,0,2430,124985,3.90,0,0.0100,0.00461,171.4
DQN_UNIFORM_seed_0_1790609140,DQN_UNIFORM,0,2431,125039,4.30,0,0.0100,0.00741,171.6
DQN_UNIFORM_seed_0_1790609140,DQN_UNIFORM,0,2432,125100,5.00,1,0.0100,0.00438,171.7
DQN_UNIFORM_seed_0_1790609140,DQN_UNIFORM,0,2433,125163,6.10,1,0.0100,0.00537,171.8
DQN_UNIFORM_seed_0_1790609140,DQN_UNIFORM,0,2434,125226,6.10,1,0.0100,0.00611,171.9
DQN_UNIFORM_seed_0_1790609140,DQN_UNIFORM,0,2435,125276,3.90,0,0.0100,0.00650,172.0
DQN_UNIFORM_seed_0_1790609140,DQN_UNIFORM,0,2436,125341,6.30,1,0.0100,0.00696,172.1
DQN_UNIFORM_seed_0_1790609140,DQN_UNIFORM,0,2437,125401,4.90,0,0.0100,0.00686,172.2
DQN_UNIFORM_seed_0_1790609140,DQN_UNIFORM,0,2438,125487,8.40,1,0.0100,0.00611,172.3
DQN_UNIFORM_seed_0_1790609140,DQN_UNIFORM,0,2439,125551,6.20,1,0.0100,0.00454,172.4
DQN_UNIFORM_seed_0_1790609140,DQN_UNIFORM,0,2440,125614,6.10,1,0.0100,0.00638,172.5
DQN_UNIFORM_seed_0_1790609140,DQN_UNIFORM,0,2441,125679,6.30,1,0.0100,0.00403,172.6
DQN_UNIFORM_seed_0_1790609140,DQN_UNIFORM,0,2442,125744,6.30,1,0.0100,0.00547,172.7
DQN_UNIFORM_seed_0_1790609140,DQN_UNIFORM,0,2443,125807,6.10,1,0.0100,0.00393,172.8
DQN_UNIFORM_seed_0_1790609140,DQN_UNIFORM,0,2444,125893,8.40,1,0.0100,0.00741,172.9
DQN_UNIFORM_seed_0_1790609140,DQN_UNIFORM,0,2445,125957,6.20,1,0.0100,0.00610,173.0
DQN_UNIFORM_seed_0_1790609140,DQN_UNIFORM,0,2446,126051,9.20,1,0.0100,0.00533,173.1
DQN_UNIFORM_seed_0_1790609140,DQN_UNIFORM,0,2447,126114,6.10,1,0.0100,0.00702,173.2
DQN_UNIFORM_seed_0_1790609140,DQN_UNIFORM,0,2448,126180,6.40,1,0.0100,0.00517,173.3
DQN_UNIFORM_seed_0_1790609140,DQN_UNIFORM,0,2449,126230,3.90,0,0.0100,0.00790,173.4
DQN_UNIFORM_seed_0_1790609140,DQN_UNIFORM,0,2450,126292,6.00,1,0.0100,0.00687,173.5
DQN_UNIFORM_seed_0_1790609140,DQN_UNIFORM,0,2451,126354,6.00,1,0.0100,0.00831,173.6
DQN_UNIFORM_seed_0_1790609140,DQN_UNIFORM,0,2452,126417,6.10,1,0.0100,0.00501,173.6
DQN_UNIFORM_seed_0_1790609140,DQN_UNIFORM,0,2453,126483,6.40,1,0.0100,0.00534,173.7
DQN_UNIFORM_seed_0_1790609140,DQN_UNIFORM,0,2454,126533,3.90,0,0.0100,0.00551,173.8
DQN_UNIFORM_seed_0_1790609140,DQN_UNIFORM,0,2455,126584,4.00,0,0.0100,0.00654,173.9
DQN_UNIFORM_seed_0_1790609140,DQN_UNIFORM,0,2456,126706,12.90,2,0.0100,0.00696,174.1
DQN_UNIFORM_seed_0_1790609140,DQN_UNIFORM,0,2457,126792,8.40,1,0.0100,0.00626,174.2
DQN_UNIFORM_seed_0_1790609140,DQN_UNIFORM,0,2458,126889,9.50,2,0.0100,0.00612,174.3
DQN_UNIFORM_seed_0_1790609140,DQN_UNIFORM,0,2459,126941,4.10,0,0.0100,0.00667,174.4
DQN_UNIFORM_seed_0_1790609140,DQN_UNIFORM,0,2460,127073,13.90,2,0.0100,0.00726,174.6
DQN_UNIFORM_seed_0_1790609140,DQN_UNIFORM,0,2461,127131,4.70,0,0.0100,0.00643,174.7
DQN_UNIFORM_seed_0_1790609140,DQN_UNIFORM,0,2462,127191,4.90,0,0.0100,0.00531,174.8
DQN_UNIFORM_seed_0_1790609140,DQN_UNIFORM,0,2463,127292,10.80,2,0.0100,0.00754,174.9
DQN_UNIFORM_seed_0_1790609140,DQN_UNIFORM,0,2464,127351,4.80,0,0.0100,0.00780,175.0
DQN_UNIFORM_seed_0_1790609140,DQN_UNIFORM,0,2465,127437,8.40,1,0.0100,0.00653,175.1
DQN_UNIFORM_seed_0_1790609140,DQN_UNIFORM,0,2466,127498,5.00,1,0.0100,0.00541,175.2
DQN_UNIFORM_seed_0_1790609140,DQN_UNIFORM,0,2467,127661,17.90,3,0.0100,0.00650,175.5
DQN_UNIFORM_seed_0_1790609140,DQN_UNIFORM,0,2468,127720,4.80,0,0.0100,0.00690,175.6
DQN_UNIFORM_seed_0_1790609140,DQN_UNIFORM,0,2469,127822,10.90,2,0.0100,0.00565,175.7
DQN_UNIFORM_seed_0_1790609140,DQN_UNIFORM,0,2470,127908,8.40,1,0.0100,0.00692,175.8
DQN_UNIFORM_seed_0_1790609140,DQN_UNIFORM,0,2471,128014,11.30,2,0.0100,0.00798,176.0
DQN_UNIFORM_seed_0_1790609140,DQN_UNIFORM,0,2472,128064,3.90,0,0.0100,0.00822,176.1
DQN_UNIFORM_seed_0_1790609140,DQN_UNIFORM,0,2473,128120,4.50,0,0.0100,0.00720,176.1
DQN_UNIFORM_seed_0_1790609140,DQN_UNIFORM,0,2474,128206,8.40,1,0.0100,0.00923,176.3
DQN_UNIFORM_seed_0_1790609140,DQN_UNIFORM,0,2475,128306,10.70,2,0.0100,0.00876,176.4
DQN_UNIFORM_seed_0_1790609140,DQN_UNIFORM,0,2476,128428,12.90,2,0.0100,0.00942,176.6
DQN_UNIFORM_seed_0_1790609140,DQN_UNIFORM,0,2477,128478,3.90,0,0.0100,0.00742,176.7
DQN_UNIFORM_seed_0_1790609140,DQN_UNIFORM,0,2478,128548,6.80,1,0.0100,0.00788,176.8
DQN_UNIFORM_seed_0_1790609140,DQN_UNIFORM,0,2479,128610,6.00,1,0.0100,0.00976,176.9
DQN_UNIFORM_seed_0_1790609140,DQN_UNIFORM,0,2480,128660,3.90,0,0.0100,0.00749,176.9
DQN_UNIFORM_seed_0_1790609140,DQN_UNIFORM,0,2481,128719,4.80,0,0.0100,0.00691,177.0
DQN_UNIFORM_seed_0_1790609140,DQN_UNIFORM,0,2482,128805,8.40,1,0.0100,0.00662,177.1
DQN_UNIFORM_seed_0_1790609140,DQN_UNIFORM,0,2483,128862,4.60,0,0.0100,0.00562,177.2
DQN_UNIFORM_seed_0_1790609140,DQN_UNIFORM,0,2484,128959,9.50,2,0.0100,0.00690,177.4
DQN_UNIFORM_seed_0_1790609140,DQN_UNIFORM,0,2485,129045,8.40,1,0.0100,0.00789,177.5
DQN_UNIFORM_seed_0_1790609140,DQN_UNIFORM,0,2486,129167,12.90,2,0.0100,0.00817,177.7
DQN_UNIFORM_seed_0_1790609140,DQN_UNIFORM,0,2487,129253,8.40,1,0.0100,0.01003,177.8
DQN_UNIFORM_seed_0_1790609140,DQN_UNIFORM,0,2488,129339,8.40,1,0.0100,0.00879,177.9
DQN_UNIFORM_seed_0_1790609140,DQN_UNIFORM,0,2489,129389,3.90,0,0.0100,0.01005,178.0
DQN_UNIFORM_seed_0_1790609140,DQN_UNIFORM,0,2490,129453,6.20,1,0.0100,0.00756,178.1
DQN_UNIFORM_seed_0_1790609140,DQN_UNIFORM,0,2491,129522,6.70,1,0.0100,0.00972,178.2
DQN_UNIFORM_seed_0_1790609140,DQN_UNIFORM,0,2492,129613,8.90,1,0.0100,0.01284,178.3
DQN_UNIFORM_seed_0_1790609140,DQN_UNIFORM,0,2493,129672,4.80,0,0.0100,0.00915,178.4
DQN_UNIFORM_seed_0_1790609140,DQN_UNIFORM,0,2494,129742,6.80,1,0.0100,0.00935,178.5
DQN_UNIFORM_seed_0_1790609140,DQN_UNIFORM,0,2495,129828,8.40,1,0.0100,0.00967,178.6
DQN_UNIFORM_seed_0_1790609140,DQN_UNIFORM,0,2496,129878,3.90,0,0.0100,0.00787,178.7
DQN_UNIFORM_seed_0_1790609140,DQN_UNIFORM,0,2497,129964,8.40,1,0.0100,0.00904,178.8
DQN_UNIFORM_seed_0_1790609140,DQN_UNIFORM,0,2498,130025,5.00,1,0.0100,0.01116,179.1
DQN_UNIFORM_seed_0_1790609140,DQN_UNIFORM,0,2499,130080,4.40,0,0.0100,0.01080,179.2
DQN_UNIFORM_seed_0_1790609140,DQN_UNIFORM,0,2500,130130,3.90,0,0.0100,0.01131,179.2
DQN_UNIFORM_seed_0_1790609140,DQN_UNIFORM,0,2501,130216,8.40,1,0.0100,0.01080,179.4
DQN_UNIFORM_seed_0_1790609140,DQN_UNIFORM,0,2502,130266,1.50,0,0.0100,0.00910,179.4
DQN_UNIFORM_seed_0_1790609140,DQN_UNIFORM,0,2503,130331,6.30,1,0.0100,0.00796,179.5
DQN_UNIFORM_seed_0_1790609140,DQN_UNIFORM,0,2504,130420,8.70,1,0.0100,0.01063,179.7
DQN_UNIFORM_seed_0_1790609140,DQN_UNIFORM,0,2505,130506,8.40,1,0.0100,0.01272,179.8
DQN_UNIFORM_seed_0_1790609140,DQN_UNIFORM,0,2506,130592,8.40,1,0.0100,0.01397,179.9
DQN_UNIFORM_seed_0_1790609140,DQN_UNIFORM,0,2507,130642,3.90,0,0.0100,0.01353,180.0
DQN_UNIFORM_seed_0_1790609140,DQN_UNIFORM,0,2508,130728,8.40,1,0.0100,0.00965,180.1
DQN_UNIFORM_seed_0_1790609140,DQN_UNIFORM,0,2509,130814,8.40,1,0.0100,0.01182,180.2
DQN_UNIFORM_seed_0_1790609140,DQN_UNIFORM,0,2510,130867,4.20,0,0.0100,0.00990,180.3
DQN_UNIFORM_seed_0_1790609140,DQN_UNIFORM,0,2511,130953,8.40,1,0.0100,0.01010,180.4
DQN_UNIFORM_seed_0_1790609140,DQN_UNIFORM,0,2512,131044,8.90,1,0.0100,0.01238,180.6
DQN_UNIFORM_seed_0_1790609140,DQN_UNIFORM,0,2513,131130,8.40,1,0.0100,0.01228,180.7
DQN_UNIFORM_seed_0_1790609140,DQN_UNIFORM,0,2514,131193,6.10,1,0.0100,0.01168,180.8
DQN_UNIFORM_seed_0_1790609140,DQN_UNIFORM,0,2515,131245,4.10,0,0.0100,0.01578,180.9
DQN_UNIFORM_seed_0_1790609140,DQN_UNIFORM,0,2516,131298,4.20,0,0.0100,0.01699,181.0
DQN_UNIFORM_seed_0_1790609140,DQN_UNIFORM,0,2517,131348,3.90,0,0.0100,0.01573,181.0
DQN_UNIFORM_seed_0_1790609140,DQN_UNIFORM,0,2518,131401,4.20,0,0.0100,0.01665,181.1
DQN_UNIFORM_seed_0_1790609140,DQN_UNIFORM,0,2519,131452,4.00,0,0.0100,0.02113,181.2
DQN_UNIFORM_seed_0_1790609140,DQN_UNIFORM,0,2520,131502,3.90,0,0.0100,0.01211,181.3
DQN_UNIFORM_seed_0_1790609140,DQN_UNIFORM,0,2521,131567,6.30,1,0.0100,0.01721,181.4
DQN_UNIFORM_seed_0_1790609140,DQN_UNIFORM,0,2522,131620,4.20,0,0.0100,0.01208,181.4
DQN_UNIFORM_seed_0_1790609140,DQN_UNIFORM,0,2523,131706,8.40,1,0.0100,0.01461,181.6
DQN_UNIFORM_seed_0_1790609140,DQN_UNIFORM,0,2524,131768,6.00,1,0.0100,0.01314,181.6
DQN_UNIFORM_seed_0_1790609140,DQN_UNIFORM,0,2525,131854,8.40,1,0.0100,0.01431,181.8
DQN_UNIFORM_seed_0_1790609140,DQN_UNIFORM,0,2526,131907,4.20,0,0.0100,0.01463,181.9
DQN_UNIFORM_seed_0_1790609140,DQN_UNIFORM,0,2527,131961,4.30,0,0.0100,0.01350,181.9
DQN_UNIFORM_seed_0_1790609140,DQN_UNIFORM,0,2528,132049,8.60,1,0.0100,0.01329,182.1
DQN_UNIFORM_seed_0_1790609140,DQN_UNIFORM,0,2529,132135,8.40,1,0.0100,0.01751,182.2
DQN_UNIFORM_seed_0_1790609140,DQN_UNIFORM,0,2530,132188,4.20,0,0.0100,0.01474,182.3
DQN_UNIFORM_seed_0_1790609140,DQN_UNIFORM,0,2531,132238,3.90,0,0.0100,0.01151,182.3
DQN_UNIFORM_seed_0_1790609140,DQN_UNIFORM,0,2532,132288,3.90,0,0.0100,0.01720,182.4
DQN_UNIFORM_seed_0_1790609140,DQN_UNIFORM,0,2533,132357,6.70,1,0.0100,0.01401,182.5
DQN_UNIFORM_seed_0_1790609140,DQN_UNIFORM,0,2534,132414,4.60,0,0.0100,0.01609,182.6
DQN_UNIFORM_seed_0_1790609140,DQN_UNIFORM,0,2535,132481,6.50,1,0.0100,0.01126,182.7
DQN_UNIFORM_seed_0_1790609140,DQN_UNIFORM,0,2536,132531,3.90,0,0.0100,0.01900,182.8
DQN_UNIFORM_seed_0_1790609140,DQN_UNIFORM,0,2537,132617,8.40,1,0.0100,0.01423,182.9
DQN_UNIFORM_seed_0_1790609140,DQN_UNIFORM,0,2538,132667,3.90,0,0.0100,0.01126,183.0
DQN_UNIFORM_seed_0_1790609140,DQN_UNIFORM,0,2539,132718,4.00,0,0.0100,0.01344,183.1
DQN_UNIFORM_seed_0_1790609140,DQN_UNIFORM,0,2540,132770,4.10,0,0.0100,0.01462,183.2
DQN_UNIFORM_seed_0_1790609140,DQN_UNIFORM,0,2541,132826,4.50,0,0.0100,0.01489,183.3
DQN_UNIFORM_seed_0_1790609140,DQN_UNIFORM,0,2542,132879,4.20,0,0.0100,0.01889,183.3
DQN_UNIFORM_seed_0_1790609140,DQN_UNIFORM,0,2543,132934,4.40,0,0.0100,0.01682,183.4
DQN_UNIFORM_seed_0_1790609140,DQN_UNIFORM,0,2544,133020,8.40,1,0.0100,0.01538,183.5
DQN_UNIFORM_seed_0_1790609140,DQN_UNIFORM,0,2545,133073,4.20,0,0.0100,0.01906,183.6
DQN_UNIFORM_seed_0_1790609140,DQN_UNIFORM,0,2546,133126,4.20,0,0.0100,0.02210,183.7
DQN_UNIFORM_seed_0_1790609140,DQN_UNIFORM,0,2547,133212,8.40,1,0.0100,0.01954,183.8
DQN_UNIFORM_seed_0_1790609140,DQN_UNIFORM,0,2548,133266,4.30,0,0.0100,0.02429,183.9
DQN_UNIFORM_seed_0_1790609140,DQN_UNIFORM,0,2549,133321,4.40,0,0.0100,0.02023,184.0
DQN_UNIFORM_seed_0_1790609140,DQN_UNIFORM,0,2550,133372,4.00,0,0.0100,0.01665,184.1
DQN_UNIFORM_seed_0_1790609140,DQN_UNIFORM,0,2551,133458,8.40,1,0.0100,0.01869,184.2
DQN_UNIFORM_seed_0_1790609140,DQN_UNIFORM,0,2552,133515,4.60,0,0.0100,0.01723,184.3
DQN_UNIFORM_seed_0_1790609140,DQN_UNIFORM,0,2553,133565,3.90,0,0.0100,0.01756,184.3
DQN_UNIFORM_seed_0_1790609140,DQN_UNIFORM,0,2554,133621,4.50,0,0.0100,0.01878,184.4
DQN_UNIFORM_seed_0_1790609140,DQN_UNIFORM,0,2555,133671,3.90,0,0.0100,0.01366,184.5
DQN_UNIFORM_seed_0_1790609140,DQN_UNIFORM,0,2556,133724,4.20,0,0.0100,0.01319,184.6
DQN_UNIFORM_seed_0_1790609140,DQN_UNIFORM,0,2557,133810,8.40,1,0.0100,0.01672,184.7
DQN_UNIFORM_seed_0_1790609140,DQN_UNIFORM,0,2558,133863,4.20,0,0.0100,0.01640,184.8
DQN_UNIFORM_seed_0_1790609140,DQN_UNIFORM,0,2559,133915,4.10,0,0.0100,0.01615,184.9
DQN_UNIFORM_seed_0_1790609140,DQN_UNIFORM,0,2560,133965,-3.30,0,0.0100,0.01726,184.9
DQN_UNIFORM_seed_0_1790609140,DQN_UNIFORM,0,2561,134051,8.40,1,0.0100,0.01813,185.1
DQN_UNIFORM_seed_0_1790609140,DQN_UNIFORM,0,2562,134120,6.70,1,0.0100,0.01702,185.2
DQN_UNIFORM_seed_0_1790609140,DQN_UNIFORM,0,2563,134206,8.40,1,0.0100,0.01704,185.3
DQN_UNIFORM_seed_0_1790609140,DQN_UNIFORM,0,2564,134258,4.10,0,0.0100,0.01488,185.4
DQN_UNIFORM_seed_0_1790609140,DQN_UNIFORM,0,2565,134317,4.80,0,0.0100,0.01975,185.5
DQN_UNIFORM_seed_0_1790609140,DQN_UNIFORM,0,2566,134403,8.40,1,0.0100,0.01820,185.6
DQN_UNIFORM_seed_0_1790609140,DQN_UNIFORM,0,2567,134462,4.80,0,0.0100,0.01709,185.7
DQN_UNIFORM_seed_0_1790609140,DQN_UNIFORM,0,2568,134512,3.90,0,0.0100,0.01553,185.7
DQN_UNIFORM_seed_0_1790609140,DQN_UNIFORM,0,2569,134570,4.70,0,0.0100,0.02176,185.8
DQN_UNIFORM_seed_0_1790609140,DQN_UNIFORM,0,2570,134656,8.40,1,0.0100,0.02001,186.0
DQN_UNIFORM_seed_0_1790609140,DQN_UNIFORM,0,2571,134708,4.10,0,0.0100,0.02122,186.0
DQN_UNIFORM_seed_0_1790609140,DQN_UNIFORM,0,2572,134758,3.90,0,0.0100,0.02032,186.1
DQN_UNIFORM_seed_0_1790609140,DQN_UNIFORM,0,2573,134844,8.40,1,0.0100,0.01692,186.2
DQN_UNIFORM_seed_0_1790609140,DQN_UNIFORM,0,2574,134912,6.60,1,0.0100,0.01895,186.3
DQN_UNIFORM_seed_0_1790609140,DQN_UNIFORM,0,2575,134998,8.40,1,0.0100,0.02124,186.5
DQN_UNIFORM_seed_0_1790609140,DQN_UNIFORM,0,2576,135086,8.60,1,0.0100,0.01591,186.7
DQN_UNIFORM_seed_0_1790609140,DQN_UNIFORM,0,2577,135139,4.20,0,0.0100,0.01667,186.8
DQN_UNIFORM_seed_0_1790609140,DQN_UNIFORM,0,2578,135227,8.60,1,0.0100,0.01912,186.9
DQN_UNIFORM_seed_0_1790609140,DQN_UNIFORM,0,2579,135318,8.90,1,0.0100,0.01870,187.1
DQN_UNIFORM_seed_0_1790609140,DQN_UNIFORM,0,2580,135404,8.40,1,0.0100,0.01281,187.2
DQN_UNIFORM_seed_0_1790609140,DQN_UNIFORM,0,2581,135490,8.40,1,0.0100,0.01702,187.3
DQN_UNIFORM_seed_0_1790609140,DQN_UNIFORM,0,2582,135576,8.40,1,0.0100,0.01648,187.4
DQN_UNIFORM_seed_0_1790609140,DQN_UNIFORM,0,2583,135662,8.40,1,0.0100,0.01711,187.6
DQN_UNIFORM_seed_0_1790609140,DQN_UNIFORM,0,2584,135749,8.50,1,0.0100,0.01895,187.7
DQN_UNIFORM_seed_0_1790609140,DQN_UNIFORM,0,2585,135808,4.80,0,0.0100,0.01445,187.8
DQN_UNIFORM_seed_0_1790609140,DQN_UNIFORM,0,2586,135894,8.40,1,0.0100,0.01726,187.9
DQN_UNIFORM_seed_0_1790609140,DQN_UNIFORM,0,2587,135980,8.40,1,0.0100,0.01663,188.0
DQN_UNIFORM_seed_0_1790609140,DQN_UNIFORM,0,2588,136066,8.40,1,0.0100,0.01830,188.2
DQN_UNIFORM_seed_0_1790609140,DQN_UNIFORM,0,2589,136152,8.40,1,0.0100,0.01263,188.3
DQN_UNIFORM_seed_0_1790609140,DQN_UNIFORM,0,2590,136274,12.90,2,0.0100,0.01854,188.5
DQN_UNIFORM_seed_0_1790609140,DQN_UNIFORM,0,2591,136360,8.40,1,0.0100,0.01660,188.6
DQN_UNIFORM_seed_0_1790609140,DQN_UNIFORM,0,2592,136446,8.40,1,0.0100,0.02016,188.8
DQN_UNIFORM_seed_0_1790609140,DQN_UNIFORM,0,2593,136497,4.00,0,0.0100,0.01866,188.8
DQN_UNIFORM_seed_0_1790609140,DQN_UNIFORM,0,2594,136588,8.90,1,0.0100,0.01556,189.0
DQN_UNIFORM_seed_0_1790609140,DQN_UNIFORM,0,2595,136638,2.70,0,0.0100,0.01404,189.0
DQN_UNIFORM_seed_0_1790609140,DQN_UNIFORM,0,2596,136801,17.90,3,0.0100,0.01623,189.3
DQN_UNIFORM_seed_0_1790609140,DQN_UNIFORM,0,2597,136851,3.90,0,0.0100,0.01427,189.4
DQN_UNIFORM_seed_0_1790609140,DQN_UNIFORM,0,2598,136910,4.80,0,0.0100,0.01649,189.4
DQN_UNIFORM_seed_0_1790609140,DQN_UNIFORM,0,2599,136960,3.90,0,0.0100,0.01583,189.5
DQN_UNIFORM_seed_0_1790609140,DQN_UNIFORM,0,2600,137017,4.60,0,0.0100,0.01620,189.6
DQN_UNIFORM_seed_0_1790609140,DQN_UNIFORM,0,2601,137072,4.40,0,0.0100,0.01784,189.7
DQN_UNIFORM_seed_0_1790609140,DQN_UNIFORM,0,2602,137158,8.40,1,0.0100,0.01882,189.8
DQN_UNIFORM_seed_0_1790609140,DQN_UNIFORM,0,2603,137208,3.90,0,0.0100,0.01828,189.9
DQN_UNIFORM_seed_0_1790609140,DQN_UNIFORM,0,2604,137311,11.00,2,0.0100,0.01780,190.0
DQN_UNIFORM_seed_0_1790609140,DQN_UNIFORM,0,2605,137366,4.40,0,0.0100,0.02227,190.1
DQN_UNIFORM_seed_0_1790609140,DQN_UNIFORM,0,2606,137416,3.90,0,0.0100,0.01897,190.2
DQN_UNIFORM_seed_0_1790609140,DQN_UNIFORM,0,2607,137502,8.40,1,0.0100,0.01559,190.3
DQN_UNIFORM_seed_0_1790609140,DQN_UNIFORM,0,2608,137558,4.50,0,0.0100,0.01955,190.4
DQN_UNIFORM_seed_0_1790609140,DQN_UNIFORM,0,2609,137644,8.40,1,0.0100,0.01878,190.5
DQN_UNIFORM_seed_0_1790609140,DQN_UNIFORM,0,2610,137766,12.90,2,0.0100,0.02320,190.7
DQN_UNIFORM_seed_0_1790609140,DQN_UNIFORM,0,2611,137854,8.60,1,0.0100,0.02169,190.8
DQN_UNIFORM_seed_0_1790609140,DQN_UNIFORM,0,2612,137919,6.30,1,0.0100,0.01941,190.9
DQN_UNIFORM_seed_0_1790609140,DQN_UNIFORM,0,2613,138005,8.40,1,0.0100,0.02019,191.1
DQN_UNIFORM_seed_0_1790609140,DQN_UNIFORM,0,2614,138067,6.00,1,0.0100,0.01856,191.1
DQN_UNIFORM_seed_0_1790609140,DQN_UNIFORM,0,2615,138130,6.10,1,0.0100,0.01988,191.2
DQN_UNIFORM_seed_0_1790609140,DQN_UNIFORM,0,2616,138186,4.50,0,0.0100,0.02074,191.3
DQN_UNIFORM_seed_0_1790609140,DQN_UNIFORM,0,2617,138272,8.40,1,0.0100,0.02363,191.4
DQN_UNIFORM_seed_0_1790609140,DQN_UNIFORM,0,2618,138394,12.90,2,0.0100,0.02085,191.6
DQN_UNIFORM_seed_0_1790609140,DQN_UNIFORM,0,2619,138450,4.50,0,0.0100,0.02799,191.7
DQN_UNIFORM_seed_0_1790609140,DQN_UNIFORM,0,2620,138538,8.60,1,0.0100,0.02013,191.8
DQN_UNIFORM_seed_0_1790609140,DQN_UNIFORM,0,2621,138625,8.50,1,0.0100,0.02447,192.0
DQN_UNIFORM_seed_0_1790609140,DQN_UNIFORM,0,2622,138759,15.00,3,0.0100,0.02137,192.2
DQN_UNIFORM_seed_0_1790609140,DQN_UNIFORM,0,2623,138845,8.40,1,0.0100,0.02300,192.3
DQN_UNIFORM_seed_0_1790609140,DQN_UNIFORM,0,2624,138931,8.40,1,0.0100,0.02270,192.4
DQN_UNIFORM_seed_0_1790609140,DQN_UNIFORM,0,2625,138993,6.00,1,0.0100,0.02379,192.5
DQN_UNIFORM_seed_0_1790609140,DQN_UNIFORM,0,2626,139079,8.40,1,0.0100,0.02265,192.6
DQN_UNIFORM_seed_0_1790609140,DQN_UNIFORM,0,2627,139167,8.60,1,0.0100,0.02572,192.8
DQN_UNIFORM_seed_0_1790609140,DQN_UNIFORM,0,2628,139222,4.40,0,0.0100,0.02382,192.8
DQN_UNIFORM_seed_0_1790609140,DQN_UNIFORM,0,2629,139360,15.40,3,0.0100,0.02404,193.0
DQN_UNIFORM_seed_0_1790609140,DQN_UNIFORM,0,2630,139410,3.90,0,0.0100,0.02482,193.1
DQN_UNIFORM_seed_0_1790609140,DQN_UNIFORM,0,2631,139464,4.30,0,0.0100,0.02446,193.2
DQN_UNIFORM_seed_0_1790609140,DQN_UNIFORM,0,2632,139518,4.30,0,0.0100,0.02649,193.3
DQN_UNIFORM_seed_0_1790609140,DQN_UNIFORM,0,2633,139604,8.40,1,0.0100,0.02568,193.4
DQN_UNIFORM_seed_0_1790609140,DQN_UNIFORM,0,2634,139659,4.40,0,0.0100,0.02228,193.5
DQN_UNIFORM_seed_0_1790609140,DQN_UNIFORM,0,2635,139712,4.20,0,0.0100,0.02501,193.6
DQN_UNIFORM_seed_0_1790609140,DQN_UNIFORM,0,2636,139762,3.90,0,0.0100,0.02274,193.6
DQN_UNIFORM_seed_0_1790609140,DQN_UNIFORM,0,2637,139832,6.80,1,0.0100,0.02225,193.7
DQN_UNIFORM_seed_0_1790609140,DQN_UNIFORM,0,2638,139918,8.40,1,0.0100,0.02166,193.9
DQN_UNIFORM_seed_0_1790609140,DQN_UNIFORM,0,2639,140010,9.00,1,0.0100,0.02543,194.1
DQN_UNIFORM_seed_0_1790609140,DQN_UNIFORM,0,2640,140132,12.90,2,0.0100,0.02970,194.3
DQN_UNIFORM_seed_0_1790609140,DQN_UNIFORM,0,2641,140185,4.20,0,0.0100,0.02246,194.4
DQN_UNIFORM_seed_0_1790609140,DQN_UNIFORM,0,2642,140240,4.40,0,0.0100,0.02698,194.5
DQN_UNIFORM_seed_0_1790609140,DQN_UNIFORM,0,2643,140299,4.80,0,0.0100,0.02821,194.6
DQN_UNIFORM_seed_0_1790609140,DQN_UNIFORM,0,2644,140369,6.80,1,0.0100,0.02522,194.7
DQN_UNIFORM_seed_0_1790609140,DQN_UNIFORM,0,2645,140455,8.40,1,0.0100,0.02488,194.8
DQN_UNIFORM_seed_0_1790609140,DQN_UNIFORM,0,2646,140507,4.10,0,0.0100,0.03045,194.9
DQN_UNIFORM_seed_0_1790609140,DQN_UNIFORM,0,2647,140564,4.60,0,0.0100,0.03581,195.0
DQN_UNIFORM_seed_0_1790609140,DQN_UNIFORM,0,2648,140624,4.90,0,0.0100,0.03473,195.1
DQN_UNIFORM_seed_0_1790609140,DQN_UNIFORM,0,2649,140746,12.90,2,0.0100,0.02495,195.3
DQN_UNIFORM_seed_0_1790609140,DQN_UNIFORM,0,2650,140848,10.90,2,0.0100,0.02877,195.4
DQN_UNIFORM_seed_0_1790609140,DQN_UNIFORM,0,2651,140918,6.80,1,0.0100,0.02603,195.5
DQN_UNIFORM_seed_0_1790609140,DQN_UNIFORM,0,2652,141004,8.40,1,0.0100,0.02306,195.7
DQN_UNIFORM_seed_0_1790609140,DQN_UNIFORM,0,2653,141062,4.70,0,0.0100,0.03696,195.7
DQN_UNIFORM_seed_0_1790609140,DQN_UNIFORM,0,2654,141150,8.60,1,0.0100,0.02667,195.9
DQN_UNIFORM_seed_0_1790609140,DQN_UNIFORM,0,2655,141274,13.10,2,0.0100,0.03135,196.1
DQN_UNIFORM_seed_0_1790609140,DQN_UNIFORM,0,2656,141408,15.00,3,0.0100,0.02958,196.3
DQN_UNIFORM_seed_0_1790609140,DQN_UNIFORM,0,2657,141458,3.90,0,0.0100,0.03455,196.3
DQN_UNIFORM_seed_0_1790609140,DQN_UNIFORM,0,2658,141580,12.90,2,0.0100,0.03063,196.5
DQN_UNIFORM_seed_0_1790609140,DQN_UNIFORM,0,2659,141630,3.90,0,0.0100,0.02859,196.6
DQN_UNIFORM_seed_0_1790609140,DQN_UNIFORM,0,2660,141680,3.90,0,0.0100,0.02715,196.7
DQN_UNIFORM_seed_0_1790609140,DQN_UNIFORM,0,2661,141776,9.40,1,0.0100,0.03027,196.8
DQN_UNIFORM_seed_0_1790609140,DQN_UNIFORM,0,2662,141826,3.90,0,0.0100,0.03208,196.9
DQN_UNIFORM_seed_0_1790609140,DQN_UNIFORM,0,2663,141912,8.40,1,0.0100,0.03090,197.0
DQN_UNIFORM_seed_0_1790609140,DQN_UNIFORM,0,2664,141972,4.90,0,0.0100,0.03032,197.1
DQN_UNIFORM_seed_0_1790609140,DQN_UNIFORM,0,2665,142058,8.40,1,0.0100,0.02721,197.2
DQN_UNIFORM_seed_0_1790609140,DQN_UNIFORM,0,2666,142144,8.40,1,0.0100,0.03122,197.3
DQN_UNIFORM_seed_0_1790609140,DQN_UNIFORM,0,2667,142236,9.00,1,0.0100,0.03263,197.5
DQN_UNIFORM_seed_0_1790609140,DQN_UNIFORM,0,2668,142296,4.90,0,0.0100,0.03149,197.6
DQN_UNIFORM_seed_0_1790609140,DQN_UNIFORM,0,2669,142354,4.70,0,0.0100,0.02715,197.6
DQN_UNIFORM_seed_0_1790609140,DQN_UNIFORM,0,2670,142476,12.90,2,0.0100,0.02767,197.8
DQN_UNIFORM_seed_0_1790609140,DQN_UNIFORM,0,2671,142562,8.40,1,0.0100,0.03160,198.0
DQN_UNIFORM_seed_0_1790609140,DQN_UNIFORM,0,2672,142620,4.70,0,0.0100,0.03325,198.0
DQN_UNIFORM_seed_0_1790609140,DQN_UNIFORM,0,2673,142708,8.60,1,0.0100,0.02722,198.2
DQN_UNIFORM_seed_0_1790609140,DQN_UNIFORM,0,2674,142758,-1.50,0,0.0100,0.03244,198.2
DQN_UNIFORM_seed_0_1790609140,DQN_UNIFORM,0,2675,142808,-2.10,0,0.0100,0.03312,198.3
DQN_UNIFORM_seed_0_1790609140,DQN_UNIFORM,0,2676,142894,8.40,1,0.0100,0.03194,198.4
DQN_UNIFORM_seed_0_1790609140,DQN_UNIFORM,0,2677,142980,8.40,1,0.0100,0.02830,198.6
DQN_UNIFORM_seed_0_1790609140,DQN_UNIFORM,0,2678,143066,8.40,1,0.0100,0.02857,198.7
DQN_UNIFORM_seed_0_1790609140,DQN_UNIFORM,0,2679,143152,8.40,1,0.0100,0.03361,198.8
DQN_UNIFORM_seed_0_1790609140,DQN_UNIFORM,0,2680,143359,23.20,4,0.0100,0.03514,199.1
DQN_UNIFORM_seed_0_1790609140,DQN_UNIFORM,0,2681,143445,8.40,1,0.0100,0.02816,199.3
DQN_UNIFORM_seed_0_1790609140,DQN_UNIFORM,0,2682,143531,8.40,1,0.0100,0.03696,199.4
DQN_UNIFORM_seed_0_1790609140,DQN_UNIFORM,0,2683,143730,22.40,4,0.0100,0.03387,199.7
DQN_UNIFORM_seed_0_1790609140,DQN_UNIFORM,0,2684,143816,8.40,1,0.0100,0.02992,199.8
DQN_UNIFORM_seed_0_1790609140,DQN_UNIFORM,0,2685,143913,9.50,2,0.0100,0.03220,199.9
DQN_UNIFORM_seed_0_1790609140,DQN_UNIFORM,0,2686,144035,12.90,2,0.0100,0.03123,200.1
DQN_UNIFORM_seed_0_1790609140,DQN_UNIFORM,0,2687,144101,6.40,1,0.0100,0.04102,200.2
DQN_UNIFORM_seed_0_1790609140,DQN_UNIFORM,0,2688,144151,3.90,0,0.0100,0.03192,200.3
DQN_UNIFORM_seed_0_1790609140,DQN_UNIFORM,0,2689,144273,12.90,2,0.0100,0.03448,200.5
DQN_UNIFORM_seed_0_1790609140,DQN_UNIFORM,0,2690,144472,22.40,4,0.0100,0.03753,200.8
DQN_UNIFORM_seed_0_1790609140,DQN_UNIFORM,0,2691,144635,17.90,3,0.0100,0.03116,201.0
DQN_UNIFORM_seed_0_1790609140,DQN_UNIFORM,0,2692,144685,3.90,0,0.0100,0.03302,201.1
DQN_UNIFORM_seed_0_1790609140,DQN_UNIFORM,0,2693,144771,8.40,1,0.0100,0.03169,201.2
DQN_UNIFORM_seed_0_1790609140,DQN_UNIFORM,0,2694,144833,6.00,1,0.0100,0.04393,201.3
DQN_UNIFORM_seed_0_1790609140,DQN_UNIFORM,0,2695,144883,3.90,0,0.0100,0.03750,201.4
DQN_UNIFORM_seed_0_1790609140,DQN_UNIFORM,0,2696,144952,6.70,1,0.0100,0.04074,201.5
DQN_UNIFORM_seed_0_1790609140,DQN_UNIFORM,0,2697,145038,8.40,1,0.0100,0.03602,201.8
DQN_UNIFORM_seed_0_1790609140,DQN_UNIFORM,0,2698,145124,8.40,1,0.0100,0.04387,201.9
DQN_UNIFORM_seed_0_1790609140,DQN_UNIFORM,0,2699,145248,13.10,2,0.0100,0.03117,202.1
DQN_UNIFORM_seed_0_1790609140,DQN_UNIFORM,0,2700,145447,22.40,4,0.0100,0.03495,202.4
DQN_UNIFORM_seed_0_1790609140,DQN_UNIFORM,0,2701,145497,3.90,0,0.0100,0.03808,202.5
DQN_UNIFORM_seed_0_1790609140,DQN_UNIFORM,0,2702,145560,6.10,1,0.0100,0.03849,202.6
DQN_UNIFORM_seed_0_1790609140,DQN_UNIFORM,0,2703,145647,8.50,1,0.0100,0.03630,202.7
DQN_UNIFORM_seed_0_1790609140,DQN_UNIFORM,0,2704,145733,8.40,1,0.0100,0.03634,202.8
DQN_UNIFORM_seed_0_1790609140,DQN_UNIFORM,0,2705,145896,17.90,3,0.0100,0.03784,203.1
DQN_UNIFORM_seed_0_1790609140,DQN_UNIFORM,0,2706,145989,9.10,1,0.0100,0.03933,203.2
DQN_UNIFORM_seed_0_1790609140,DQN_UNIFORM,0,2707,146188,22.40,4,0.0100,0.03564,203.5
DQN_UNIFORM_seed_0_1790609140,DQN_UNIFORM,0,2708,146310,12.90,2,0.0100,0.03600,203.7
DQN_UNIFORM_seed_0_1790609140,DQN_UNIFORM,0,2709,146492,20.70,4,0.0100,0.04054,204.0
DQN_UNIFORM_seed_0_1790609140,DQN_UNIFORM,0,2710,146578,8.40,1,0.0100,0.03675,204.1
DQN_UNIFORM_seed_0_1790609140,DQN_UNIFORM,0,2711,146639,5.00,1,0.0100,0.04327,204.2
DQN_UNIFORM_seed_0_1790609140,DQN_UNIFORM,0,2712,146704,6.30,1,0.0100,0.04650,204.3
DQN_UNIFORM_seed_0_1790609140,DQN_UNIFORM,0,2713,146793,8.70,1,0.0100,0.03428,204.4
DQN_UNIFORM_seed_0_1790609140,DQN_UNIFORM,0,2714,146879,8.40,1,0.0100,0.03393,204.5
DQN_UNIFORM_seed_0_1790609140,DQN_UNIFORM,0,2715,147006,13.40,2,0.0100,0.04475,204.7
DQN_UNIFORM_seed_0_1790609140,DQN_UNIFORM,0,2716,147128,12.90,2,0.0100,0.04598,204.9
DQN_UNIFORM_seed_0_1790609140,DQN_UNIFORM,0,2717,147363,26.90,5,0.0100,0.04370,205.2
DQN_UNIFORM_seed_0_1790609140,DQN_UNIFORM,0,2718,147452,8.70,1,0.0100,0.03674,205.4
DQN_UNIFORM_seed_0_1790609140,DQN_UNIFORM,0,2719,147538,8.40,1,0.0100,0.04822,205.5
DQN_UNIFORM_seed_0_1790609140,DQN_UNIFORM,0,2720,147660,12.90,2,0.0100,0.03854,205.7
DQN_UNIFORM_seed_0_1790609140,DQN_UNIFORM,0,2721,147710,3.90,0,0.0100,0.04646,205.7
DQN_UNIFORM_seed_0_1790609140,DQN_UNIFORM,0,2722,147796,8.40,1,0.0100,0.04394,205.9
DQN_UNIFORM_seed_0_1790609140,DQN_UNIFORM,0,2723,147882,8.40,1,0.0100,0.04503,206.0
DQN_UNIFORM_seed_0_1790609140,DQN_UNIFORM,0,2724,147932,3.90,0,0.0100,0.04214,206.1
DQN_UNIFORM_seed_0_1790609140,DQN_UNIFORM,0,2725,148018,8.40,1,0.0100,0.05121,206.2
DQN_UNIFORM_seed_0_1790609140,DQN_UNIFORM,0,2726,148104,8.40,1,0.0100,0.05349,206.3
DQN_UNIFORM_seed_0_1790609140,DQN_UNIFORM,0,2727,148154,3.90,0,0.0100,0.04218,206.4
DQN_UNIFORM_seed_0_1790609140,DQN_UNIFORM,0,2728,148204,3.90,0,0.0100,0.04210,206.5
DQN_UNIFORM_seed_0_1790609140,DQN_UNIFORM,0,2729,148552,40.90,8,0.0100,0.05180,207.0
DQN_UNIFORM_seed_0_1790609140,DQN_UNIFORM,0,2730,148638,8.40,1,0.0100,0.04699,207.1
DQN_UNIFORM_seed_0_1790609140,DQN_UNIFORM,0,2731,148735,9.50,2,0.0100,0.04882,207.2
DQN_UNIFORM_seed_0_1790609140,DQN_UNIFORM,0,2732,148785,3.90,0,0.0100,0.03631,207.3
DQN_UNIFORM_seed_0_1790609140,DQN_UNIFORM,0,2733,148835,3.90,0,0.0100,0.03624,207.4
DQN_UNIFORM_seed_0_1790609140,DQN_UNIFORM,0,2734,148885,3.90,0,0.0100,0.03963,207.5
DQN_UNIFORM_seed_0_1790609140,DQN_UNIFORM,0,2735,148935,3.90,0,0.0100,0.04887,207.5
DQN_UNIFORM_seed_0_1790609140,DQN_UNIFORM,0,2736,149021,8.40,1,0.0100,0.05994,207.7
DQN_UNIFORM_seed_0_1790609140,DQN_UNIFORM,0,2737,149482,54.90,11,0.0100,0.04966,208.3
DQN_UNIFORM_seed_0_1790609140,DQN_UNIFORM,0,2738,149604,12.90,2,0.0100,0.04960,208.5
DQN_UNIFORM_seed_0_1790609140,DQN_UNIFORM,0,2739,149690,8.40,1,0.0100,0.03983,208.7
DQN_UNIFORM_seed_0_1790609140,DQN_UNIFORM,0,2740,149740,3.90,0,0.0100,0.03619,208.7
DQN_UNIFORM_seed_0_1790609140,DQN_UNIFORM,0,2741,149790,3.90,0,0.0100,0.04903,208.8
DQN_UNIFORM_seed_0_1790609140,DQN_UNIFORM,0,2742,149876,8.40,1,0.0100,0.04559,208.9
DQN_UNIFORM_seed_0_1790609140,DQN_UNIFORM,0,2743,149966,8.80,1,0.0100,0.04527,209.1
DQN_UNIFORM_seed_0_1790609140,DQN_UNIFORM,0,2744,150088,12.90,2,0.0100,0.04494,209.3
DQN_UNIFORM_seed_0_1790609140,DQN_UNIFORM,0,2745,150210,12.90,2,0.0100,0.05041,209.6
DQN_UNIFORM_seed_0_1790609140,DQN_UNIFORM,0,2746,150296,8.40,1,0.0100,0.05093,209.8
DQN_UNIFORM_seed_0_1790609140,DQN_UNIFORM,0,2747,150382,8.40,1,0.0100,0.05597,209.9
DQN_UNIFORM_seed_0_1790609140,DQN_UNIFORM,0,2748,150469,8.50,1,0.0100,0.04935,210.1
DQN_UNIFORM_seed_0_1790609140,DQN_UNIFORM,0,2749,150555,8.40,1,0.0100,0.05571,210.2
DQN_UNIFORM_seed_0_1790609140,DQN_UNIFORM,0,2750,150641,8.40,1,0.0100,0.04846,210.3
DQN_UNIFORM_seed_0_1790609140,DQN_UNIFORM,0,2751,150727,8.40,1,0.0100,0.05631,210.5
DQN_UNIFORM_seed_0_1790609140,DQN_UNIFORM,0,2752,150813,8.40,1,0.0100,0.04047,210.6
DQN_UNIFORM_seed_0_1790609140,DQN_UNIFORM,0,2753,150935,12.90,2,0.0100,0.04771,210.8
DQN_UNIFORM_seed_0_1790609140,DQN_UNIFORM,0,2754,151021,8.40,1,0.0100,0.04991,210.9
DQN_UNIFORM_seed_0_1790609140,DQN_UNIFORM,0,2755,151184,17.90,3,0.0100,0.05144,211.1
DQN_UNIFORM_seed_0_1790609140,DQN_UNIFORM,0,2756,151270,8.40,1,0.0100,0.04427,211.3
DQN_UNIFORM_seed_0_1790609140,DQN_UNIFORM,0,2757,151356,8.40,1,0.0100,0.05721,211.4
DQN_UNIFORM_seed_0_1790609140,DQN_UNIFORM,0,2758,151442,8.40,1,0.0100,0.04923,211.5
DQN_UNIFORM_seed_0_1790609140,DQN_UNIFORM,0,2759,151564,12.90,2,0.0100,0.05063,211.7
DQN_UNIFORM_seed_0_1790609140,DQN_UNIFORM,0,2760,151615,4.00,0,0.0100,0.05395,211.8
DQN_UNIFORM_seed_0_1790609140,DQN_UNIFORM,0,2761,151751,15.20,3,0.0100,0.05551,212.0
DQN_UNIFORM_seed_0_1790609140,DQN_UNIFORM,0,2762,151837,8.40,1,0.0100,0.05902,212.1
DQN_UNIFORM_seed_0_1790609140,DQN_UNIFORM,0,2763,152000,17.90,3,0.0100,0.06363,212.3
DQN_UNIFORM_seed_0_1790609140,DQN_UNIFORM,0,2764,152122,12.90,2,0.0100,0.05460,212.5
DQN_UNIFORM_seed_0_1790609140,DQN_UNIFORM,0,2765,152172,3.90,0,0.0100,0.06380,212.6
DQN_UNIFORM_seed_0_1790609140,DQN_UNIFORM,0,2766,152371,22.40,4,0.0100,0.05405,212.9
DQN_UNIFORM_seed_0_1790609140,DQN_UNIFORM,0,2767,152457,8.40,1,0.0100,0.05284,213.0
DQN_UNIFORM_seed_0_1790609140,DQN_UNIFORM,0,2768,152506,3.80,0,0.0100,0.04949,213.1
DQN_UNIFORM_seed_0_1790609140,DQN_UNIFORM,0,2769,152681,19.10,4,0.0100,0.04547,213.4
DQN_UNIFORM_seed_0_1790609140,DQN_UNIFORM,0,2770,152803,12.90,2,0.0100,0.05956,213.6
DQN_UNIFORM_seed_0_1790609140,DQN_UNIFORM,0,2771,152889,8.40,1,0.0100,0.06377,213.7
DQN_UNIFORM_seed_0_1790609140,DQN_UNIFORM,0,2772,152940,4.00,0,0.0100,0.06913,213.8
DQN_UNIFORM_seed_0_1790609140,DQN_UNIFORM,0,2773,153416,57.30,12,0.0100,0.05431,214.5
DQN_UNIFORM_seed_0_1790609140,DQN_UNIFORM,0,2774,153504,8.60,1,0.0100,0.04966,214.6
DQN_UNIFORM_seed_0_1790609140,DQN_UNIFORM,0,2775,153590,8.40,1,0.0100,0.05442,214.7
DQN_UNIFORM_seed_0_1790609140,DQN_UNIFORM,0,2776,153680,8.80,1,0.0100,0.05717,214.8
DQN_UNIFORM_seed_0_1790609140,DQN_UNIFORM,0,2777,153767,8.50,1,0.0100,0.05765,215.0
DQN_UNIFORM_seed_0_1790609140,DQN_UNIFORM,0,2778,153834,6.50,1,0.0100,0.05041,215.1
DQN_UNIFORM_seed_0_1790609140,DQN_UNIFORM,0,2779,153956,12.90,2,0.0100,0.05837,215.2
DQN_UNIFORM_seed_0_1790609140,DQN_UNIFORM,0,2780,154080,13.10,2,0.0100,0.06373,215.4
DQN_UNIFORM_seed_0_1790609140,DQN_UNIFORM,0,2781,154166,8.40,1,0.0100,0.05493,215.6
DQN_UNIFORM_seed_0_1790609140,DQN_UNIFORM,0,2782,154329,17.90,3,0.0100,0.06541,215.8
DQN_UNIFORM_seed_0_1790609140,DQN_UNIFORM,0,2783,154385,4.50,0,0.0100,0.06394,215.9
DQN_UNIFORM_seed_0_1790609140,DQN_UNIFORM,0,2784,154507,12.90,2,0.0100,0.06323,216.1
DQN_UNIFORM_seed_0_1790609140,DQN_UNIFORM,0,2785,154571,6.20,1,0.0100,0.06961,216.2
DQN_UNIFORM_seed_0_1790609140,DQN_UNIFORM,0,2786,154657,8.40,1,0.0100,0.05019,216.3
DQN_UNIFORM_seed_0_1790609140,DQN_UNIFORM,0,2787,154779,12.90,2,0.0100,0.06216,216.5
DQN_UNIFORM_seed_0_1790609140,DQN_UNIFORM,0,2788,154865,8.40,1,0.0100,0.05801,216.6
DQN_UNIFORM_seed_0_1790609140,DQN_UNIFORM,0,2789,154951,8.40,1,0.0100,0.06102,216.7
DQN_UNIFORM_seed_0_1790609140,DQN_UNIFORM,0,2790,155186,26.90,5,0.0100,0.06609,217.4
DQN_UNIFORM_seed_0_1790609140,DQN_UNIFORM,0,2791,155308,12.90,2,0.0100,0.06380,217.6
DQN_UNIFORM_seed_0_1790609140,DQN_UNIFORM,0,2792,155413,11.20,2,0.0100,0.05799,217.8
DQN_UNIFORM_seed_0_1790609140,DQN_UNIFORM,0,2793,155725,36.40,7,0.0100,0.06999,218.2
DQN_UNIFORM_seed_0_1790609140,DQN_UNIFORM,0,2794,155847,12.90,2,0.0100,0.06342,218.4
DQN_UNIFORM_seed_0_1790609140,DQN_UNIFORM,0,2795,155933,8.40,1,0.0100,0.05881,218.5
DQN_UNIFORM_seed_0_1790609140,DQN_UNIFORM,0,2796,156019,8.40,1,0.0100,0.06693,218.7
DQN_UNIFORM_seed_0_1790609140,DQN_UNIFORM,0,2797,156182,17.90,3,0.0100,0.06751,218.9
DQN_UNIFORM_seed_0_1790609140,DQN_UNIFORM,0,2798,156304,12.90,2,0.0100,0.06232,219.1
DQN_UNIFORM_seed_0_1790609140,DQN_UNIFORM,0,2799,156390,8.40,1,0.0100,0.06255,219.2
DQN_UNIFORM_seed_0_1790609140,DQN_UNIFORM,0,2800,156476,8.40,1,0.0100,0.06084,219.3
DQN_UNIFORM_seed_0_1790609140,DQN_UNIFORM,0,2801,156562,8.40,1,0.0100,0.07169,219.5
DQN_UNIFORM_seed_0_1790609140,DQN_UNIFORM,0,2802,156726,18.00,3,0.0100,0.06665,219.7
DQN_UNIFORM_seed_0_1790609140,DQN_UNIFORM,0,2803,156812,8.40,1,0.0100,0.05400,219.8
DQN_UNIFORM_seed_0_1790609140,DQN_UNIFORM,0,2804,156953,15.70,3,0.0100,0.06005,220.0
DQN_UNIFORM_seed_0_1790609140,DQN_UNIFORM,0,2805,157075,12.90,2,0.0100,0.07727,220.2
DQN_UNIFORM_seed_0_1790609140,DQN_UNIFORM,0,2806,157197,12.90,2,0.0100,0.07596,220.4
DQN_UNIFORM_seed_0_1790609140,DQN_UNIFORM,0,2807,157319,12.90,2,0.0100,0.06371,220.6
DQN_UNIFORM_seed_0_1790609140,DQN_UNIFORM,0,2808,157372,4.20,0,0.0100,0.06303,220.7
DQN_UNIFORM_seed_0_1790609140,DQN_UNIFORM,0,2809,157607,26.90,5,0.0100,0.06887,221.0
DQN_UNIFORM_seed_0_1790609140,DQN_UNIFORM,0,2810,157693,8.40,1,0.0100,0.05803,221.1
DQN_UNIFORM_seed_0_1790609140,DQN_UNIFORM,0,2811,157815,12.90,2,0.0100,0.06487,221.3
DQN_UNIFORM_seed_0_1790609140,DQN_UNIFORM,0,2812,157901,8.40,1,0.0100,0.06880,221.4
DQN_UNIFORM_seed_0_1790609140,DQN_UNIFORM,0,2813,158136,26.90,5,0.0100,0.06740,221.8
DQN_UNIFORM_seed_0_1790609140,DQN_UNIFORM,0,2814,158299,17.90,3,0.0100,0.07363,222.1
DQN_UNIFORM_seed_0_1790609140,DQN_UNIFORM,0,2815,158385,8.40,1,0.0100,0.07503,222.2
DQN_UNIFORM_seed_0_1790609140,DQN_UNIFORM,0,2816,158471,8.40,1,0.0100,0.07762,222.4
DQN_UNIFORM_seed_0_1790609140,DQN_UNIFORM,0,2817,158761,34.20,7,0.0100,0.07460,222.8
DQN_UNIFORM_seed_0_1790609140,DQN_UNIFORM,0,2818,158883,12.90,2,0.0100,0.07475,223.0
DQN_UNIFORM_seed_0_1790609140,DQN_UNIFORM,0,2819,159046,17.90,3,0.0100,0.07679,223.2
DQN_UNIFORM_seed_0_1790609140,DQN_UNIFORM,0,2820,159132,8.40,1,0.0100,0.07471,223.3
DQN_UNIFORM_seed_0_1790609140,DQN_UNIFORM,0,2821,159254,12.90,2,0.0100,0.07886,223.5
DQN_UNIFORM_seed_0_1790609140,DQN_UNIFORM,0,2822,159376,12.90,2,0.0100,0.07931,223.7
DQN_UNIFORM_seed_0_1790609140,DQN_UNIFORM,0,2823,159462,8.40,1,0.0100,0.07556,223.8
DQN_UNIFORM_seed_0_1790609140,DQN_UNIFORM,0,2824,159512,3.90,0,0.0100,0.08652,223.9
DQN_UNIFORM_seed_0_1790609140,DQN_UNIFORM,0,2825,159635,13.00,2,0.0100,0.08457,224.1
DQN_UNIFORM_seed_0_1790609140,DQN_UNIFORM,0,2826,159757,12.90,2,0.0100,0.07021,224.3
DQN_UNIFORM_seed_0_1790609140,DQN_UNIFORM,0,2827,159879,12.90,2,0.0100,0.07708,224.4
DQN_UNIFORM_seed_0_1790609140,DQN_UNIFORM,0,2828,159965,8.40,1,0.0100,0.06017,224.6
DQN_UNIFORM_seed_0_1790609140,DQN_UNIFORM,0,2829,160087,12.90,2,0.0100,0.06931,225.0
DQN_UNIFORM_seed_0_1790609140,DQN_UNIFORM,0,2830,160209,12.90,2,0.0100,0.09278,225.2
DQN_UNIFORM_seed_0_1790609140,DQN_UNIFORM,0,2831,160387,20.30,4,0.0100,0.07519,225.4
DQN_UNIFORM_seed_0_1790609140,DQN_UNIFORM,0,2832,160550,17.90,3,0.0100,0.09084,225.7
DQN_UNIFORM_seed_0_1790609140,DQN_UNIFORM,0,2833,160826,31.90,6,0.0100,0.08288,226.1
DQN_UNIFORM_seed_0_1790609140,DQN_UNIFORM,0,2834,161061,26.90,5,0.0100,0.07932,226.4
DQN_UNIFORM_seed_0_1790609140,DQN_UNIFORM,0,2835,161270,23.40,4,0.0100,0.10074,226.7
DQN_UNIFORM_seed_0_1790609140,DQN_UNIFORM,0,2836,161320,3.90,0,0.0100,0.07906,226.8
DQN_UNIFORM_seed_0_1790609140,DQN_UNIFORM,0,2837,161406,8.40,1,0.0100,0.08481,226.9
DQN_UNIFORM_seed_0_1790609140,DQN_UNIFORM,0,2838,161492,8.40,1,0.0100,0.08531,227.1
DQN_UNIFORM_seed_0_1790609140,DQN_UNIFORM,0,2839,161691,22.40,4,0.0100,0.09392,227.4
DQN_UNIFORM_seed_0_1790609140,DQN_UNIFORM,0,2840,161777,8.40,1,0.0100,0.09151,227.5
DQN_UNIFORM_seed_0_1790609140,DQN_UNIFORM,0,2841,161956,20.40,4,0.0100,0.09141,227.8
DQN_UNIFORM_seed_0_1790609140,DQN_UNIFORM,0,2842,162042,8.40,1,0.0100,0.08677,227.9
DQN_UNIFORM_seed_0_1790609140,DQN_UNIFORM,0,2843,162128,8.40,1,0.0100,0.08563,228.0
DQN_UNIFORM_seed_0_1790609140,DQN_UNIFORM,0,2844,162214,8.40,1,0.0100,0.07880,228.2
DQN_UNIFORM_seed_0_1790609140,DQN_UNIFORM,0,2845,162300,8.40,1,0.0100,0.07844,228.3
DQN_UNIFORM_seed_0_1790609140,DQN_UNIFORM,0,2846,162386,8.40,1,0.0100,0.07554,228.4
DQN_UNIFORM_seed_0_1790609140,DQN_UNIFORM,0,2847,162699,36.50,7,0.0100,0.07849,228.9
DQN_UNIFORM_seed_0_1790609140,DQN_UNIFORM,0,2848,162821,12.90,2,0.0100,0.06955,229.1
DQN_UNIFORM_seed_0_1790609140,DQN_UNIFORM,0,2849,163021,22.50,4,0.0100,0.09192,229.4
DQN_UNIFORM_seed_0_1790609140,DQN_UNIFORM,0,2850,163220,22.40,4,0.0100,0.08303,229.6
DQN_UNIFORM_seed_0_1790609140,DQN_UNIFORM,0,2851,163419,22.40,4,0.0100,0.09225,229.9
DQN_UNIFORM_seed_0_1790609140,DQN_UNIFORM,0,2852,163749,39.10,8,0.0100,0.07985,230.4
DQN_UNIFORM_seed_0_1790609140,DQN_UNIFORM,0,2853,163923,19.00,3,0.0100,0.09063,230.7
DQN_UNIFORM_seed_0_1790609140,DQN_UNIFORM,0,2854,164009,8.40,1,0.0100,0.08653,230.8
DQN_UNIFORM_seed_0_1790609140,DQN_UNIFORM,0,2855,164324,36.70,7,0.0100,0.09387,231.3
DQN_UNIFORM_seed_0_1790609140,DQN_UNIFORM,0,2856,164414,8.80,1,0.0100,0.09412,231.4
DQN_UNIFORM_seed_0_1790609140,DQN_UNIFORM,0,2857,164500,8.40,1,0.0100,0.08126,231.5
DQN_UNIFORM_seed_0_1790609140,DQN_UNIFORM,0,2858,164630,13.70,2,0.0100,0.07461,231.7
DQN_UNIFORM_seed_0_1790609140,DQN_UNIFORM,0,2859,164700,6.80,1,0.0100,0.06538,231.8
DQN_UNIFORM_seed_0_1790609140,DQN_UNIFORM,0,2860,164863,17.90,3,0.0100,0.08376,232.1
DQN_UNIFORM_seed_0_1790609140,DQN_UNIFORM,0,2861,165037,19.00,3,0.0100,0.08012,232.6
DQN_UNIFORM_seed_0_1790609140,DQN_UNIFORM,0,2862,165126,8.70,1,0.0100,0.08716,232.7
DQN_UNIFORM_seed_0_1790609140,DQN_UNIFORM,0,2863,165415,34.10,7,0.0100,0.08536,233.1
DQN_UNIFORM_seed_0_1790609140,DQN_UNIFORM,0,2864,165537,12.90,2,0.0100,0.06994,233.3
DQN_UNIFORM_seed_0_1790609140,DQN_UNIFORM,0,2865,165623,8.40,1,0.0100,0.09580,233.5
DQN_UNIFORM_seed_0_1790609140,DQN_UNIFORM,0,2866,165822,22.40,4,0.0100,0.10384,233.7
DQN_UNIFORM_seed_0_1790609140,DQN_UNIFORM,0,2867,166283,54.90,11,0.0100,0.09119,234.4
DQN_UNIFORM_seed_0_1790609140,DQN_UNIFORM,0,2868,166369,8.40,1,0.0100,0.07462,234.6
DQN_UNIFORM_seed_0_1790609140,DQN_UNIFORM,0,2869,166455,8.40,1,0.0100,0.09774,234.7
DQN_UNIFORM_seed_0_1790609140,DQN_UNIFORM,0,2870,166541,8.40,1,0.0100,0.08498,234.8
DQN_UNIFORM_seed_0_1790609140,DQN_UNIFORM,0,2871,166663,12.90,2,0.0100,0.09326,235.0
DQN_UNIFORM_seed_0_1790609140,DQN_UNIFORM,0,2872,166785,12.90,2,0.0100,0.08333,235.2
DQN_UNIFORM_seed_0_1790609140,DQN_UNIFORM,0,2873,166918,14.00,3,0.0100,0.09076,235.4
DQN_UNIFORM_seed_0_1790609140,DQN_UNIFORM,0,2874,167154,27.00,5,0.0100,0.08971,235.7
DQN_UNIFORM_seed_0_1790609140,DQN_UNIFORM,0,2875,167240,8.40,1,0.0100,0.07408,235.8
DQN_UNIFORM_seed_0_1790609140,DQN_UNIFORM,0,2876,167403,17.90,3,0.0100,0.08395,236.1
DQN_UNIFORM_seed_0_1790609140,DQN_UNIFORM,0,2877,167602,22.40,4,0.0100,0.07682,236.4
DQN_UNIFORM_seed_0_1790609140,DQN_UNIFORM,0,2878,167655,4.20,0,0.0100,0.11038,236.5
DQN_UNIFORM_seed_0_1790609140,DQN_UNIFORM,0,2879,167741,8.40,1,0.0100,0.08385,236.6
DQN_UNIFORM_seed_0_1790609140,DQN_UNIFORM,0,2880,168089,40.90,8,0.0100,0.09153,237.1
DQN_UNIFORM_seed_0_1790609140,DQN_UNIFORM,0,2881,168324,26.90,5,0.0100,0.09685,237.4
DQN_UNIFORM_seed_0_1790609140,DQN_UNIFORM,0,2882,168410,8.40,1,0.0100,0.09694,237.6
DQN_UNIFORM_seed_0_1790609140,DQN_UNIFORM,0,2883,168496,8.40,1,0.0100,0.09424,237.7
DQN_UNIFORM_seed_0_1790609140,DQN_UNIFORM,0,2884,168582,8.40,1,0.0100,0.10486,237.8
DQN_UNIFORM_seed_0_1790609140,DQN_UNIFORM,0,2885,168704,12.90,2,0.0100,0.09144,238.0
DQN_UNIFORM_seed_0_1790609140,DQN_UNIFORM,0,2886,168790,8.40,1,0.0100,0.11826,238.1
DQN_UNIFORM_seed_0_1790609140,DQN_UNIFORM,0,2887,168832,3.10,0,0.0100,0.07553,238.2
DQN_UNIFORM_seed_0_1790609140,DQN_UNIFORM,0,2888,168872,2.90,0,0.0100,0.10750,238.2
DQN_UNIFORM_seed_0_1790609140,DQN_UNIFORM,0,2889,169045,18.90,3,0.0100,0.09361,238.5
DQN_UNIFORM_seed_0_1790609140,DQN_UNIFORM,0,2890,169131,8.40,1,0.0100,0.10055,238.6
DQN_UNIFORM_seed_0_1790609140,DQN_UNIFORM,0,2891,169294,17.90,3,0.0100,0.09441,238.9
DQN_UNIFORM_seed_0_1790609140,DQN_UNIFORM,0,2892,169363,6.70,1,0.0100,0.08317,239.0
DQN_UNIFORM_seed_0_1790609140,DQN_UNIFORM,0,2893,169431,6.60,1,0.0100,0.07887,239.1
DQN_UNIFORM_seed_0_1790609140,DQN_UNIFORM,0,2894,169494,6.10,1,0.0100,0.09279,239.2
DQN_UNIFORM_seed_0_1790609140,DQN_UNIFORM,0,2895,169580,8.40,1,0.0100,0.10505,239.3
DQN_UNIFORM_seed_0_1790609140,DQN_UNIFORM,0,2896,169702,12.90,2,0.0100,0.09054,239.5
DQN_UNIFORM_seed_0_1790609140,DQN_UNIFORM,0,2897,169788,8.40,1,0.0100,0.07755,239.6
DQN_UNIFORM_seed_0_1790609140,DQN_UNIFORM,0,2898,169874,8.40,1,0.0100,0.10351,239.7
DQN_UNIFORM_seed_0_1790609140,DQN_UNIFORM,0,2899,169960,8.40,1,0.0100,0.08348,239.9
DQN_UNIFORM_seed_0_1790609140,DQN_UNIFORM,0,2900,170082,12.90,2,0.0100,0.10122,240.3
DQN_UNIFORM_seed_0_1790609140,DQN_UNIFORM,0,2901,170204,12.90,2,0.0100,0.08358,240.5
DQN_UNIFORM_seed_0_1790609140,DQN_UNIFORM,0,2902,170326,12.90,2,0.0100,0.08529,240.7
DQN_UNIFORM_seed_0_1790609140,DQN_UNIFORM,0,2903,170752,50.50,10,0.0100,0.09273,241.4
DQN_UNIFORM_seed_0_1790609140,DQN_UNIFORM,0,2904,170838,8.40,1,0.0100,0.11374,241.5
DQN_UNIFORM_seed_0_1790609140,DQN_UNIFORM,0,2905,170961,13.00,2,0.0100,0.08889,241.7
DQN_UNIFORM_seed_0_1790609140,DQN_UNIFORM,0,2906,171031,6.80,1,0.0100,0.09188,241.8
DQN_UNIFORM_seed_0_1790609140,DQN_UNIFORM,0,2907,171118,8.50,1,0.0100,0.09790,241.9
DQN_UNIFORM_seed_0_1790609140,DQN_UNIFORM,0,2908,171484,43.60,9,0.0100,0.09157,242.4
DQN_UNIFORM_seed_0_1790609140,DQN_UNIFORM,0,2909,171606,12.90,2,0.0100,0.10193,242.6
DQN_UNIFORM_seed_0_1790609140,DQN_UNIFORM,0,2910,171745,15.50,3,0.0100,0.10039,242.8
DQN_UNIFORM_seed_0_1790609140,DQN_UNIFORM,0,2911,171831,8.40,1,0.0100,0.09199,243.0
DQN_UNIFORM_seed_0_1790609140,DQN_UNIFORM,0,2912,172005,19.00,3,0.0100,0.08926,243.2
DQN_UNIFORM_seed_0_1790609140,DQN_UNIFORM,0,2913,172091,8.40,1,0.0100,0.09622,243.3
DQN_UNIFORM_seed_0_1790609140,DQN_UNIFORM,0,2914,172439,40.90,8,0.0100,0.09507,243.9
DQN_UNIFORM_seed_0_1790609140,DQN_UNIFORM,0,2915,172561,12.90,2,0.0100,0.09111,244.0
DQN_UNIFORM_seed_0_1790609140,DQN_UNIFORM,0,2916,172666,11.20,2,0.0100,0.09143,244.2
DQN_UNIFORM_seed_0_1790609140,DQN_UNIFORM,0,2917,172901,26.90,5,0.0100,0.09397,244.5
DQN_UNIFORM_seed_0_1790609140,DQN_UNIFORM,0,2918,172987,8.40,1,0.0100,0.10687,244.7
DQN_UNIFORM_seed_0_1790609140,DQN_UNIFORM,0,2919,173186,22.40,4,0.0100,0.10960,245.0
DQN_UNIFORM_seed_0_1790609140,DQN_UNIFORM,0,2920,173272,8.40,1,0.0100,0.10375,245.1
DQN_UNIFORM_seed_0_1790609140,DQN_UNIFORM,0,2921,173507,26.90,5,0.0100,0.08967,245.4
DQN_UNIFORM_seed_0_1790609140,DQN_UNIFORM,0,2922,174213,85.70,18,0.0100,0.09405,246.5
DQN_UNIFORM_seed_0_1790609140,DQN_UNIFORM,0,2923,174299,8.40,1,0.0100,0.11423,246.7
DQN_UNIFORM_seed_0_1790609140,DQN_UNIFORM,0,2924,174421,12.90,2,0.0100,0.09258,246.8
DQN_UNIFORM_seed_0_1790609140,DQN_UNIFORM,0,2925,174862,52.90,11,0.0100,0.09818,247.5
DQN_UNIFORM_seed_0_1790609140,DQN_UNIFORM,0,2926,174960,10.50,2,0.0100,0.09355,247.6
DQN_UNIFORM_seed_0_1790609140,DQN_UNIFORM,0,2927,175083,13.00,2,0.0100,0.09084,248.2
DQN_UNIFORM_seed_0_1790609140,DQN_UNIFORM,0,2928,175282,22.40,4,0.0100,0.10210,248.5
DQN_UNIFORM_seed_0_1790609140,DQN_UNIFORM,0,2929,175415,14.00,3,0.0100,0.10324,248.7
DQN_UNIFORM_seed_0_1790609140,DQN_UNIFORM,0,2930,175537,12.90,2,0.0100,0.09785,248.9
DQN_UNIFORM_seed_0_1790609140,DQN_UNIFORM,0,2931,175772,26.90,5,0.0100,0.09576,249.3
DQN_UNIFORM_seed_0_1790609140,DQN_UNIFORM,0,2932,175858,8.40,1,0.0100,0.08812,249.4
DQN_UNIFORM_seed_0_1790609140,DQN_UNIFORM,0,2933,175944,8.40,1,0.0100,0.09809,249.5
DQN_UNIFORM_seed_0_1790609140,DQN_UNIFORM,0,2934,176143,22.40,4,0.0100,0.11268,249.8
DQN_UNIFORM_seed_0_1790609140,DQN_UNIFORM,0,2935,176265,12.90,2,0.0100,0.10426,250.0
DQN_UNIFORM_seed_0_1790609140,DQN_UNIFORM,0,2936,176353,8.60,1,0.0100,0.09112,250.1
DQN_UNIFORM_seed_0_1790609140,DQN_UNIFORM,0,2937,176629,31.90,6,0.0100,0.10285,250.5
DQN_UNIFORM_seed_0_1790609140,DQN_UNIFORM,0,2938,176754,13.20,2,0.0100,0.10921,250.7
DQN_UNIFORM_seed_0_1790609140,DQN_UNIFORM,0,2939,176840,8.40,1,0.0100,0.11708,250.8
DQN_UNIFORM_seed_0_1790609140,DQN_UNIFORM,0,2940,176945,11.20,2,0.0100,0.08975,251.0
DQN_UNIFORM_seed_0_1790609140,DQN_UNIFORM,0,2941,177108,17.90,3,0.0100,0.10297,251.2
DQN_UNIFORM_seed_0_1790609140,DQN_UNIFORM,0,2942,177170,6.00,1,0.0100,0.11815,251.3
DQN_UNIFORM_seed_0_1790609140,DQN_UNIFORM,0,2943,177258,8.60,1,0.0100,0.11406,251.5
DQN_UNIFORM_seed_0_1790609140,DQN_UNIFORM,0,2944,177380,12.90,2,0.0100,0.11848,251.6
DQN_UNIFORM_seed_0_1790609140,DQN_UNIFORM,0,2945,177476,9.40,1,0.0100,0.11214,251.8
DQN_UNIFORM_seed_0_1790609140,DQN_UNIFORM,0,2946,177562,8.40,1,0.0100,0.12072,251.9
DQN_UNIFORM_seed_0_1790609140,DQN_UNIFORM,0,2947,177688,13.30,2,0.0100,0.12987,252.1
DQN_UNIFORM_seed_0_1790609140,DQN_UNIFORM,0,2948,177744,4.50,0,0.0100,0.12056,252.2
DQN_UNIFORM_seed_0_1790609140,DQN_UNIFORM,0,2949,177866,12.90,2,0.0100,0.11935,252.4
DQN_UNIFORM_seed_0_1790609140,DQN_UNIFORM,0,2950,177921,4.40,0,0.0100,0.12990,252.4
DQN_UNIFORM_seed_0_1790609140,DQN_UNIFORM,0,2951,178007,8.40,1,0.0100,0.13036,252.6
DQN_UNIFORM_seed_0_1790609140,DQN_UNIFORM,0,2952,178077,6.80,1,0.0100,0.11307,252.7
DQN_UNIFORM_seed_0_1790609140,DQN_UNIFORM,0,2953,178168,8.90,1,0.0100,0.10843,252.8
DQN_UNIFORM_seed_0_1790609140,DQN_UNIFORM,0,2954,178403,26.90,5,0.0100,0.12351,253.2
DQN_UNIFORM_seed_0_1790609140,DQN_UNIFORM,0,2955,178489,8.40,1,0.0100,0.11908,253.3
DQN_UNIFORM_seed_0_1790609140,DQN_UNIFORM,0,2956,178575,8.40,1,0.0100,0.10395,253.4
DQN_UNIFORM_seed_0_1790609140,DQN_UNIFORM,0,2957,178642,6.50,1,0.0100,0.12611,253.5
DQN_UNIFORM_seed_0_1790609140,DQN_UNIFORM,0,2958,178924,32.50,6,0.0100,0.11537,253.9
DQN_UNIFORM_seed_0_1790609140,DQN_UNIFORM,0,2959,179056,13.90,2,0.0100,0.11466,254.1
DQN_UNIFORM_seed_0_1790609140,DQN_UNIFORM,0,2960,179151,9.30,1,0.0100,0.13475,254.3
DQN_UNIFORM_seed_0_1790609140,DQN_UNIFORM,0,2961,179499,40.90,8,0.0100,0.11325,254.8
DQN_UNIFORM_seed_0_1790609140,DQN_UNIFORM,0,2962,179623,13.10,2,0.0100,0.11908,255.0
DQN_UNIFORM_seed_0_1790609140,DQN_UNIFORM,0,2963,180048,50.40,10,0.0100,0.12492,256.0
DQN_UNIFORM_seed_0_1790609140,DQN_UNIFORM,0,2964,180136,8.60,1,0.0100,0.10726,256.1
DQN_UNIFORM_seed_0_1790609140,DQN_UNIFORM,0,2965,180223,8.50,1,0.0100,0.11020,256.2
DQN_UNIFORM_seed_0_1790609140,DQN_UNIFORM,0,2966,180397,19.00,3,0.0100,0.10331,256.5
DQN_UNIFORM_seed_0_1790609140,DQN_UNIFORM,0,2967,180483,8.40,1,0.0100,0.10568,256.6
DQN_UNIFORM_seed_0_1790609140,DQN_UNIFORM,0,2968,180646,17.90,3,0.0100,0.10335,256.8
DQN_UNIFORM_seed_0_1790609140,DQN_UNIFORM,0,2969,180768,12.90,2,0.0100,0.10468,257.0
DQN_UNIFORM_seed_0_1790609140,DQN_UNIFORM,0,2970,180891,13.00,2,0.0100,0.10118,257.2
DQN_UNIFORM_seed_0_1790609140,DQN_UNIFORM,0,2971,181090,22.40,4,0.0100,0.10429,257.5
DQN_UNIFORM_seed_0_1790609140,DQN_UNIFORM,0,2972,181176,8.40,1,0.0100,0.09746,257.6
DQN_UNIFORM_seed_0_1790609140,DQN_UNIFORM,0,2973,181298,12.90,2,0.0100,0.12107,257.8
DQN_UNIFORM_seed_0_1790609140,DQN_UNIFORM,0,2974,181402,11.10,2,0.0100,0.10374,258.0
DQN_UNIFORM_seed_0_1790609140,DQN_UNIFORM,0,2975,181612,23.50,4,0.0100,0.11869,258.3
DQN_UNIFORM_seed_0_1790609140,DQN_UNIFORM,0,2976,181736,13.10,2,0.0100,0.11318,258.5
DQN_UNIFORM_seed_0_1790609140,DQN_UNIFORM,0,2977,181831,9.30,1,0.0100,0.10383,258.6
DQN_UNIFORM_seed_0_1790609140,DQN_UNIFORM,0,2978,181930,10.60,2,0.0100,0.10615,258.7
DQN_UNIFORM_seed_0_1790609140,DQN_UNIFORM,0,2979,182134,22.90,4,0.0100,0.10644,259.0
DQN_UNIFORM_seed_0_1790609140,DQN_UNIFORM,0,2980,182193,4.80,0,0.0100,0.08717,259.1
DQN_UNIFORM_seed_0_1790609140,DQN_UNIFORM,0,2981,182409,25.00,5,0.0100,0.09995,259.4
DQN_UNIFORM_seed_0_1790609140,DQN_UNIFORM,0,2982,182983,68.90,14,0.0100,0.11485,260.3
DQN_UNIFORM_seed_0_1790609140,DQN_UNIFORM,0,2983,183078,9.30,1,0.0100,0.08508,260.4
DQN_UNIFORM_seed_0_1790609140,DQN_UNIFORM,0,2984,183164,8.40,1,0.0100,0.11277,260.6
DQN_UNIFORM_seed_0_1790609140,DQN_UNIFORM,0,2985,183399,26.90,5,0.0100,0.10760,260.9
DQN_UNIFORM_seed_0_1790609140,DQN_UNIFORM,0,2986,183521,12.90,2,0.0100,0.10934,261.1
DQN_UNIFORM_seed_0_1790609140,DQN_UNIFORM,0,2987,183607,8.40,1,0.0100,0.10735,261.2
DQN_UNIFORM_seed_0_1790609140,DQN_UNIFORM,0,2988,183807,22.50,4,0.0100,0.10737,261.5
DQN_UNIFORM_seed_0_1790609140,DQN_UNIFORM,0,2989,183865,4.70,0,0.0100,0.10765,261.6
DQN_UNIFORM_seed_0_1790609140,DQN_UNIFORM,0,2990,183971,11.30,2,0.0100,0.10828,261.7
DQN_UNIFORM_seed_0_1790609140,DQN_UNIFORM,0,2991,184206,26.90,5,0.0100,0.11208,262.1
DQN_UNIFORM_seed_0_1790609140,DQN_UNIFORM,0,2992,184369,17.90,3,0.0100,0.11659,262.3
DQN_UNIFORM_seed_0_1790609140,DQN_UNIFORM,0,2993,184455,8.40,1,0.0100,0.12040,262.5
DQN_UNIFORM_seed_0_1790609140,DQN_UNIFORM,0,2994,184522,6.50,1,0.0100,0.14051,262.6
DQN_UNIFORM_seed_0_1790609140,DQN_UNIFORM,0,2995,184608,8.40,1,0.0100,0.11123,262.7
DQN_UNIFORM_seed_0_1790609140,DQN_UNIFORM,0,2996,185124,62.20,13,0.0100,0.10086,263.7
DQN_UNIFORM_seed_0_1790609140,DQN_UNIFORM,0,2997,185334,23.50,4,0.0100,0.11683,264.0
DQN_UNIFORM_seed_0_1790609140,DQN_UNIFORM,0,2998,185693,42.00,8,0.0100,0.10801,264.6
DQN_UNIFORM_seed_0_1790609140,DQN_UNIFORM,0,2999,185779,8.40,1,0.0100,0.10338,264.7
DQN_UNIFORM_seed_0_1790609140,DQN_UNIFORM,0,3000,185871,9.00,1,0.0100,0.11374,264.8
DQN_UNIFORM_seed_0_1790609140,DQN_UNIFORM,0,3001,185963,9.00,1,0.0100,0.09916,265.0
DQN_UNIFORM_seed_0_1790609140,DQN_UNIFORM,0,3002,186162,22.40,4,0.0100,0.12371,265.3
DQN_UNIFORM_seed_0_1790609140,DQN_UNIFORM,0,3003,186284,12.90,2,0.0100,0.10185,265.4
DQN_UNIFORM_seed_0_1790609140,DQN_UNIFORM,0,3004,186519,26.90,5,0.0100,0.12058,265.8
DQN_UNIFORM_seed_0_1790609140,DQN_UNIFORM,0,3005,186641,12.90,2,0.0100,0.10711,266.0
DQN_UNIFORM_seed_0_1790609140,DQN_UNIFORM,0,3006,186691,3.90,0,0.0100,0.10908,266.0
DQN_UNIFORM_seed_0_1790609140,DQN_UNIFORM,0,3007,186797,11.30,2,0.0100,0.12179,266.2
DQN_UNIFORM_seed_0_1790609140,DQN_UNIFORM,0,3008,187145,40.90,8,0.0100,0.10792,266.7
DQN_UNIFORM_seed_0_1790609140,DQN_UNIFORM,0,3009,187213,6.60,1,0.0100,0.12258,266.8
DQN_UNIFORM_seed_0_1790609140,DQN_UNIFORM,0,3010,187272,4.80,0,0.0100,0.10093,266.9
DQN_UNIFORM_seed_0_1790609140,DQN_UNIFORM,0,3011,187359,8.50,1,0.0100,0.16125,267.0
DQN_UNIFORM_seed_0_1790609140,DQN_UNIFORM,0,3012,187594,26.90,5,0.0100,0.11710,267.4
DQN_UNIFORM_seed_0_1790609140,DQN_UNIFORM,0,3013,187716,12.90,2,0.0100,0.12622,267.6
DQN_UNIFORM_seed_0_1790609140,DQN_UNIFORM,0,3014,187802,8.40,1,0.0100,0.11036,267.7
DQN_UNIFORM_seed_0_1790609140,DQN_UNIFORM,0,3015,187900,10.50,2,0.0100,0.11528,267.9
DQN_UNIFORM_seed_0_1790609140,DQN_UNIFORM,0,3016,188212,36.40,7,0.0100,0.10140,268.3
DQN_UNIFORM_seed_0_1790609140,DQN_UNIFORM,0,3017,188298,8.40,1,0.0100,0.14022,268.4
DQN_UNIFORM_seed_0_1790609140,DQN_UNIFORM,0,3018,188357,4.80,0,0.0100,0.10255,268.5
DQN_UNIFORM_seed_0_1790609140,DQN_UNIFORM,0,3019,188443,8.40,1,0.0100,0.14984,268.7
DQN_UNIFORM_seed_0_1790609140,DQN_UNIFORM,0,3020,188981,64.40,13,0.0100,0.10639,269.5
DQN_UNIFORM_seed_0_1790609140,DQN_UNIFORM,0,3021,189182,22.60,4,0.0100,0.11771,269.8
DQN_UNIFORM_seed_0_1790609140,DQN_UNIFORM,0,3022,189304,12.90,2,0.0100,0.12310,270.0
DQN_UNIFORM_seed_0_1790609140,DQN_UNIFORM,0,3023,189390,8.40,1,0.0100,0.10887,270.1
DQN_UNIFORM_seed_0_1790609140,DQN_UNIFORM,0,3024,189476,8.40,1,0.0100,0.09095,270.2
DQN_UNIFORM_seed_0_1790609140,DQN_UNIFORM,0,3025,189565,8.70,1,0.0100,0.12278,270.4
DQN_UNIFORM_seed_0_1790609140,DQN_UNIFORM,0,3026,189701,15.20,3,0.0100,0.11493,270.6
DQN_UNIFORM_seed_0_1790609140,DQN_UNIFORM,0,3027,189751,3.90,0,0.0100,0.11752,270.6
DQN_UNIFORM_seed_0_1790609140,DQN_UNIFORM,0,3028,189837,8.40,1,0.0100,0.11304,270.8
DQN_UNIFORM_seed_0_1790609140,DQN_UNIFORM,0,3029,189894,4.60,0,0.0100,0.11684,270.8
DQN_UNIFORM_seed_0_1790609140,DQN_UNIFORM,0,3030,189985,8.90,1,0.0100,0.11101,271.0
DQN_UNIFORM_seed_0_1790609140,DQN_UNIFORM,0,3031,190075,8.80,1,0.0100,0.10143,271.5
DQN_UNIFORM_seed_0_1790609140,DQN_UNIFORM,0,3032,190133,4.70,0,0.0100,0.11155,271.6
DQN_UNIFORM_seed_0_1790609140,DQN_UNIFORM,0,3033,190219,8.40,1,0.0100,0.11340,271.7
DQN_UNIFORM_seed_0_1790609140,DQN_UNIFORM,0,3034,190305,8.40,1,0.0100,0.11927,271.9
DQN_UNIFORM_seed_0_1790609140,DQN_UNIFORM,0,3035,190427,12.90,2,0.0100,0.11118,272.0
DQN_UNIFORM_seed_0_1790609140,DQN_UNIFORM,0,3036,190739,36.40,7,0.0100,0.11153,272.5
DQN_UNIFORM_seed_0_1790609140,DQN_UNIFORM,0,3037,190825,8.40,1,0.0100,0.14363,272.6
DQN_UNIFORM_seed_0_1790609140,DQN_UNIFORM,0,3038,190931,11.30,2,0.0100,0.11596,272.8
DQN_UNIFORM_seed_0_1790609140,DQN_UNIFORM,0,3039,190993,6.00,1,0.0100,0.11992,272.9
DQN_UNIFORM_seed_0_1790609140,DQN_UNIFORM,0,3040,191156,17.90,3,0.0100,0.13499,273.2
DQN_UNIFORM_seed_0_1790609140,DQN_UNIFORM,0,3041,191319,17.90,3,0.0100,0.11730,273.4
DQN_UNIFORM_seed_0_1790609140,DQN_UNIFORM,0,3042,191443,13.10,2,0.0100,0.11147,273.6
DQN_UNIFORM_seed_0_1790609140,DQN_UNIFORM,0,3043,191719,31.90,6,0.0100,0.11564,274.0
DQN_UNIFORM_seed_0_1790609140,DQN_UNIFORM,0,3044,191841,12.90,2,0.0100,0.10491,274.2
DQN_UNIFORM_seed_0_1790609140,DQN_UNIFORM,0,3045,192189,40.90,8,0.0100,0.12521,274.7
DQN_UNIFORM_seed_0_1790609140,DQN_UNIFORM,0,3046,192311,12.90,2,0.0100,0.12068,274.9
DQN_UNIFORM_seed_0_1790609140,DQN_UNIFORM,0,3047,192397,8.40,1,0.0100,0.10623,275.0
DQN_UNIFORM_seed_0_1790609140,DQN_UNIFORM,0,3048,192483,8.40,1,0.0100,0.11125,275.1
DQN_UNIFORM_seed_0_1790609140,DQN_UNIFORM,0,3049,192612,13.60,2,0.0100,0.12755,275.3
DQN_UNIFORM_seed_0_1790609140,DQN_UNIFORM,0,3050,192699,8.50,1,0.0100,0.08800,275.4
DQN_UNIFORM_seed_0_1790609140,DQN_UNIFORM,0,3051,193047,40.90,8,0.0100,0.11164,276.0
DQN_UNIFORM_seed_0_1790609140,DQN_UNIFORM,0,3052,193246,22.40,4,0.0100,0.11034,276.3
DQN_UNIFORM_seed_0_1790609140,DQN_UNIFORM,0,3053,193372,13.30,2,0.0100,0.11480,276.4
DQN_UNIFORM_seed_0_1790609140,DQN_UNIFORM,0,3054,193498,13.30,2,0.0100,0.13009,276.6
DQN_UNIFORM_seed_0_1790609140,DQN_UNIFORM,0,3055,193584,8.40,1,0.0100,0.10534,276.8
DQN_UNIFORM_seed_0_1790609140,DQN_UNIFORM,0,3056,193706,12.90,2,0.0100,0.10344,276.9
DQN_UNIFORM_seed_0_1790609140,DQN_UNIFORM,0,3057,193810,11.10,2,0.0100,0.12908,277.1
DQN_UNIFORM_seed_0_1790609140,DQN_UNIFORM,0,3058,193932,12.90,2,0.0100,0.10726,277.3
DQN_UNIFORM_seed_0_1790609140,DQN_UNIFORM,0,3059,194131,22.40,4,0.0100,0.12195,277.6
DQN_UNIFORM_seed_0_1790609140,DQN_UNIFORM,0,3060,194253,12.90,2,0.0100,0.12218,277.7
DQN_UNIFORM_seed_0_1790609140,DQN_UNIFORM,0,3061,194568,36.70,7,0.0100,0.12528,278.2
DQN_UNIFORM_seed_0_1790609140,DQN_UNIFORM,0,3062,194731,17.90,3,0.0100,0.11831,278.4
DQN_UNIFORM_seed_0_1790609140,DQN_UNIFORM,0,3063,194817,8.40,1,0.0100,0.12572,278.6
DQN_UNIFORM_seed_0_1790609140,DQN_UNIFORM,0,3064,195016,22.40,4,0.0100,0.11482,279.4
DQN_UNIFORM_seed_0_1790609140,DQN_UNIFORM,0,3065,195104,8.60,1,0.0100,0.12011,279.5
DQN_UNIFORM_seed_0_1790609140,DQN_UNIFORM,0,3066,195226,12.90,2,0.0100,0.11987,279.7
DQN_UNIFORM_seed_0_1790609140,DQN_UNIFORM,0,3067,195281,4.40,0,0.0100,0.11575,279.8
DQN_UNIFORM_seed_0_1790609140,DQN_UNIFORM,0,3068,195459,20.30,4,0.0100,0.11806,280.0
DQN_UNIFORM_seed_0_1790609140,DQN_UNIFORM,0,3069,195525,6.40,1,0.0100,0.10874,280.1
DQN_UNIFORM_seed_0_1790609140,DQN_UNIFORM,0,3070,195873,40.90,8,0.0100,0.11404,280.7
DQN_UNIFORM_seed_0_1790609140,DQN_UNIFORM,0,3071,196108,26.90,5,0.0100,0.10782,281.0
DQN_UNIFORM_seed_0_1790609140,DQN_UNIFORM,0,3072,196230,12.90,2,0.0100,0.09499,281.2
DQN_UNIFORM_seed_0_1790609140,DQN_UNIFORM,0,3073,196465,26.90,5,0.0100,0.12015,281.5
DQN_UNIFORM_seed_0_1790609140,DQN_UNIFORM,0,3074,196535,6.80,1,0.0100,0.12050,281.6
DQN_UNIFORM_seed_0_1790609140,DQN_UNIFORM,0,3075,196699,18.00,3,0.0100,0.10615,281.9
DQN_UNIFORM_seed_0_1790609140,DQN_UNIFORM,0,3076,196992,34.50,7,0.0100,0.12822,282.3
DQN_UNIFORM_seed_0_1790609140,DQN_UNIFORM,0,3077,197191,22.40,4,0.0100,0.12878,282.6
DQN_UNIFORM_seed_0_1790609140,DQN_UNIFORM,0,3078,197257,6.40,1,0.0100,0.10455,282.7
DQN_UNIFORM_seed_0_1790609140,DQN_UNIFORM,0,3079,197540,32.60,6,0.0100,0.10315,283.1
DQN_UNIFORM_seed_0_1790609140,DQN_UNIFORM,0,3080,197775,26.90,5,0.0100,0.12090,283.5
DQN_UNIFORM_seed_0_1790609140,DQN_UNIFORM,0,3081,197912,15.30,3,0.0100,0.10821,283.7
DQN_UNIFORM_seed_0_1790609140,DQN_UNIFORM,0,3082,198260,40.90,8,0.0100,0.11295,284.2
DQN_UNIFORM_seed_0_1790609140,DQN_UNIFORM,0,3083,198382,12.90,2,0.0100,0.11912,284.4
DQN_UNIFORM_seed_0_1790609140,DQN_UNIFORM,0,3084,198478,9.40,1,0.0100,0.09938,284.5
DQN_UNIFORM_seed_0_1790609140,DQN_UNIFORM,0,3085,198659,20.60,4,0.0100,0.12229,284.8
DQN_UNIFORM_seed_0_1790609140,DQN_UNIFORM,0,3086,198894,26.90,5,0.0100,0.10855,285.1
DQN_UNIFORM_seed_0_1790609140,DQN_UNIFORM,0,3087,199016,12.90,2,0.0100,0.10989,285.3
DQN_UNIFORM_seed_0_1790609140,DQN_UNIFORM,0,3088,199259,27.70,5,0.0100,0.11405,285.7
DQN_UNIFORM_seed_0_1790609140,DQN_UNIFORM,0,3089,199360,10.80,2,0.0100,0.12124,285.8
DQN_UNIFORM_seed_0_1790609140,DQN_UNIFORM,0,3090,199482,12.90,2,0.0100,0.14355,286.0
