run_id,method,seed,episode,step,ep_reward,score,epsilon,loss,wall_time
DQN_Double_PER_seed_0_1790610953,DQN_Double_PER,0,1,50,-7.50,0,0.9990,0.00000,0.0
DQN_Double_PER_seed_0_1790610953,DQN_Double_PER,0,2,100,-6.90,0,0.9980,0.00000,0.0
DQN_Double_PER_seed_0_1790610953,DQN_Double_PER,0,3,150,-7.50,0,0.9970,0.00000,0.0
DQN_Double_PER_seed_0_1790610953,DQN_Double_PER,0,4,200,-6.30,0,0.9960,0.00000,0.0
DQN_Double_PER_seed_0_1790610953,DQN_Double_PER,0,5,250,-8.10,0,0.9950,0.00000,0.0
DQN_Double_PER_seed_0_1790610953,DQN_Double_PER,0,6,300,-7.50,0,0.9941,0.00000,0.0
DQN_Double_PER_seed_0_1790610953,DQN_Double_PER,0,7,350,-7.50,0,0.9931,0.00000,0.0
DQN_Double_PER_seed_0_1790610953,DQN_Double_PER,0,8,400,-6.90,0,0.9921,0.00000,0.0
DQN_Double_PER_seed_0_1790610953,DQN_Double_PER,0,9,450,-6.30,0,0.9911,0.00000,0.0
DQN_Double_PER_seed_0_1790610953,DQN_Double_PER,0,10,500,-8.70,0,0.9901,0.00000,0.0
DQN_Double_PER_seed_0_1790610953,DQN_Double_PER,0,11,550,-5.10,0,0.9891,0.00000,0.0
DQN_Double_PER_seed_0_1790610953,DQN_Double_PER,0,12,600,-8.10,0,0.9881,0.00000,0.0
DQN_Double_PER_seed_0_1790610953,DQN_Double_PER,0,13,650,-6.90,0,0.9871,0.00000,0.0
DQN_Double_PER_seed_0_1790610953,DQN_Double_PER,0,14,700,-7.50,0,0.9861,0.00000,0.0
DQN_Double_PER_seed_0_1790610953,DQN_Double_PER,0,15,750,-8.10,0,0.9851,0.00000,0.0
DQN_Double_PER_seed_0_1790610953,DQN_Double_PER,0,16,800,-6.90,0,0.9842,0.00000,0.0
DQN_Double_PER_seed_0_1790610953,DQN_Double_PER,0,17,850,-8.10,0,0.9832,0.00000,0.0
DQN_Double_PER_seed_0_1790610953,DQN_Double_PER,0,18,900,-6.90,0,0.9822,0.00000,0.0
DQN_Double_PER_seed_0_1790610953,DQN_Double_PER,0,19,950,-7.50,0,0.9812,0.00000,0.0
DQN_Double_PER_seed_0_1790610953,DQN_Double_PER,0,20,1000,-7.50,0,0.9802,0.00000,0.0
DQN_Double_PER_seed_0_1790610953,DQN_Double_PER,0,21,1050,-7.50,0,0.9792,0.00000,0.0
DQN_Double_PER_seed_0_1790610953,DQN_Double_PER,0,22,1100,-8.10,0,0.9782,0.00000,0.0
DQN_Double_PER_seed_0_1790610953,DQN_Double_PER,0,23,1150,-6.30,0,0.9772,0.00000,0.0
DQN_Double_PER_seed_0_1790610953,DQN_Double_PER,0,24,1200,-6.90,0,0.9762,0.00000,0.0
DQN_Double_PER_seed_0_1790610953,DQN_Double_PER,0,25,1250,-7.50,0,0.9752,0.00000,0.0
DQN_Double_PER_seed_0_1790610953,DQN_Double_PER,0,26,1300,-7.50,0,0.9743,0.00000,0.0
DQN_Double_PER_seed_0_1790610953,DQN_Double_PER,0,27,1350,-6.90,0,0.9733,0.00000,0.0
DQN_Double_PER_seed_0_1790610953,DQN_Double_PER,0,28,1400,-7.50,0,0.9723,0.00000,0.0
DQN_Double_PER_seed_0_1790610953,DQN_Double_PER,0,29,1450,-6.90,0,0.9713,0.00000,0.0
DQN_Double_PER_seed_0_1790610953,DQN_Double_PER,0,30,1500,-8.70,0,0.9703,0.00000,0.0
DQN_Double_PER_seed_0_1790610953,DQN_Double_PER,0,31,1550,-8.10,0,0.9693,0.00000,0.0
DQN_Double_PER_seed_0_1790610953,DQN_Double_PER,0,32,1600,-7.50,0,0.9683,0.00000,0.0
DQN_Double_PER_seed_0_1790610953,DQN_Double_PER,0,33,1650,2.70,0,0.9673,0.00000,0.0
DQN_Double_PER_seed_0_1790610953,DQN_Double_PER,0,34,1700,-7.50,0,0.9663,0.00000,0.0
DQN_Double_PER_seed_0_1790610953,DQN_Double_PER,0,35,1750,-7.50,0,0.9654,0.00000,0.0
DQN_Double_PER_seed_0_1790610953,DQN_Double_PER,0,36,1800,-7.50,0,0.9644,0.00000,0.0
DQN_Double_PER_seed_0_1790610953,DQN_Double_PER,0,37,1850,-8.10,0,0.9634,0.00000,0.0
DQN_Double_PER_seed_0_1790610953,DQN_Double_PER,0,38,1900,-6.30,0,0.9624,0.00000,0.0
DQN_Double_PER_seed_0_1790610953,DQN_Double_PER,0,39,1950,-6.30,0,0.9614,0.00000,0.0
DQN_Double_PER_seed_0_1790610953,DQN_Double_PER,0,40,2000,-7.50,0,0.9604,0.11043,0.0
DQN_Double_PER_seed_0_1790610953,DQN_Double_PER,0,41,2050,-8.10,0,0.9594,0.03281,0.1
DQN_Double_PER_seed_0_1790610953,DQN_Double_PER,0,42,2100,-8.10,0,0.9584,0.01597,0.2
DQN_Double_PER_seed_0_1790610953,DQN_Double_PER,0,43,2150,-7.50,0,0.9574,0.01482,0.2
DQN_Double_PER_seed_0_1790610953,DQN_Double_PER,0,44,2200,-8.10,0,0.9564,0.01243,0.3
DQN_Double_PER_seed_0_1790610953,DQN_Double_PER,0,45,2250,-7.50,0,0.9555,0.01111,0.4
DQN_Double_PER_seed_0_1790610953,DQN_Double_PER,0,46,2300,-5.70,0,0.9545,0.00936,0.5
DQN_Double_PER_seed_0_1790610953,DQN_Double_PER,0,47,2350,-8.10,0,0.9535,0.00878,0.5
DQN_Double_PER_seed_0_1790610953,DQN_Double_PER,0,48,2400,-8.70,0,0.9525,0.00841,0.6
DQN_Double_PER_seed_0_1790610953,DQN_Double_PER,0,49,2450,-7.50,0,0.9515,0.00787,0.7
DQN_Double_PER_seed_0_1790610953,DQN_Double_PER,0,50,2500,-6.30,0,0.9505,0.00776,0.7
DQN_Double_PER_seed_0_1790610953,DQN_Double_PER,0,51,2550,-6.30,0,0.9495,0.00764,0.8
DQN_Double_PER_seed_0_1790610953,DQN_Double_PER,0,52,2600,-6.30,0,0.9485,0.00744,0.9
DQN_Double_PER_seed_0_1790610953,DQN_Double_PER,0,53,2650,-8.10,0,0.9475,0.00822,0.9
DQN_Double_PER_seed_0_1790610953,DQN_Double_PER,0,54,2700,-8.10,0,0.9465,0.00783,1.0
DQN_Double_PER_seed_0_1790610953,DQN_Double_PER,0,55,2750,-7.50,0,0.9456,0.00761,1.1
DQN_Double_PER_seed_0_1790610953,DQN_Double_PER,0,56,2800,-8.10,0,0.9446,0.00651,1.1
DQN_Double_PER_seed_0_1790610953,DQN_Double_PER,0,57,2850,-2.70,0,0.9436,0.00626,1.2
DQN_Double_PER_seed_0_1790610953,DQN_Double_PER,0,58,2900,-5.70,0,0.9426,0.00709,1.3
DQN_Double_PER_seed_0_1790610953,DQN_Double_PER,0,59,2950,-5.70,0,0.9416,0.00634,1.3
DQN_Double_PER_seed_0_1790610953,DQN_Double_PER,0,60,3000,-8.10,0,0.9406,0.00669,1.4
DQN_Double_PER_seed_0_1790610953,DQN_Double_PER,0,61,3050,-7.50,0,0.9396,0.01340,1.5
DQN_Double_PER_seed_0_1790610953,DQN_Double_PER,0,62,3100,-7.50,0,0.9386,0.00709,1.5
DQN_Double_PER_seed_0_1790610953,DQN_Double_PER,0,63,3150,-7.50,0,0.9376,0.00581,1.6
DQN_Double_PER_seed_0_1790610953,DQN_Double_PER,0,64,3200,-7.50,0,0.9366,0.00552,1.7
DQN_Double_PER_seed_0_1790610953,DQN_Double_PER,0,65,3250,-6.90,0,0.9356,0.00533,1.7
DQN_Double_PER_seed_0_1790610953,DQN_Double_PER,0,66,3300,-6.90,0,0.9347,0.00458,1.8
DQN_Double_PER_seed_0_1790610953,DQN_Double_PER,0,67,3350,-8.70,0,0.9337,0.00461,1.9
DQN_Double_PER_seed_0_1790610953,DQN_Double_PER,0,68,3400,-8.10,0,0.9327,0.00404,1.9
DQN_Double_PER_seed_0_1790610953,DQN_Double_PER,0,69,3450,-8.10,0,0.9317,0.00435,2.0
DQN_Double_PER_seed_0_1790610953,DQN_Double_PER,0,70,3500,-8.10,0,0.9307,0.00386,2.1
DQN_Double_PER_seed_0_1790610953,DQN_Double_PER,0,71,3550,-4.50,0,0.9297,0.00398,2.1
DQN_Double_PER_seed_0_1790610953,DQN_Double_PER,0,72,3600,-6.90,0,0.9287,0.00373,2.2
DQN_Double_PER_seed_0_1790610953,DQN_Double_PER,0,73,3650,-7.50,0,0.9277,0.00365,2.3
DQN_Double_PER_seed_0_1790610953,DQN_Double_PER,0,74,3700,-8.10,0,0.9267,0.00340,2.3
DQN_Double_PER_seed_0_1790610953,DQN_Double_PER,0,75,3750,-8.70,0,0.9257,0.00353,2.4
DQN_Double_PER_seed_0_1790610953,DQN_Double_PER,0,76,3800,-6.30,0,0.9248,0.00314,2.5
DQN_Double_PER_seed_0_1790610953,DQN_Double_PER,0,77,3850,-6.90,0,0.9238,0.00291,2.5
DQN_Double_PER_seed_0_1790610953,DQN_Double_PER,0,78,3900,-6.90,0,0.9228,0.00327,2.6
DQN_Double_PER_seed_0_1790610953,DQN_Double_PER,0,79,3950,-8.10,0,0.9218,0.00309,2.7
DQN_Double_PER_seed_0_1790610953,DQN_Double_PER,0,80,4000,-7.50,0,0.9208,0.00265,2.7
DQN_Double_PER_seed_0_1790610953,DQN_Double_PER,0,81,4050,-8.10,0,0.9198,0.01188,2.8
DQN_Double_PER_seed_0_1790610953,DQN_Double_PER,0,82,4100,-7.50,0,0.9188,0.00815,2.9
DQN_Double_PER_seed_0_1790610953,DQN_Double_PER,0,83,4150,-7.50,0,0.9178,0.00811,2.9
DQN_Double_PER_seed_0_1790610953,DQN_Double_PER,0,84,4200,-7.50,0,0.9168,0.00690,3.0
DQN_Double_PER_seed_0_1790610953,DQN_Double_PER,0,85,4250,-8.10,0,0.9159,0.00723,3.1
DQN_Double_PER_seed_0_1790610953,DQN_Double_PER,0,86,4300,-6.90,0,0.9149,0.00757,3.1
DQN_Double_PER_seed_0_1790610953,DQN_Double_PER,0,87,4350,-6.90,0,0.9139,0.00660,3.2
DQN_Double_PER_seed_0_1790610953,DQN_Double_PER,0,88,4400,-6.90,0,0.9129,0.00712,3.3
DQN_Double_PER_seed_0_1790610953,DQN_Double_PER,0,89,4450,-8.10,0,0.9119,0.00646,3.4
DQN_Double_PER_seed_0_1790610953,DQN_Double_PER,0,90,4500,-8.10,0,0.9109,0.00571,3.4
DQN_Double_PER_seed_0_1790610953,DQN_Double_PER,0,91,4550,-8.10,0,0.9099,0.00589,3.5
DQN_Double_PER_seed_0_1790610953,DQN_Double_PER,0,92,4600,-8.10,0,0.9089,0.00716,3.7
DQN_Double_PER_seed_0_1790610953,DQN_Double_PER,0,93,4650,-8.70,0,0.9079,0.00571,3.8
DQN_Double_PER_seed_0_1790610953,DQN_Double_PER,0,94,4700,-8.10,0,0.9069,0.00612,3.9
DQN_Double_PER_seed_0_1790610953,DQN_Double_PER,0,95,4750,-8.70,0,0.9060,0.00524,3.9
DQN_Double_PER_seed_0_1790610953,DQN_Double_PER,0,96,4800,-8.10,0,0.9050,0.00551,4.0
DQN_Double_PER_seed_0_1790610953,DQN_Double_PER,0,97,4850,-8.70,0,0.9040,0.00636,4.1
DQN_Double_PER_seed_0_1790610953,DQN_Double_PER,0,98,4900,-5.70,0,0.9030,0.00590,4.2
DQN_Double_PER_seed_0_1790610953,DQN_Double_PER,0,99,4950,-8.70,0,0.9020,0.00571,4.2
DQN_Double_PER_seed_0_1790610953,DQN_Double_PER,0,100,5000,-8.10,0,0.9010,0.00609,4.3
DQN_Double_PER_seed_0_1790610953,DQN_Double_PER,0,101,5050,-6.30,0,0.9000,0.01287,4.5
DQN_Double_PER_seed_0_1790610953,DQN_Double_PER,0,102,5100,-7.50,0,0.8990,0.00897,4.5
DQN_Double_PER_seed_0_1790610953,DQN_Double_PER,0,103,5150,-6.90,0,0.8980,0.00947,4.6
DQN_Double_PER_seed_0_1790610953,DQN_Double_PER,0,104,5200,-8.10,0,0.8970,0.00800,4.7
DQN_Double_PER_seed_0_1790610953,DQN_Double_PER,0,105,5250,-8.70,0,0.8961,0.00828,4.7
DQN_Double_PER_seed_0_1790610953,DQN_Double_PER,0,106,5300,-5.70,0,0.8951,0.00705,4.8
DQN_Double_PER_seed_0_1790610953,DQN_Double_PER,0,107,5350,-5.70,0,0.8941,0.00819,4.9
DQN_Double_PER_seed_0_1790610953,DQN_Double_PER,0,108,5400,-7.50,0,0.8931,0.00653,4.9
DQN_Double_PER_seed_0_1790610953,DQN_Double_PER,0,109,5450,-6.30,0,0.8921,0.00710,5.0
DQN_Double_PER_seed_0_1790610953,DQN_Double_PER,0,110,5500,-7.50,0,0.8911,0.00707,5.1
DQN_Double_PER_seed_0_1790610953,DQN_Double_PER,0,111,5550,-8.70,0,0.8901,0.00693,5.1
DQN_Double_PER_seed_0_1790610953,DQN_Double_PER,0,112,5600,-6.90,0,0.8891,0.00673,5.2
DQN_Double_PER_seed_0_1790610953,DQN_Double_PER,0,113,5650,-8.10,0,0.8881,0.00726,5.3
DQN_Double_PER_seed_0_1790610953,DQN_Double_PER,0,114,5700,-5.70,0,0.8871,0.00665,5.3
DQN_Double_PER_seed_0_1790610953,DQN_Double_PER,0,115,5750,-6.90,0,0.8861,0.00626,5.4
DQN_Double_PER_seed_0_1790610953,DQN_Double_PER,0,116,5800,-7.50,0,0.8852,0.00621,5.5
DQN_Double_PER_seed_0_1790610953,DQN_Double_PER,0,117,5850,-8.10,0,0.8842,0.00597,5.5
DQN_Double_PER_seed_0_1790610953,DQN_Double_PER,0,118,5900,-7.50,0,0.8832,0.00653,5.6
DQN_Double_PER_seed_0_1790610953,DQN_Double_PER,0,119,5950,-8.10,0,0.8822,0.00577,5.7
DQN_Double_PER_seed_0_1790610953,DQN_Double_PER,0,120,6000,-8.10,0,0.8812,0.00606,5.8
DQN_Double_PER_seed_0_1790610953,DQN_Double_PER,0,121,6050,-8.10,0,0.8802,0.01011,5.8
DQN_Double_PER_seed_0_1790610953,DQN_Double_PER,0,122,6100,-7.50,0,0.8792,0.00553,5.9
DQN_Double_PER_seed_0_1790610953,DQN_Double_PER,0,123,6150,-5.70,0,0.8782,0.00565,6.0
DQN_Double_PER_seed_0_1790610953,DQN_Double_PER,0,124,6200,-3.90,0,0.8772,0.00566,6.0
DQN_Double_PER_seed_0_1790610953,DQN_Double_PER,0,125,6250,-6.30,0,0.8762,0.00564,6.1
DQN_Double_PER_seed_0_1790610953,DQN_Double_PER,0,126,6300,-6.90,0,0.8753,0.00534,6.2
DQN_Double_PER_seed_0_1790610953,DQN_Double_PER,0,127,6350,-6.90,0,0.8743,0.00503,6.2
DQN_Double_PER_seed_0_1790610953,DQN_Double_PER,0,128,6400,-7.50,0,0.8733,0.00508,6.3
DQN_Double_PER_seed_0_1790610953,DQN_Double_PER,0,129,6450,-5.70,0,0.8723,0.00434,6.4
DQN_Double_PER_seed_0_1790610953,DQN_Double_PER,0,130,6500,-6.90,0,0.8713,0.00559,6.4
DQN_Double_PER_seed_0_1790610953,DQN_Double_PER,0,131,6550,-8.70,0,0.8703,0.00551,6.5
DQN_Double_PER_seed_0_1790610953,DQN_Double_PER,0,132,6600,-7.50,0,0.8693,0.00464,6.6
DQN_Double_PER_seed_0_1790610953,DQN_Double_PER,0,133,6650,-4.50,0,0.8683,0.00442,6.6
DQN_Double_PER_seed_0_1790610953,DQN_Double_PER,0,134,6700,-7.50,0,0.8673,0.00495,6.7
DQN_Double_PER_seed_0_1790610953,DQN_Double_PER,0,135,6750,-7.50,0,0.8663,0.00402,6.8
DQN_Double_PER_seed_0_1790610953,DQN_Double_PER,0,136,6800,-6.30,0,0.8654,0.00405,6.8
DQN_Double_PER_seed_0_1790610953,DQN_Double_PER,0,137,6850,-7.50,0,0.8644,0.00453,6.9
DQN_Double_PER_seed_0_1790610953,DQN_Double_PER,0,138,6900,-6.30,0,0.8634,0.00385,7.0
DQN_Double_PER_seed_0_1790610953,DQN_Double_PER,0,139,6950,-7.50,0,0.8624,0.00433,7.0
DQN_Double_PER_seed_0_1790610953,DQN_Double_PER,0,140,7000,-7.50,0,0.8614,0.00455,7.1
DQN_Double_PER_seed_0_1790610953,DQN_Double_PER,0,141,7050,-6.90,0,0.8604,0.01014,7.2
DQN_Double_PER_seed_0_1790610953,DQN_Double_PER,0,142,7100,-6.90,0,0.8594,0.00336,7.2
DQN_Double_PER_seed_0_1790610953,DQN_Double_PER,0,143,7150,-6.30,0,0.8584,0.00335,7.3
DQN_Double_PER_seed_0_1790610953,DQN_Double_PER,0,144,7200,-6.30,0,0.8574,0.00388,7.4
DQN_Double_PER_seed_0_1790610953,DQN_Double_PER,0,145,7250,-6.90,0,0.8565,0.00321,7.5
DQN_Double_PER_seed_0_1790610953,DQN_Double_PER,0,146,7300,-5.70,0,0.8555,0.00326,7.5
DQN_Double_PER_seed_0_1790610953,DQN_Double_PER,0,147,7350,-7.50,0,0.8545,0.00312,7.6
DQN_Double_PER_seed_0_1790610953,DQN_Double_PER,0,148,7400,-7.50,0,0.8535,0.00257,7.7
DQN_Double_PER_seed_0_1790610953,DQN_Double_PER,0,149,7450,-6.90,0,0.8525,0.00260,7.7
DQN_Double_PER_seed_0_1790610953,DQN_Double_PER,0,150,7500,-6.90,0,0.8515,0.00282,7.8
DQN_Double_PER_seed_0_1790610953,DQN_Double_PER,0,151,7550,-8.10,0,0.8505,0.00241,7.9
DQN_Double_PER_seed_0_1790610953,DQN_Double_PER,0,152,7600,-6.90,0,0.8495,0.00236,7.9
DQN_Double_PER_seed_0_1790610953,DQN_Double_PER,0,153,7650,-7.50,0,0.8485,0.00238,8.0
DQN_Double_PER_seed_0_1790610953,DQN_Double_PER,0,154,7700,-3.90,0,0.8475,0.00275,8.1
DQN_Double_PER_seed_0_1790610953,DQN_Double_PER,0,155,7750,-6.90,0,0.8466,0.00288,8.1
DQN_Double_PER_seed_0_1790610953,DQN_Double_PER,0,156,7800,-8.10,0,0.8456,0.00229,8.2
DQN_Double_PER_seed_0_1790610953,DQN_Double_PER,0,157,7850,-6.90,0,0.8446,0.00257,8.3
DQN_Double_PER_seed_0_1790610953,DQN_Double_PER,0,158,7900,-6.90,0,0.8436,0.00224,8.3
DQN_Double_PER_seed_0_1790610953,DQN_Double_PER,0,159,7950,-8.10,0,0.8426,0.00255,8.4
DQN_Double_PER_seed_0_1790610953,DQN_Double_PER,0,160,8000,-6.30,0,0.8416,0.00226,8.5
DQN_Double_PER_seed_0_1790610953,DQN_Double_PER,0,161,8050,-8.70,0,0.8406,0.00675,8.5
DQN_Double_PER_seed_0_1790610953,DQN_Double_PER,0,162,8100,-6.90,0,0.8396,0.00292,8.6
DQN_Double_PER_seed_0_1790610953,DQN_Double_PER,0,163,8150,-6.30,0,0.8386,0.00244,8.7
DQN_Double_PER_seed_0_1790610953,DQN_Double_PER,0,164,8200,-7.50,0,0.8376,0.00355,8.7
DQN_Double_PER_seed_0_1790610953,DQN_Double_PER,0,165,8250,-2.70,0,0.8367,0.00230,8.8
DQN_Double_PER_seed_0_1790610953,DQN_Double_PER,0,166,8300,-4.50,0,0.8357,0.00278,8.9
DQN_Double_PER_seed_0_1790610953,DQN_Double_PER,0,167,8350,-6.90,0,0.8347,0.00288,8.9
DQN_Double_PER_seed_0_1790610953,DQN_Double_PER,0,168,8400,-5.70,0,0.8337,0.00277,9.0
DQN_Double_PER_seed_0_1790610953,DQN_Double_PER,0,169,8450,-8.70,0,0.8327,0.00206,9.1
DQN_Double_PER_seed_0_1790610953,DQN_Double_PER,0,170,8500,-8.10,0,0.8317,0.00199,9.1
DQN_Double_PER_seed_0_1790610953,DQN_Double_PER,0,171,8550,-7.50,0,0.8307,0.00214,9.2
DQN_Double_PER_seed_0_1790610953,DQN_Double_PER,0,172,8600,-8.10,0,0.8297,0.00213,9.3
DQN_Double_PER_seed_0_1790610953,DQN_Double_PER,0,173,8650,-8.10,0,0.8287,0.00196,9.4
DQN_Double_PER_seed_0_1790610953,DQN_Double_PER,0,174,8700,-4.50,0,0.8277,0.00240,9.4
DQN_Double_PER_seed_0_1790610953,DQN_Double_PER,0,175,8750,-6.30,0,0.8267,0.00192,9.5
DQN_Double_PER_seed_0_1790610953,DQN_Double_PER,0,176,8800,-7.50,0,0.8258,0.00184,9.6
DQN_Double_PER_seed_0_1790610953,DQN_Double_PER,0,177,8850,-6.30,0,0.8248,0.00196,9.6
DQN_Double_PER_seed_0_1790610953,DQN_Double_PER,0,178,8900,-7.50,0,0.8238,0.00208,9.7
DQN_Double_PER_seed_0_1790610953,DQN_Double_PER,0,179,8950,-8.10,0,0.8228,0.00208,9.8
DQN_Double_PER_seed_0_1790610953,DQN_Double_PER,0,180,9000,-7.50,0,0.8218,0.00200,9.8
DQN_Double_PER_seed_0_1790610953,DQN_Double_PER,0,181,9050,-6.90,0,0.8208,0.01009,9.9
DQN_Double_PER_seed_0_1790610953,DQN_Double_PER,0,182,9100,-8.10,0,0.8198,0.00235,10.0
DQN_Double_PER_seed_0_1790610953,DQN_Double_PER,0,183,9150,-7.50,0,0.8188,0.00198,10.0
DQN_Double_PER_seed_0_1790610953,DQN_Double_PER,0,184,9200,-6.90,0,0.8178,0.00203,10.1
DQN_Double_PER_seed_0_1790610953,DQN_Double_PER,0,185,9250,-8.70,0,0.8168,0.00151,10.2
DQN_Double_PER_seed_0_1790610953,DQN_Double_PER,0,186,9300,-5.10,0,0.8159,0.00177,10.2
DQN_Double_PER_seed_0_1790610953,DQN_Double_PER,0,187,9350,-8.10,0,0.8149,0.00174,10.3
DQN_Double_PER_seed_0_1790610953,DQN_Double_PER,0,188,9400,-6.90,0,0.8139,0.00214,10.4
DQN_Double_PER_seed_0_1790610953,DQN_Double_PER,0,189,9450,-6.90,0,0.8129,0.00285,10.5
DQN_Double_PER_seed_0_1790610953,DQN_Double_PER,0,190,9500,-5.70,0,0.8119,0.00160,10.5
DQN_Double_PER_seed_0_1790610953,DQN_Double_PER,0,191,9550,-6.30,0,0.8109,0.00196,10.6
DQN_Double_PER_seed_0_1790610953,DQN_Double_PER,0,192,9600,-6.90,0,0.8099,0.00142,10.7
DQN_Double_PER_seed_0_1790610953,DQN_Double_PER,0,193,9650,-6.90,0,0.8089,0.00194,10.8
DQN_Double_PER_seed_0_1790610953,DQN_Double_PER,0,194,9700,-7.50,0,0.8079,0.00161,10.8
DQN_Double_PER_seed_0_1790610953,DQN_Double_PER,0,195,9750,-6.30,0,0.8070,0.00159,10.9
DQN_Double_PER_seed_0_1790610953,DQN_Double_PER,0,196,9800,-6.90,0,0.8060,0.00157,11.0
DQN_Double_PER_seed_0_1790610953,DQN_Double_PER,0,197,9850,-5.70,0,0.8050,0.00151,11.0
DQN_Double_PER_seed_0_1790610953,DQN_Double_PER,0,198,9900,-6.90,0,0.8040,0.00136,11.1
DQN_Double_PER_seed_0_1790610953,DQN_Double_PER,0,199,9950,-6.30,0,0.8030,0.00134,11.2
DQN_Double_PER_seed_0_1790610953,DQN_Double_PER,0,200,10000,-1.50,0,0.8020,0.00187,11.3
DQN_Double_PER_seed_0_1790610953,DQN_Double_PER,0,201,10050,-8.10,0,0.8010,0.00537,11.4
DQN_Double_PER_seed_0_1790610953,DQN_Double_PER,0,202,10100,-6.30,0,0.8000,0.00157,11.5
DQN_Double_PER_seed_0_1790610953,DQN_Double_PER,0,203,10150,-8.10,0,0.7990,0.00144,11.5
DQN_Double_PER_seed_0_1790610953,DQN_Double_PER,0,204,10200,-8.10,0,0.7980,0.00244,11.6
DQN_Double_PER_seed_0_1790610953,DQN_Double_PER,0,205,10250,-6.30,0,0.7971,0.00183,11.7
DQN_Double_PER_seed_0_1790610953,DQN_Double_PER,0,206,10300,-6.30,0,0.7961,0.00133,11.7
DQN_Double_PER_seed_0_1790610953,DQN_Double_PER,0,207,10350,-6.90,0,0.7951,0.00220,11.8
DQN_Double_PER_seed_0_1790610953,DQN_Double_PER,0,208,10400,-8.70,0,0.7941,0.00152,11.9
DQN_Double_PER_seed_0_1790610953,DQN_Double_PER,0,209,10450,-5.70,0,0.7931,0.00169,11.9
DQN_Double_PER_seed_0_1790610953,DQN_Double_PER,0,210,10500,-6.90,0,0.7921,0.00170,12.0
DQN_Double_PER_seed_0_1790610953,DQN_Double_PER,0,211,10550,-5.10,0,0.7911,0.00214,12.1
DQN_Double_PER_seed_0_1790610953,DQN_Double_PER,0,212,10600,-6.90,0,0.7901,0.00209,12.1
DQN_Double_PER_seed_0_1790610953,DQN_Double_PER,0,213,10650,-8.10,0,0.7891,0.00183,12.2
DQN_Double_PER_seed_0_1790610953,DQN_Double_PER,0,214,10700,-6.90,0,0.7881,0.00133,12.3
DQN_Double_PER_seed_0_1790610953,DQN_Double_PER,0,215,10750,-6.90,0,0.7872,0.00139,12.3
DQN_Double_PER_seed_0_1790610953,DQN_Double_PER,0,216,10800,-4.50,0,0.7862,0.00158,12.4
DQN_Double_PER_seed_0_1790610953,DQN_Double_PER,0,217,10850,-6.90,0,0.7852,0.00134,12.5
DQN_Double_PER_seed_0_1790610953,DQN_Double_PER,0,218,10900,-5.70,0,0.7842,0.00147,12.5
DQN_Double_PER_seed_0_1790610953,DQN_Double_PER,0,219,10950,-4.50,0,0.7832,0.00132,12.6
DQN_Double_PER_seed_0_1790610953,DQN_Double_PER,0,220,11000,-6.90,0,0.7822,0.00115,12.7
DQN_Double_PER_seed_0_1790610953,DQN_Double_PER,0,221,11050,-8.10,0,0.7812,0.00658,12.8
DQN_Double_PER_seed_0_1790610953,DQN_Double_PER,0,222,11100,-8.10,0,0.7802,0.00162,12.8
DQN_Double_PER_seed_0_1790610953,DQN_Double_PER,0,223,11150,-7.50,0,0.7792,0.00123,12.9
DQN_Double_PER_seed_0_1790610953,DQN_Double_PER,0,224,11200,-6.90,0,0.7782,0.00164,13.0
DQN_Double_PER_seed_0_1790610953,DQN_Double_PER,0,225,11250,-6.90,0,0.7772,0.00129,13.0
DQN_Double_PER_seed_0_1790610953,DQN_Double_PER,0,226,11300,-8.10,0,0.7763,0.00128,13.1
DQN_Double_PER_seed_0_1790610953,DQN_Double_PER,0,227,11350,-4.50,0,0.7753,0.00142,13.2
DQN_Double_PER_seed_0_1790610953,DQN_Double_PER,0,228,11400,-7.50,0,0.7743,0.00156,13.2
DQN_Double_PER_seed_0_1790610953,DQN_Double_PER,0,229,11450,-6.30,0,0.7733,0.00133,13.3
DQN_Double_PER_seed_0_1790610953,DQN_Double_PER,0,230,11500,-6.90,0,0.7723,0.00127,13.4
DQN_Double_PER_seed_0_1790610953,DQN_Double_PER,0,231,11550,-6.90,0,0.7713,0.00109,13.4
DQN_Double_PER_seed_0_1790610953,DQN_Double_PER,0,232,11600,-8.10,0,0.7703,0.00119,13.5
DQN_Double_PER_seed_0_1790610953,DQN_Double_PER,0,233,11650,-6.30,0,0.7693,0.00140,13.6
DQN_Double_PER_seed_0_1790610953,DQN_Double_PER,0,234,11700,-6.90,0,0.7683,0.00207,13.6
DQN_Double_PER_seed_0_1790610953,DQN_Double_PER,0,235,11750,-5.10,0,0.7673,0.00124,13.7
DQN_Double_PER_seed_0_1790610953,DQN_Double_PER,0,236,11800,-7.50,0,0.7664,0.00118,13.8
DQN_Double_PER_seed_0_1790610953,DQN_Double_PER,0,237,11850,-6.90,0,0.7654,0.00153,13.9
DQN_Double_PER_seed_0_1790610953,DQN_Double_PER,0,238,11900,-5.10,0,0.7644,0.00125,13.9
DQN_Double_PER_seed_0_1790610953,DQN_Double_PER,0,239,11950,-7.50,0,0.7634,0.00130,14.0
DQN_Double_PER_seed_0_1790610953,DQN_Double_PER,0,240,12000,-8.10,0,0.7624,0.00151,14.1
DQN_Double_PER_seed_0_1790610953,DQN_Double_PER,0,241,12050,-6.30,0,0.7614,0.00542,14.1
DQN_Double_PER_seed_0_1790610953,DQN_Double_PER,0,242,12100,-5.10,0,0.7604,0.00226,14.2
DQN_Double_PER_seed_0_1790610953,DQN_Double_PER,0,243,12150,-4.50,0,0.7594,0.00322,14.3
DQN_Double_PER_seed_0_1790610953,DQN_Double_PER,0,244,12200,-5.10,0,0.7584,0.00196,14.3
DQN_Double_PER_seed_0_1790610953,DQN_Double_PER,0,245,12250,-6.30,0,0.7574,0.00157,14.4
DQN_Double_PER_seed_0_1790610953,DQN_Double_PER,0,246,12300,-7.50,0,0.7565,0.00150,14.5
DQN_Double_PER_seed_0_1790610953,DQN_Double_PER,0,247,12350,-7.50,0,0.7555,0.00184,14.5
DQN_Double_PER_seed_0_1790610953,DQN_Double_PER,0,248,12400,-7.50,0,0.7545,0.00145,14.6
DQN_Double_PER_seed_0_1790610953,DQN_Double_PER,0,249,12450,-6.90,0,0.7535,0.00160,14.7
DQN_Double_PER_seed_0_1790610953,DQN_Double_PER,0,250,12500,-4.50,0,0.7525,0.00137,14.7
DQN_Double_PER_seed_0_1790610953,DQN_Double_PER,0,251,12550,-7.50,0,0.7515,0.00182,14.8
DQN_Double_PER_seed_0_1790610953,DQN_Double_PER,0,252,12600,-6.30,0,0.7505,0.00182,14.9
DQN_Double_PER_seed_0_1790610953,DQN_Double_PER,0,253,12650,-7.50,0,0.7495,0.00250,15.0
DQN_Double_PER_seed_0_1790610953,DQN_Double_PER,0,254,12700,-8.70,0,0.7485,0.00225,15.0
DQN_Double_PER_seed_0_1790610953,DQN_Double_PER,0,255,12750,-8.10,0,0.7475,0.00115,15.1
DQN_Double_PER_seed_0_1790610953,DQN_Double_PER,0,256,12800,-6.30,0,0.7466,0.00162,15.2
DQN_Double_PER_seed_0_1790610953,DQN_Double_PER,0,257,12850,-8.10,0,0.7456,0.00122,15.2
DQN_Double_PER_seed_0_1790610953,DQN_Double_PER,0,258,12900,-8.10,0,0.7446,0.00132,15.3
DQN_Double_PER_seed_0_1790610953,DQN_Double_PER,0,259,12950,-8.70,0,0.7436,0.00150,15.4
DQN_Double_PER_seed_0_1790610953,DQN_Double_PER,0,260,13000,-6.90,0,0.7426,0.00152,15.4
DQN_Double_PER_seed_0_1790610953,DQN_Double_PER,0,261,13050,-2.10,0,0.7416,0.00588,15.5
DQN_Double_PER_seed_0_1790610953,DQN_Double_PER,0,262,13100,-7.50,0,0.7406,0.00206,15.6
DQN_Double_PER_seed_0_1790610953,DQN_Double_PER,0,263,13150,-8.10,0,0.7396,0.00187,15.6
DQN_Double_PER_seed_0_1790610953,DQN_Double_PER,0,264,13200,-6.90,0,0.7386,0.00193,15.7
DQN_Double_PER_seed_0_1790610953,DQN_Double_PER,0,265,13250,-7.50,0,0.7376,0.00194,15.8
DQN_Double_PER_seed_0_1790610953,DQN_Double_PER,0,266,13300,-7.50,0,0.7367,0.00216,15.8
DQN_Double_PER_seed_0_1790610953,DQN_Double_PER,0,267,13350,-3.90,0,0.7357,0.00271,15.9
DQN_Double_PER_seed_0_1790610953,DQN_Double_PER,0,268,13400,-6.90,0,0.7347,0.00155,16.0
DQN_Double_PER_seed_0_1790610953,DQN_Double_PER,0,269,13450,-7.50,0,0.7337,0.00210,16.1
DQN_Double_PER_seed_0_1790610953,DQN_Double_PER,0,270,13500,-7.50,0,0.7327,0.00178,16.1
DQN_Double_PER_seed_0_1790610953,DQN_Double_PER,0,271,13550,-7.50,0,0.7317,0.00220,16.2
DQN_Double_PER_seed_0_1790610953,DQN_Double_PER,0,272,13600,-6.30,0,0.7307,0.00182,16.3
DQN_Double_PER_seed_0_1790610953,DQN_Double_PER,0,273,13650,-5.70,0,0.7297,0.00157,16.3
DQN_Double_PER_seed_0_1790610953,DQN_Double_PER,0,274,13700,-6.90,0,0.7287,0.00184,16.4
DQN_Double_PER_seed_0_1790610953,DQN_Double_PER,0,275,13750,-6.30,0,0.7278,0.00244,16.5
DQN_Double_PER_seed_0_1790610953,DQN_Double_PER,0,276,13800,-8.10,0,0.7268,0.00169,16.5
DQN_Double_PER_seed_0_1790610953,DQN_Double_PER,0,277,13850,-3.30,0,0.7258,0.00151,16.6
DQN_Double_PER_seed_0_1790610953,DQN_Double_PER,0,278,13900,-8.10,0,0.7248,0.00163,16.7
DQN_Double_PER_seed_0_1790610953,DQN_Double_PER,0,279,13950,-8.70,0,0.7238,0.00237,16.7
DQN_Double_PER_seed_0_1790610953,DQN_Double_PER,0,280,14000,-6.90,0,0.7228,0.00166,16.8
DQN_Double_PER_seed_0_1790610953,DQN_Double_PER,0,281,14050,-7.50,0,0.7218,0.00443,16.9
DQN_Double_PER_seed_0_1790610953,DQN_Double_PER,0,282,14100,-7.50,0,0.7208,0.00345,16.9
DQN_Double_PER_seed_0_1790610953,DQN_Double_PER,0,283,14150,-8.10,0,0.7198,0.00142,17.0
DQN_Double_PER_seed_0_1790610953,DQN_Double_PER,0,284,14200,-8.70,0,0.7188,0.00156,17.1
DQN_Double_PER_seed_0_1790610953,DQN_Double_PER,0,285,14250,-6.90,0,0.7179,0.00147,17.1
DQN_Double_PER_seed_0_1790610953,DQN_Double_PER,0,286,14300,-6.30,0,0.7169,0.00166,17.2
DQN_Double_PER_seed_0_1790610953,DQN_Double_PER,0,287,14350,-7.50,0,0.7159,0.00166,17.3
DQN_Double_PER_seed_0_1790610953,DQN_Double_PER,0,288,14400,-7.50,0,0.7149,0.00144,17.4
DQN_Double_PER_seed_0_1790610953,DQN_Double_PER,0,289,14450,-7.50,0,0.7139,0.00174,17.4
DQN_Double_PER_seed_0_1790610953,DQN_Double_PER,0,290,14500,-5.70,0,0.7129,0.00218,17.5
DQN_Double_PER_seed_0_1790610953,DQN_Double_PER,0,291,14550,-8.10,0,0.7119,0.00187,17.6
DQN_Double_PER_seed_0_1790610953,DQN_Double_PER,0,292,14600,-8.10,0,0.7109,0.00136,17.6
DQN_Double_PER_seed_0_1790610953,DQN_Double_PER,0,293,14650,-8.10,0,0.7099,0.00126,17.7
DQN_Double_PER_seed_0_1790610953,DQN_Double_PER,0,294,14700,-8.10,0,0.7089,0.00250,17.8
DQN_Double_PER_seed_0_1790610953,DQN_Double_PER,0,295,14750,-6.90,0,0.7080,0.00167,17.8
DQN_Double_PER_seed_0_1790610953,DQN_Double_PER,0,296,14800,-8.10,0,0.7070,0.00173,17.9
DQN_Double_PER_seed_0_1790610953,DQN_Double_PER,0,297,14850,-6.90,0,0.7060,0.00215,18.0
DQN_Double_PER_seed_0_1790610953,DQN_Double_PER,0,298,14900,3.90,0,0.7050,0.00103,18.0
DQN_Double_PER_seed_0_1790610953,DQN_Double_PER,0,299,14950,-8.10,0,0.7040,0.00127,18.1
DQN_Double_PER_seed_0_1790610953,DQN_Double_PER,0,300,15000,-5.70,0,0.7030,0.00154,18.2
DQN_Double_PER_seed_0_1790610953,DQN_Double_PER,0,301,15050,-6.90,0,0.7020,0.00447,18.3
DQN_Double_PER_seed_0_1790610953,DQN_Double_PER,0,302,15100,-6.30,0,0.7010,0.00238,18.4
DQN_Double_PER_seed_0_1790610953,DQN_Double_PER,0,303,15150,-5.10,0,0.7000,0.00310,18.5
DQN_Double_PER_seed_0_1790610953,DQN_Double_PER,0,304,15200,-6.90,0,0.6990,0.00298,18.5
DQN_Double_PER_seed_0_1790610953,DQN_Double_PER,0,305,15250,-6.90,0,0.6981,0.00167,18.6
DQN_Double_PER_seed_0_1790610953,DQN_Double_PER,0,306,15300,-8.10,0,0.6971,0.00177,18.7
DQN_Double_PER_seed_0_1790610953,DQN_Double_PER,0,307,15350,-7.50,0,0.6961,0.00236,18.7
DQN_Double_PER_seed_0_1790610953,DQN_Double_PER,0,308,15400,-6.30,0,0.6951,0.00204,18.8
DQN_Double_PER_seed_0_1790610953,DQN_Double_PER,0,309,15450,-8.70,0,0.6941,0.00193,18.9
DQN_Double_PER_seed_0_1790610953,DQN_Double_PER,0,310,15500,-6.90,0,0.6931,0.00196,18.9
DQN_Double_PER_seed_0_1790610953,DQN_Double_PER,0,311,15550,-5.70,0,0.6921,0.00224,19.0
DQN_Double_PER_seed_0_1790610953,DQN_Double_PER,0,312,15600,-3.30,0,0.6911,0.00166,19.1
DQN_Double_PER_seed_0_1790610953,DQN_Double_PER,0,313,15650,-4.50,0,0.6901,0.00213,19.2
DQN_Double_PER_seed_0_1790610953,DQN_Double_PER,0,314,15700,-6.30,0,0.6891,0.00209,19.2
DQN_Double_PER_seed_0_1790610953,DQN_Double_PER,0,315,15750,-7.50,0,0.6882,0.00165,19.3
DQN_Double_PER_seed_0_1790610953,DQN_Double_PER,0,316,15800,-7.50,0,0.6872,0.00207,19.4
DQN_Double_PER_seed_0_1790610953,DQN_Double_PER,0,317,15850,-7.50,0,0.6862,0.00254,19.4
DQN_Double_PER_seed_0_1790610953,DQN_Double_PER,0,318,15900,-8.70,0,0.6852,0.00182,19.5
DQN_Double_PER_seed_0_1790610953,DQN_Double_PER,0,319,15950,-5.70,0,0.6842,0.00154,19.6
DQN_Double_PER_seed_0_1790610953,DQN_Double_PER,0,320,16000,-8.10,0,0.6832,0.00125,19.6
DQN_Double_PER_seed_0_1790610953,DQN_Double_PER,0,321,16050,-3.90,0,0.6822,0.00749,19.7
DQN_Double_PER_seed_0_1790610953,DQN_Double_PER,0,322,16100,-5.70,0,0.6812,0.00325,19.8
DQN_Double_PER_seed_0_1790610953,DQN_Double_PER,0,323,16150,-6.90,0,0.6802,0.00189,19.8
DQN_Double_PER_seed_0_1790610953,DQN_Double_PER,0,324,16200,-6.90,0,0.6792,0.00189,19.9
DQN_Double_PER_seed_0_1790610953,DQN_Double_PER,0,325,16250,-6.30,0,0.6783,0.00194,20.0
DQN_Double_PER_seed_0_1790610953,DQN_Double_PER,0,326,16300,-7.50,0,0.6773,0.00295,20.0
DQN_Double_PER_seed_0_1790610953,DQN_Double_PER,0,327,16350,-6.90,0,0.6763,0.00248,20.1
DQN_Double_PER_seed_0_1790610953,DQN_Double_PER,0,328,16400,-8.70,0,0.6753,0.00155,20.2
DQN_Double_PER_seed_0_1790610953,DQN_Double_PER,0,329,16450,-6.90,0,0.6743,0.00220,20.2
DQN_Double_PER_seed_0_1790610953,DQN_Double_PER,0,330,16500,-3.90,0,0.6733,0.00234,20.3
DQN_Double_PER_seed_0_1790610953,DQN_Double_PER,0,331,16550,-6.90,0,0.6723,0.00175,20.4
DQN_Double_PER_seed_0_1790610953,DQN_Double_PER,0,332,16600,-6.90,0,0.6713,0.00205,20.5
DQN_Double_PER_seed_0_1790610953,DQN_Double_PER,0,333,16650,-6.90,0,0.6703,0.00164,20.5
DQN_Double_PER_seed_0_1790610953,DQN_Double_PER,0,334,16700,-5.70,0,0.6693,0.00196,20.6
DQN_Double_PER_seed_0_1790610953,DQN_Double_PER,0,335,16750,-3.30,0,0.6683,0.00170,20.7
DQN_Double_PER_seed_0_1790610953,DQN_Double_PER,0,336,16800,-6.90,0,0.6674,0.00290,20.7
DQN_Double_PER_seed_0_1790610953,DQN_Double_PER,0,337,16850,-7.50,0,0.6664,0.00373,20.8
DQN_Double_PER_seed_0_1790610953,DQN_Double_PER,0,338,16900,-6.90,0,0.6654,0.00234,20.9
DQN_Double_PER_seed_0_1790610953,DQN_Double_PER,0,339,16950,-8.10,0,0.6644,0.00162,20.9
DQN_Double_PER_seed_0_1790610953,DQN_Double_PER,0,340,17000,-6.30,0,0.6634,0.00151,21.0
DQN_Double_PER_seed_0_1790610953,DQN_Double_PER,0,341,17050,-4.50,0,0.6624,0.00528,21.1
DQN_Double_PER_seed_0_1790610953,DQN_Double_PER,0,342,17100,-1.50,0,0.6614,0.00280,21.1
DQN_Double_PER_seed_0_1790610953,DQN_Double_PER,0,343,17150,-7.50,0,0.6604,0.00330,21.2
DQN_Double_PER_seed_0_1790610953,DQN_Double_PER,0,344,17200,-3.90,0,0.6594,0.00262,21.3
DQN_Double_PER_seed_0_1790610953,DQN_Double_PER,0,345,17250,-5.10,0,0.6584,0.00201,21.4
DQN_Double_PER_seed_0_1790610953,DQN_Double_PER,0,346,17300,-7.50,0,0.6575,0.00163,21.5
DQN_Double_PER_seed_0_1790610953,DQN_Double_PER,0,347,17350,-3.30,0,0.6565,0.00264,21.5
DQN_Double_PER_seed_0_1790610953,DQN_Double_PER,0,348,17400,-6.30,0,0.6555,0.00274,21.6
DQN_Double_PER_seed_0_1790610953,DQN_Double_PER,0,349,17450,-2.10,0,0.6545,0.00143,21.7
DQN_Double_PER_seed_0_1790610953,DQN_Double_PER,0,350,17500,-7.50,0,0.6535,0.00205,21.7
DQN_Double_PER_seed_0_1790610953,DQN_Double_PER,0,351,17550,-7.50,0,0.6525,0.00182,21.8
DQN_Double_PER_seed_0_1790610953,DQN_Double_PER,0,352,17600,-1.50,0,0.6515,0.00180,21.9
DQN_Double_PER_seed_0_1790610953,DQN_Double_PER,0,353,17650,-0.90,0,0.6505,0.00214,21.9
DQN_Double_PER_seed_0_1790610953,DQN_Double_PER,0,354,17700,-3.90,0,0.6495,0.00259,22.0
DQN_Double_PER_seed_0_1790610953,DQN_Double_PER,0,355,17750,-7.50,0,0.6485,0.00205,22.1
DQN_Double_PER_seed_0_1790610953,DQN_Double_PER,0,356,17800,-0.90,0,0.6476,0.00168,22.1
DQN_Double_PER_seed_0_1790610953,DQN_Double_PER,0,357,17850,-6.90,0,0.6466,0.00292,22.2
DQN_Double_PER_seed_0_1790610953,DQN_Double_PER,0,358,17900,-7.50,0,0.6456,0.00257,22.3
DQN_Double_PER_seed_0_1790610953,DQN_Double_PER,0,359,17950,-2.70,0,0.6446,0.00211,22.3
DQN_Double_PER_seed_0_1790610953,DQN_Double_PER,0,360,18000,-6.90,0,0.6436,0.00161,22.4
DQN_Double_PER_seed_0_1790610953,DQN_Double_PER,0,361,18050,-4.50,0,0.6426,0.00620,22.5
DQN_Double_PER_seed_0_1790610953,DQN_Double_PER,0,362,18100,-8.10,0,0.6416,0.00330,22.6
DQN_Double_PER_seed_0_1790610953,DQN_Double_PER,0,363,18150,-8.10,0,0.6406,0.00217,22.6
DQN_Double_PER_seed_0_1790610953,DQN_Double_PER,0,364,18200,-6.90,0,0.6396,0.00191,22.7
DQN_Double_PER_seed_0_1790610953,DQN_Double_PER,0,365,18250,-0.90,0,0.6386,0.00189,22.8
DQN_Double_PER_seed_0_1790610953,DQN_Double_PER,0,366,18300,-5.70,0,0.6377,0.00418,22.8
DQN_Double_PER_seed_0_1790610953,DQN_Double_PER,0,367,18350,-0.90,0,0.6367,0.00325,22.9
DQN_Double_PER_seed_0_1790610953,DQN_Double_PER,0,368,18400,-6.90,0,0.6357,0.00205,23.0
DQN_Double_PER_seed_0_1790610953,DQN_Double_PER,0,369,18450,-7.50,0,0.6347,0.00171,23.0
DQN_Double_PER_seed_0_1790610953,DQN_Double_PER,0,370,18500,-7.50,0,0.6337,0.00205,23.1
DQN_Double_PER_seed_0_1790610953,DQN_Double_PER,0,371,18550,-5.10,0,0.6327,0.00250,23.2
DQN_Double_PER_seed_0_1790610953,DQN_Double_PER,0,372,18600,-6.90,0,0.6317,0.00224,23.2
DQN_Double_PER_seed_0_1790610953,DQN_Double_PER,0,373,18650,-8.10,0,0.6307,0.00204,23.3
DQN_Double_PER_seed_0_1790610953,DQN_Double_PER,0,374,18700,-8.10,0,0.6297,0.00217,23.4
DQN_Double_PER_seed_0_1790610953,DQN_Double_PER,0,375,18750,-6.30,0,0.6288,0.00224,23.4
DQN_Double_PER_seed_0_1790610953,DQN_Double_PER,0,376,18800,-6.90,0,0.6278,0.00132,23.5
DQN_Double_PER_seed_0_1790610953,DQN_Double_PER,0,377,18850,-4.50,0,0.6268,0.00164,23.6
DQN_Double_PER_seed_0_1790610953,DQN_Double_PER,0,378,18900,-7.50,0,0.6258,0.00190,23.7
DQN_Double_PER_seed_0_1790610953,DQN_Double_PER,0,379,18950,-3.90,0,0.6248,0.00238,23.7
DQN_Double_PER_seed_0_1790610953,DQN_Double_PER,0,380,19000,-0.90,0,0.6238,0.00152,23.8
DQN_Double_PER_seed_0_1790610953,DQN_Double_PER,0,381,19050,-6.30,0,0.6228,0.00388,23.9
DQN_Double_PER_seed_0_1790610953,DQN_Double_PER,0,382,19100,-0.90,0,0.6218,0.00480,23.9
DQN_Double_PER_seed_0_1790610953,DQN_Double_PER,0,383,19150,-7.50,0,0.6208,0.00296,24.0
DQN_Double_PER_seed_0_1790610953,DQN_Double_PER,0,384,19200,-5.70,0,0.6198,0.00242,24.1
DQN_Double_PER_seed_0_1790610953,DQN_Double_PER,0,385,19250,-3.30,0,0.6189,0.00364,24.1
DQN_Double_PER_seed_0_1790610953,DQN_Double_PER,0,386,19300,-5.70,0,0.6179,0.00223,24.2
DQN_Double_PER_seed_0_1790610953,DQN_Double_PER,0,387,19350,-7.50,0,0.6169,0.00226,24.3
DQN_Double_PER_seed_0_1790610953,DQN_Double_PER,0,388,19400,-6.90,0,0.6159,0.00220,24.3
DQN_Double_PER_seed_0_1790610953,DQN_Double_PER,0,389,19450,-6.90,0,0.6149,0.00181,24.4
DQN_Double_PER_seed_0_1790610953,DQN_Double_PER,0,390,19500,-4.50,0,0.6139,0.00268,24.5
DQN_Double_PER_seed_0_1790610953,DQN_Double_PER,0,391,19550,-5.10,0,0.6129,0.00184,24.6
DQN_Double_PER_seed_0_1790610953,DQN_Double_PER,0,392,19600,-5.70,0,0.6119,0.00195,24.6
DQN_Double_PER_seed_0_1790610953,DQN_Double_PER,0,393,19650,-5.70,0,0.6109,0.00209,24.7
DQN_Double_PER_seed_0_1790610953,DQN_Double_PER,0,394,19700,-5.70,0,0.6099,0.00227,24.8
DQN_Double_PER_seed_0_1790610953,DQN_Double_PER,0,395,19750,-6.30,0,0.6089,0.00230,24.8
DQN_Double_PER_seed_0_1790610953,DQN_Double_PER,0,396,19800,-6.90,0,0.6080,0.00239,24.9
DQN_Double_PER_seed_0_1790610953,DQN_Double_PER,0,397,19850,-7.50,0,0.6070,0.00214,25.0
DQN_Double_PER_seed_0_1790610953,DQN_Double_PER,0,398,19900,-6.30,0,0.6060,0.00171,25.0
DQN_Double_PER_seed_0_1790610953,DQN_Double_PER,0,399,19950,-6.30,0,0.6050,0.00173,25.1
DQN_Double_PER_seed_0_1790610953,DQN_Double_PER,0,400,20000,-5.10,0,0.6040,0.00220,25.2
DQN_Double_PER_seed_0_1790610953,DQN_Double_PER,0,401,20050,-6.90,0,0.6030,0.00428,25.3
DQN_Double_PER_seed_0_1790610953,DQN_Double_PER,0,402,20100,-5.70,0,0.6020,0.00342,25.4
DQN_Double_PER_seed_0_1790610953,DQN_Double_PER,0,403,20150,-7.50,0,0.6010,0.00289,25.5
DQN_Double_PER_seed_0_1790610953,DQN_Double_PER,0,404,20200,-5.10,0,0.6000,0.00445,25.5
DQN_Double_PER_seed_0_1790610953,DQN_Double_PER,0,405,20250,-5.70,0,0.5990,0.00341,25.6
DQN_Double_PER_seed_0_1790610953,DQN_Double_PER,0,406,20300,-0.90,0,0.5981,0.00245,25.7
DQN_Double_PER_seed_0_1790610953,DQN_Double_PER,0,407,20350,-5.10,0,0.5971,0.00221,25.8
DQN_Double_PER_seed_0_1790610953,DQN_Double_PER,0,408,20400,-8.10,0,0.5961,0.00177,25.8
DQN_Double_PER_seed_0_1790610953,DQN_Double_PER,0,409,20450,-5.10,0,0.5951,0.00213,25.9
DQN_Double_PER_seed_0_1790610953,DQN_Double_PER,0,410,20500,-7.50,0,0.5941,0.00277,26.0
DQN_Double_PER_seed_0_1790610953,DQN_Double_PER,0,411,20550,-5.10,0,0.5931,0.00207,26.0
DQN_Double_PER_seed_0_1790610953,DQN_Double_PER,0,412,20600,-5.10,0,0.5921,0.00256,26.1
DQN_Double_PER_seed_0_1790610953,DQN_Double_PER,0,413,20650,-7.50,0,0.5911,0.00308,26.2
DQN_Double_PER_seed_0_1790610953,DQN_Double_PER,0,414,20700,-6.90,0,0.5901,0.00310,26.2
DQN_Double_PER_seed_0_1790610953,DQN_Double_PER,0,415,20750,-3.30,0,0.5892,0.00207,26.3
DQN_Double_PER_seed_0_1790610953,DQN_Double_PER,0,416,20800,-7.50,0,0.5882,0.00180,26.4
DQN_Double_PER_seed_0_1790610953,DQN_Double_PER,0,417,20850,-6.90,0,0.5872,0.00289,26.4
DQN_Double_PER_seed_0_1790610953,DQN_Double_PER,0,418,20900,-0.90,0,0.5862,0.00262,26.5
DQN_Double_PER_seed_0_1790610953,DQN_Double_PER,0,419,20950,-1.50,0,0.5852,0.00235,26.6
DQN_Double_PER_seed_0_1790610953,DQN_Double_PER,0,420,21000,-2.70,0,0.5842,0.00284,26.6
DQN_Double_PER_seed_0_1790610953,DQN_Double_PER,0,421,21050,-4.50,0,0.5832,0.00465,26.7
DQN_Double_PER_seed_0_1790610953,DQN_Double_PER,0,422,21100,-2.10,0,0.5822,0.00364,26.8
DQN_Double_PER_seed_0_1790610953,DQN_Double_PER,0,423,21150,-5.70,0,0.5812,0.00369,26.9
DQN_Double_PER_seed_0_1790610953,DQN_Double_PER,0,424,21200,-2.10,0,0.5802,0.00361,26.9
DQN_Double_PER_seed_0_1790610953,DQN_Double_PER,0,425,21250,-6.90,0,0.5793,0.00311,27.0
DQN_Double_PER_seed_0_1790610953,DQN_Double_PER,0,426,21300,-7.50,0,0.5783,0.00297,27.1
DQN_Double_PER_seed_0_1790610953,DQN_Double_PER,0,427,21350,-2.70,0,0.5773,0.00393,27.1
DQN_Double_PER_seed_0_1790610953,DQN_Double_PER,0,428,21400,-5.70,0,0.5763,0.00291,27.2
DQN_Double_PER_seed_0_1790610953,DQN_Double_PER,0,429,21450,-5.10,0,0.5753,0.00309,27.3
DQN_Double_PER_seed_0_1790610953,DQN_Double_PER,0,430,21500,-5.70,0,0.5743,0.00224,27.3
DQN_Double_PER_seed_0_1790610953,DQN_Double_PER,0,431,21550,-3.30,0,0.5733,0.00432,27.4
DQN_Double_PER_seed_0_1790610953,DQN_Double_PER,0,432,21600,-4.50,0,0.5723,0.00471,27.5
DQN_Double_PER_seed_0_1790610953,DQN_Double_PER,0,433,21650,-3.90,0,0.5713,0.00250,27.5
DQN_Double_PER_seed_0_1790610953,DQN_Double_PER,0,434,21700,-6.30,0,0.5703,0.00247,27.6
DQN_Double_PER_seed_0_1790610953,DQN_Double_PER,0,435,21750,-6.90,0,0.5694,0.00251,27.7
DQN_Double_PER_seed_0_1790610953,DQN_Double_PER,0,436,21800,-8.10,0,0.5684,0.00374,27.8
DQN_Double_PER_seed_0_1790610953,DQN_Double_PER,0,437,21850,-5.70,0,0.5674,0.00349,27.8
DQN_Double_PER_seed_0_1790610953,DQN_Double_PER,0,438,21900,-6.30,0,0.5664,0.00202,27.9
DQN_Double_PER_seed_0_1790610953,DQN_Double_PER,0,439,21950,-8.10,0,0.5654,0.00274,28.0
DQN_Double_PER_seed_0_1790610953,DQN_Double_PER,0,440,22000,-4.50,0,0.5644,0.00272,28.0
DQN_Double_PER_seed_0_1790610953,DQN_Double_PER,0,441,22050,-3.90,0,0.5634,0.00664,28.1
DQN_Double_PER_seed_0_1790610953,DQN_Double_PER,0,442,22100,-6.30,0,0.5624,0.00637,28.2
DQN_Double_PER_seed_0_1790610953,DQN_Double_PER,0,443,22150,-0.30,0,0.5614,0.01640,28.2
DQN_Double_PER_seed_0_1790610953,DQN_Double_PER,0,444,22200,-3.90,0,0.5604,0.00337,28.3
DQN_Double_PER_seed_0_1790610953,DQN_Double_PER,0,445,22250,-5.70,0,0.5595,0.00274,28.4
DQN_Double_PER_seed_0_1790610953,DQN_Double_PER,0,446,22300,-5.10,0,0.5585,0.00345,28.4
DQN_Double_PER_seed_0_1790610953,DQN_Double_PER,0,447,22350,3.90,0,0.5575,0.00289,28.5
DQN_Double_PER_seed_0_1790610953,DQN_Double_PER,0,448,22400,-5.70,0,0.5565,0.00457,28.6
DQN_Double_PER_seed_0_1790610953,DQN_Double_PER,0,449,22450,-0.30,0,0.5555,0.00338,28.7
DQN_Double_PER_seed_0_1790610953,DQN_Double_PER,0,450,22500,-5.70,0,0.5545,0.00495,28.7
DQN_Double_PER_seed_0_1790610953,DQN_Double_PER,0,451,22550,-4.50,0,0.5535,0.00260,28.8
DQN_Double_PER_seed_0_1790610953,DQN_Double_PER,0,452,22600,-6.90,0,0.5525,0.00359,28.9
DQN_Double_PER_seed_0_1790610953,DQN_Double_PER,0,453,22650,-5.70,0,0.5515,0.00518,28.9
DQN_Double_PER_seed_0_1790610953,DQN_Double_PER,0,454,22700,-6.90,0,0.5505,0.00411,29.0
DQN_Double_PER_seed_0_1790610953,DQN_Double_PER,0,455,22750,1.50,0,0.5495,0.00535,29.1
DQN_Double_PER_seed_0_1790610953,DQN_Double_PER,0,456,22800,-5.10,0,0.5486,0.00457,29.1
DQN_Double_PER_seed_0_1790610953,DQN_Double_PER,0,457,22850,-3.90,0,0.5476,0.00345,29.2
DQN_Double_PER_seed_0_1790610953,DQN_Double_PER,0,458,22900,-2.70,0,0.5466,0.00482,29.3
DQN_Double_PER_seed_0_1790610953,DQN_Double_PER,0,459,22950,-5.10,0,0.5456,0.00560,29.3
DQN_Double_PER_seed_0_1790610953,DQN_Double_PER,0,460,23000,-4.50,0,0.5446,0.00455,29.4
DQN_Double_PER_seed_0_1790610953,DQN_Double_PER,0,461,23050,-5.10,0,0.5436,0.01013,29.5
DQN_Double_PER_seed_0_1790610953,DQN_Double_PER,0,462,23100,-2.70,0,0.5426,0.00482,29.6
DQN_Double_PER_seed_0_1790610953,DQN_Double_PER,0,463,23150,-6.30,0,0.5416,0.00498,29.6
DQN_Double_PER_seed_0_1790610953,DQN_Double_PER,0,464,23200,-4.50,0,0.5406,0.00443,29.7
DQN_Double_PER_seed_0_1790610953,DQN_Double_PER,0,465,23250,-3.30,0,0.5396,0.00513,29.8
DQN_Double_PER_seed_0_1790610953,DQN_Double_PER,0,466,23300,-4.50,0,0.5387,0.00383,29.8
DQN_Double_PER_seed_0_1790610953,DQN_Double_PER,0,467,23350,-3.90,0,0.5377,0.00365,29.9
DQN_Double_PER_seed_0_1790610953,DQN_Double_PER,0,468,23400,-3.90,0,0.5367,0.00466,30.0
DQN_Double_PER_seed_0_1790610953,DQN_Double_PER,0,469,23450,-7.50,0,0.5357,0.00441,30.0
DQN_Double_PER_seed_0_1790610953,DQN_Double_PER,0,470,23500,-5.70,0,0.5347,0.00495,30.1
DQN_Double_PER_seed_0_1790610953,DQN_Double_PER,0,471,23550,-2.70,0,0.5337,0.00381,30.2
DQN_Double_PER_seed_0_1790610953,DQN_Double_PER,0,472,23600,-1.50,0,0.5327,0.00378,30.3
DQN_Double_PER_seed_0_1790610953,DQN_Double_PER,0,473,23650,-5.10,0,0.5317,0.00338,30.3
DQN_Double_PER_seed_0_1790610953,DQN_Double_PER,0,474,23700,-5.10,0,0.5307,0.00419,30.4
DQN_Double_PER_seed_0_1790610953,DQN_Double_PER,0,475,23750,-5.70,0,0.5297,0.00395,30.5
DQN_Double_PER_seed_0_1790610953,DQN_Double_PER,0,476,23800,-5.10,0,0.5288,0.00427,30.5
DQN_Double_PER_seed_0_1790610953,DQN_Double_PER,0,477,23850,-5.70,0,0.5278,0.00573,30.6
DQN_Double_PER_seed_0_1790610953,DQN_Double_PER,0,478,23900,-4.50,0,0.5268,0.00429,30.7
DQN_Double_PER_seed_0_1790610953,DQN_Double_PER,0,479,23950,-6.30,0,0.5258,0.00345,30.7
DQN_Double_PER_seed_0_1790610953,DQN_Double_PER,0,480,24000,-4.50,0,0.5248,0.00438,30.8
DQN_Double_PER_seed_0_1790610953,DQN_Double_PER,0,481,24050,0.30,0,0.5238,0.00551,30.9
DQN_Double_PER_seed_0_1790610953,DQN_Double_PER,0,482,24100,-5.10,0,0.5228,0.00557,30.9
DQN_Double_PER_seed_0_1790610953,DQN_Double_PER,0,483,24150,0.30,0,0.5218,0.00656,31.0
DQN_Double_PER_seed_0_1790610953,DQN_Double_PER,0,484,24200,-7.50,0,0.5208,0.00437,31.1
DQN_Double_PER_seed_0_1790610953,DQN_Double_PER,0,485,24250,3.90,0,0.5199,0.00377,31.2
DQN_Double_PER_seed_0_1790610953,DQN_Double_PER,0,486,24300,-7.50,0,0.5189,0.00380,31.2
DQN_Double_PER_seed_0_1790610953,DQN_Double_PER,0,487,24350,-8.10,0,0.5179,0.00354,31.3
DQN_Double_PER_seed_0_1790610953,DQN_Double_PER,0,488,24400,-5.70,0,0.5169,0.00434,31.4
DQN_Double_PER_seed_0_1790610953,DQN_Double_PER,0,489,24450,-3.90,0,0.5159,0.00477,31.4
DQN_Double_PER_seed_0_1790610953,DQN_Double_PER,0,490,24500,-8.10,0,0.5149,0.00420,31.5
DQN_Double_PER_seed_0_1790610953,DQN_Double_PER,0,491,24550,-5.70,0,0.5139,0.00354,31.6
DQN_Double_PER_seed_0_1790610953,DQN_Double_PER,0,492,24600,-6.90,0,0.5129,0.00396,31.6
DQN_Double_PER_seed_0_1790610953,DQN_Double_PER,0,493,24650,-5.10,0,0.5119,0.00526,31.7
DQN_Double_PER_seed_0_1790610953,DQN_Double_PER,0,494,24700,-4.50,0,0.5109,0.00510,31.8
DQN_Double_PER_seed_0_1790610953,DQN_Double_PER,0,495,24750,-5.70,0,0.5100,0.00361,31.8
DQN_Double_PER_seed_0_1790610953,DQN_Double_PER,0,496,24800,-6.90,0,0.5090,0.00387,31.9
DQN_Double_PER_seed_0_1790610953,DQN_Double_PER,0,497,24850,-6.30,0,0.5080,0.00525,32.0
DQN_Double_PER_seed_0_1790610953,DQN_Double_PER,0,498,24900,-1.50,0,0.5070,0.00386,32.1
DQN_Double_PER_seed_0_1790610953,DQN_Double_PER,0,499,24950,-3.90,0,0.5060,0.00565,32.1
DQN_Double_PER_seed_0_1790610953,DQN_Double_PER,0,500,25000,3.90,0,0.5050,0.00551,32.2
DQN_Double_PER_seed_0_1790610953,DQN_Double_PER,0,501,25050,-6.90,0,0.5040,0.00561,32.3
DQN_Double_PER_seed_0_1790610953,DQN_Double_PER,0,502,25100,-6.30,0,0.5030,0.00355,32.4
DQN_Double_PER_seed_0_1790610953,DQN_Double_PER,0,503,25150,3.30,0,0.5020,0.00450,32.5
DQN_Double_PER_seed_0_1790610953,DQN_Double_PER,0,504,25200,-5.10,0,0.5010,0.00464,32.6
DQN_Double_PER_seed_0_1790610953,DQN_Double_PER,0,505,25250,-7.50,0,0.5000,0.00457,32.6
DQN_Double_PER_seed_0_1790610953,DQN_Double_PER,0,506,25300,-8.10,0,0.4991,0.00369,32.7
DQN_Double_PER_seed_0_1790610953,DQN_Double_PER,0,507,25350,-5.10,0,0.4981,0.00409,32.8
DQN_Double_PER_seed_0_1790610953,DQN_Double_PER,0,508,25400,-6.90,0,0.4971,0.00376,32.8
DQN_Double_PER_seed_0_1790610953,DQN_Double_PER,0,509,25450,-1.50,0,0.4961,0.00386,32.9
DQN_Double_PER_seed_0_1790610953,DQN_Double_PER,0,510,25500,2.10,0,0.4951,0.00412,33.0
DQN_Double_PER_seed_0_1790610953,DQN_Double_PER,0,511,25550,2.10,0,0.4941,0.00587,33.0
DQN_Double_PER_seed_0_1790610953,DQN_Double_PER,0,512,25600,-6.90,0,0.4931,0.00439,33.1
DQN_Double_PER_seed_0_1790610953,DQN_Double_PER,0,513,25650,-3.30,0,0.4921,0.00382,33.2
DQN_Double_PER_seed_0_1790610953,DQN_Double_PER,0,514,25700,-1.50,0,0.4911,0.00346,33.3
DQN_Double_PER_seed_0_1790610953,DQN_Double_PER,0,515,25750,-6.30,0,0.4901,0.00356,33.3
DQN_Double_PER_seed_0_1790610953,DQN_Double_PER,0,516,25800,-7.50,0,0.4892,0.00359,33.4
DQN_Double_PER_seed_0_1790610953,DQN_Double_PER,0,517,25850,3.90,0,0.4882,0.00431,33.5
DQN_Double_PER_seed_0_1790610953,DQN_Double_PER,0,518,25900,-6.30,0,0.4872,0.00385,33.5
DQN_Double_PER_seed_0_1790610953,DQN_Double_PER,0,519,25950,-3.90,0,0.4862,0.00314,33.6
DQN_Double_PER_seed_0_1790610953,DQN_Double_PER,0,520,26000,-4.50,0,0.4852,0.00343,33.7
DQN_Double_PER_seed_0_1790610953,DQN_Double_PER,0,521,26050,-5.70,0,0.4842,0.01313,33.7
DQN_Double_PER_seed_0_1790610953,DQN_Double_PER,0,522,26100,-2.70,0,0.4832,0.00582,33.8
DQN_Double_PER_seed_0_1790610953,DQN_Double_PER,0,523,26150,-7.50,0,0.4822,0.00435,33.9
DQN_Double_PER_seed_0_1790610953,DQN_Double_PER,0,524,26200,-5.10,0,0.4812,0.00437,34.0
DQN_Double_PER_seed_0_1790610953,DQN_Double_PER,0,525,26250,-4.50,0,0.4802,0.00399,34.0
DQN_Double_PER_seed_0_1790610953,DQN_Double_PER,0,526,26300,-4.50,0,0.4793,0.00503,34.1
DQN_Double_PER_seed_0_1790610953,DQN_Double_PER,0,527,26350,-7.50,0,0.4783,0.00458,34.2
DQN_Double_PER_seed_0_1790610953,DQN_Double_PER,0,528,26400,-1.50,0,0.4773,0.00337,34.2
DQN_Double_PER_seed_0_1790610953,DQN_Double_PER,0,529,26450,-6.90,0,0.4763,0.00605,34.3
DQN_Double_PER_seed_0_1790610953,DQN_Double_PER,0,530,26500,-7.50,0,0.4753,0.00373,34.4
DQN_Double_PER_seed_0_1790610953,DQN_Double_PER,0,531,26550,-7.50,0,0.4743,0.00725,34.4
DQN_Double_PER_seed_0_1790610953,DQN_Double_PER,0,532,26600,-7.50,0,0.4733,0.00417,34.5
DQN_Double_PER_seed_0_1790610953,DQN_Double_PER,0,533,26650,0.90,0,0.4723,0.00430,34.6
DQN_Double_PER_seed_0_1790610953,DQN_Double_PER,0,534,26700,-2.70,0,0.4713,0.00314,34.6
DQN_Double_PER_seed_0_1790610953,DQN_Double_PER,0,535,26750,-6.30,0,0.4703,0.00282,34.7
DQN_Double_PER_seed_0_1790610953,DQN_Double_PER,0,536,26800,-5.10,0,0.4694,0.00396,34.8
DQN_Double_PER_seed_0_1790610953,DQN_Double_PER,0,537,26850,0.30,0,0.4684,0.00415,34.9
DQN_Double_PER_seed_0_1790610953,DQN_Double_PER,0,538,26900,-5.70,0,0.4674,0.00405,34.9
DQN_Double_PER_seed_0_1790610953,DQN_Double_PER,0,539,26950,-6.90,0,0.4664,0.00293,35.0
DQN_Double_PER_seed_0_1790610953,DQN_Double_PER,0,540,27000,-5.10,0,0.4654,0.00590,35.1
DQN_Double_PER_seed_0_1790610953,DQN_Double_PER,0,541,27050,-5.70,0,0.4644,0.00578,35.1
DQN_Double_PER_seed_0_1790610953,DQN_Double_PER,0,542,27100,-4.50,0,0.4634,0.00479,35.2
DQN_Double_PER_seed_0_1790610953,DQN_Double_PER,0,543,27150,-6.90,0,0.4624,0.00453,35.3
DQN_Double_PER_seed_0_1790610953,DQN_Double_PER,0,544,27200,-8.70,0,0.4614,0.00379,35.3
DQN_Double_PER_seed_0_1790610953,DQN_Double_PER,0,545,27250,-0.90,0,0.4604,0.00375,35.4
DQN_Double_PER_seed_0_1790610953,DQN_Double_PER,0,546,27300,-3.30,0,0.4595,0.00548,35.5
DQN_Double_PER_seed_0_1790610953,DQN_Double_PER,0,547,27350,0.30,0,0.4585,0.00479,35.6
DQN_Double_PER_seed_0_1790610953,DQN_Double_PER,0,548,27400,-5.70,0,0.4575,0.00458,35.6
DQN_Double_PER_seed_0_1790610953,DQN_Double_PER,0,549,27450,-5.10,0,0.4565,0.00344,35.7
DQN_Double_PER_seed_0_1790610953,DQN_Double_PER,0,550,27500,3.30,0,0.4555,0.00641,35.8
DQN_Double_PER_seed_0_1790610953,DQN_Double_PER,0,551,27550,-2.10,0,0.4545,0.00485,35.8
DQN_Double_PER_seed_0_1790610953,DQN_Double_PER,0,552,27600,-6.90,0,0.4535,0.00507,35.9
DQN_Double_PER_seed_0_1790610953,DQN_Double_PER,0,553,27650,-3.30,0,0.4525,0.00368,36.0
DQN_Double_PER_seed_0_1790610953,DQN_Double_PER,0,554,27700,-4.50,0,0.4515,0.00453,36.0
DQN_Double_PER_seed_0_1790610953,DQN_Double_PER,0,555,27750,-3.90,0,0.4506,0.00344,36.1
DQN_Double_PER_seed_0_1790610953,DQN_Double_PER,0,556,27800,-2.10,0,0.4496,0.00350,36.2
DQN_Double_PER_seed_0_1790610953,DQN_Double_PER,0,557,27850,-2.70,0,0.4486,0.00500,36.2
DQN_Double_PER_seed_0_1790610953,DQN_Double_PER,0,558,27900,-2.10,0,0.4476,0.00428,36.3
DQN_Double_PER_seed_0_1790610953,DQN_Double_PER,0,559,27950,-5.70,0,0.4466,0.00415,36.4
DQN_Double_PER_seed_0_1790610953,DQN_Double_PER,0,560,28000,-8.10,0,0.4456,0.00462,36.5
DQN_Double_PER_seed_0_1790610953,DQN_Double_PER,0,561,28050,-7.50,0,0.4446,0.00850,36.5
DQN_Double_PER_seed_0_1790610953,DQN_Double_PER,0,562,28100,-7.50,0,0.4436,0.00675,36.6
DQN_Double_PER_seed_0_1790610953,DQN_Double_PER,0,563,28150,-2.10,0,0.4426,0.00658,36.7
DQN_Double_PER_seed_0_1790610953,DQN_Double_PER,0,564,28200,-6.90,0,0.4416,0.00657,36.7
DQN_Double_PER_seed_0_1790610953,DQN_Double_PER,0,565,28250,-0.30,0,0.4407,0.00583,36.8
DQN_Double_PER_seed_0_1790610953,DQN_Double_PER,0,566,28300,-3.90,0,0.4397,0.00699,36.9
DQN_Double_PER_seed_0_1790610953,DQN_Double_PER,0,567,28350,-7.50,0,0.4387,0.00487,36.9
DQN_Double_PER_seed_0_1790610953,DQN_Double_PER,0,568,28400,-4.50,0,0.4377,0.00526,37.0
DQN_Double_PER_seed_0_1790610953,DQN_Double_PER,0,569,28450,-8.10,0,0.4367,0.00776,37.1
DQN_Double_PER_seed_0_1790610953,DQN_Double_PER,0,570,28500,-6.90,0,0.4357,0.00691,37.1
DQN_Double_PER_seed_0_1790610953,DQN_Double_PER,0,571,28550,-8.10,0,0.4347,0.00511,37.2
DQN_Double_PER_seed_0_1790610953,DQN_Double_PER,0,572,28600,-8.10,0,0.4337,0.00545,37.3
DQN_Double_PER_seed_0_1790610953,DQN_Double_PER,0,573,28650,-4.50,0,0.4327,0.00853,37.4
DQN_Double_PER_seed_0_1790610953,DQN_Double_PER,0,574,28700,3.90,0,0.4317,0.00585,37.4
DQN_Double_PER_seed_0_1790610953,DQN_Double_PER,0,575,28750,-3.90,0,0.4308,0.00919,37.5
DQN_Double_PER_seed_0_1790610953,DQN_Double_PER,0,576,28800,-3.90,0,0.4298,0.00798,37.6
DQN_Double_PER_seed_0_1790610953,DQN_Double_PER,0,577,28850,-4.50,0,0.4288,0.00810,37.6
DQN_Double_PER_seed_0_1790610953,DQN_Double_PER,0,578,28900,2.10,0,0.4278,0.00702,37.7
DQN_Double_PER_seed_0_1790610953,DQN_Double_PER,0,579,28950,-4.50,0,0.4268,0.00633,37.8
DQN_Double_PER_seed_0_1790610953,DQN_Double_PER,0,580,29000,-0.30,0,0.4258,0.00827,37.8
DQN_Double_PER_seed_0_1790610953,DQN_Double_PER,0,581,29050,-6.30,0,0.4248,0.01410,37.9
DQN_Double_PER_seed_0_1790610953,DQN_Double_PER,0,582,29100,-3.90,0,0.4238,0.00922,38.0
DQN_Double_PER_seed_0_1790610953,DQN_Double_PER,0,583,29150,-6.30,0,0.4228,0.00730,38.1
DQN_Double_PER_seed_0_1790610953,DQN_Double_PER,0,584,29200,-7.50,0,0.4218,0.00595,38.1
DQN_Double_PER_seed_0_1790610953,DQN_Double_PER,0,585,29250,-6.30,0,0.4209,0.00752,38.2
DQN_Double_PER_seed_0_1790610953,DQN_Double_PER,0,586,29300,-7.50,0,0.4199,0.01191,38.3
DQN_Double_PER_seed_0_1790610953,DQN_Double_PER,0,587,29350,-6.90,0,0.4189,0.01310,38.3
DQN_Double_PER_seed_0_1790610953,DQN_Double_PER,0,588,29400,-7.50,0,0.4179,0.01474,38.4
DQN_Double_PER_seed_0_1790610953,DQN_Double_PER,0,589,29450,-1.50,0,0.4169,0.00726,38.5
DQN_Double_PER_seed_0_1790610953,DQN_Double_PER,0,590,29500,3.90,0,0.4159,0.00740,38.5
DQN_Double_PER_seed_0_1790610953,DQN_Double_PER,0,591,29550,-8.10,0,0.4149,0.00762,38.6
DQN_Double_PER_seed_0_1790610953,DQN_Double_PER,0,592,29600,-4.50,0,0.4139,0.00652,38.7
DQN_Double_PER_seed_0_1790610953,DQN_Double_PER,0,593,29650,-0.30,0,0.4129,0.00691,38.7
DQN_Double_PER_seed_0_1790610953,DQN_Double_PER,0,594,29700,2.10,0,0.4119,0.00916,38.8
DQN_Double_PER_seed_0_1790610953,DQN_Double_PER,0,595,29750,-2.10,0,0.4110,0.00679,38.9
DQN_Double_PER_seed_0_1790610953,DQN_Double_PER,0,596,29800,-5.10,0,0.4100,0.00706,39.0
DQN_Double_PER_seed_0_1790610953,DQN_Double_PER,0,597,29850,-5.70,0,0.4090,0.00565,39.0
DQN_Double_PER_seed_0_1790610953,DQN_Double_PER,0,598,29900,-3.90,0,0.4080,0.00595,39.1
DQN_Double_PER_seed_0_1790610953,DQN_Double_PER,0,599,29950,-5.70,0,0.4070,0.00882,39.2
DQN_Double_PER_seed_0_1790610953,DQN_Double_PER,0,600,30000,-7.50,0,0.4060,0.01164,39.2
DQN_Double_PER_seed_0_1790610953,DQN_Double_PER,0,601,30050,-0.90,0,0.4050,0.01487,39.4
DQN_Double_PER_seed_0_1790610953,DQN_Double_PER,0,602,30100,-3.30,0,0.4040,0.00899,39.5
DQN_Double_PER_seed_0_1790610953,DQN_Double_PER,0,603,30150,-2.10,0,0.4030,0.01047,39.5
DQN_Double_PER_seed_0_1790610953,DQN_Double_PER,0,604,30200,-5.10,0,0.4020,0.00672,39.6
DQN_Double_PER_seed_0_1790610953,DQN_Double_PER,0,605,30250,-3.30,0,0.4011,0.00761,39.7
DQN_Double_PER_seed_0_1790610953,DQN_Double_PER,0,606,30300,-2.70,0,0.4001,0.01115,39.7
DQN_Double_PER_seed_0_1790610953,DQN_Double_PER,0,607,30350,3.30,0,0.3991,0.01207,39.8
DQN_Double_PER_seed_0_1790610953,DQN_Double_PER,0,608,30400,-2.70,0,0.3981,0.00974,39.9
DQN_Double_PER_seed_0_1790610953,DQN_Double_PER,0,609,30450,-5.10,0,0.3971,0.00811,39.9
DQN_Double_PER_seed_0_1790610953,DQN_Double_PER,0,610,30500,-5.70,0,0.3961,0.00870,40.0
DQN_Double_PER_seed_0_1790610953,DQN_Double_PER,0,611,30550,-3.90,0,0.3951,0.00957,40.1
DQN_Double_PER_seed_0_1790610953,DQN_Double_PER,0,612,30600,2.70,0,0.3941,0.01229,40.2
DQN_Double_PER_seed_0_1790610953,DQN_Double_PER,0,613,30650,-6.90,0,0.3931,0.00956,40.2
DQN_Double_PER_seed_0_1790610953,DQN_Double_PER,0,614,30700,-2.70,0,0.3921,0.00846,40.3
DQN_Double_PER_seed_0_1790610953,DQN_Double_PER,0,615,30750,2.70,0,0.3911,0.00959,40.4
DQN_Double_PER_seed_0_1790610953,DQN_Double_PER,0,616,30800,-6.30,0,0.3902,0.01090,40.4
DQN_Double_PER_seed_0_1790610953,DQN_Double_PER,0,617,30850,-2.10,0,0.3892,0.01402,40.5
DQN_Double_PER_seed_0_1790610953,DQN_Double_PER,0,618,30900,-3.30,0,0.3882,0.01206,40.6
DQN_Double_PER_seed_0_1790610953,DQN_Double_PER,0,619,30950,-2.70,0,0.3872,0.01078,40.6
DQN_Double_PER_seed_0_1790610953,DQN_Double_PER,0,620,31000,3.90,0,0.3862,0.00684,40.7
DQN_Double_PER_seed_0_1790610953,DQN_Double_PER,0,621,31050,-0.90,0,0.3852,0.01177,40.8
DQN_Double_PER_seed_0_1790610953,DQN_Double_PER,0,622,31100,0.90,0,0.3842,0.00677,40.9
DQN_Double_PER_seed_0_1790610953,DQN_Double_PER,0,623,31150,-1.50,0,0.3832,0.00842,40.9
DQN_Double_PER_seed_0_1790610953,DQN_Double_PER,0,624,31200,-6.30,0,0.3822,0.00975,41.0
DQN_Double_PER_seed_0_1790610953,DQN_Double_PER,0,625,31250,-2.10,0,0.3812,0.00719,41.1
DQN_Double_PER_seed_0_1790610953,DQN_Double_PER,0,626,31300,-0.30,0,0.3803,0.00587,41.1
DQN_Double_PER_seed_0_1790610953,DQN_Double_PER,0,627,31350,-2.10,0,0.3793,0.00681,41.2
DQN_Double_PER_seed_0_1790610953,DQN_Double_PER,0,628,31400,3.90,0,0.3783,0.00742,41.3
DQN_Double_PER_seed_0_1790610953,DQN_Double_PER,0,629,31450,-3.30,0,0.3773,0.00688,41.3
DQN_Double_PER_seed_0_1790610953,DQN_Double_PER,0,630,31500,1.50,0,0.3763,0.00737,41.4
DQN_Double_PER_seed_0_1790610953,DQN_Double_PER,0,631,31550,-0.90,0,0.3753,0.00544,41.5
DQN_Double_PER_seed_0_1790610953,DQN_Double_PER,0,632,31600,0.90,0,0.3743,0.00484,41.6
DQN_Double_PER_seed_0_1790610953,DQN_Double_PER,0,633,31650,-6.30,0,0.3733,0.00777,41.6
DQN_Double_PER_seed_0_1790610953,DQN_Double_PER,0,634,31700,0.90,0,0.3723,0.00579,41.7
DQN_Double_PER_seed_0_1790610953,DQN_Double_PER,0,635,31750,-2.10,0,0.3713,0.00570,41.8
DQN_Double_PER_seed_0_1790610953,DQN_Double_PER,0,636,31800,-0.90,0,0.3704,0.00430,41.8
DQN_Double_PER_seed_0_1790610953,DQN_Double_PER,0,637,31850,-1.50,0,0.3694,0.00503,41.9
DQN_Double_PER_seed_0_1790610953,DQN_Double_PER,0,638,31900,-0.90,0,0.3684,0.00627,42.0
DQN_Double_PER_seed_0_1790610953,DQN_Double_PER,0,639,31950,1.50,0,0.3674,0.01036,42.0
DQN_Double_PER_seed_0_1790610953,DQN_Double_PER,0,640,32000,-5.10,0,0.3664,0.00705,42.1
DQN_Double_PER_seed_0_1790610953,DQN_Double_PER,0,641,32050,-1.50,0,0.3654,0.00934,42.2
DQN_Double_PER_seed_0_1790610953,DQN_Double_PER,0,642,32100,3.90,0,0.3644,0.00693,42.2
DQN_Double_PER_seed_0_1790610953,DQN_Double_PER,0,643,32150,-0.30,0,0.3634,0.00507,42.3
DQN_Double_PER_seed_0_1790610953,DQN_Double_PER,0,644,32200,-2.70,0,0.3624,0.00483,42.4
DQN_Double_PER_seed_0_1790610953,DQN_Double_PER,0,645,32250,-2.10,0,0.3614,0.00547,42.5
DQN_Double_PER_seed_0_1790610953,DQN_Double_PER,0,646,32300,-6.30,0,0.3605,0.00636,42.5
DQN_Double_PER_seed_0_1790610953,DQN_Double_PER,0,647,32350,1.50,0,0.3595,0.00676,42.6
DQN_Double_PER_seed_0_1790610953,DQN_Double_PER,0,648,32400,3.90,0,0.3585,0.02922,42.7
DQN_Double_PER_seed_0_1790610953,DQN_Double_PER,0,649,32450,-0.30,0,0.3575,0.02229,42.7
DQN_Double_PER_seed_0_1790610953,DQN_Double_PER,0,650,32500,3.90,0,0.3565,0.00665,42.8
DQN_Double_PER_seed_0_1790610953,DQN_Double_PER,0,651,32550,-0.90,0,0.3555,0.00509,42.9
DQN_Double_PER_seed_0_1790610953,DQN_Double_PER,0,652,32600,-0.30,0,0.3545,0.00707,42.9
DQN_Double_PER_seed_0_1790610953,DQN_Double_PER,0,653,32650,-5.70,0,0.3535,0.00992,43.0
DQN_Double_PER_seed_0_1790610953,DQN_Double_PER,0,654,32700,-3.30,0,0.3525,0.00537,43.1
DQN_Double_PER_seed_0_1790610953,DQN_Double_PER,0,655,32750,-1.50,0,0.3516,0.00548,43.2
DQN_Double_PER_seed_0_1790610953,DQN_Double_PER,0,656,32800,-2.10,0,0.3506,0.00532,43.2
DQN_Double_PER_seed_0_1790610953,DQN_Double_PER,0,657,32850,2.70,0,0.3496,0.00568,43.3
DQN_Double_PER_seed_0_1790610953,DQN_Double_PER,0,658,32900,3.90,0,0.3486,0.00507,43.4
DQN_Double_PER_seed_0_1790610953,DQN_Double_PER,0,659,32950,-5.10,0,0.3476,0.00504,43.4
DQN_Double_PER_seed_0_1790610953,DQN_Double_PER,0,660,33000,0.30,0,0.3466,0.00426,43.5
DQN_Double_PER_seed_0_1790610953,DQN_Double_PER,0,661,33050,-3.90,0,0.3456,0.00897,43.6
DQN_Double_PER_seed_0_1790610953,DQN_Double_PER,0,662,33100,-0.30,0,0.3446,0.00604,43.6
DQN_Double_PER_seed_0_1790610953,DQN_Double_PER,0,663,33150,-3.90,0,0.3436,0.00635,43.7
DQN_Double_PER_seed_0_1790610953,DQN_Double_PER,0,664,33200,-6.30,0,0.3426,0.00552,43.8
DQN_Double_PER_seed_0_1790610953,DQN_Double_PER,0,665,33250,2.70,0,0.3417,0.00519,43.9
DQN_Double_PER_seed_0_1790610953,DQN_Double_PER,0,666,33300,-3.90,0,0.3407,0.00599,43.9
DQN_Double_PER_seed_0_1790610953,DQN_Double_PER,0,667,33350,-3.30,0,0.3397,0.00455,44.0
DQN_Double_PER_seed_0_1790610953,DQN_Double_PER,0,668,33400,-3.90,0,0.3387,0.00513,44.1
DQN_Double_PER_seed_0_1790610953,DQN_Double_PER,0,669,33450,-2.10,0,0.3377,0.00491,44.1
DQN_Double_PER_seed_0_1790610953,DQN_Double_PER,0,670,33500,3.90,0,0.3367,0.00495,44.2
DQN_Double_PER_seed_0_1790610953,DQN_Double_PER,0,671,33550,-3.30,0,0.3357,0.00516,44.3
DQN_Double_PER_seed_0_1790610953,DQN_Double_PER,0,672,33600,2.10,0,0.3347,0.00569,44.3
DQN_Double_PER_seed_0_1790610953,DQN_Double_PER,0,673,33650,-2.10,0,0.3337,0.00434,44.4
DQN_Double_PER_seed_0_1790610953,DQN_Double_PER,0,674,33700,-0.90,0,0.3327,0.00629,44.5
DQN_Double_PER_seed_0_1790610953,DQN_Double_PER,0,675,33750,-3.30,0,0.3317,0.00514,44.5
DQN_Double_PER_seed_0_1790610953,DQN_Double_PER,0,676,33800,-1.50,0,0.3308,0.00482,44.6
DQN_Double_PER_seed_0_1790610953,DQN_Double_PER,0,677,33850,-3.30,0,0.3298,0.00582,44.7
DQN_Double_PER_seed_0_1790610953,DQN_Double_PER,0,678,33900,-1.50,0,0.3288,0.00483,44.8
DQN_Double_PER_seed_0_1790610953,DQN_Double_PER,0,679,33950,-0.30,0,0.3278,0.00537,44.8
DQN_Double_PER_seed_0_1790610953,DQN_Double_PER,0,680,34000,-4.50,0,0.3268,0.00646,44.9
DQN_Double_PER_seed_0_1790610953,DQN_Double_PER,0,681,34050,2.70,0,0.3258,0.00799,45.0
DQN_Double_PER_seed_0_1790610953,DQN_Double_PER,0,682,34100,-4.50,0,0.3248,0.00505,45.0
DQN_Double_PER_seed_0_1790610953,DQN_Double_PER,0,683,34150,-3.90,0,0.3238,0.00505,45.1
DQN_Double_PER_seed_0_1790610953,DQN_Double_PER,0,684,34200,-5.70,0,0.3228,0.00659,45.2
DQN_Double_PER_seed_0_1790610953,DQN_Double_PER,0,685,34250,-2.10,0,0.3218,0.00709,45.2
DQN_Double_PER_seed_0_1790610953,DQN_Double_PER,0,686,34300,3.90,0,0.3209,0.00517,45.3
DQN_Double_PER_seed_0_1790610953,DQN_Double_PER,0,687,34350,-5.70,0,0.3199,0.00469,45.4
DQN_Double_PER_seed_0_1790610953,DQN_Double_PER,0,688,34400,-3.90,0,0.3189,0.00735,45.5
DQN_Double_PER_seed_0_1790610953,DQN_Double_PER,0,689,34450,-6.30,0,0.3179,0.00559,45.5
DQN_Double_PER_seed_0_1790610953,DQN_Double_PER,0,690,34500,-0.90,0,0.3169,0.00448,45.6
DQN_Double_PER_seed_0_1790610953,DQN_Double_PER,0,691,34550,-5.10,0,0.3159,0.00454,45.7
DQN_Double_PER_seed_0_1790610953,DQN_Double_PER,0,692,34600,-1.50,0,0.3149,0.00506,45.7
DQN_Double_PER_seed_0_1790610953,DQN_Double_PER,0,693,34650,-0.30,0,0.3139,0.00457,45.8
DQN_Double_PER_seed_0_1790610953,DQN_Double_PER,0,694,34700,2.10,0,0.3129,0.00459,45.9
DQN_Double_PER_seed_0_1790610953,DQN_Double_PER,0,695,34750,-5.10,0,0.3120,0.00539,45.9
DQN_Double_PER_seed_0_1790610953,DQN_Double_PER,0,696,34800,3.90,0,0.3110,0.00401,46.0
DQN_Double_PER_seed_0_1790610953,DQN_Double_PER,0,697,34850,-6.90,0,0.3100,0.00429,46.1
DQN_Double_PER_seed_0_1790610953,DQN_Double_PER,0,698,34900,-5.10,0,0.3090,0.00542,46.2
DQN_Double_PER_seed_0_1790610953,DQN_Double_PER,0,699,34950,-0.90,0,0.3080,0.00453,46.2
DQN_Double_PER_seed_0_1790610953,DQN_Double_PER,0,700,35000,-5.10,0,0.3070,0.00425,46.3
DQN_Double_PER_seed_0_1790610953,DQN_Double_PER,0,701,35050,-7.50,0,0.3060,0.01194,46.5
DQN_Double_PER_seed_0_1790610953,DQN_Double_PER,0,702,35100,-6.30,0,0.3050,0.01593,46.5
DQN_Double_PER_seed_0_1790610953,DQN_Double_PER,0,703,35150,-5.70,0,0.3040,0.00882,46.6
DQN_Double_PER_seed_0_1790610953,DQN_Double_PER,0,704,35200,-4.50,0,0.3030,0.00972,46.7
DQN_Double_PER_seed_0_1790610953,DQN_Double_PER,0,705,35250,-8.10,0,0.3021,0.00621,46.7
DQN_Double_PER_seed_0_1790610953,DQN_Double_PER,0,706,35300,-6.30,0,0.3011,0.00576,46.8
DQN_Double_PER_seed_0_1790610953,DQN_Double_PER,0,707,35350,0.30,0,0.3001,0.00545,46.9
DQN_Double_PER_seed_0_1790610953,DQN_Double_PER,0,708,35400,-5.10,0,0.2991,0.00526,46.9
DQN_Double_PER_seed_0_1790610953,DQN_Double_PER,0,709,35450,-8.10,0,0.2981,0.00688,47.0
DQN_Double_PER_seed_0_1790610953,DQN_Double_PER,0,710,35500,-8.10,0,0.2971,0.00712,47.1
DQN_Double_PER_seed_0_1790610953,DQN_Double_PER,0,711,35550,-8.10,0,0.2961,0.00586,47.2
DQN_Double_PER_seed_0_1790610953,DQN_Double_PER,0,712,35600,-5.10,0,0.2951,0.01041,47.2
DQN_Double_PER_seed_0_1790610953,DQN_Double_PER,0,713,35650,-5.10,0,0.2941,0.00912,47.3
DQN_Double_PER_seed_0_1790610953,DQN_Double_PER,0,714,35700,2.10,0,0.2931,0.00524,47.4
DQN_Double_PER_seed_0_1790610953,DQN_Double_PER,0,715,35750,-8.10,0,0.2922,0.00436,47.4
DQN_Double_PER_seed_0_1790610953,DQN_Double_PER,0,716,35800,0.30,0,0.2912,0.00496,47.5
DQN_Double_PER_seed_0_1790610953,DQN_Double_PER,0,717,35850,-4.50,0,0.2902,0.00567,47.6
DQN_Double_PER_seed_0_1790610953,DQN_Double_PER,0,718,35900,-0.30,0,0.2892,0.00646,47.6
DQN_Double_PER_seed_0_1790610953,DQN_Double_PER,0,719,35950,-0.90,0,0.2882,0.00553,47.7
DQN_Double_PER_seed_0_1790610953,DQN_Double_PER,0,720,36000,-0.30,0,0.2872,0.00752,47.8
DQN_Double_PER_seed_0_1790610953,DQN_Double_PER,0,721,36050,-4.50,0,0.2862,0.01040,47.9
DQN_Double_PER_seed_0_1790610953,DQN_Double_PER,0,722,36100,-7.50,0,0.2852,0.00787,47.9
DQN_Double_PER_seed_0_1790610953,DQN_Double_PER,0,723,36150,3.90,0,0.2842,0.00662,48.0
DQN_Double_PER_seed_0_1790610953,DQN_Double_PER,0,724,36200,-6.30,0,0.2832,0.00569,48.1
DQN_Double_PER_seed_0_1790610953,DQN_Double_PER,0,725,36250,-2.10,0,0.2823,0.01082,48.1
DQN_Double_PER_seed_0_1790610953,DQN_Double_PER,0,726,36300,-3.30,0,0.2813,0.00564,48.2
DQN_Double_PER_seed_0_1790610953,DQN_Double_PER,0,727,36350,-4.50,0,0.2803,0.00607,48.3
DQN_Double_PER_seed_0_1790610953,DQN_Double_PER,0,728,36400,-4.50,0,0.2793,0.00516,48.3
DQN_Double_PER_seed_0_1790610953,DQN_Double_PER,0,729,36450,-4.50,0,0.2783,0.00611,48.4
DQN_Double_PER_seed_0_1790610953,DQN_Double_PER,0,730,36500,3.90,0,0.2773,0.00629,48.5
DQN_Double_PER_seed_0_1790610953,DQN_Double_PER,0,731,36550,-4.50,0,0.2763,0.00572,48.6
DQN_Double_PER_seed_0_1790610953,DQN_Double_PER,0,732,36600,1.50,0,0.2753,0.00509,48.6
DQN_Double_PER_seed_0_1790610953,DQN_Double_PER,0,733,36650,-6.30,0,0.2743,0.00859,48.7
DQN_Double_PER_seed_0_1790610953,DQN_Double_PER,0,734,36700,-6.30,0,0.2733,0.00866,48.8
DQN_Double_PER_seed_0_1790610953,DQN_Double_PER,0,735,36750,-6.90,0,0.2723,0.00515,48.8
DQN_Double_PER_seed_0_1790610953,DQN_Double_PER,0,736,36800,2.70,0,0.2714,0.00450,48.9
DQN_Double_PER_seed_0_1790610953,DQN_Double_PER,0,737,36850,-6.90,0,0.2704,0.00813,49.0
DQN_Double_PER_seed_0_1790610953,DQN_Double_PER,0,738,36900,-0.90,0,0.2694,0.00657,49.0
DQN_Double_PER_seed_0_1790610953,DQN_Double_PER,0,739,36950,1.50,0,0.2684,0.00513,49.1
DQN_Double_PER_seed_0_1790610953,DQN_Double_PER,0,740,37000,-5.10,0,0.2674,0.00516,49.2
DQN_Double_PER_seed_0_1790610953,DQN_Double_PER,0,741,37050,-4.50,0,0.2664,0.00677,49.3
DQN_Double_PER_seed_0_1790610953,DQN_Double_PER,0,742,37100,-3.30,0,0.2654,0.00502,49.3
DQN_Double_PER_seed_0_1790610953,DQN_Double_PER,0,743,37150,-7.50,0,0.2644,0.00581,49.4
DQN_Double_PER_seed_0_1790610953,DQN_Double_PER,0,744,37200,-7.50,0,0.2634,0.00628,49.5
DQN_Double_PER_seed_0_1790610953,DQN_Double_PER,0,745,37250,-5.70,0,0.2624,0.00395,49.5
DQN_Double_PER_seed_0_1790610953,DQN_Double_PER,0,746,37300,-6.90,0,0.2615,0.00372,49.6
DQN_Double_PER_seed_0_1790610953,DQN_Double_PER,0,747,37350,-8.10,0,0.2605,0.00429,49.7
DQN_Double_PER_seed_0_1790610953,DQN_Double_PER,0,748,37400,-6.30,0,0.2595,0.00561,49.8
DQN_Double_PER_seed_0_1790610953,DQN_Double_PER,0,749,37450,-2.10,0,0.2585,0.00466,49.8
DQN_Double_PER_seed_0_1790610953,DQN_Double_PER,0,750,37500,-4.50,0,0.2575,0.00403,49.9
DQN_Double_PER_seed_0_1790610953,DQN_Double_PER,0,751,37550,-3.30,0,0.2565,0.00385,50.0
DQN_Double_PER_seed_0_1790610953,DQN_Double_PER,0,752,37600,-6.30,0,0.2555,0.00405,50.0
DQN_Double_PER_seed_0_1790610953,DQN_Double_PER,0,753,37650,3.90,0,0.2545,0.00389,50.1
DQN_Double_PER_seed_0_1790610953,DQN_Double_PER,0,754,37700,-8.70,0,0.2535,0.00772,50.2
DQN_Double_PER_seed_0_1790610953,DQN_Double_PER,0,755,37750,-2.70,0,0.2526,0.00759,50.2
DQN_Double_PER_seed_0_1790610953,DQN_Double_PER,0,756,37800,-6.90,0,0.2516,0.00516,50.3
DQN_Double_PER_seed_0_1790610953,DQN_Double_PER,0,757,37850,3.90,0,0.2506,0.00437,50.4
DQN_Double_PER_seed_0_1790610953,DQN_Double_PER,0,758,37900,3.90,0,0.2496,0.00429,50.5
DQN_Double_PER_seed_0_1790610953,DQN_Double_PER,0,759,37950,-6.30,0,0.2486,0.00385,50.5
DQN_Double_PER_seed_0_1790610953,DQN_Double_PER,0,760,38000,-8.10,0,0.2476,0.00388,50.6
DQN_Double_PER_seed_0_1790610953,DQN_Double_PER,0,761,38050,3.30,0,0.2466,0.00671,50.7
DQN_Double_PER_seed_0_1790610953,DQN_Double_PER,0,762,38100,-6.90,0,0.2456,0.00490,50.7
DQN_Double_PER_seed_0_1790610953,DQN_Double_PER,0,763,38150,-8.10,0,0.2446,0.00641,50.8
DQN_Double_PER_seed_0_1790610953,DQN_Double_PER,0,764,38200,0.90,0,0.2436,0.00487,50.9
DQN_Double_PER_seed_0_1790610953,DQN_Double_PER,0,765,38250,-4.50,0,0.2427,0.00496,50.9
DQN_Double_PER_seed_0_1790610953,DQN_Double_PER,0,766,38300,3.90,0,0.2417,0.00554,51.0
DQN_Double_PER_seed_0_1790610953,DQN_Double_PER,0,767,38350,-7.50,0,0.2407,0.00620,51.1
DQN_Double_PER_seed_0_1790610953,DQN_Double_PER,0,768,38400,-3.30,0,0.2397,0.00442,51.2
DQN_Double_PER_seed_0_1790610953,DQN_Double_PER,0,769,38450,-3.30,0,0.2387,0.00534,51.2
DQN_Double_PER_seed_0_1790610953,DQN_Double_PER,0,770,38500,-5.10,0,0.2377,0.00519,51.3
DQN_Double_PER_seed_0_1790610953,DQN_Double_PER,0,771,38550,-7.50,0,0.2367,0.00453,51.4
DQN_Double_PER_seed_0_1790610953,DQN_Double_PER,0,772,38600,-6.90,0,0.2357,0.00458,51.4
DQN_Double_PER_seed_0_1790610953,DQN_Double_PER,0,773,38650,-3.30,0,0.2347,0.00458,51.5
DQN_Double_PER_seed_0_1790610953,DQN_Double_PER,0,774,38700,-6.90,0,0.2337,0.00602,51.6
DQN_Double_PER_seed_0_1790610953,DQN_Double_PER,0,775,38750,-3.90,0,0.2328,0.00432,51.7
DQN_Double_PER_seed_0_1790610953,DQN_Double_PER,0,776,38800,-5.10,0,0.2318,0.00508,51.7
DQN_Double_PER_seed_0_1790610953,DQN_Double_PER,0,777,38850,1.50,0,0.2308,0.00407,51.8
DQN_Double_PER_seed_0_1790610953,DQN_Double_PER,0,778,38900,-1.50,0,0.2298,0.00607,51.9
DQN_Double_PER_seed_0_1790610953,DQN_Double_PER,0,779,38950,-3.30,0,0.2288,0.00602,51.9
DQN_Double_PER_seed_0_1790610953,DQN_Double_PER,0,780,39000,3.90,0,0.2278,0.00409,52.0
DQN_Double_PER_seed_0_1790610953,DQN_Double_PER,0,781,39050,3.30,0,0.2268,0.00502,52.1
DQN_Double_PER_seed_0_1790610953,DQN_Double_PER,0,782,39100,-6.30,0,0.2258,0.00493,52.1
DQN_Double_PER_seed_0_1790610953,DQN_Double_PER,0,783,39150,-8.10,0,0.2248,0.00586,52.2
DQN_Double_PER_seed_0_1790610953,DQN_Double_PER,0,784,39200,-5.70,0,0.2238,0.00471,52.3
DQN_Double_PER_seed_0_1790610953,DQN_Double_PER,0,785,39250,3.90,0,0.2228,0.00644,52.4
DQN_Double_PER_seed_0_1790610953,DQN_Double_PER,0,786,39300,3.90,0,0.2219,0.00456,52.4
DQN_Double_PER_seed_0_1790610953,DQN_Double_PER,0,787,39350,3.90,0,0.2209,0.00416,52.5
DQN_Double_PER_seed_0_1790610953,DQN_Double_PER,0,788,39400,-2.70,0,0.2199,0.00464,52.6
DQN_Double_PER_seed_0_1790610953,DQN_Double_PER,0,789,39450,-5.70,0,0.2189,0.00515,52.6
DQN_Double_PER_seed_0_1790610953,DQN_Double_PER,0,790,39500,-7.50,0,0.2179,0.00436,52.7
DQN_Double_PER_seed_0_1790610953,DQN_Double_PER,0,791,39550,-1.50,0,0.2169,0.00380,52.8
DQN_Double_PER_seed_0_1790610953,DQN_Double_PER,0,792,39600,-2.70,0,0.2159,0.00451,52.8
DQN_Double_PER_seed_0_1790610953,DQN_Double_PER,0,793,39650,-6.30,0,0.2149,0.00348,52.9
DQN_Double_PER_seed_0_1790610953,DQN_Double_PER,0,794,39700,-8.10,0,0.2139,0.00355,53.0
DQN_Double_PER_seed_0_1790610953,DQN_Double_PER,0,795,39750,3.90,0,0.2129,0.00384,53.1
DQN_Double_PER_seed_0_1790610953,DQN_Double_PER,0,796,39800,-6.30,0,0.2120,0.00457,53.1
DQN_Double_PER_seed_0_1790610953,DQN_Double_PER,0,797,39850,3.90,0,0.2110,0.00519,53.2
DQN_Double_PER_seed_0_1790610953,DQN_Double_PER,0,798,39900,-5.10,0,0.2100,0.00371,53.3
DQN_Double_PER_seed_0_1790610953,DQN_Double_PER,0,799,39950,-6.90,0,0.2090,0.00349,53.3
DQN_Double_PER_seed_0_1790610953,DQN_Double_PER,0,800,40000,-8.10,0,0.2080,0.00492,53.4
DQN_Double_PER_seed_0_1790610953,DQN_Double_PER,0,801,40050,3.30,0,0.2070,0.00846,53.6
DQN_Double_PER_seed_0_1790610953,DQN_Double_PER,0,802,40100,-0.30,0,0.2060,0.00647,53.6
DQN_Double_PER_seed_0_1790610953,DQN_Double_PER,0,803,40150,3.90,0,0.2050,0.00540,53.7
DQN_Double_PER_seed_0_1790610953,DQN_Double_PER,0,804,40200,-8.10,0,0.2040,0.00504,53.8
DQN_Double_PER_seed_0_1790610953,DQN_Double_PER,0,805,40250,-6.30,0,0.2030,0.00542,53.9
DQN_Double_PER_seed_0_1790610953,DQN_Double_PER,0,806,40300,3.90,0,0.2021,0.00591,53.9
DQN_Double_PER_seed_0_1790610953,DQN_Double_PER,0,807,40350,-6.90,0,0.2011,0.00582,54.0
DQN_Double_PER_seed_0_1790610953,DQN_Double_PER,0,808,40400,-5.10,0,0.2001,0.00441,54.1
DQN_Double_PER_seed_0_1790610953,DQN_Double_PER,0,809,40450,-6.30,0,0.1991,0.00447,54.1
DQN_Double_PER_seed_0_1790610953,DQN_Double_PER,0,810,40500,-5.10,0,0.1981,0.00343,54.2
DQN_Double_PER_seed_0_1790610953,DQN_Double_PER,0,811,40550,-6.30,0,0.1971,0.00407,54.3
DQN_Double_PER_seed_0_1790610953,DQN_Double_PER,0,812,40600,-4.50,0,0.1961,0.00674,54.3
DQN_Double_PER_seed_0_1790610953,DQN_Double_PER,0,813,40650,-6.90,0,0.1951,0.00522,54.4
DQN_Double_PER_seed_0_1790610953,DQN_Double_PER,0,814,40700,-5.70,0,0.1941,0.00482,54.5
DQN_Double_PER_seed_0_1790610953,DQN_Double_PER,0,815,40750,-5.70,0,0.1932,0.00376,54.6
DQN_Double_PER_seed_0_1790610953,DQN_Double_PER,0,816,40800,-7.50,0,0.1922,0.00477,54.6
DQN_Double_PER_seed_0_1790610953,DQN_Double_PER,0,817,40850,-8.70,0,0.1912,0.00510,54.7
DQN_Double_PER_seed_0_1790610953,DQN_Double_PER,0,818,40900,-0.90,0,0.1902,0.00469,54.8
DQN_Double_PER_seed_0_1790610953,DQN_Double_PER,0,819,40950,-6.30,0,0.1892,0.00540,54.8
DQN_Double_PER_seed_0_1790610953,DQN_Double_PER,0,820,41000,-7.50,0,0.1882,0.00432,54.9
DQN_Double_PER_seed_0_1790610953,DQN_Double_PER,0,821,41050,3.90,0,0.1872,0.00707,55.0
DQN_Double_PER_seed_0_1790610953,DQN_Double_PER,0,822,41100,-0.90,0,0.1862,0.00470,55.1
DQN_Double_PER_seed_0_1790610953,DQN_Double_PER,0,823,41150,-5.10,0,0.1852,0.00672,55.1
DQN_Double_PER_seed_0_1790610953,DQN_Double_PER,0,824,41200,-5.70,0,0.1842,0.00715,55.2
DQN_Double_PER_seed_0_1790610953,DQN_Double_PER,0,825,41250,1.50,0,0.1833,0.00460,55.3
DQN_Double_PER_seed_0_1790610953,DQN_Double_PER,0,826,41300,-3.90,0,0.1823,0.00599,55.3
DQN_Double_PER_seed_0_1790610953,DQN_Double_PER,0,827,41350,-4.50,0,0.1813,0.00585,55.4
DQN_Double_PER_seed_0_1790610953,DQN_Double_PER,0,828,41400,3.90,0,0.1803,0.00624,55.5
DQN_Double_PER_seed_0_1790610953,DQN_Double_PER,0,829,41450,-6.30,0,0.1793,0.00433,55.6
DQN_Double_PER_seed_0_1790610953,DQN_Double_PER,0,830,41500,3.90,0,0.1783,0.00501,55.6
DQN_Double_PER_seed_0_1790610953,DQN_Double_PER,0,831,41550,-6.30,0,0.1773,0.00458,55.7
DQN_Double_PER_seed_0_1790610953,DQN_Double_PER,0,832,41600,3.90,0,0.1763,0.00449,55.8
DQN_Double_PER_seed_0_1790610953,DQN_Double_PER,0,833,41650,-8.10,0,0.1753,0.00518,55.8
DQN_Double_PER_seed_0_1790610953,DQN_Double_PER,0,834,41700,-5.10,0,0.1743,0.00556,55.9
DQN_Double_PER_seed_0_1790610953,DQN_Double_PER,0,835,41750,3.90,0,0.1734,0.00491,56.0
DQN_Double_PER_seed_0_1790610953,DQN_Double_PER,0,836,41800,-8.10,0,0.1724,0.00499,56.0
DQN_Double_PER_seed_0_1790610953,DQN_Double_PER,0,837,41850,-2.70,0,0.1714,0.00506,56.1
DQN_Double_PER_seed_0_1790610953,DQN_Double_PER,0,838,41900,-6.90,0,0.1704,0.00559,56.2
DQN_Double_PER_seed_0_1790610953,DQN_Double_PER,0,839,41950,-8.70,0,0.1694,0.00488,56.3
DQN_Double_PER_seed_0_1790610953,DQN_Double_PER,0,840,42000,-5.70,0,0.1684,0.00498,56.3
DQN_Double_PER_seed_0_1790610953,DQN_Double_PER,0,841,42050,-5.70,0,0.1674,0.00537,56.4
DQN_Double_PER_seed_0_1790610953,DQN_Double_PER,0,842,42106,4.50,0,0.1663,0.00601,56.5
DQN_Double_PER_seed_0_1790610953,DQN_Double_PER,0,843,42156,-7.50,0,0.1653,0.00517,56.6
DQN_Double_PER_seed_0_1790610953,DQN_Double_PER,0,844,42206,3.90,0,0.1643,0.00469,56.6
DQN_Double_PER_seed_0_1790610953,DQN_Double_PER,0,845,42256,-6.90,0,0.1633,0.00574,56.7
DQN_Double_PER_seed_0_1790610953,DQN_Double_PER,0,846,42306,3.90,0,0.1623,0.00520,56.8
DQN_Double_PER_seed_0_1790610953,DQN_Double_PER,0,847,42356,-8.70,0,0.1614,0.00362,56.8
DQN_Double_PER_seed_0_1790610953,DQN_Double_PER,0,848,42406,3.90,0,0.1604,0.00431,56.9
DQN_Double_PER_seed_0_1790610953,DQN_Double_PER,0,849,42456,3.90,0,0.1594,0.00491,57.0
DQN_Double_PER_seed_0_1790610953,DQN_Double_PER,0,850,42506,3.90,0,0.1584,0.00446,57.0
DQN_Double_PER_seed_0_1790610953,DQN_Double_PER,0,851,42556,3.30,0,0.1574,0.00417,57.1
DQN_Double_PER_seed_0_1790610953,DQN_Double_PER,0,852,42606,-2.10,0,0.1564,0.00475,57.2
DQN_Double_PER_seed_0_1790610953,DQN_Double_PER,0,853,42656,-3.90,0,0.1554,0.00409,57.3
DQN_Double_PER_seed_0_1790610953,DQN_Double_PER,0,854,42706,-0.90,0,0.1544,0.00406,57.3
DQN_Double_PER_seed_0_1790610953,DQN_Double_PER,0,855,42756,3.30,0,0.1534,0.00470,57.4
DQN_Double_PER_seed_0_1790610953,DQN_Double_PER,0,856,42806,-8.10,0,0.1524,0.00423,57.5
DQN_Double_PER_seed_0_1790610953,DQN_Double_PER,0,857,42856,3.90,0,0.1515,0.00447,57.5
DQN_Double_PER_seed_0_1790610953,DQN_Double_PER,0,858,42906,3.90,0,0.1505,0.00568,57.6
DQN_Double_PER_seed_0_1790610953,DQN_Double_PER,0,859,42956,3.90,0,0.1495,0.00463,57.7
DQN_Double_PER_seed_0_1790610953,DQN_Double_PER,0,860,43006,3.90,0,0.1485,0.00471,57.8
DQN_Double_PER_seed_0_1790610953,DQN_Double_PER,0,861,43056,-5.70,0,0.1475,0.00586,57.8
DQN_Double_PER_seed_0_1790610953,DQN_Double_PER,0,862,43106,-3.30,0,0.1465,0.00440,57.9
DQN_Double_PER_seed_0_1790610953,DQN_Double_PER,0,863,43156,3.90,0,0.1455,0.00382,58.0
DQN_Double_PER_seed_0_1790610953,DQN_Double_PER,0,864,43206,3.90,0,0.1445,0.00569,58.0
DQN_Double_PER_seed_0_1790610953,DQN_Double_PER,0,865,43256,2.10,0,0.1435,0.00649,58.1
DQN_Double_PER_seed_0_1790610953,DQN_Double_PER,0,866,43306,3.90,0,0.1425,0.00444,58.2
DQN_Double_PER_seed_0_1790610953,DQN_Double_PER,0,867,43356,-4.50,0,0.1416,0.00352,58.3
DQN_Double_PER_seed_0_1790610953,DQN_Double_PER,0,868,43406,3.90,0,0.1406,0.00366,58.3
DQN_Double_PER_seed_0_1790610953,DQN_Double_PER,0,869,43456,-8.10,0,0.1396,0.00337,58.4
DQN_Double_PER_seed_0_1790610953,DQN_Double_PER,0,870,43506,0.90,0,0.1386,0.00422,58.5
DQN_Double_PER_seed_0_1790610953,DQN_Double_PER,0,871,43556,3.90,0,0.1376,0.00372,58.5
DQN_Double_PER_seed_0_1790610953,DQN_Double_PER,0,872,43606,-6.90,0,0.1366,0.00495,58.6
DQN_Double_PER_seed_0_1790610953,DQN_Double_PER,0,873,43656,1.50,0,0.1356,0.00405,58.7
DQN_Double_PER_seed_0_1790610953,DQN_Double_PER,0,874,43706,1.50,0,0.1346,0.00601,58.7
DQN_Double_PER_seed_0_1790610953,DQN_Double_PER,0,875,43756,-5.10,0,0.1336,0.00342,58.8
DQN_Double_PER_seed_0_1790610953,DQN_Double_PER,0,876,43806,3.90,0,0.1326,0.00394,58.9
DQN_Double_PER_seed_0_1790610953,DQN_Double_PER,0,877,43856,3.90,0,0.1317,0.00334,59.0
DQN_Double_PER_seed_0_1790610953,DQN_Double_PER,0,878,43906,-3.30,0,0.1307,0.00413,59.0
DQN_Double_PER_seed_0_1790610953,DQN_Double_PER,0,879,43956,3.90,0,0.1297,0.00437,59.1
DQN_Double_PER_seed_0_1790610953,DQN_Double_PER,0,880,44006,-3.90,0,0.1287,0.00379,59.2
DQN_Double_PER_seed_0_1790610953,DQN_Double_PER,0,881,44056,3.90,0,0.1277,0.00481,59.2
DQN_Double_PER_seed_0_1790610953,DQN_Double_PER,0,882,44106,-3.30,0,0.1267,0.00414,59.3
DQN_Double_PER_seed_0_1790610953,DQN_Double_PER,0,883,44156,-2.10,0,0.1257,0.00339,59.4
DQN_Double_PER_seed_0_1790610953,DQN_Double_PER,0,884,44206,-2.10,0,0.1247,0.00660,59.5
DQN_Double_PER_seed_0_1790610953,DQN_Double_PER,0,885,44256,2.10,0,0.1237,0.00844,59.5
DQN_Double_PER_seed_0_1790610953,DQN_Double_PER,0,886,44306,3.90,0,0.1227,0.00510,59.6
DQN_Double_PER_seed_0_1790610953,DQN_Double_PER,0,887,44356,3.90,0,0.1218,0.00547,59.7
DQN_Double_PER_seed_0_1790610953,DQN_Double_PER,0,888,44406,-3.30,0,0.1208,0.00572,59.7
DQN_Double_PER_seed_0_1790610953,DQN_Double_PER,0,889,44456,-6.30,0,0.1198,0.00570,59.8
DQN_Double_PER_seed_0_1790610953,DQN_Double_PER,0,890,44506,3.90,0,0.1188,0.00448,59.9
DQN_Double_PER_seed_0_1790610953,DQN_Double_PER,0,891,44556,-5.70,0,0.1178,0.00346,60.0
DQN_Double_PER_seed_0_1790610953,DQN_Double_PER,0,892,44606,3.90,0,0.1168,0.00383,60.0
DQN_Double_PER_seed_0_1790610953,DQN_Double_PER,0,893,44656,3.90,0,0.1158,0.00614,60.1
DQN_Double_PER_seed_0_1790610953,DQN_Double_PER,0,894,44706,0.30,0,0.1148,0.00506,60.2
DQN_Double_PER_seed_0_1790610953,DQN_Double_PER,0,895,44756,3.90,0,0.1138,0.00451,60.2
DQN_Double_PER_seed_0_1790610953,DQN_Double_PER,0,896,44806,3.90,0,0.1128,0.00354,60.3
DQN_Double_PER_seed_0_1790610953,DQN_Double_PER,0,897,44856,3.90,0,0.1119,0.00625,60.4
DQN_Double_PER_seed_0_1790610953,DQN_Double_PER,0,898,44906,-2.70,0,0.1109,0.00816,60.5
DQN_Double_PER_seed_0_1790610953,DQN_Double_PER,0,899,44956,-7.50,0,0.1099,0.00419,60.5
DQN_Double_PER_seed_0_1790610953,DQN_Double_PER,0,900,45006,3.90,0,0.1089,0.00500,60.7
DQN_Double_PER_seed_0_1790610953,DQN_Double_PER,0,901,45056,3.90,0,0.1079,0.00618,60.8
DQN_Double_PER_seed_0_1790610953,DQN_Double_PER,0,902,45142,7.20,1,0.1062,0.00435,60.9
DQN_Double_PER_seed_0_1790610953,DQN_Double_PER,0,903,45192,3.90,0,0.1052,0.00345,60.9
DQN_Double_PER_seed_0_1790610953,DQN_Double_PER,0,904,45242,3.90,0,0.1042,0.00355,61.0
DQN_Double_PER_seed_0_1790610953,DQN_Double_PER,0,905,45292,3.90,0,0.1032,0.00347,61.1
DQN_Double_PER_seed_0_1790610953,DQN_Double_PER,0,906,45342,3.90,0,0.1022,0.00304,61.2
DQN_Double_PER_seed_0_1790610953,DQN_Double_PER,0,907,45392,3.90,0,0.1012,0.00411,61.2
DQN_Double_PER_seed_0_1790610953,DQN_Double_PER,0,908,45442,-0.90,0,0.1002,0.00519,61.3
DQN_Double_PER_seed_0_1790610953,DQN_Double_PER,0,909,45492,-0.30,0,0.0993,0.00432,61.4
DQN_Double_PER_seed_0_1790610953,DQN_Double_PER,0,910,45542,-2.70,0,0.0983,0.00331,61.4
DQN_Double_PER_seed_0_1790610953,DQN_Double_PER,0,911,45592,3.30,0,0.0973,0.00473,61.5
DQN_Double_PER_seed_0_1790610953,DQN_Double_PER,0,912,45650,4.70,0,0.0961,0.00478,61.6
DQN_Double_PER_seed_0_1790610953,DQN_Double_PER,0,913,45700,-3.90,0,0.0951,0.00447,61.7
DQN_Double_PER_seed_0_1790610953,DQN_Double_PER,0,914,45750,3.90,0,0.0941,0.00489,61.7
DQN_Double_PER_seed_0_1790610953,DQN_Double_PER,0,915,45800,3.90,0,0.0932,0.00502,61.8
DQN_Double_PER_seed_0_1790610953,DQN_Double_PER,0,916,45850,3.90,0,0.0922,0.00380,61.9
DQN_Double_PER_seed_0_1790610953,DQN_Double_PER,0,917,45900,3.90,0,0.0912,0.00347,62.0
DQN_Double_PER_seed_0_1790610953,DQN_Double_PER,0,918,45950,3.30,0,0.0902,0.00313,62.0
DQN_Double_PER_seed_0_1790610953,DQN_Double_PER,0,919,46000,3.90,0,0.0892,0.00444,62.1
DQN_Double_PER_seed_0_1790610953,DQN_Double_PER,0,920,46050,3.90,0,0.0882,0.00497,62.2
DQN_Double_PER_seed_0_1790610953,DQN_Double_PER,0,921,46100,3.90,0,0.0872,0.00533,62.2
DQN_Double_PER_seed_0_1790610953,DQN_Double_PER,0,922,46150,3.90,0,0.0862,0.00511,62.3
DQN_Double_PER_seed_0_1790610953,DQN_Double_PER,0,923,46200,3.90,0,0.0852,0.00493,62.4
DQN_Double_PER_seed_0_1790610953,DQN_Double_PER,0,924,46252,4.10,0,0.0842,0.00419,62.5
DQN_Double_PER_seed_0_1790610953,DQN_Double_PER,0,925,46302,3.90,0,0.0832,0.00496,62.5
DQN_Double_PER_seed_0_1790610953,DQN_Double_PER,0,926,46352,3.90,0,0.0822,0.00429,62.6
DQN_Double_PER_seed_0_1790610953,DQN_Double_PER,0,927,46402,0.30,0,0.0812,0.00441,62.7
DQN_Double_PER_seed_0_1790610953,DQN_Double_PER,0,928,46452,3.90,0,0.0803,0.00362,62.7
DQN_Double_PER_seed_0_1790610953,DQN_Double_PER,0,929,46509,4.60,0,0.0791,0.00385,62.8
DQN_Double_PER_seed_0_1790610953,DQN_Double_PER,0,930,46559,3.90,0,0.0781,0.00663,62.9
DQN_Double_PER_seed_0_1790610953,DQN_Double_PER,0,931,46609,3.90,0,0.0771,0.00391,63.0
DQN_Double_PER_seed_0_1790610953,DQN_Double_PER,0,932,46659,3.90,0,0.0762,0.00315,63.0
DQN_Double_PER_seed_0_1790610953,DQN_Double_PER,0,933,46709,3.90,0,0.0752,0.00456,63.1
DQN_Double_PER_seed_0_1790610953,DQN_Double_PER,0,934,46759,3.90,0,0.0742,0.00451,63.2
DQN_Double_PER_seed_0_1790610953,DQN_Double_PER,0,935,46809,3.90,0,0.0732,0.00482,63.2
DQN_Double_PER_seed_0_1790610953,DQN_Double_PER,0,936,46859,3.90,0,0.0722,0.00461,63.3
DQN_Double_PER_seed_0_1790610953,DQN_Double_PER,0,937,46909,3.90,0,0.0712,0.00400,63.4
DQN_Double_PER_seed_0_1790610953,DQN_Double_PER,0,938,46964,4.40,0,0.0701,0.00316,63.5
DQN_Double_PER_seed_0_1790610953,DQN_Double_PER,0,939,47014,0.30,0,0.0691,0.00632,63.5
DQN_Double_PER_seed_0_1790610953,DQN_Double_PER,0,940,47068,4.30,0,0.0681,0.00923,63.6
DQN_Double_PER_seed_0_1790610953,DQN_Double_PER,0,941,47118,3.90,0,0.0671,0.00543,63.7
DQN_Double_PER_seed_0_1790610953,DQN_Double_PER,0,942,47168,3.30,0,0.0661,0.00692,63.8
DQN_Double_PER_seed_0_1790610953,DQN_Double_PER,0,943,47218,3.90,0,0.0651,0.00807,63.8
DQN_Double_PER_seed_0_1790610953,DQN_Double_PER,0,944,47268,0.90,0,0.0641,0.00530,63.9
DQN_Double_PER_seed_0_1790610953,DQN_Double_PER,0,945,47318,3.90,0,0.0631,0.00539,64.0
DQN_Double_PER_seed_0_1790610953,DQN_Double_PER,0,946,47368,3.90,0,0.0621,0.00465,64.0
DQN_Double_PER_seed_0_1790610953,DQN_Double_PER,0,947,47454,8.40,1,0.0604,0.00485,64.2
DQN_Double_PER_seed_0_1790610953,DQN_Double_PER,0,948,47504,3.90,0,0.0594,0.00442,64.2
DQN_Double_PER_seed_0_1790610953,DQN_Double_PER,0,949,47554,3.90,0,0.0584,0.00721,64.3
DQN_Double_PER_seed_0_1790610953,DQN_Double_PER,0,950,47608,4.30,0,0.0574,0.00479,64.4
DQN_Double_PER_seed_0_1790610953,DQN_Double_PER,0,951,47658,3.90,0,0.0564,0.00498,64.5
DQN_Double_PER_seed_0_1790610953,DQN_Double_PER,0,952,47708,3.90,0,0.0554,0.00530,64.5
DQN_Double_PER_seed_0_1790610953,DQN_Double_PER,0,953,47758,3.90,0,0.0544,0.00407,64.6
DQN_Double_PER_seed_0_1790610953,DQN_Double_PER,0,954,47808,3.90,0,0.0534,0.00452,64.7
DQN_Double_PER_seed_0_1790610953,DQN_Double_PER,0,955,47862,4.30,0,0.0523,0.00423,64.7
DQN_Double_PER_seed_0_1790610953,DQN_Double_PER,0,956,47912,3.90,0,0.0513,0.00684,64.8
DQN_Double_PER_seed_0_1790610953,DQN_Double_PER,0,957,47962,3.90,0,0.0504,0.00634,64.9
DQN_Double_PER_seed_0_1790610953,DQN_Double_PER,0,958,48012,3.90,0,0.0494,0.00535,65.0
DQN_Double_PER_seed_0_1790610953,DQN_Double_PER,0,959,48062,0.30,0,0.0484,0.00591,65.0
DQN_Double_PER_seed_0_1790610953,DQN_Double_PER,0,960,48112,3.90,0,0.0474,0.00896,65.1
DQN_Double_PER_seed_0_1790610953,DQN_Double_PER,0,961,48162,3.90,0,0.0464,0.00672,65.2
DQN_Double_PER_seed_0_1790610953,DQN_Double_PER,0,962,48212,3.90,0,0.0454,0.00498,65.2
DQN_Double_PER_seed_0_1790610953,DQN_Double_PER,0,963,48262,3.90,0,0.0444,0.00554,65.3
DQN_Double_PER_seed_0_1790610953,DQN_Double_PER,0,964,48312,3.90,0,0.0434,0.00647,65.4
DQN_Double_PER_seed_0_1790610953,DQN_Double_PER,0,965,48362,3.90,0,0.0424,0.00635,65.5
DQN_Double_PER_seed_0_1790610953,DQN_Double_PER,0,966,48412,3.90,0,0.0414,0.00616,65.5
DQN_Double_PER_seed_0_1790610953,DQN_Double_PER,0,967,48462,3.90,0,0.0405,0.00550,65.6
DQN_Double_PER_seed_0_1790610953,DQN_Double_PER,0,968,48517,4.40,0,0.0394,0.00423,65.7
DQN_Double_PER_seed_0_1790610953,DQN_Double_PER,0,969,48567,3.90,0,0.0384,0.00559,65.8
DQN_Double_PER_seed_0_1790610953,DQN_Double_PER,0,970,48617,3.90,0,0.0374,0.00596,65.8
DQN_Double_PER_seed_0_1790610953,DQN_Double_PER,0,971,48667,3.90,0,0.0364,0.00614,65.9
DQN_Double_PER_seed_0_1790610953,DQN_Double_PER,0,972,48717,3.90,0,0.0354,0.00602,66.0
DQN_Double_PER_seed_0_1790610953,DQN_Double_PER,0,973,48769,4.10,0,0.0344,0.00530,66.0
DQN_Double_PER_seed_0_1790610953,DQN_Double_PER,0,974,48819,3.90,0,0.0334,0.00427,66.1
DQN_Double_PER_seed_0_1790610953,DQN_Double_PER,0,975,48869,3.90,0,0.0324,0.00703,66.2
DQN_Double_PER_seed_0_1790610953,DQN_Double_PER,0,976,48919,3.90,0,0.0314,0.00827,66.3
DQN_Double_PER_seed_0_1790610953,DQN_Double_PER,0,977,48969,3.90,0,0.0304,0.00577,66.3
DQN_Double_PER_seed_0_1790610953,DQN_Double_PER,0,978,49019,3.90,0,0.0294,0.00485,66.4
DQN_Double_PER_seed_0_1790610953,DQN_Double_PER,0,979,49069,3.90,0,0.0284,0.00314,66.5
DQN_Double_PER_seed_0_1790610953,DQN_Double_PER,0,980,49121,4.10,0,0.0274,0.00288,66.5
DQN_Double_PER_seed_0_1790610953,DQN_Double_PER,0,981,49171,3.90,0,0.0264,0.00277,66.6
DQN_Double_PER_seed_0_1790610953,DQN_Double_PER,0,982,49231,4.90,0,0.0252,0.00301,66.7
DQN_Double_PER_seed_0_1790610953,DQN_Double_PER,0,983,49281,3.90,0,0.0242,0.00291,66.8
DQN_Double_PER_seed_0_1790610953,DQN_Double_PER,0,984,49331,3.90,0,0.0232,0.00320,66.8
DQN_Double_PER_seed_0_1790610953,DQN_Double_PER,0,985,49383,4.10,0,0.0222,0.00432,66.9
DQN_Double_PER_seed_0_1790610953,DQN_Double_PER,0,986,49433,3.90,0,0.0212,0.00315,67.0
DQN_Double_PER_seed_0_1790610953,DQN_Double_PER,0,987,49483,3.90,0,0.0202,0.00323,67.1
DQN_Double_PER_seed_0_1790610953,DQN_Double_PER,0,988,49533,3.90,0,0.0192,0.00363,67.1
DQN_Double_PER_seed_0_1790610953,DQN_Double_PER,0,989,49585,4.10,0,0.0182,0.00287,67.2
DQN_Double_PER_seed_0_1790610953,DQN_Double_PER,0,990,49635,3.90,0,0.0172,0.00344,67.3
DQN_Double_PER_seed_0_1790610953,DQN_Double_PER,0,991,49685,3.90,0,0.0162,0.00365,67.3
DQN_Double_PER_seed_0_1790610953,DQN_Double_PER,0,992,49735,3.90,0,0.0152,0.00376,67.4
DQN_Double_PER_seed_0_1790610953,DQN_Double_PER,0,993,49785,3.90,0,0.0143,0.00399,67.5
DQN_Double_PER_seed_0_1790610953,DQN_Double_PER,0,994,49835,3.90,0,0.0133,0.00324,67.6
DQN_Double_PER_seed_0_1790610953,DQN_Double_PER,0,995,49886,4.00,0,0.0123,0.00277,67.6
DQN_Double_PER_seed_0_1790610953,DQN_Double_PER,0,996,49941,4.40,0,0.0112,0.00305,67.7
DQN_Double_PER_seed_0_1790610953,DQN_Double_PER,0,997,49991,3.90,0,0.0102,0.00306,67.8
DQN_Double_PER_seed_0_1790610953,DQN_Double_PER,0,998,50041,3.90,0,0.0100,0.00388,67.9
DQN_Double_PER_seed_0_1790610953,DQN_Double_PER,0,999,50091,3.90,0,0.0100,0.00358,68.0
DQN_Double_PER_seed_0_1790610953,DQN_Double_PER,0,1000,50141,3.90,0,0.0100,0.00320,68.1
DQN_Double_PER_seed_0_1790610953,DQN_Double_PER,0,1001,50191,3.90,0,0.0100,0.00409,68.2
DQN_Double_PER_seed_0_1790610953,DQN_Double_PER,0,1002,50241,3.90,0,0.0100,0.00349,68.2
DQN_Double_PER_seed_0_1790610953,DQN_Double_PER,0,1003,50293,4.10,0,0.0100,0.00376,68.3
DQN_Double_PER_seed_0_1790610953,DQN_Double_PER,0,1004,50343,3.90,0,0.0100,0.00373,68.4
DQN_Double_PER_seed_0_1790610953,DQN_Double_PER,0,1005,50393,3.90,0,0.0100,0.00308,68.5
DQN_Double_PER_seed_0_1790610953,DQN_Double_PER,0,1006,50443,3.90,0,0.0100,0.00380,68.5
DQN_Double_PER_seed_0_1790610953,DQN_Double_PER,0,1007,50493,3.90,0,0.0100,0.00408,68.6
DQN_Double_PER_seed_0_1790610953,DQN_Double_PER,0,1008,50543,3.90,0,0.0100,0.00327,68.7
DQN_Double_PER_seed_0_1790610953,DQN_Double_PER,0,1009,50594,4.00,0,0.0100,0.00411,68.7
DQN_Double_PER_seed_0_1790610953,DQN_Double_PER,0,1010,50644,3.90,0,0.0100,0.00398,68.8
DQN_Double_PER_seed_0_1790610953,DQN_Double_PER,0,1011,50697,4.20,0,0.0100,0.00277,68.9
DQN_Double_PER_seed_0_1790610953,DQN_Double_PER,0,1012,50747,3.90,0,0.0100,0.00347,69.0
DQN_Double_PER_seed_0_1790610953,DQN_Double_PER,0,1013,50797,3.90,0,0.0100,0.00363,69.0
DQN_Double_PER_seed_0_1790610953,DQN_Double_PER,0,1014,50847,3.90,0,0.0100,0.00342,69.1
DQN_Double_PER_seed_0_1790610953,DQN_Double_PER,0,1015,50897,3.90,0,0.0100,0.00325,69.2
DQN_Double_PER_seed_0_1790610953,DQN_Double_PER,0,1016,50948,4.00,0,0.0100,0.00280,69.2
DQN_Double_PER_seed_0_1790610953,DQN_Double_PER,0,1017,50998,3.90,0,0.0100,0.00266,69.3
DQN_Double_PER_seed_0_1790610953,DQN_Double_PER,0,1018,51048,3.90,0,0.0100,0.00425,69.4
DQN_Double_PER_seed_0_1790610953,DQN_Double_PER,0,1019,51098,3.90,0,0.0100,0.00413,69.5
DQN_Double_PER_seed_0_1790610953,DQN_Double_PER,0,1020,51148,3.90,0,0.0100,0.00389,69.5
DQN_Double_PER_seed_0_1790610953,DQN_Double_PER,0,1021,51198,3.90,0,0.0100,0.00390,69.6
DQN_Double_PER_seed_0_1790610953,DQN_Double_PER,0,1022,51248,3.90,0,0.0100,0.00870,69.7
DQN_Double_PER_seed_0_1790610953,DQN_Double_PER,0,1023,51298,3.90,0,0.0100,0.00416,69.7
DQN_Double_PER_seed_0_1790610953,DQN_Double_PER,0,1024,51348,3.90,0,0.0100,0.00366,69.8
DQN_Double_PER_seed_0_1790610953,DQN_Double_PER,0,1025,51398,3.90,0,0.0100,0.00356,69.9
DQN_Double_PER_seed_0_1790610953,DQN_Double_PER,0,1026,51448,3.90,0,0.0100,0.00356,70.0
DQN_Double_PER_seed_0_1790610953,DQN_Double_PER,0,1027,51498,3.90,0,0.0100,0.00286,70.0
DQN_Double_PER_seed_0_1790610953,DQN_Double_PER,0,1028,51548,3.90,0,0.0100,0.00298,70.1
DQN_Double_PER_seed_0_1790610953,DQN_Double_PER,0,1029,51598,3.90,0,0.0100,0.00338,70.2
DQN_Double_PER_seed_0_1790610953,DQN_Double_PER,0,1030,51648,3.90,0,0.0100,0.00414,70.3
DQN_Double_PER_seed_0_1790610953,DQN_Double_PER,0,1031,51698,3.90,0,0.0100,0.00364,70.3
DQN_Double_PER_seed_0_1790610953,DQN_Double_PER,0,1032,51754,4.50,0,0.0100,0.00324,70.4
DQN_Double_PER_seed_0_1790610953,DQN_Double_PER,0,1033,51807,4.20,0,0.0100,0.00292,70.5
DQN_Double_PER_seed_0_1790610953,DQN_Double_PER,0,1034,51857,3.90,0,0.0100,0.00328,70.6
DQN_Double_PER_seed_0_1790610953,DQN_Double_PER,0,1035,51907,3.90,0,0.0100,0.00317,70.6
DQN_Double_PER_seed_0_1790610953,DQN_Double_PER,0,1036,51957,3.90,0,0.0100,0.00303,70.7
DQN_Double_PER_seed_0_1790610953,DQN_Double_PER,0,1037,52007,3.90,0,0.0100,0.00448,70.8
DQN_Double_PER_seed_0_1790610953,DQN_Double_PER,0,1038,52060,4.20,0,0.0100,0.00446,70.8
DQN_Double_PER_seed_0_1790610953,DQN_Double_PER,0,1039,52110,3.90,0,0.0100,0.00856,70.9
DQN_Double_PER_seed_0_1790610953,DQN_Double_PER,0,1040,52164,4.30,0,0.0100,0.00560,71.0
DQN_Double_PER_seed_0_1790610953,DQN_Double_PER,0,1041,52214,3.90,0,0.0100,0.00437,71.1
DQN_Double_PER_seed_0_1790610953,DQN_Double_PER,0,1042,52267,4.20,0,0.0100,0.00383,71.1
DQN_Double_PER_seed_0_1790610953,DQN_Double_PER,0,1043,52319,4.10,0,0.0100,0.00331,71.2
DQN_Double_PER_seed_0_1790610953,DQN_Double_PER,0,1044,52369,3.90,0,0.0100,0.00287,71.3
DQN_Double_PER_seed_0_1790610953,DQN_Double_PER,0,1045,52431,6.00,1,0.0100,0.00327,71.4
DQN_Double_PER_seed_0_1790610953,DQN_Double_PER,0,1046,52481,3.90,0,0.0100,0.00407,71.4
DQN_Double_PER_seed_0_1790610953,DQN_Double_PER,0,1047,52531,3.90,0,0.0100,0.00345,71.5
DQN_Double_PER_seed_0_1790610953,DQN_Double_PER,0,1048,52585,4.30,0,0.0100,0.00390,71.6
DQN_Double_PER_seed_0_1790610953,DQN_Double_PER,0,1049,52635,3.90,0,0.0100,0.00388,71.7
DQN_Double_PER_seed_0_1790610953,DQN_Double_PER,0,1050,52685,3.90,0,0.0100,0.00502,71.7
DQN_Double_PER_seed_0_1790610953,DQN_Double_PER,0,1051,52735,3.90,0,0.0100,0.00411,71.8
DQN_Double_PER_seed_0_1790610953,DQN_Double_PER,0,1052,52785,3.90,0,0.0100,0.00417,71.9
DQN_Double_PER_seed_0_1790610953,DQN_Double_PER,0,1053,52835,3.90,0,0.0100,0.00272,72.0
DQN_Double_PER_seed_0_1790610953,DQN_Double_PER,0,1054,52886,4.00,0,0.0100,0.00328,72.0
DQN_Double_PER_seed_0_1790610953,DQN_Double_PER,0,1055,52940,4.30,0,0.0100,0.00315,72.1
DQN_Double_PER_seed_0_1790610953,DQN_Double_PER,0,1056,52990,3.90,0,0.0100,0.00306,72.2
DQN_Double_PER_seed_0_1790610953,DQN_Double_PER,0,1057,53040,3.90,0,0.0100,0.00497,72.3
DQN_Double_PER_seed_0_1790610953,DQN_Double_PER,0,1058,53090,3.90,0,0.0100,0.00423,72.3
DQN_Double_PER_seed_0_1790610953,DQN_Double_PER,0,1059,53140,3.90,0,0.0100,0.00451,72.4
DQN_Double_PER_seed_0_1790610953,DQN_Double_PER,0,1060,53190,3.90,0,0.0100,0.00381,72.5
DQN_Double_PER_seed_0_1790610953,DQN_Double_PER,0,1061,53240,3.90,0,0.0100,0.00375,72.5
DQN_Double_PER_seed_0_1790610953,DQN_Double_PER,0,1062,53290,3.90,0,0.0100,0.00370,72.6
DQN_Double_PER_seed_0_1790610953,DQN_Double_PER,0,1063,53340,3.90,0,0.0100,0.00366,72.7
DQN_Double_PER_seed_0_1790610953,DQN_Double_PER,0,1064,53390,3.90,0,0.0100,0.00361,72.8
DQN_Double_PER_seed_0_1790610953,DQN_Double_PER,0,1065,53440,3.90,0,0.0100,0.00415,72.8
DQN_Double_PER_seed_0_1790610953,DQN_Double_PER,0,1066,53490,3.90,0,0.0100,0.00419,72.9
DQN_Double_PER_seed_0_1790610953,DQN_Double_PER,0,1067,53540,3.90,0,0.0100,0.00311,73.0
DQN_Double_PER_seed_0_1790610953,DQN_Double_PER,0,1068,53590,3.90,0,0.0100,0.00505,73.0
DQN_Double_PER_seed_0_1790610953,DQN_Double_PER,0,1069,53640,3.90,0,0.0100,0.00374,73.1
DQN_Double_PER_seed_0_1790610953,DQN_Double_PER,0,1070,53695,4.40,0,0.0100,0.00370,73.2
DQN_Double_PER_seed_0_1790610953,DQN_Double_PER,0,1071,53745,3.90,0,0.0100,0.00393,73.3
DQN_Double_PER_seed_0_1790610953,DQN_Double_PER,0,1072,53797,4.10,0,0.0100,0.00341,73.3
DQN_Double_PER_seed_0_1790610953,DQN_Double_PER,0,1073,53847,3.90,0,0.0100,0.00559,73.4
DQN_Double_PER_seed_0_1790610953,DQN_Double_PER,0,1074,53897,3.90,0,0.0100,0.00317,73.5
DQN_Double_PER_seed_0_1790610953,DQN_Double_PER,0,1075,53947,3.90,0,0.0100,0.00283,73.6
DQN_Double_PER_seed_0_1790610953,DQN_Double_PER,0,1076,53997,3.90,0,0.0100,0.00410,73.6
DQN_Double_PER_seed_0_1790610953,DQN_Double_PER,0,1077,54047,3.90,0,0.0100,0.00532,73.7
DQN_Double_PER_seed_0_1790610953,DQN_Double_PER,0,1078,54097,3.90,0,0.0100,0.00432,73.8
DQN_Double_PER_seed_0_1790610953,DQN_Double_PER,0,1079,54147,3.90,0,0.0100,0.00379,73.8
DQN_Double_PER_seed_0_1790610953,DQN_Double_PER,0,1080,54197,3.90,0,0.0100,0.00476,73.9
DQN_Double_PER_seed_0_1790610953,DQN_Double_PER,0,1081,54247,3.90,0,0.0100,0.00326,74.0
DQN_Double_PER_seed_0_1790610953,DQN_Double_PER,0,1082,54297,3.90,0,0.0100,0.00362,74.1
DQN_Double_PER_seed_0_1790610953,DQN_Double_PER,0,1083,54347,3.90,0,0.0100,0.00332,74.1
DQN_Double_PER_seed_0_1790610953,DQN_Double_PER,0,1084,54397,3.90,0,0.0100,0.00368,74.2
DQN_Double_PER_seed_0_1790610953,DQN_Double_PER,0,1085,54447,3.90,0,0.0100,0.00494,74.3
DQN_Double_PER_seed_0_1790610953,DQN_Double_PER,0,1086,54497,3.90,0,0.0100,0.00386,74.3
DQN_Double_PER_seed_0_1790610953,DQN_Double_PER,0,1087,54547,3.90,0,0.0100,0.00285,74.4
DQN_Double_PER_seed_0_1790610953,DQN_Double_PER,0,1088,54597,3.90,0,0.0100,0.00346,74.5
DQN_Double_PER_seed_0_1790610953,DQN_Double_PER,0,1089,54647,3.90,0,0.0100,0.00325,74.6
DQN_Double_PER_seed_0_1790610953,DQN_Double_PER,0,1090,54697,3.90,0,0.0100,0.00286,74.6
DQN_Double_PER_seed_0_1790610953,DQN_Double_PER,0,1091,54747,3.90,0,0.0100,0.00330,74.7
DQN_Double_PER_seed_0_1790610953,DQN_Double_PER,0,1092,54797,3.90,0,0.0100,0.00333,74.8
DQN_Double_PER_seed_0_1790610953,DQN_Double_PER,0,1093,54847,3.90,0,0.0100,0.00359,74.8
DQN_Double_PER_seed_0_1790610953,DQN_Double_PER,0,1094,54897,3.90,0,0.0100,0.00325,74.9
DQN_Double_PER_seed_0_1790610953,DQN_Double_PER,0,1095,54947,3.90,0,0.0100,0.00335,75.0
DQN_Double_PER_seed_0_1790610953,DQN_Double_PER,0,1096,54997,3.90,0,0.0100,0.00416,75.1
DQN_Double_PER_seed_0_1790610953,DQN_Double_PER,0,1097,55047,3.90,0,0.0100,0.00586,75.2
DQN_Double_PER_seed_0_1790610953,DQN_Double_PER,0,1098,55133,8.40,1,0.0100,0.00336,75.3
DQN_Double_PER_seed_0_1790610953,DQN_Double_PER,0,1099,55183,3.90,0,0.0100,0.00548,75.4
DQN_Double_PER_seed_0_1790610953,DQN_Double_PER,0,1100,55233,3.90,0,0.0100,0.00463,75.5
DQN_Double_PER_seed_0_1790610953,DQN_Double_PER,0,1101,55283,3.90,0,0.0100,0.00387,75.6
DQN_Double_PER_seed_0_1790610953,DQN_Double_PER,0,1102,55333,3.90,0,0.0100,0.00440,75.6
DQN_Double_PER_seed_0_1790610953,DQN_Double_PER,0,1103,55385,4.10,0,0.0100,0.00418,75.7
DQN_Double_PER_seed_0_1790610953,DQN_Double_PER,0,1104,55435,3.90,0,0.0100,0.00430,75.8
DQN_Double_PER_seed_0_1790610953,DQN_Double_PER,0,1105,55485,3.90,0,0.0100,0.00327,75.9
DQN_Double_PER_seed_0_1790610953,DQN_Double_PER,0,1106,55535,3.90,0,0.0100,0.00331,75.9
DQN_Double_PER_seed_0_1790610953,DQN_Double_PER,0,1107,55585,3.90,0,0.0100,0.00409,76.0
DQN_Double_PER_seed_0_1790610953,DQN_Double_PER,0,1108,55635,3.90,0,0.0100,0.00382,76.1
DQN_Double_PER_seed_0_1790610953,DQN_Double_PER,0,1109,55685,3.90,0,0.0100,0.00398,76.1
DQN_Double_PER_seed_0_1790610953,DQN_Double_PER,0,1110,55735,3.90,0,0.0100,0.00389,76.2
DQN_Double_PER_seed_0_1790610953,DQN_Double_PER,0,1111,55785,3.90,0,0.0100,0.00327,76.3
DQN_Double_PER_seed_0_1790610953,DQN_Double_PER,0,1112,55835,3.90,0,0.0100,0.00333,76.4
DQN_Double_PER_seed_0_1790610953,DQN_Double_PER,0,1113,55885,3.90,0,0.0100,0.00469,76.4
DQN_Double_PER_seed_0_1790610953,DQN_Double_PER,0,1114,55935,3.90,0,0.0100,0.00278,76.5
DQN_Double_PER_seed_0_1790610953,DQN_Double_PER,0,1115,55985,3.90,0,0.0100,0.00306,76.6
DQN_Double_PER_seed_0_1790610953,DQN_Double_PER,0,1116,56035,3.90,0,0.0100,0.00471,76.6
DQN_Double_PER_seed_0_1790610953,DQN_Double_PER,0,1117,56085,3.90,0,0.0100,0.00566,76.7
DQN_Double_PER_seed_0_1790610953,DQN_Double_PER,0,1118,56135,3.90,0,0.0100,0.00457,76.8
DQN_Double_PER_seed_0_1790610953,DQN_Double_PER,0,1119,56185,3.90,0,0.0100,0.00542,76.9
DQN_Double_PER_seed_0_1790610953,DQN_Double_PER,0,1120,56235,3.90,0,0.0100,0.00443,76.9
DQN_Double_PER_seed_0_1790610953,DQN_Double_PER,0,1121,56285,3.90,0,0.0100,0.00443,77.0
DQN_Double_PER_seed_0_1790610953,DQN_Double_PER,0,1122,56335,3.90,0,0.0100,0.00443,77.1
DQN_Double_PER_seed_0_1790610953,DQN_Double_PER,0,1123,56385,3.90,0,0.0100,0.00460,77.1
DQN_Double_PER_seed_0_1790610953,DQN_Double_PER,0,1124,56435,3.90,0,0.0100,0.00417,77.2
DQN_Double_PER_seed_0_1790610953,DQN_Double_PER,0,1125,56485,3.90,0,0.0100,0.00404,77.3
DQN_Double_PER_seed_0_1790610953,DQN_Double_PER,0,1126,56535,3.90,0,0.0100,0.00351,77.4
DQN_Double_PER_seed_0_1790610953,DQN_Double_PER,0,1127,56585,3.90,0,0.0100,0.00499,77.4
DQN_Double_PER_seed_0_1790610953,DQN_Double_PER,0,1128,56635,3.90,0,0.0100,0.00589,77.5
DQN_Double_PER_seed_0_1790610953,DQN_Double_PER,0,1129,56685,3.90,0,0.0100,0.00427,77.6
DQN_Double_PER_seed_0_1790610953,DQN_Double_PER,0,1130,56735,3.90,0,0.0100,0.00467,77.7
DQN_Double_PER_seed_0_1790610953,DQN_Double_PER,0,1131,56785,3.90,0,0.0100,0.00442,77.7
DQN_Double_PER_seed_0_1790610953,DQN_Double_PER,0,1132,56835,3.90,0,0.0100,0.00455,77.8
DQN_Double_PER_seed_0_1790610953,DQN_Double_PER,0,1133,56885,3.90,0,0.0100,0.00341,77.9
DQN_Double_PER_seed_0_1790610953,DQN_Double_PER,0,1134,56936,4.00,0,0.0100,0.00393,77.9
DQN_Double_PER_seed_0_1790610953,DQN_Double_PER,0,1135,56986,3.90,0,0.0100,0.00380,78.0
DQN_Double_PER_seed_0_1790610953,DQN_Double_PER,0,1136,57036,3.90,0,0.0100,0.00824,78.1
DQN_Double_PER_seed_0_1790610953,DQN_Double_PER,0,1137,57086,3.90,0,0.0100,0.00460,78.2
DQN_Double_PER_seed_0_1790610953,DQN_Double_PER,0,1138,57136,3.90,0,0.0100,0.00372,78.2
DQN_Double_PER_seed_0_1790610953,DQN_Double_PER,0,1139,57186,3.90,0,0.0100,0.00349,78.3
DQN_Double_PER_seed_0_1790610953,DQN_Double_PER,0,1140,57236,3.90,0,0.0100,0.00392,78.4
DQN_Double_PER_seed_0_1790610953,DQN_Double_PER,0,1141,57286,3.90,0,0.0100,0.00350,78.4
DQN_Double_PER_seed_0_1790610953,DQN_Double_PER,0,1142,57336,3.90,0,0.0100,0.00469,78.5
DQN_Double_PER_seed_0_1790610953,DQN_Double_PER,0,1143,57386,3.90,0,0.0100,0.00520,78.6
DQN_Double_PER_seed_0_1790610953,DQN_Double_PER,0,1144,57436,3.90,0,0.0100,0.00288,78.7
DQN_Double_PER_seed_0_1790610953,DQN_Double_PER,0,1145,57486,3.90,0,0.0100,0.00306,78.7
DQN_Double_PER_seed_0_1790610953,DQN_Double_PER,0,1146,57542,4.50,0,0.0100,0.00356,78.8
DQN_Double_PER_seed_0_1790610953,DQN_Double_PER,0,1147,57597,4.40,0,0.0100,0.00511,78.9
DQN_Double_PER_seed_0_1790610953,DQN_Double_PER,0,1148,57647,3.90,0,0.0100,0.00359,79.0
DQN_Double_PER_seed_0_1790610953,DQN_Double_PER,0,1149,57701,4.30,0,0.0100,0.00400,79.0
DQN_Double_PER_seed_0_1790610953,DQN_Double_PER,0,1150,57768,6.50,1,0.0100,0.00283,79.1
DQN_Double_PER_seed_0_1790610953,DQN_Double_PER,0,1151,57820,4.10,0,0.0100,0.00413,79.2
DQN_Double_PER_seed_0_1790610953,DQN_Double_PER,0,1152,57870,3.90,0,0.0100,0.00376,79.3
DQN_Double_PER_seed_0_1790610953,DQN_Double_PER,0,1153,57920,3.90,0,0.0100,0.00253,79.4
DQN_Double_PER_seed_0_1790610953,DQN_Double_PER,0,1154,57970,3.90,0,0.0100,0.00220,79.4
DQN_Double_PER_seed_0_1790610953,DQN_Double_PER,0,1155,58020,3.90,0,0.0100,0.00414,79.5
DQN_Double_PER_seed_0_1790610953,DQN_Double_PER,0,1156,58070,3.90,0,0.0100,0.00405,79.6
DQN_Double_PER_seed_0_1790610953,DQN_Double_PER,0,1157,58120,3.90,0,0.0100,0.00266,79.7
DQN_Double_PER_seed_0_1790610953,DQN_Double_PER,0,1158,58170,3.90,0,0.0100,0.00239,79.7
DQN_Double_PER_seed_0_1790610953,DQN_Double_PER,0,1159,58220,3.90,0,0.0100,0.00272,79.8
DQN_Double_PER_seed_0_1790610953,DQN_Double_PER,0,1160,58270,3.90,0,0.0100,0.00292,79.9
DQN_Double_PER_seed_0_1790610953,DQN_Double_PER,0,1161,58320,3.90,0,0.0100,0.00347,79.9
DQN_Double_PER_seed_0_1790610953,DQN_Double_PER,0,1162,58370,3.90,0,0.0100,0.00336,80.0
DQN_Double_PER_seed_0_1790610953,DQN_Double_PER,0,1163,58423,4.20,0,0.0100,0.00270,80.1
DQN_Double_PER_seed_0_1790610953,DQN_Double_PER,0,1164,58486,6.10,1,0.0100,0.00293,80.2
DQN_Double_PER_seed_0_1790610953,DQN_Double_PER,0,1165,58537,4.00,0,0.0100,0.00266,80.3
DQN_Double_PER_seed_0_1790610953,DQN_Double_PER,0,1166,58587,3.90,0,0.0100,0.00260,80.3
DQN_Double_PER_seed_0_1790610953,DQN_Double_PER,0,1167,58637,3.90,0,0.0100,0.00358,80.4
DQN_Double_PER_seed_0_1790610953,DQN_Double_PER,0,1168,58687,3.90,0,0.0100,0.00311,80.5
DQN_Double_PER_seed_0_1790610953,DQN_Double_PER,0,1169,58737,3.90,0,0.0100,0.00251,80.5
DQN_Double_PER_seed_0_1790610953,DQN_Double_PER,0,1170,58790,4.20,0,0.0100,0.00258,80.6
DQN_Double_PER_seed_0_1790610953,DQN_Double_PER,0,1171,58840,3.90,0,0.0100,0.00236,80.7
DQN_Double_PER_seed_0_1790610953,DQN_Double_PER,0,1172,58890,3.90,0,0.0100,0.00277,80.8
DQN_Double_PER_seed_0_1790610953,DQN_Double_PER,0,1173,58940,3.90,0,0.0100,0.00286,80.8
DQN_Double_PER_seed_0_1790610953,DQN_Double_PER,0,1174,58990,3.90,0,0.0100,0.00283,80.9
DQN_Double_PER_seed_0_1790610953,DQN_Double_PER,0,1175,59040,3.90,0,0.0100,0.00390,81.0
DQN_Double_PER_seed_0_1790610953,DQN_Double_PER,0,1176,59090,3.90,0,0.0100,0.00393,81.1
DQN_Double_PER_seed_0_1790610953,DQN_Double_PER,0,1177,59140,3.90,0,0.0100,0.00341,81.1
DQN_Double_PER_seed_0_1790610953,DQN_Double_PER,0,1178,59190,3.90,0,0.0100,0.00334,81.2
DQN_Double_PER_seed_0_1790610953,DQN_Double_PER,0,1179,59242,4.10,0,0.0100,0.00311,81.3
DQN_Double_PER_seed_0_1790610953,DQN_Double_PER,0,1180,59292,3.90,0,0.0100,0.00305,81.4
DQN_Double_PER_seed_0_1790610953,DQN_Double_PER,0,1181,59342,3.90,0,0.0100,0.00403,81.5
DQN_Double_PER_seed_0_1790610953,DQN_Double_PER,0,1182,59392,3.90,0,0.0100,0.00515,81.5
DQN_Double_PER_seed_0_1790610953,DQN_Double_PER,0,1183,59442,3.90,0,0.0100,0.00321,81.6
DQN_Double_PER_seed_0_1790610953,DQN_Double_PER,0,1184,59493,4.00,0,0.0100,0.00311,81.7
DQN_Double_PER_seed_0_1790610953,DQN_Double_PER,0,1185,59562,6.70,1,0.0100,0.00592,81.8
DQN_Double_PER_seed_0_1790610953,DQN_Double_PER,0,1186,59612,3.90,0,0.0100,0.00414,81.8
DQN_Double_PER_seed_0_1790610953,DQN_Double_PER,0,1187,59662,3.90,0,0.0100,0.00297,81.9
DQN_Double_PER_seed_0_1790610953,DQN_Double_PER,0,1188,59712,3.90,0,0.0100,0.00221,82.0
DQN_Double_PER_seed_0_1790610953,DQN_Double_PER,0,1189,59762,3.90,0,0.0100,0.00261,82.1
DQN_Double_PER_seed_0_1790610953,DQN_Double_PER,0,1190,59812,3.90,0,0.0100,0.00285,82.1
DQN_Double_PER_seed_0_1790610953,DQN_Double_PER,0,1191,59862,3.90,0,0.0100,0.00257,82.2
DQN_Double_PER_seed_0_1790610953,DQN_Double_PER,0,1192,59912,3.90,0,0.0100,0.00252,82.3
DQN_Double_PER_seed_0_1790610953,DQN_Double_PER,0,1193,59962,3.90,0,0.0100,0.00237,82.4
DQN_Double_PER_seed_0_1790610953,DQN_Double_PER,0,1194,60012,3.90,0,0.0100,0.00293,82.5
DQN_Double_PER_seed_0_1790610953,DQN_Double_PER,0,1195,60062,3.90,0,0.0100,0.00351,82.6
DQN_Double_PER_seed_0_1790610953,DQN_Double_PER,0,1196,60113,4.00,0,0.0100,0.00331,82.7
DQN_Double_PER_seed_0_1790610953,DQN_Double_PER,0,1197,60163,3.90,0,0.0100,0.00242,82.7
DQN_Double_PER_seed_0_1790610953,DQN_Double_PER,0,1198,60213,3.90,0,0.0100,0.00399,82.8
DQN_Double_PER_seed_0_1790610953,DQN_Double_PER,0,1199,60263,2.70,0,0.0100,0.00323,82.9
DQN_Double_PER_seed_0_1790610953,DQN_Double_PER,0,1200,60313,3.90,0,0.0100,0.00283,83.0
DQN_Double_PER_seed_0_1790610953,DQN_Double_PER,0,1201,60363,3.90,0,0.0100,0.00243,83.0
DQN_Double_PER_seed_0_1790610953,DQN_Double_PER,0,1202,60413,3.90,0,0.0100,0.00326,83.1
DQN_Double_PER_seed_0_1790610953,DQN_Double_PER,0,1203,60463,3.90,0,0.0100,0.00364,83.2
DQN_Double_PER_seed_0_1790610953,DQN_Double_PER,0,1204,60513,3.90,0,0.0100,0.00311,83.2
DQN_Double_PER_seed_0_1790610953,DQN_Double_PER,0,1205,60563,3.90,0,0.0100,0.00268,83.3
DQN_Double_PER_seed_0_1790610953,DQN_Double_PER,0,1206,60613,3.90,0,0.0100,0.00243,83.4
DQN_Double_PER_seed_0_1790610953,DQN_Double_PER,0,1207,60663,3.90,0,0.0100,0.00272,83.5
DQN_Double_PER_seed_0_1790610953,DQN_Double_PER,0,1208,60717,4.30,0,0.0100,0.00294,83.5
DQN_Double_PER_seed_0_1790610953,DQN_Double_PER,0,1209,60783,6.40,1,0.0100,0.00229,83.6
DQN_Double_PER_seed_0_1790610953,DQN_Double_PER,0,1210,60833,3.90,0,0.0100,0.00390,83.7
DQN_Double_PER_seed_0_1790610953,DQN_Double_PER,0,1211,60884,4.00,0,0.0100,0.00715,83.8
DQN_Double_PER_seed_0_1790610953,DQN_Double_PER,0,1212,60934,3.90,0,0.0100,0.00355,83.9
DQN_Double_PER_seed_0_1790610953,DQN_Double_PER,0,1213,60984,3.90,0,0.0100,0.00217,83.9
DQN_Double_PER_seed_0_1790610953,DQN_Double_PER,0,1214,61034,3.90,0,0.0100,0.00337,84.0
DQN_Double_PER_seed_0_1790610953,DQN_Double_PER,0,1215,61084,3.90,0,0.0100,0.00351,84.1
DQN_Double_PER_seed_0_1790610953,DQN_Double_PER,0,1216,61134,3.90,0,0.0100,0.00277,84.2
DQN_Double_PER_seed_0_1790610953,DQN_Double_PER,0,1217,61184,3.90,0,0.0100,0.00302,84.2
DQN_Double_PER_seed_0_1790610953,DQN_Double_PER,0,1218,61234,3.90,0,0.0100,0.00277,84.3
DQN_Double_PER_seed_0_1790610953,DQN_Double_PER,0,1219,61284,3.90,0,0.0100,0.00352,84.4
DQN_Double_PER_seed_0_1790610953,DQN_Double_PER,0,1220,61334,3.90,0,0.0100,0.00441,84.4
DQN_Double_PER_seed_0_1790610953,DQN_Double_PER,0,1221,61384,3.90,0,0.0100,0.00501,84.5
DQN_Double_PER_seed_0_1790610953,DQN_Double_PER,0,1222,61434,3.90,0,0.0100,0.00293,84.6
DQN_Double_PER_seed_0_1790610953,DQN_Double_PER,0,1223,61484,3.90,0,0.0100,0.00287,84.7
DQN_Double_PER_seed_0_1790610953,DQN_Double_PER,0,1224,61534,3.90,0,0.0100,0.00266,84.7
DQN_Double_PER_seed_0_1790610953,DQN_Double_PER,0,1225,61584,3.90,0,0.0100,0.00325,84.8
DQN_Double_PER_seed_0_1790610953,DQN_Double_PER,0,1226,61635,4.00,0,0.0100,0.00271,84.9
DQN_Double_PER_seed_0_1790610953,DQN_Double_PER,0,1227,61685,3.90,0,0.0100,0.00203,85.0
DQN_Double_PER_seed_0_1790610953,DQN_Double_PER,0,1228,61735,3.90,0,0.0100,0.00243,85.0
DQN_Double_PER_seed_0_1790610953,DQN_Double_PER,0,1229,61785,3.90,0,0.0100,0.00281,85.1
DQN_Double_PER_seed_0_1790610953,DQN_Double_PER,0,1230,61835,3.90,0,0.0100,0.00262,85.2
DQN_Double_PER_seed_0_1790610953,DQN_Double_PER,0,1231,61885,3.90,0,0.0100,0.00272,85.3
DQN_Double_PER_seed_0_1790610953,DQN_Double_PER,0,1232,61935,3.90,0,0.0100,0.00275,85.3
DQN_Double_PER_seed_0_1790610953,DQN_Double_PER,0,1233,61985,3.90,0,0.0100,0.00226,85.4
DQN_Double_PER_seed_0_1790610953,DQN_Double_PER,0,1234,62035,3.90,0,0.0100,0.00393,85.5
DQN_Double_PER_seed_0_1790610953,DQN_Double_PER,0,1235,62085,3.90,0,0.0100,0.00385,85.5
DQN_Double_PER_seed_0_1790610953,DQN_Double_PER,0,1236,62135,3.90,0,0.0100,0.00437,85.6
DQN_Double_PER_seed_0_1790610953,DQN_Double_PER,0,1237,62185,3.90,0,0.0100,0.00313,85.7
DQN_Double_PER_seed_0_1790610953,DQN_Double_PER,0,1238,62235,3.90,0,0.0100,0.00363,85.8
DQN_Double_PER_seed_0_1790610953,DQN_Double_PER,0,1239,62285,3.90,0,0.0100,0.00271,85.8
DQN_Double_PER_seed_0_1790610953,DQN_Double_PER,0,1240,62335,3.90,0,0.0100,0.00309,85.9
DQN_Double_PER_seed_0_1790610953,DQN_Double_PER,0,1241,62385,3.90,0,0.0100,0.00246,86.0
DQN_Double_PER_seed_0_1790610953,DQN_Double_PER,0,1242,62435,3.90,0,0.0100,0.00307,86.1
DQN_Double_PER_seed_0_1790610953,DQN_Double_PER,0,1243,62485,3.90,0,0.0100,0.00321,86.1
DQN_Double_PER_seed_0_1790610953,DQN_Double_PER,0,1244,62535,3.90,0,0.0100,0.00308,86.2
DQN_Double_PER_seed_0_1790610953,DQN_Double_PER,0,1245,62585,3.90,0,0.0100,0.00324,86.3
DQN_Double_PER_seed_0_1790610953,DQN_Double_PER,0,1246,62635,3.90,0,0.0100,0.00252,86.3
DQN_Double_PER_seed_0_1790610953,DQN_Double_PER,0,1247,62687,4.10,0,0.0100,0.00246,86.4
DQN_Double_PER_seed_0_1790610953,DQN_Double_PER,0,1248,62737,3.90,0,0.0100,0.00274,86.5
DQN_Double_PER_seed_0_1790610953,DQN_Double_PER,0,1249,62787,3.90,0,0.0100,0.00384,86.6
DQN_Double_PER_seed_0_1790610953,DQN_Double_PER,0,1250,62837,3.90,0,0.0100,0.00297,86.7
DQN_Double_PER_seed_0_1790610953,DQN_Double_PER,0,1251,62887,3.90,0,0.0100,0.00366,86.7
DQN_Double_PER_seed_0_1790610953,DQN_Double_PER,0,1252,62937,3.90,0,0.0100,0.00317,86.8
DQN_Double_PER_seed_0_1790610953,DQN_Double_PER,0,1253,62987,3.90,0,0.0100,0.00351,87.0
DQN_Double_PER_seed_0_1790610953,DQN_Double_PER,0,1254,63037,3.90,0,0.0100,0.00319,87.1
DQN_Double_PER_seed_0_1790610953,DQN_Double_PER,0,1255,63087,3.90,0,0.0100,0.00229,87.2
DQN_Double_PER_seed_0_1790610953,DQN_Double_PER,0,1256,63137,3.90,0,0.0100,0.00285,87.3
DQN_Double_PER_seed_0_1790610953,DQN_Double_PER,0,1257,63187,3.90,0,0.0100,0.00274,87.4
DQN_Double_PER_seed_0_1790610953,DQN_Double_PER,0,1258,63237,3.90,0,0.0100,0.00374,87.4
DQN_Double_PER_seed_0_1790610953,DQN_Double_PER,0,1259,63287,3.90,0,0.0100,0.00227,87.5
DQN_Double_PER_seed_0_1790610953,DQN_Double_PER,0,1260,63337,3.90,0,0.0100,0.00425,87.6
DQN_Double_PER_seed_0_1790610953,DQN_Double_PER,0,1261,63387,3.90,0,0.0100,0.00267,87.7
DQN_Double_PER_seed_0_1790610953,DQN_Double_PER,0,1262,63437,3.90,0,0.0100,0.00260,87.7
DQN_Double_PER_seed_0_1790610953,DQN_Double_PER,0,1263,63487,3.90,0,0.0100,0.00207,87.8
DQN_Double_PER_seed_0_1790610953,DQN_Double_PER,0,1264,63537,3.90,0,0.0100,0.00364,87.9
DQN_Double_PER_seed_0_1790610953,DQN_Double_PER,0,1265,63587,3.90,0,0.0100,0.00250,88.0
DQN_Double_PER_seed_0_1790610953,DQN_Double_PER,0,1266,63637,3.90,0,0.0100,0.00256,88.0
DQN_Double_PER_seed_0_1790610953,DQN_Double_PER,0,1267,63687,3.90,0,0.0100,0.00243,88.1
DQN_Double_PER_seed_0_1790610953,DQN_Double_PER,0,1268,63737,3.90,0,0.0100,0.00328,88.2
DQN_Double_PER_seed_0_1790610953,DQN_Double_PER,0,1269,63787,3.90,0,0.0100,0.00248,88.3
DQN_Double_PER_seed_0_1790610953,DQN_Double_PER,0,1270,63837,3.90,0,0.0100,0.00270,88.3
DQN_Double_PER_seed_0_1790610953,DQN_Double_PER,0,1271,63887,3.90,0,0.0100,0.00238,88.4
DQN_Double_PER_seed_0_1790610953,DQN_Double_PER,0,1272,63937,3.90,0,0.0100,0.00222,88.5
DQN_Double_PER_seed_0_1790610953,DQN_Double_PER,0,1273,63987,3.90,0,0.0100,0.00234,88.5
DQN_Double_PER_seed_0_1790610953,DQN_Double_PER,0,1274,64054,6.50,1,0.0100,0.00383,88.6
DQN_Double_PER_seed_0_1790610953,DQN_Double_PER,0,1275,64104,3.90,0,0.0100,0.00275,88.7
DQN_Double_PER_seed_0_1790610953,DQN_Double_PER,0,1276,64154,3.90,0,0.0100,0.00265,88.8
DQN_Double_PER_seed_0_1790610953,DQN_Double_PER,0,1277,64204,3.90,0,0.0100,0.00304,88.9
DQN_Double_PER_seed_0_1790610953,DQN_Double_PER,0,1278,64254,3.90,0,0.0100,0.00329,88.9
DQN_Double_PER_seed_0_1790610953,DQN_Double_PER,0,1279,64304,3.90,0,0.0100,0.00419,89.0
DQN_Double_PER_seed_0_1790610953,DQN_Double_PER,0,1280,64354,3.90,0,0.0100,0.00279,89.1
DQN_Double_PER_seed_0_1790610953,DQN_Double_PER,0,1281,64404,3.90,0,0.0100,0.00248,89.2
DQN_Double_PER_seed_0_1790610953,DQN_Double_PER,0,1282,64454,3.90,0,0.0100,0.00276,89.2
DQN_Double_PER_seed_0_1790610953,DQN_Double_PER,0,1283,64504,3.90,0,0.0100,0.00271,89.3
DQN_Double_PER_seed_0_1790610953,DQN_Double_PER,0,1284,64567,6.10,1,0.0100,0.00582,89.4
DQN_Double_PER_seed_0_1790610953,DQN_Double_PER,0,1285,64617,3.90,0,0.0100,0.00391,89.5
DQN_Double_PER_seed_0_1790610953,DQN_Double_PER,0,1286,64667,3.90,0,0.0100,0.00315,89.5
DQN_Double_PER_seed_0_1790610953,DQN_Double_PER,0,1287,64717,3.90,0,0.0100,0.00269,89.6
DQN_Double_PER_seed_0_1790610953,DQN_Double_PER,0,1288,64767,3.90,0,0.0100,0.00337,89.7
DQN_Double_PER_seed_0_1790610953,DQN_Double_PER,0,1289,64817,3.90,0,0.0100,0.00266,89.8
DQN_Double_PER_seed_0_1790610953,DQN_Double_PER,0,1290,64867,3.90,0,0.0100,0.00324,89.8
DQN_Double_PER_seed_0_1790610953,DQN_Double_PER,0,1291,64917,3.90,0,0.0100,0.00234,89.9
DQN_Double_PER_seed_0_1790610953,DQN_Double_PER,0,1292,64967,3.90,0,0.0100,0.00282,90.0
DQN_Double_PER_seed_0_1790610953,DQN_Double_PER,0,1293,65017,3.90,0,0.0100,0.00361,90.2
DQN_Double_PER_seed_0_1790610953,DQN_Double_PER,0,1294,65067,3.90,0,0.0100,0.00263,90.2
DQN_Double_PER_seed_0_1790610953,DQN_Double_PER,0,1295,65117,3.90,0,0.0100,0.00370,90.3
DQN_Double_PER_seed_0_1790610953,DQN_Double_PER,0,1296,65167,3.90,0,0.0100,0.00381,90.4
DQN_Double_PER_seed_0_1790610953,DQN_Double_PER,0,1297,65217,3.90,0,0.0100,0.00241,90.5
DQN_Double_PER_seed_0_1790610953,DQN_Double_PER,0,1298,65267,3.90,0,0.0100,0.00234,90.5
DQN_Double_PER_seed_0_1790610953,DQN_Double_PER,0,1299,65317,3.90,0,0.0100,0.00251,90.6
DQN_Double_PER_seed_0_1790610953,DQN_Double_PER,0,1300,65367,3.90,0,0.0100,0.00420,90.7
DQN_Double_PER_seed_0_1790610953,DQN_Double_PER,0,1301,65417,3.90,0,0.0100,0.00358,90.7
DQN_Double_PER_seed_0_1790610953,DQN_Double_PER,0,1302,65467,3.90,0,0.0100,0.00281,90.8
DQN_Double_PER_seed_0_1790610953,DQN_Double_PER,0,1303,65517,3.90,0,0.0100,0.00238,90.9
DQN_Double_PER_seed_0_1790610953,DQN_Double_PER,0,1304,65567,3.90,0,0.0100,0.00224,91.0
DQN_Double_PER_seed_0_1790610953,DQN_Double_PER,0,1305,65617,3.90,0,0.0100,0.00232,91.0
DQN_Double_PER_seed_0_1790610953,DQN_Double_PER,0,1306,65667,3.90,0,0.0100,0.00185,91.1
DQN_Double_PER_seed_0_1790610953,DQN_Double_PER,0,1307,65717,3.90,0,0.0100,0.00274,91.2
DQN_Double_PER_seed_0_1790610953,DQN_Double_PER,0,1308,65767,3.90,0,0.0100,0.00205,91.3
DQN_Double_PER_seed_0_1790610953,DQN_Double_PER,0,1309,65817,3.90,0,0.0100,0.00188,91.3
DQN_Double_PER_seed_0_1790610953,DQN_Double_PER,0,1310,65867,3.90,0,0.0100,0.00376,91.4
DQN_Double_PER_seed_0_1790610953,DQN_Double_PER,0,1311,65917,3.90,0,0.0100,0.00237,91.5
DQN_Double_PER_seed_0_1790610953,DQN_Double_PER,0,1312,65967,3.90,0,0.0100,0.00256,91.6
DQN_Double_PER_seed_0_1790610953,DQN_Double_PER,0,1313,66017,3.90,0,0.0100,0.00311,91.6
DQN_Double_PER_seed_0_1790610953,DQN_Double_PER,0,1314,66067,3.90,0,0.0100,0.00724,91.7
DQN_Double_PER_seed_0_1790610953,DQN_Double_PER,0,1315,66117,3.90,0,0.0100,0.00709,91.8
DQN_Double_PER_seed_0_1790610953,DQN_Double_PER,0,1316,66167,3.90,0,0.0100,0.00384,91.9
DQN_Double_PER_seed_0_1790610953,DQN_Double_PER,0,1317,66217,3.90,0,0.0100,0.00516,91.9
DQN_Double_PER_seed_0_1790610953,DQN_Double_PER,0,1318,66267,3.90,0,0.0100,0.01777,92.0
DQN_Double_PER_seed_0_1790610953,DQN_Double_PER,0,1319,66317,3.90,0,0.0100,0.00561,92.1
DQN_Double_PER_seed_0_1790610953,DQN_Double_PER,0,1320,66367,3.90,0,0.0100,0.00624,92.2
DQN_Double_PER_seed_0_1790610953,DQN_Double_PER,0,1321,66417,3.90,0,0.0100,0.00622,92.2
DQN_Double_PER_seed_0_1790610953,DQN_Double_PER,0,1322,66467,3.90,0,0.0100,0.00329,92.3
DQN_Double_PER_seed_0_1790610953,DQN_Double_PER,0,1323,66517,3.90,0,0.0100,0.00362,92.4
DQN_Double_PER_seed_0_1790610953,DQN_Double_PER,0,1324,66567,3.90,0,0.0100,0.00763,92.4
DQN_Double_PER_seed_0_1790610953,DQN_Double_PER,0,1325,66617,3.90,0,0.0100,0.00729,92.5
DQN_Double_PER_seed_0_1790610953,DQN_Double_PER,0,1326,66667,3.90,0,0.0100,0.00639,92.6
DQN_Double_PER_seed_0_1790610953,DQN_Double_PER,0,1327,66717,3.90,0,0.0100,0.00313,92.7
DQN_Double_PER_seed_0_1790610953,DQN_Double_PER,0,1328,66767,3.90,0,0.0100,0.00318,92.7
DQN_Double_PER_seed_0_1790610953,DQN_Double_PER,0,1329,66817,3.90,0,0.0100,0.00308,92.8
DQN_Double_PER_seed_0_1790610953,DQN_Double_PER,0,1330,66867,3.90,0,0.0100,0.00285,92.9
DQN_Double_PER_seed_0_1790610953,DQN_Double_PER,0,1331,66924,4.60,0,0.0100,0.00289,93.0
DQN_Double_PER_seed_0_1790610953,DQN_Double_PER,0,1332,66974,3.90,0,0.0100,0.00276,93.1
DQN_Double_PER_seed_0_1790610953,DQN_Double_PER,0,1333,67024,3.90,0,0.0100,0.00268,93.1
DQN_Double_PER_seed_0_1790610953,DQN_Double_PER,0,1334,67074,3.90,0,0.0100,0.00217,93.2
DQN_Double_PER_seed_0_1790610953,DQN_Double_PER,0,1335,67124,3.90,0,0.0100,0.00177,93.3
DQN_Double_PER_seed_0_1790610953,DQN_Double_PER,0,1336,67174,3.90,0,0.0100,0.00192,93.4
DQN_Double_PER_seed_0_1790610953,DQN_Double_PER,0,1337,67224,3.90,0,0.0100,0.00206,93.4
DQN_Double_PER_seed_0_1790610953,DQN_Double_PER,0,1338,67274,3.90,0,0.0100,0.00165,93.5
DQN_Double_PER_seed_0_1790610953,DQN_Double_PER,0,1339,67324,3.90,0,0.0100,0.00191,93.6
DQN_Double_PER_seed_0_1790610953,DQN_Double_PER,0,1340,67374,3.90,0,0.0100,0.00245,93.7
DQN_Double_PER_seed_0_1790610953,DQN_Double_PER,0,1341,67441,6.50,1,0.0100,0.00221,93.8
DQN_Double_PER_seed_0_1790610953,DQN_Double_PER,0,1342,67491,3.90,0,0.0100,0.00203,93.9
DQN_Double_PER_seed_0_1790610953,DQN_Double_PER,0,1343,67541,3.90,0,0.0100,0.00213,93.9
DQN_Double_PER_seed_0_1790610953,DQN_Double_PER,0,1344,67591,3.90,0,0.0100,0.00238,94.0
DQN_Double_PER_seed_0_1790610953,DQN_Double_PER,0,1345,67641,3.90,0,0.0100,0.00231,94.1
DQN_Double_PER_seed_0_1790610953,DQN_Double_PER,0,1346,67691,3.90,0,0.0100,0.00177,94.2
DQN_Double_PER_seed_0_1790610953,DQN_Double_PER,0,1347,67741,3.90,0,0.0100,0.00251,94.2
DQN_Double_PER_seed_0_1790610953,DQN_Double_PER,0,1348,67791,3.90,0,0.0100,0.00203,94.3
DQN_Double_PER_seed_0_1790610953,DQN_Double_PER,0,1349,67841,3.90,0,0.0100,0.00212,94.4
DQN_Double_PER_seed_0_1790610953,DQN_Double_PER,0,1350,67892,4.00,0,0.0100,0.00207,94.5
DQN_Double_PER_seed_0_1790610953,DQN_Double_PER,0,1351,67942,3.90,0,0.0100,0.00186,94.5
DQN_Double_PER_seed_0_1790610953,DQN_Double_PER,0,1352,67992,3.90,0,0.0100,0.00408,94.6
DQN_Double_PER_seed_0_1790610953,DQN_Double_PER,0,1353,68043,4.00,0,0.0100,0.00281,94.7
DQN_Double_PER_seed_0_1790610953,DQN_Double_PER,0,1354,68093,3.90,0,0.0100,0.00259,94.8
DQN_Double_PER_seed_0_1790610953,DQN_Double_PER,0,1355,68179,8.40,1,0.0100,0.00241,94.9
DQN_Double_PER_seed_0_1790610953,DQN_Double_PER,0,1356,68229,3.90,0,0.0100,0.00271,95.0
DQN_Double_PER_seed_0_1790610953,DQN_Double_PER,0,1357,68279,3.90,0,0.0100,0.00218,95.0
DQN_Double_PER_seed_0_1790610953,DQN_Double_PER,0,1358,68344,6.30,1,0.0100,0.00286,95.1
DQN_Double_PER_seed_0_1790610953,DQN_Double_PER,0,1359,68394,3.90,0,0.0100,0.00262,95.2
DQN_Double_PER_seed_0_1790610953,DQN_Double_PER,0,1360,68444,3.90,0,0.0100,0.00277,95.3
DQN_Double_PER_seed_0_1790610953,DQN_Double_PER,0,1361,68494,3.90,0,0.0100,0.00295,95.4
DQN_Double_PER_seed_0_1790610953,DQN_Double_PER,0,1362,68544,3.90,0,0.0100,0.00258,95.4
DQN_Double_PER_seed_0_1790610953,DQN_Double_PER,0,1363,68594,3.90,0,0.0100,0.00338,95.5
DQN_Double_PER_seed_0_1790610953,DQN_Double_PER,0,1364,68664,6.80,1,0.0100,0.00252,95.6
DQN_Double_PER_seed_0_1790610953,DQN_Double_PER,0,1365,68714,3.90,0,0.0100,0.00302,95.7
DQN_Double_PER_seed_0_1790610953,DQN_Double_PER,0,1366,68764,3.90,0,0.0100,0.00303,95.8
DQN_Double_PER_seed_0_1790610953,DQN_Double_PER,0,1367,68814,3.90,0,0.0100,0.00236,95.8
DQN_Double_PER_seed_0_1790610953,DQN_Double_PER,0,1368,68864,3.90,0,0.0100,0.00216,95.9
DQN_Double_PER_seed_0_1790610953,DQN_Double_PER,0,1369,68914,3.90,0,0.0100,0.00285,96.0
DQN_Double_PER_seed_0_1790610953,DQN_Double_PER,0,1370,68964,3.90,0,0.0100,0.00248,96.1
DQN_Double_PER_seed_0_1790610953,DQN_Double_PER,0,1371,69014,3.90,0,0.0100,0.00240,96.1
DQN_Double_PER_seed_0_1790610953,DQN_Double_PER,0,1372,69064,3.90,0,0.0100,0.00239,96.2
DQN_Double_PER_seed_0_1790610953,DQN_Double_PER,0,1373,69114,3.90,0,0.0100,0.00276,96.3
DQN_Double_PER_seed_0_1790610953,DQN_Double_PER,0,1374,69164,-1.50,0,0.0100,0.00337,96.4
DQN_Double_PER_seed_0_1790610953,DQN_Double_PER,0,1375,69214,3.90,0,0.0100,0.00367,96.4
DQN_Double_PER_seed_0_1790610953,DQN_Double_PER,0,1376,69264,3.90,0,0.0100,0.00344,96.5
DQN_Double_PER_seed_0_1790610953,DQN_Double_PER,0,1377,69314,3.90,0,0.0100,0.00360,96.6
DQN_Double_PER_seed_0_1790610953,DQN_Double_PER,0,1378,69364,3.90,0,0.0100,0.00346,96.7
DQN_Double_PER_seed_0_1790610953,DQN_Double_PER,0,1379,69414,3.90,0,0.0100,0.00282,96.7
DQN_Double_PER_seed_0_1790610953,DQN_Double_PER,0,1380,69465,4.00,0,0.0100,0.00221,96.8
DQN_Double_PER_seed_0_1790610953,DQN_Double_PER,0,1381,69515,3.90,0,0.0100,0.00342,96.9
DQN_Double_PER_seed_0_1790610953,DQN_Double_PER,0,1382,69565,3.90,0,0.0100,0.00293,97.0
DQN_Double_PER_seed_0_1790610953,DQN_Double_PER,0,1383,69615,3.90,0,0.0100,0.00258,97.0
DQN_Double_PER_seed_0_1790610953,DQN_Double_PER,0,1384,69665,3.90,0,0.0100,0.00201,97.1
DQN_Double_PER_seed_0_1790610953,DQN_Double_PER,0,1385,69715,3.90,0,0.0100,0.00281,97.2
DQN_Double_PER_seed_0_1790610953,DQN_Double_PER,0,1386,69765,3.90,0,0.0100,0.00242,97.3
DQN_Double_PER_seed_0_1790610953,DQN_Double_PER,0,1387,69815,3.90,0,0.0100,0.00258,97.3
DQN_Double_PER_seed_0_1790610953,DQN_Double_PER,0,1388,69865,3.90,0,0.0100,0.00421,97.4
DQN_Double_PER_seed_0_1790610953,DQN_Double_PER,0,1389,69915,3.90,0,0.0100,0.00339,97.5
DQN_Double_PER_seed_0_1790610953,DQN_Double_PER,0,1390,69965,3.90,0,0.0100,0.00276,97.6
DQN_Double_PER_seed_0_1790610953,DQN_Double_PER,0,1391,70015,3.90,0,0.0100,0.00302,97.7
DQN_Double_PER_seed_0_1790610953,DQN_Double_PER,0,1392,70065,3.90,0,0.0100,0.00350,97.8
DQN_Double_PER_seed_0_1790610953,DQN_Double_PER,0,1393,70151,8.40,1,0.0100,0.00272,97.9
DQN_Double_PER_seed_0_1790610953,DQN_Double_PER,0,1394,70201,3.90,0,0.0100,0.00343,98.0
DQN_Double_PER_seed_0_1790610953,DQN_Double_PER,0,1395,70251,3.90,0,0.0100,0.00262,98.1
DQN_Double_PER_seed_0_1790610953,DQN_Double_PER,0,1396,70301,3.90,0,0.0100,0.00321,98.2
DQN_Double_PER_seed_0_1790610953,DQN_Double_PER,0,1397,70351,3.90,0,0.0100,0.00290,98.2
DQN_Double_PER_seed_0_1790610953,DQN_Double_PER,0,1398,70402,4.00,0,0.0100,0.00252,98.3
DQN_Double_PER_seed_0_1790610953,DQN_Double_PER,0,1399,70452,3.90,0,0.0100,0.00226,98.4
DQN_Double_PER_seed_0_1790610953,DQN_Double_PER,0,1400,70502,3.90,0,0.0100,0.00339,98.5
DQN_Double_PER_seed_0_1790610953,DQN_Double_PER,0,1401,70552,3.90,0,0.0100,0.00277,98.5
DQN_Double_PER_seed_0_1790610953,DQN_Double_PER,0,1402,70602,3.90,0,0.0100,0.00315,98.6
DQN_Double_PER_seed_0_1790610953,DQN_Double_PER,0,1403,70652,3.90,0,0.0100,0.00230,98.7
DQN_Double_PER_seed_0_1790610953,DQN_Double_PER,0,1404,70702,3.90,0,0.0100,0.00219,98.8
DQN_Double_PER_seed_0_1790610953,DQN_Double_PER,0,1405,70752,3.90,0,0.0100,0.00274,98.8
DQN_Double_PER_seed_0_1790610953,DQN_Double_PER,0,1406,70802,3.90,0,0.0100,0.00309,98.9
DQN_Double_PER_seed_0_1790610953,DQN_Double_PER,0,1407,70869,6.50,1,0.0100,0.00226,99.0
DQN_Double_PER_seed_0_1790610953,DQN_Double_PER,0,1408,70919,3.90,0,0.0100,0.00440,99.1
DQN_Double_PER_seed_0_1790610953,DQN_Double_PER,0,1409,70969,3.90,0,0.0100,0.00406,99.2
DQN_Double_PER_seed_0_1790610953,DQN_Double_PER,0,1410,71039,6.80,1,0.0100,0.00470,99.3
DQN_Double_PER_seed_0_1790610953,DQN_Double_PER,0,1411,71089,3.90,0,0.0100,0.00435,99.4
DQN_Double_PER_seed_0_1790610953,DQN_Double_PER,0,1412,71139,2.10,0,0.0100,0.00355,99.5
DQN_Double_PER_seed_0_1790610953,DQN_Double_PER,0,1413,71225,8.40,1,0.0100,0.00311,99.6
DQN_Double_PER_seed_0_1790610953,DQN_Double_PER,0,1414,71275,3.90,0,0.0100,0.00291,99.7
DQN_Double_PER_seed_0_1790610953,DQN_Double_PER,0,1415,71325,3.90,0,0.0100,0.00278,99.7
DQN_Double_PER_seed_0_1790610953,DQN_Double_PER,0,1416,71375,3.90,0,0.0100,0.00323,99.8
DQN_Double_PER_seed_0_1790610953,DQN_Double_PER,0,1417,71425,3.90,0,0.0100,0.00280,99.9
DQN_Double_PER_seed_0_1790610953,DQN_Double_PER,0,1418,71475,3.90,0,0.0100,0.00316,100.0
DQN_Double_PER_seed_0_1790610953,DQN_Double_PER,0,1419,71528,4.20,0,0.0100,0.00277,100.0
DQN_Double_PER_seed_0_1790610953,DQN_Double_PER,0,1420,71578,3.90,0,0.0100,0.00236,100.1
DQN_Double_PER_seed_0_1790610953,DQN_Double_PER,0,1421,71628,3.90,0,0.0100,0.00277,100.2
DQN_Double_PER_seed_0_1790610953,DQN_Double_PER,0,1422,71678,3.90,0,0.0100,0.00314,100.3
DQN_Double_PER_seed_0_1790610953,DQN_Double_PER,0,1423,71728,3.90,0,0.0100,0.00249,100.3
DQN_Double_PER_seed_0_1790610953,DQN_Double_PER,0,1424,71783,4.40,0,0.0100,0.00255,100.4
DQN_Double_PER_seed_0_1790610953,DQN_Double_PER,0,1425,71833,3.90,0,0.0100,0.00204,100.5
DQN_Double_PER_seed_0_1790610953,DQN_Double_PER,0,1426,71883,3.90,0,0.0100,0.00263,100.6
DQN_Double_PER_seed_0_1790610953,DQN_Double_PER,0,1427,71969,8.40,1,0.0100,0.00288,100.7
DQN_Double_PER_seed_0_1790610953,DQN_Double_PER,0,1428,72019,3.90,0,0.0100,0.00518,100.8
DQN_Double_PER_seed_0_1790610953,DQN_Double_PER,0,1429,72105,8.40,1,0.0100,0.00723,100.9
DQN_Double_PER_seed_0_1790610953,DQN_Double_PER,0,1430,72155,3.90,0,0.0100,0.00673,101.0
DQN_Double_PER_seed_0_1790610953,DQN_Double_PER,0,1431,72205,3.90,0,0.0100,0.00537,101.1
DQN_Double_PER_seed_0_1790610953,DQN_Double_PER,0,1432,72255,3.90,0,0.0100,0.00433,101.1
DQN_Double_PER_seed_0_1790610953,DQN_Double_PER,0,1433,72305,3.90,0,0.0100,0.00359,101.2
DQN_Double_PER_seed_0_1790610953,DQN_Double_PER,0,1434,72355,3.90,0,0.0100,0.00398,101.3
DQN_Double_PER_seed_0_1790610953,DQN_Double_PER,0,1435,72408,4.20,0,0.0100,0.00353,101.4
DQN_Double_PER_seed_0_1790610953,DQN_Double_PER,0,1436,72458,3.90,0,0.0100,0.00374,101.4
DQN_Double_PER_seed_0_1790610953,DQN_Double_PER,0,1437,72508,3.90,0,0.0100,0.00375,101.5
DQN_Double_PER_seed_0_1790610953,DQN_Double_PER,0,1438,72578,6.80,1,0.0100,0.00438,101.6
DQN_Double_PER_seed_0_1790610953,DQN_Double_PER,0,1439,72628,0.30,0,0.0100,0.00709,101.7
DQN_Double_PER_seed_0_1790610953,DQN_Double_PER,0,1440,72678,3.90,0,0.0100,0.00559,101.8
DQN_Double_PER_seed_0_1790610953,DQN_Double_PER,0,1441,72728,3.90,0,0.0100,0.00495,101.8
DQN_Double_PER_seed_0_1790610953,DQN_Double_PER,0,1442,72780,4.10,0,0.0100,0.00365,101.9
DQN_Double_PER_seed_0_1790610953,DQN_Double_PER,0,1443,72830,3.90,0,0.0100,0.00395,102.0
DQN_Double_PER_seed_0_1790610953,DQN_Double_PER,0,1444,72880,-2.70,0,0.0100,0.00644,102.1
DQN_Double_PER_seed_0_1790610953,DQN_Double_PER,0,1445,72930,3.90,0,0.0100,0.00425,102.2
DQN_Double_PER_seed_0_1790610953,DQN_Double_PER,0,1446,72980,3.90,0,0.0100,0.00329,102.2
DQN_Double_PER_seed_0_1790610953,DQN_Double_PER,0,1447,73050,6.80,1,0.0100,0.00290,102.3
DQN_Double_PER_seed_0_1790610953,DQN_Double_PER,0,1448,73100,3.90,0,0.0100,0.00245,102.4
DQN_Double_PER_seed_0_1790610953,DQN_Double_PER,0,1449,73155,4.40,0,0.0100,0.00265,102.5
DQN_Double_PER_seed_0_1790610953,DQN_Double_PER,0,1450,73241,8.40,1,0.0100,0.00287,102.6
DQN_Double_PER_seed_0_1790610953,DQN_Double_PER,0,1451,73291,3.90,0,0.0100,0.00340,102.7
DQN_Double_PER_seed_0_1790610953,DQN_Double_PER,0,1452,73341,3.90,0,0.0100,0.00351,102.8
DQN_Double_PER_seed_0_1790610953,DQN_Double_PER,0,1453,73391,-4.50,0,0.0100,0.00378,102.8
DQN_Double_PER_seed_0_1790610953,DQN_Double_PER,0,1454,73441,3.90,0,0.0100,0.00369,102.9
DQN_Double_PER_seed_0_1790610953,DQN_Double_PER,0,1455,73491,3.90,0,0.0100,0.00343,103.0
DQN_Double_PER_seed_0_1790610953,DQN_Double_PER,0,1456,73542,4.00,0,0.0100,0.00317,103.1
DQN_Double_PER_seed_0_1790610953,DQN_Double_PER,0,1457,73592,3.90,0,0.0100,0.00309,103.1
DQN_Double_PER_seed_0_1790610953,DQN_Double_PER,0,1458,73642,-3.30,0,0.0100,0.00400,103.2
DQN_Double_PER_seed_0_1790610953,DQN_Double_PER,0,1459,73692,3.90,0,0.0100,0.00339,103.3
DQN_Double_PER_seed_0_1790610953,DQN_Double_PER,0,1460,73778,8.40,1,0.0100,0.00303,103.4
DQN_Double_PER_seed_0_1790610953,DQN_Double_PER,0,1461,73846,6.60,1,0.0100,0.00335,103.5
DQN_Double_PER_seed_0_1790610953,DQN_Double_PER,0,1462,73896,3.90,0,0.0100,0.00312,103.6
DQN_Double_PER_seed_0_1790610953,DQN_Double_PER,0,1463,73946,3.90,0,0.0100,0.00391,103.7
DQN_Double_PER_seed_0_1790610953,DQN_Double_PER,0,1464,73996,3.90,0,0.0100,0.00452,103.8
DQN_Double_PER_seed_0_1790610953,DQN_Double_PER,0,1465,74046,3.90,0,0.0100,0.00314,103.8
DQN_Double_PER_seed_0_1790610953,DQN_Double_PER,0,1466,74096,3.90,0,0.0100,0.00464,103.9
DQN_Double_PER_seed_0_1790610953,DQN_Double_PER,0,1467,74127,2.00,0,0.0100,0.00390,104.0
DQN_Double_PER_seed_0_1790610953,DQN_Double_PER,0,1468,74177,3.90,0,0.0100,0.00395,104.0
DQN_Double_PER_seed_0_1790610953,DQN_Double_PER,0,1469,74208,2.00,0,0.0100,0.00467,104.1
DQN_Double_PER_seed_0_1790610953,DQN_Double_PER,0,1470,74273,6.30,1,0.0100,0.00360,104.2
DQN_Double_PER_seed_0_1790610953,DQN_Double_PER,0,1471,74323,3.90,0,0.0100,0.00370,104.3
DQN_Double_PER_seed_0_1790610953,DQN_Double_PER,0,1472,74373,3.90,0,0.0100,0.00462,104.3
DQN_Double_PER_seed_0_1790610953,DQN_Double_PER,0,1473,74423,3.90,0,0.0100,0.00379,104.4
DQN_Double_PER_seed_0_1790610953,DQN_Double_PER,0,1474,74473,3.90,0,0.0100,0.00395,104.5
DQN_Double_PER_seed_0_1790610953,DQN_Double_PER,0,1475,74523,3.90,0,0.0100,0.00411,104.6
DQN_Double_PER_seed_0_1790610953,DQN_Double_PER,0,1476,74573,3.90,0,0.0100,0.00405,104.6
DQN_Double_PER_seed_0_1790610953,DQN_Double_PER,0,1477,74623,3.90,0,0.0100,0.00554,104.7
DQN_Double_PER_seed_0_1790610953,DQN_Double_PER,0,1478,74673,3.90,0,0.0100,0.00428,104.8
DQN_Double_PER_seed_0_1790610953,DQN_Double_PER,0,1479,74731,4.70,0,0.0100,0.00365,104.9
DQN_Double_PER_seed_0_1790610953,DQN_Double_PER,0,1480,74781,3.90,0,0.0100,0.00350,104.9
DQN_Double_PER_seed_0_1790610953,DQN_Double_PER,0,1481,74831,3.90,0,0.0100,0.00390,105.0
DQN_Double_PER_seed_0_1790610953,DQN_Double_PER,0,1482,74881,3.90,0,0.0100,0.00373,105.1
DQN_Double_PER_seed_0_1790610953,DQN_Double_PER,0,1483,74981,10.70,2,0.0100,0.00362,105.2
DQN_Double_PER_seed_0_1790610953,DQN_Double_PER,0,1484,75031,3.90,0,0.0100,0.00639,105.4
DQN_Double_PER_seed_0_1790610953,DQN_Double_PER,0,1485,75081,3.90,0,0.0100,0.00535,105.5
DQN_Double_PER_seed_0_1790610953,DQN_Double_PER,0,1486,75131,3.90,0,0.0100,0.00364,105.6
DQN_Double_PER_seed_0_1790610953,DQN_Double_PER,0,1487,75181,3.90,0,0.0100,0.00377,105.7
DQN_Double_PER_seed_0_1790610953,DQN_Double_PER,0,1488,75267,8.40,1,0.0100,0.00395,105.8
DQN_Double_PER_seed_0_1790610953,DQN_Double_PER,0,1489,75317,3.90,0,0.0100,0.00464,105.9
DQN_Double_PER_seed_0_1790610953,DQN_Double_PER,0,1490,75367,3.90,0,0.0100,0.00375,105.9
DQN_Double_PER_seed_0_1790610953,DQN_Double_PER,0,1491,75417,3.90,0,0.0100,0.00567,106.0
DQN_Double_PER_seed_0_1790610953,DQN_Double_PER,0,1492,75470,4.20,0,0.0100,0.00383,106.1
DQN_Double_PER_seed_0_1790610953,DQN_Double_PER,0,1493,75532,6.00,1,0.0100,0.00394,106.2
DQN_Double_PER_seed_0_1790610953,DQN_Double_PER,0,1494,75582,3.90,0,0.0100,0.00429,106.3
DQN_Double_PER_seed_0_1790610953,DQN_Double_PER,0,1495,75632,3.90,0,0.0100,0.00346,106.3
DQN_Double_PER_seed_0_1790610953,DQN_Double_PER,0,1496,75682,3.90,0,0.0100,0.00455,106.4
DQN_Double_PER_seed_0_1790610953,DQN_Double_PER,0,1497,75732,3.90,0,0.0100,0.00459,106.5
DQN_Double_PER_seed_0_1790610953,DQN_Double_PER,0,1498,75782,3.90,0,0.0100,0.00375,106.6
DQN_Double_PER_seed_0_1790610953,DQN_Double_PER,0,1499,75832,3.90,0,0.0100,0.00308,106.6
DQN_Double_PER_seed_0_1790610953,DQN_Double_PER,0,1500,75882,3.90,0,0.0100,0.00342,106.7
DQN_Double_PER_seed_0_1790610953,DQN_Double_PER,0,1501,75949,6.50,1,0.0100,0.00383,106.8
DQN_Double_PER_seed_0_1790610953,DQN_Double_PER,0,1502,76015,6.40,1,0.0100,0.00330,106.9
DQN_Double_PER_seed_0_1790610953,DQN_Double_PER,0,1503,76065,3.90,0,0.0100,0.00432,107.0
DQN_Double_PER_seed_0_1790610953,DQN_Double_PER,0,1504,76115,3.90,0,0.0100,0.00447,107.1
DQN_Double_PER_seed_0_1790610953,DQN_Double_PER,0,1505,76165,3.90,0,0.0100,0.00462,107.1
DQN_Double_PER_seed_0_1790610953,DQN_Double_PER,0,1506,76215,3.90,0,0.0100,0.00374,107.2
DQN_Double_PER_seed_0_1790610953,DQN_Double_PER,0,1507,76301,8.40,1,0.0100,0.00368,107.4
DQN_Double_PER_seed_0_1790610953,DQN_Double_PER,0,1508,76351,3.90,0,0.0100,0.00427,107.4
DQN_Double_PER_seed_0_1790610953,DQN_Double_PER,0,1509,76401,3.90,0,0.0100,0.00423,107.5
DQN_Double_PER_seed_0_1790610953,DQN_Double_PER,0,1510,76451,3.90,0,0.0100,0.00332,107.6
DQN_Double_PER_seed_0_1790610953,DQN_Double_PER,0,1511,76501,0.30,0,0.0100,0.00383,107.7
DQN_Double_PER_seed_0_1790610953,DQN_Double_PER,0,1512,76551,3.90,0,0.0100,0.00417,107.7
DQN_Double_PER_seed_0_1790610953,DQN_Double_PER,0,1513,76601,3.90,0,0.0100,0.00415,107.8
DQN_Double_PER_seed_0_1790610953,DQN_Double_PER,0,1514,76651,3.90,0,0.0100,0.00361,107.9
DQN_Double_PER_seed_0_1790610953,DQN_Double_PER,0,1515,76701,3.90,0,0.0100,0.00364,108.0
DQN_Double_PER_seed_0_1790610953,DQN_Double_PER,0,1516,76751,3.90,0,0.0100,0.00387,108.0
DQN_Double_PER_seed_0_1790610953,DQN_Double_PER,0,1517,76801,3.90,0,0.0100,0.00497,108.1
DQN_Double_PER_seed_0_1790610953,DQN_Double_PER,0,1518,76890,8.70,1,0.0100,0.00408,108.2
DQN_Double_PER_seed_0_1790610953,DQN_Double_PER,0,1519,76940,3.90,0,0.0100,0.00347,108.3
DQN_Double_PER_seed_0_1790610953,DQN_Double_PER,0,1520,76990,3.90,0,0.0100,0.00337,108.4
DQN_Double_PER_seed_0_1790610953,DQN_Double_PER,0,1521,77076,8.40,1,0.0100,0.00576,108.5
DQN_Double_PER_seed_0_1790610953,DQN_Double_PER,0,1522,77126,3.90,0,0.0100,0.00545,108.6
DQN_Double_PER_seed_0_1790610953,DQN_Double_PER,0,1523,77176,3.90,0,0.0100,0.00396,108.7
DQN_Double_PER_seed_0_1790610953,DQN_Double_PER,0,1524,77262,8.40,1,0.0100,0.00432,108.8
DQN_Double_PER_seed_0_1790610953,DQN_Double_PER,0,1525,77312,3.90,0,0.0100,0.00482,108.9
DQN_Double_PER_seed_0_1790610953,DQN_Double_PER,0,1526,77362,3.90,0,0.0100,0.00609,109.0
DQN_Double_PER_seed_0_1790610953,DQN_Double_PER,0,1527,77412,3.90,0,0.0100,0.00555,109.0
DQN_Double_PER_seed_0_1790610953,DQN_Double_PER,0,1528,77472,4.90,0,0.0100,0.00408,109.1
DQN_Double_PER_seed_0_1790610953,DQN_Double_PER,0,1529,77522,3.90,0,0.0100,0.00403,109.2
DQN_Double_PER_seed_0_1790610953,DQN_Double_PER,0,1530,77586,6.20,1,0.0100,0.00404,109.3
DQN_Double_PER_seed_0_1790610953,DQN_Double_PER,0,1531,77636,3.90,0,0.0100,0.00476,109.4
DQN_Double_PER_seed_0_1790610953,DQN_Double_PER,0,1532,77686,3.90,0,0.0100,0.00558,109.5
DQN_Double_PER_seed_0_1790610953,DQN_Double_PER,0,1533,77736,3.90,0,0.0100,0.00575,109.5
DQN_Double_PER_seed_0_1790610953,DQN_Double_PER,0,1534,77858,12.90,2,0.0100,0.00498,109.7
DQN_Double_PER_seed_0_1790610953,DQN_Double_PER,0,1535,77908,-0.90,0,0.0100,0.00468,109.8
DQN_Double_PER_seed_0_1790610953,DQN_Double_PER,0,1536,77958,3.90,0,0.0100,0.00496,109.9
DQN_Double_PER_seed_0_1790610953,DQN_Double_PER,0,1537,78008,3.90,0,0.0100,0.00482,109.9
DQN_Double_PER_seed_0_1790610953,DQN_Double_PER,0,1538,78068,4.90,0,0.0100,0.00432,110.0
DQN_Double_PER_seed_0_1790610953,DQN_Double_PER,0,1539,78118,3.90,0,0.0100,0.00464,110.1
DQN_Double_PER_seed_0_1790610953,DQN_Double_PER,0,1540,78185,6.50,1,0.0100,0.00410,110.2
DQN_Double_PER_seed_0_1790610953,DQN_Double_PER,0,1541,78251,6.40,1,0.0100,0.00485,110.3
DQN_Double_PER_seed_0_1790610953,DQN_Double_PER,0,1542,78301,3.90,0,0.0100,0.00422,110.4
DQN_Double_PER_seed_0_1790610953,DQN_Double_PER,0,1543,78351,3.90,0,0.0100,0.00455,110.5
DQN_Double_PER_seed_0_1790610953,DQN_Double_PER,0,1544,78437,8.40,1,0.0100,0.00428,110.6
DQN_Double_PER_seed_0_1790610953,DQN_Double_PER,0,1545,78497,4.90,0,0.0100,0.00381,110.7
DQN_Double_PER_seed_0_1790610953,DQN_Double_PER,0,1546,78583,8.40,1,0.0100,0.00523,110.8
DQN_Double_PER_seed_0_1790610953,DQN_Double_PER,0,1547,78669,8.40,1,0.0100,0.00539,110.9
DQN_Double_PER_seed_0_1790610953,DQN_Double_PER,0,1548,78719,3.90,0,0.0100,0.00473,111.0
DQN_Double_PER_seed_0_1790610953,DQN_Double_PER,0,1549,78778,4.80,0,0.0100,0.00520,111.1
DQN_Double_PER_seed_0_1790610953,DQN_Double_PER,0,1550,78828,3.90,0,0.0100,0.00511,111.2
DQN_Double_PER_seed_0_1790610953,DQN_Double_PER,0,1551,78878,3.90,0,0.0100,0.00481,111.3
DQN_Double_PER_seed_0_1790610953,DQN_Double_PER,0,1552,78928,3.90,0,0.0100,0.00404,111.3
DQN_Double_PER_seed_0_1790610953,DQN_Double_PER,0,1553,79019,8.90,1,0.0100,0.00526,111.5
DQN_Double_PER_seed_0_1790610953,DQN_Double_PER,0,1554,79107,8.60,1,0.0100,0.00563,111.6
DQN_Double_PER_seed_0_1790610953,DQN_Double_PER,0,1555,79167,4.90,0,0.0100,0.00572,111.7
DQN_Double_PER_seed_0_1790610953,DQN_Double_PER,0,1556,79225,4.70,0,0.0100,0.00480,111.8
DQN_Double_PER_seed_0_1790610953,DQN_Double_PER,0,1557,79280,4.40,0,0.0100,0.00546,111.9
DQN_Double_PER_seed_0_1790610953,DQN_Double_PER,0,1558,79330,3.90,0,0.0100,0.00569,112.0
DQN_Double_PER_seed_0_1790610953,DQN_Double_PER,0,1559,79380,3.90,0,0.0100,0.00526,112.0
DQN_Double_PER_seed_0_1790610953,DQN_Double_PER,0,1560,79435,4.40,0,0.0100,0.00520,112.1
DQN_Double_PER_seed_0_1790610953,DQN_Double_PER,0,1561,79530,9.30,1,0.0100,0.00670,112.3
DQN_Double_PER_seed_0_1790610953,DQN_Double_PER,0,1562,79580,3.90,0,0.0100,0.00703,112.3
DQN_Double_PER_seed_0_1790610953,DQN_Double_PER,0,1563,79638,4.70,0,0.0100,0.00569,112.4
DQN_Double_PER_seed_0_1790610953,DQN_Double_PER,0,1564,79693,4.40,0,0.0100,0.00478,112.5
DQN_Double_PER_seed_0_1790610953,DQN_Double_PER,0,1565,79743,3.90,0,0.0100,0.00556,112.6
DQN_Double_PER_seed_0_1790610953,DQN_Double_PER,0,1566,79804,5.00,1,0.0100,0.00468,112.7
DQN_Double_PER_seed_0_1790610953,DQN_Double_PER,0,1567,79854,3.90,0,0.0100,0.00491,112.7
DQN_Double_PER_seed_0_1790610953,DQN_Double_PER,0,1568,79904,3.90,0,0.0100,0.00438,112.8
DQN_Double_PER_seed_0_1790610953,DQN_Double_PER,0,1569,79954,3.90,0,0.0100,0.00501,112.9
DQN_Double_PER_seed_0_1790610953,DQN_Double_PER,0,1570,80014,4.90,0,0.0100,0.00439,113.1
DQN_Double_PER_seed_0_1790610953,DQN_Double_PER,0,1571,80064,3.90,0,0.0100,0.00668,113.2
DQN_Double_PER_seed_0_1790610953,DQN_Double_PER,0,1572,80120,4.50,0,0.0100,0.00651,113.2
DQN_Double_PER_seed_0_1790610953,DQN_Double_PER,0,1573,80170,3.90,0,0.0100,0.00601,113.3
DQN_Double_PER_seed_0_1790610953,DQN_Double_PER,0,1574,80220,3.90,0,0.0100,0.00571,113.4
DQN_Double_PER_seed_0_1790610953,DQN_Double_PER,0,1575,80270,3.90,0,0.0100,0.00446,113.5
DQN_Double_PER_seed_0_1790610953,DQN_Double_PER,0,1576,80320,3.90,0,0.0100,0.00483,113.6
DQN_Double_PER_seed_0_1790610953,DQN_Double_PER,0,1577,80370,3.90,0,0.0100,0.00555,113.6
DQN_Double_PER_seed_0_1790610953,DQN_Double_PER,0,1578,80420,3.90,0,0.0100,0.00518,113.7
DQN_Double_PER_seed_0_1790610953,DQN_Double_PER,0,1579,80470,3.90,0,0.0100,0.00451,113.8
DQN_Double_PER_seed_0_1790610953,DQN_Double_PER,0,1580,80520,3.90,0,0.0100,0.00522,113.9
DQN_Double_PER_seed_0_1790610953,DQN_Double_PER,0,1581,80576,4.50,0,0.0100,0.00559,113.9
DQN_Double_PER_seed_0_1790610953,DQN_Double_PER,0,1582,80635,4.80,0,0.0100,0.00581,114.0
DQN_Double_PER_seed_0_1790610953,DQN_Double_PER,0,1583,80685,3.90,0,0.0100,0.00510,114.1
DQN_Double_PER_seed_0_1790610953,DQN_Double_PER,0,1584,80741,4.50,0,0.0100,0.00486,114.2
DQN_Double_PER_seed_0_1790610953,DQN_Double_PER,0,1585,80791,3.90,0,0.0100,0.00586,114.3
DQN_Double_PER_seed_0_1790610953,DQN_Double_PER,0,1586,80845,4.30,0,0.0100,0.00615,114.4
DQN_Double_PER_seed_0_1790610953,DQN_Double_PER,0,1587,80902,4.60,0,0.0100,0.00549,114.4
DQN_Double_PER_seed_0_1790610953,DQN_Double_PER,0,1588,80962,4.90,0,0.0100,0.00547,114.5
DQN_Double_PER_seed_0_1790610953,DQN_Double_PER,0,1589,81012,3.90,0,0.0100,0.00392,114.6
DQN_Double_PER_seed_0_1790610953,DQN_Double_PER,0,1590,81100,8.60,1,0.0100,0.00523,114.7
DQN_Double_PER_seed_0_1790610953,DQN_Double_PER,0,1591,81150,3.90,0,0.0100,0.00726,114.8
DQN_Double_PER_seed_0_1790610953,DQN_Double_PER,0,1592,81200,3.90,0,0.0100,0.00472,114.9
DQN_Double_PER_seed_0_1790610953,DQN_Double_PER,0,1593,81250,3.90,0,0.0100,0.00516,115.0
DQN_Double_PER_seed_0_1790610953,DQN_Double_PER,0,1594,81307,4.60,0,0.0100,0.00487,115.1
DQN_Double_PER_seed_0_1790610953,DQN_Double_PER,0,1595,81357,3.90,0,0.0100,0.00535,115.1
DQN_Double_PER_seed_0_1790610953,DQN_Double_PER,0,1596,81414,4.60,0,0.0100,0.00553,115.2
DQN_Double_PER_seed_0_1790610953,DQN_Double_PER,0,1597,81467,4.20,0,0.0100,0.00490,115.3
DQN_Double_PER_seed_0_1790610953,DQN_Double_PER,0,1598,81523,4.50,0,0.0100,0.00489,115.4
DQN_Double_PER_seed_0_1790610953,DQN_Double_PER,0,1599,81573,3.90,0,0.0100,0.00562,115.5
DQN_Double_PER_seed_0_1790610953,DQN_Double_PER,0,1600,81633,4.90,0,0.0100,0.00569,115.6
DQN_Double_PER_seed_0_1790610953,DQN_Double_PER,0,1601,81719,8.40,1,0.0100,0.00516,115.7
DQN_Double_PER_seed_0_1790610953,DQN_Double_PER,0,1602,81776,4.60,0,0.0100,0.00628,115.8
DQN_Double_PER_seed_0_1790610953,DQN_Double_PER,0,1603,81833,4.60,0,0.0100,0.00695,115.9
DQN_Double_PER_seed_0_1790610953,DQN_Double_PER,0,1604,81889,4.50,0,0.0100,0.00559,115.9
DQN_Double_PER_seed_0_1790610953,DQN_Double_PER,0,1605,81944,4.40,0,0.0100,0.00483,116.0
DQN_Double_PER_seed_0_1790610953,DQN_Double_PER,0,1606,82030,8.40,1,0.0100,0.00633,116.2
DQN_Double_PER_seed_0_1790610953,DQN_Double_PER,0,1607,82080,3.90,0,0.0100,0.01065,116.2
DQN_Double_PER_seed_0_1790610953,DQN_Double_PER,0,1608,82130,3.90,0,0.0100,0.00612,116.3
DQN_Double_PER_seed_0_1790610953,DQN_Double_PER,0,1609,82180,3.90,0,0.0100,0.00582,116.4
DQN_Double_PER_seed_0_1790610953,DQN_Double_PER,0,1610,82302,12.90,2,0.0100,0.00573,116.6
DQN_Double_PER_seed_0_1790610953,DQN_Double_PER,0,1611,82352,3.90,0,0.0100,0.00670,116.6
DQN_Double_PER_seed_0_1790610953,DQN_Double_PER,0,1612,82402,3.90,0,0.0100,0.00628,116.7
DQN_Double_PER_seed_0_1790610953,DQN_Double_PER,0,1613,82452,3.90,0,0.0100,0.00588,116.8
DQN_Double_PER_seed_0_1790610953,DQN_Double_PER,0,1614,82502,3.90,0,0.0100,0.00665,116.9
DQN_Double_PER_seed_0_1790610953,DQN_Double_PER,0,1615,82588,8.40,1,0.0100,0.00590,117.0
DQN_Double_PER_seed_0_1790610953,DQN_Double_PER,0,1616,82638,3.90,0,0.0100,0.00601,117.1
DQN_Double_PER_seed_0_1790610953,DQN_Double_PER,0,1617,82688,3.90,0,0.0100,0.00589,117.2
DQN_Double_PER_seed_0_1790610953,DQN_Double_PER,0,1618,82738,3.90,0,0.0100,0.00597,117.2
DQN_Double_PER_seed_0_1790610953,DQN_Double_PER,0,1619,82788,3.90,0,0.0100,0.00490,117.3
DQN_Double_PER_seed_0_1790610953,DQN_Double_PER,0,1620,82856,6.60,1,0.0100,0.00550,117.4
DQN_Double_PER_seed_0_1790610953,DQN_Double_PER,0,1621,82942,8.40,1,0.0100,0.00709,117.5
DQN_Double_PER_seed_0_1790610953,DQN_Double_PER,0,1622,82992,3.90,0,0.0100,0.00555,117.6
DQN_Double_PER_seed_0_1790610953,DQN_Double_PER,0,1623,83042,3.90,0,0.0100,0.00552,117.7
DQN_Double_PER_seed_0_1790610953,DQN_Double_PER,0,1624,83092,3.90,0,0.0100,0.00689,117.8
DQN_Double_PER_seed_0_1790610953,DQN_Double_PER,0,1625,83178,8.40,1,0.0100,0.00564,117.9
DQN_Double_PER_seed_0_1790610953,DQN_Double_PER,0,1626,83228,3.90,0,0.0100,0.00487,118.0
DQN_Double_PER_seed_0_1790610953,DQN_Double_PER,0,1627,83314,8.40,1,0.0100,0.00496,118.1
DQN_Double_PER_seed_0_1790610953,DQN_Double_PER,0,1628,83364,3.90,0,0.0100,0.00449,118.2
DQN_Double_PER_seed_0_1790610953,DQN_Double_PER,0,1629,83414,3.90,0,0.0100,0.00448,118.3
DQN_Double_PER_seed_0_1790610953,DQN_Double_PER,0,1630,83464,3.90,0,0.0100,0.00538,118.3
DQN_Double_PER_seed_0_1790610953,DQN_Double_PER,0,1631,83519,4.40,0,0.0100,0.00536,118.4
DQN_Double_PER_seed_0_1790610953,DQN_Double_PER,0,1632,83589,6.80,1,0.0100,0.00542,118.5
DQN_Double_PER_seed_0_1790610953,DQN_Double_PER,0,1633,83641,4.10,0,0.0100,0.00515,118.6
DQN_Double_PER_seed_0_1790610953,DQN_Double_PER,0,1634,83701,4.90,0,0.0100,0.00588,118.7
DQN_Double_PER_seed_0_1790610953,DQN_Double_PER,0,1635,83787,8.40,1,0.0100,0.00591,118.8
DQN_Double_PER_seed_0_1790610953,DQN_Double_PER,0,1636,83837,3.90,0,0.0100,0.00474,118.9
DQN_Double_PER_seed_0_1790610953,DQN_Double_PER,0,1637,83887,3.90,0,0.0100,0.00573,119.0
DQN_Double_PER_seed_0_1790610953,DQN_Double_PER,0,1638,83937,3.90,0,0.0100,0.00547,119.1
DQN_Double_PER_seed_0_1790610953,DQN_Double_PER,0,1639,83997,4.90,0,0.0100,0.00531,119.2
DQN_Double_PER_seed_0_1790610953,DQN_Double_PER,0,1640,84083,8.40,1,0.0100,0.00617,119.3
DQN_Double_PER_seed_0_1790610953,DQN_Double_PER,0,1641,84150,6.50,1,0.0100,0.00754,119.4
DQN_Double_PER_seed_0_1790610953,DQN_Double_PER,0,1642,84200,3.90,0,0.0100,0.00729,119.5
DQN_Double_PER_seed_0_1790610953,DQN_Double_PER,0,1643,84286,8.40,1,0.0100,0.00609,119.6
DQN_Double_PER_seed_0_1790610953,DQN_Double_PER,0,1644,84336,3.90,0,0.0100,0.00550,119.7
DQN_Double_PER_seed_0_1790610953,DQN_Double_PER,0,1645,84386,3.90,0,0.0100,0.00706,119.7
DQN_Double_PER_seed_0_1790610953,DQN_Double_PER,0,1646,84436,3.90,0,0.0100,0.00514,119.8
DQN_Double_PER_seed_0_1790610953,DQN_Double_PER,0,1647,84486,3.90,0,0.0100,0.00456,119.9
DQN_Double_PER_seed_0_1790610953,DQN_Double_PER,0,1648,84536,3.90,0,0.0100,0.00594,120.0
DQN_Double_PER_seed_0_1790610953,DQN_Double_PER,0,1649,84594,4.70,0,0.0100,0.00544,120.1
DQN_Double_PER_seed_0_1790610953,DQN_Double_PER,0,1650,84650,4.50,0,0.0100,0.00658,120.2
DQN_Double_PER_seed_0_1790610953,DQN_Double_PER,0,1651,84700,3.90,0,0.0100,0.00736,120.2
DQN_Double_PER_seed_0_1790610953,DQN_Double_PER,0,1652,84750,3.90,0,0.0100,0.00455,120.3
DQN_Double_PER_seed_0_1790610953,DQN_Double_PER,0,1653,84802,4.10,0,0.0100,0.00460,120.4
DQN_Double_PER_seed_0_1790610953,DQN_Double_PER,0,1654,84860,4.70,0,0.0100,0.00588,120.5
DQN_Double_PER_seed_0_1790610953,DQN_Double_PER,0,1655,85037,20.20,4,0.0100,0.00578,120.9
DQN_Double_PER_seed_0_1790610953,DQN_Double_PER,0,1656,85123,8.40,1,0.0100,0.00619,121.0
DQN_Double_PER_seed_0_1790610953,DQN_Double_PER,0,1657,85173,3.90,0,0.0100,0.00569,121.1
DQN_Double_PER_seed_0_1790610953,DQN_Double_PER,0,1658,85234,5.00,1,0.0100,0.00612,121.2
DQN_Double_PER_seed_0_1790610953,DQN_Double_PER,0,1659,85291,4.60,0,0.0100,0.00753,121.2
DQN_Double_PER_seed_0_1790610953,DQN_Double_PER,0,1660,85377,8.40,1,0.0100,0.00610,121.4
DQN_Double_PER_seed_0_1790610953,DQN_Double_PER,0,1661,85463,8.40,1,0.0100,0.00665,121.5
DQN_Double_PER_seed_0_1790610953,DQN_Double_PER,0,1662,85513,3.90,0,0.0100,0.00570,121.6
DQN_Double_PER_seed_0_1790610953,DQN_Double_PER,0,1663,85563,3.90,0,0.0100,0.00566,121.7
DQN_Double_PER_seed_0_1790610953,DQN_Double_PER,0,1664,85625,6.00,1,0.0100,0.00578,121.7
DQN_Double_PER_seed_0_1790610953,DQN_Double_PER,0,1665,85675,3.90,0,0.0100,0.00595,121.8
DQN_Double_PER_seed_0_1790610953,DQN_Double_PER,0,1666,85726,4.00,0,0.0100,0.00924,121.9
DQN_Double_PER_seed_0_1790610953,DQN_Double_PER,0,1667,85776,3.90,0,0.0100,0.00615,122.0
DQN_Double_PER_seed_0_1790610953,DQN_Double_PER,0,1668,85826,3.90,0,0.0100,0.00603,122.1
DQN_Double_PER_seed_0_1790610953,DQN_Double_PER,0,1669,85879,4.20,0,0.0100,0.00618,122.1
DQN_Double_PER_seed_0_1790610953,DQN_Double_PER,0,1670,85965,8.40,1,0.0100,0.00629,122.3
DQN_Double_PER_seed_0_1790610953,DQN_Double_PER,0,1671,86087,12.90,2,0.0100,0.00569,122.5
DQN_Double_PER_seed_0_1790610953,DQN_Double_PER,0,1672,86141,4.30,0,0.0100,0.00599,122.5
DQN_Double_PER_seed_0_1790610953,DQN_Double_PER,0,1673,86191,3.90,0,0.0100,0.00617,122.6
DQN_Double_PER_seed_0_1790610953,DQN_Double_PER,0,1674,86247,4.50,0,0.0100,0.00615,122.7
DQN_Double_PER_seed_0_1790610953,DQN_Double_PER,0,1675,86297,3.90,0,0.0100,0.00584,122.8
DQN_Double_PER_seed_0_1790610953,DQN_Double_PER,0,1676,86389,9.00,1,0.0100,0.00658,122.9
DQN_Double_PER_seed_0_1790610953,DQN_Double_PER,0,1677,86448,4.80,0,0.0100,0.00614,123.0
DQN_Double_PER_seed_0_1790610953,DQN_Double_PER,0,1678,86503,4.40,0,0.0100,0.00565,123.1
DQN_Double_PER_seed_0_1790610953,DQN_Double_PER,0,1679,86560,4.60,0,0.0100,0.00575,123.2
DQN_Double_PER_seed_0_1790610953,DQN_Double_PER,0,1680,86658,10.50,2,0.0100,0.00604,123.3
DQN_Double_PER_seed_0_1790610953,DQN_Double_PER,0,1681,86713,4.40,0,0.0100,0.00675,123.4
DQN_Double_PER_seed_0_1790610953,DQN_Double_PER,0,1682,86763,3.90,0,0.0100,0.00647,123.5
DQN_Double_PER_seed_0_1790610953,DQN_Double_PER,0,1683,86817,4.30,0,0.0100,0.00556,123.6
DQN_Double_PER_seed_0_1790610953,DQN_Double_PER,0,1684,86876,4.80,0,0.0100,0.00532,123.7
DQN_Double_PER_seed_0_1790610953,DQN_Double_PER,0,1685,86966,8.80,1,0.0100,0.00665,123.8
DQN_Double_PER_seed_0_1790610953,DQN_Double_PER,0,1686,87023,4.60,0,0.0100,0.00653,123.9
DQN_Double_PER_seed_0_1790610953,DQN_Double_PER,0,1687,87073,3.90,0,0.0100,0.00639,124.0
DQN_Double_PER_seed_0_1790610953,DQN_Double_PER,0,1688,87131,4.70,0,0.0100,0.00674,124.0
DQN_Double_PER_seed_0_1790610953,DQN_Double_PER,0,1689,87181,3.90,0,0.0100,0.00673,124.1
DQN_Double_PER_seed_0_1790610953,DQN_Double_PER,0,1690,87231,3.90,0,0.0100,0.00639,124.2
DQN_Double_PER_seed_0_1790610953,DQN_Double_PER,0,1691,87353,12.90,2,0.0100,0.00730,124.4
DQN_Double_PER_seed_0_1790610953,DQN_Double_PER,0,1692,87475,12.90,2,0.0100,0.00751,124.6
DQN_Double_PER_seed_0_1790610953,DQN_Double_PER,0,1693,87566,8.90,1,0.0100,0.00676,124.7
DQN_Double_PER_seed_0_1790610953,DQN_Double_PER,0,1694,87701,15.10,3,0.0100,0.00640,124.9
DQN_Double_PER_seed_0_1790610953,DQN_Double_PER,0,1695,87765,6.20,1,0.0100,0.00766,125.0
DQN_Double_PER_seed_0_1790610953,DQN_Double_PER,0,1696,87901,15.20,3,0.0100,0.00585,125.2
DQN_Double_PER_seed_0_1790610953,DQN_Double_PER,0,1697,88023,12.90,2,0.0100,0.00669,125.4
DQN_Double_PER_seed_0_1790610953,DQN_Double_PER,0,1698,88073,3.90,0,0.0100,0.00740,125.5
DQN_Double_PER_seed_0_1790610953,DQN_Double_PER,0,1699,88123,3.90,0,0.0100,0.00688,125.6
DQN_Double_PER_seed_0_1790610953,DQN_Double_PER,0,1700,88173,3.90,0,0.0100,0.00804,125.6
DQN_Double_PER_seed_0_1790610953,DQN_Double_PER,0,1701,88223,3.90,0,0.0100,0.00660,125.7
DQN_Double_PER_seed_0_1790610953,DQN_Double_PER,0,1702,88309,8.40,1,0.0100,0.00729,125.9
DQN_Double_PER_seed_0_1790610953,DQN_Double_PER,0,1703,88367,4.70,0,0.0100,0.00659,125.9
DQN_Double_PER_seed_0_1790610953,DQN_Double_PER,0,1704,88453,8.40,1,0.0100,0.00774,126.1
DQN_Double_PER_seed_0_1790610953,DQN_Double_PER,0,1705,88503,3.90,0,0.0100,0.00649,126.1
DQN_Double_PER_seed_0_1790610953,DQN_Double_PER,0,1706,88553,3.90,0,0.0100,0.00667,126.2
DQN_Double_PER_seed_0_1790610953,DQN_Double_PER,0,1707,88613,4.90,0,0.0100,0.00582,126.3
DQN_Double_PER_seed_0_1790610953,DQN_Double_PER,0,1708,88699,8.40,1,0.0100,0.00712,126.4
DQN_Double_PER_seed_0_1790610953,DQN_Double_PER,0,1709,88749,3.90,0,0.0100,0.00705,126.5
DQN_Double_PER_seed_0_1790610953,DQN_Double_PER,0,1710,88808,4.80,0,0.0100,0.00703,126.6
DQN_Double_PER_seed_0_1790610953,DQN_Double_PER,0,1711,88860,4.10,0,0.0100,0.00610,126.7
DQN_Double_PER_seed_0_1790610953,DQN_Double_PER,0,1712,88910,3.90,0,0.0100,0.00609,126.8
DQN_Double_PER_seed_0_1790610953,DQN_Double_PER,0,1713,88960,3.90,0,0.0100,0.00606,126.8
DQN_Double_PER_seed_0_1790610953,DQN_Double_PER,0,1714,89021,5.00,1,0.0100,0.00874,126.9
DQN_Double_PER_seed_0_1790610953,DQN_Double_PER,0,1715,89107,8.40,1,0.0100,0.00756,127.1
DQN_Double_PER_seed_0_1790610953,DQN_Double_PER,0,1716,89204,9.50,2,0.0100,0.00864,127.2
DQN_Double_PER_seed_0_1790610953,DQN_Double_PER,0,1717,89254,3.90,0,0.0100,0.00769,127.3
DQN_Double_PER_seed_0_1790610953,DQN_Double_PER,0,1718,89340,8.40,1,0.0100,0.00673,127.4
DQN_Double_PER_seed_0_1790610953,DQN_Double_PER,0,1719,89390,3.90,0,0.0100,0.00651,127.5
DQN_Double_PER_seed_0_1790610953,DQN_Double_PER,0,1720,89440,3.90,0,0.0100,0.00724,127.6
DQN_Double_PER_seed_0_1790610953,DQN_Double_PER,0,1721,89496,4.50,0,0.0100,0.00761,127.7
DQN_Double_PER_seed_0_1790610953,DQN_Double_PER,0,1722,89582,8.40,1,0.0100,0.00740,127.8
DQN_Double_PER_seed_0_1790610953,DQN_Double_PER,0,1723,89632,3.90,0,0.0100,0.00740,127.9
DQN_Double_PER_seed_0_1790610953,DQN_Double_PER,0,1724,89718,8.40,1,0.0100,0.00952,128.0
DQN_Double_PER_seed_0_1790610953,DQN_Double_PER,0,1725,89768,3.90,0,0.0100,0.00712,128.1
DQN_Double_PER_seed_0_1790610953,DQN_Double_PER,0,1726,89825,4.60,0,0.0100,0.00877,128.2
DQN_Double_PER_seed_0_1790610953,DQN_Double_PER,0,1727,89880,4.40,0,0.0100,0.00905,128.3
DQN_Double_PER_seed_0_1790610953,DQN_Double_PER,0,1728,90002,12.90,2,0.0100,0.00717,128.5
DQN_Double_PER_seed_0_1790610953,DQN_Double_PER,0,1729,90088,8.40,1,0.0100,0.00624,128.7
DQN_Double_PER_seed_0_1790610953,DQN_Double_PER,0,1730,90174,8.40,1,0.0100,0.00677,128.8
DQN_Double_PER_seed_0_1790610953,DQN_Double_PER,0,1731,90224,3.90,0,0.0100,0.00737,128.9
DQN_Double_PER_seed_0_1790610953,DQN_Double_PER,0,1732,90274,3.90,0,0.0100,0.00735,129.0
DQN_Double_PER_seed_0_1790610953,DQN_Double_PER,0,1733,90324,3.90,0,0.0100,0.00808,129.0
DQN_Double_PER_seed_0_1790610953,DQN_Double_PER,0,1734,90410,8.40,1,0.0100,0.00694,129.2
DQN_Double_PER_seed_0_1790610953,DQN_Double_PER,0,1735,90496,8.40,1,0.0100,0.00705,129.3
DQN_Double_PER_seed_0_1790610953,DQN_Double_PER,0,1736,90558,6.00,1,0.0100,0.00692,129.4
DQN_Double_PER_seed_0_1790610953,DQN_Double_PER,0,1737,90617,4.80,0,0.0100,0.00828,129.5
DQN_Double_PER_seed_0_1790610953,DQN_Double_PER,0,1738,90703,8.40,1,0.0100,0.00746,129.6
DQN_Double_PER_seed_0_1790610953,DQN_Double_PER,0,1739,90765,6.00,1,0.0100,0.00787,129.7
DQN_Double_PER_seed_0_1790610953,DQN_Double_PER,0,1740,90815,3.90,0,0.0100,0.00727,129.8
DQN_Double_PER_seed_0_1790610953,DQN_Double_PER,0,1741,90865,3.90,0,0.0100,0.00756,129.9
DQN_Double_PER_seed_0_1790610953,DQN_Double_PER,0,1742,90951,8.40,1,0.0100,0.00839,130.0
DQN_Double_PER_seed_0_1790610953,DQN_Double_PER,0,1743,91018,6.50,1,0.0100,0.00733,130.1
DQN_Double_PER_seed_0_1790610953,DQN_Double_PER,0,1744,91068,3.90,0,0.0100,0.00769,130.2
DQN_Double_PER_seed_0_1790610953,DQN_Double_PER,0,1745,91154,8.40,1,0.0100,0.00931,130.3
DQN_Double_PER_seed_0_1790610953,DQN_Double_PER,0,1746,91240,8.40,1,0.0100,0.00978,130.4
DQN_Double_PER_seed_0_1790610953,DQN_Double_PER,0,1747,91301,5.00,1,0.0100,0.00797,130.5
DQN_Double_PER_seed_0_1790610953,DQN_Double_PER,0,1748,91351,3.90,0,0.0100,0.00822,130.6
DQN_Double_PER_seed_0_1790610953,DQN_Double_PER,0,1749,91478,13.40,2,0.0100,0.00795,130.8
DQN_Double_PER_seed_0_1790610953,DQN_Double_PER,0,1750,91528,3.90,0,0.0100,0.01027,130.9
DQN_Double_PER_seed_0_1790610953,DQN_Double_PER,0,1751,91585,4.60,0,0.0100,0.00910,131.0
DQN_Double_PER_seed_0_1790610953,DQN_Double_PER,0,1752,91641,4.50,0,0.0100,0.00848,131.1
DQN_Double_PER_seed_0_1790610953,DQN_Double_PER,0,1753,91672,2.00,0,0.0100,0.00776,131.1
DQN_Double_PER_seed_0_1790610953,DQN_Double_PER,0,1754,91835,17.90,3,0.0100,0.00824,131.3
DQN_Double_PER_seed_0_1790610953,DQN_Double_PER,0,1755,91891,4.50,0,0.0100,0.00773,131.4
DQN_Double_PER_seed_0_1790610953,DQN_Double_PER,0,1756,91941,3.90,0,0.0100,0.00740,131.5
DQN_Double_PER_seed_0_1790610953,DQN_Double_PER,0,1757,91991,3.90,0,0.0100,0.00825,131.6
DQN_Double_PER_seed_0_1790610953,DQN_Double_PER,0,1758,92077,8.40,1,0.0100,0.00888,131.7
DQN_Double_PER_seed_0_1790610953,DQN_Double_PER,0,1759,92163,8.40,1,0.0100,0.00877,131.9
DQN_Double_PER_seed_0_1790610953,DQN_Double_PER,0,1760,92217,4.30,0,0.0100,0.00878,131.9
DQN_Double_PER_seed_0_1790610953,DQN_Double_PER,0,1761,92267,3.90,0,0.0100,0.00906,132.0
DQN_Double_PER_seed_0_1790610953,DQN_Double_PER,0,1762,92353,8.40,1,0.0100,0.00961,132.1
DQN_Double_PER_seed_0_1790610953,DQN_Double_PER,0,1763,92423,6.80,1,0.0100,0.00947,132.3
DQN_Double_PER_seed_0_1790610953,DQN_Double_PER,0,1764,92528,11.20,2,0.0100,0.00833,132.4
DQN_Double_PER_seed_0_1790610953,DQN_Double_PER,0,1765,92614,8.40,1,0.0100,0.00738,132.5
DQN_Double_PER_seed_0_1790610953,DQN_Double_PER,0,1766,92664,3.90,0,0.0100,0.00846,132.6
DQN_Double_PER_seed_0_1790610953,DQN_Double_PER,0,1767,92728,6.20,1,0.0100,0.00866,132.7
DQN_Double_PER_seed_0_1790610953,DQN_Double_PER,0,1768,92814,8.40,1,0.0100,0.00761,132.8
DQN_Double_PER_seed_0_1790610953,DQN_Double_PER,0,1769,92900,8.40,1,0.0100,0.00790,133.0
DQN_Double_PER_seed_0_1790610953,DQN_Double_PER,0,1770,92968,6.60,1,0.0100,0.00741,133.1
DQN_Double_PER_seed_0_1790610953,DQN_Double_PER,0,1771,93028,4.90,0,0.0100,0.00891,133.2
DQN_Double_PER_seed_0_1790610953,DQN_Double_PER,0,1772,93092,6.20,1,0.0100,0.00875,133.3
DQN_Double_PER_seed_0_1790610953,DQN_Double_PER,0,1773,93142,3.90,0,0.0100,0.00923,133.4
DQN_Double_PER_seed_0_1790610953,DQN_Double_PER,0,1774,93209,6.50,1,0.0100,0.00839,133.5
DQN_Double_PER_seed_0_1790610953,DQN_Double_PER,0,1775,93259,3.90,0,0.0100,0.00873,133.5
DQN_Double_PER_seed_0_1790610953,DQN_Double_PER,0,1776,93348,8.70,1,0.0100,0.00974,133.7
DQN_Double_PER_seed_0_1790610953,DQN_Double_PER,0,1777,93434,8.40,1,0.0100,0.00873,133.8
DQN_Double_PER_seed_0_1790610953,DQN_Double_PER,0,1778,93484,3.90,0,0.0100,0.00817,133.9
DQN_Double_PER_seed_0_1790610953,DQN_Double_PER,0,1779,93570,8.40,1,0.0100,0.00825,134.0
DQN_Double_PER_seed_0_1790610953,DQN_Double_PER,0,1780,93628,4.70,0,0.0100,0.00808,134.1
DQN_Double_PER_seed_0_1790610953,DQN_Double_PER,0,1781,93684,4.50,0,0.0100,0.00838,134.2
DQN_Double_PER_seed_0_1790610953,DQN_Double_PER,0,1782,93741,4.60,0,0.0100,0.00846,134.3
DQN_Double_PER_seed_0_1790610953,DQN_Double_PER,0,1783,93863,12.90,2,0.0100,0.00829,134.5
DQN_Double_PER_seed_0_1790610953,DQN_Double_PER,0,1784,93917,4.30,0,0.0100,0.00880,134.5
DQN_Double_PER_seed_0_1790610953,DQN_Double_PER,0,1785,93971,4.30,0,0.0100,0.00885,134.6
DQN_Double_PER_seed_0_1790610953,DQN_Double_PER,0,1786,94057,8.40,1,0.0100,0.00890,134.8
DQN_Double_PER_seed_0_1790610953,DQN_Double_PER,0,1787,94143,8.40,1,0.0100,0.00863,134.9
DQN_Double_PER_seed_0_1790610953,DQN_Double_PER,0,1788,94193,3.90,0,0.0100,0.00866,135.0
DQN_Double_PER_seed_0_1790610953,DQN_Double_PER,0,1789,94245,4.10,0,0.0100,0.00984,135.0
DQN_Double_PER_seed_0_1790610953,DQN_Double_PER,0,1790,94331,8.40,1,0.0100,0.00892,135.2
DQN_Double_PER_seed_0_1790610953,DQN_Double_PER,0,1791,94381,3.90,0,0.0100,0.00782,135.2
DQN_Double_PER_seed_0_1790610953,DQN_Double_PER,0,1792,94467,8.40,1,0.0100,0.00909,135.4
DQN_Double_PER_seed_0_1790610953,DQN_Double_PER,0,1793,94553,8.40,1,0.0100,0.00849,135.5
DQN_Double_PER_seed_0_1790610953,DQN_Double_PER,0,1794,94609,4.50,0,0.0100,0.00824,135.6
DQN_Double_PER_seed_0_1790610953,DQN_Double_PER,0,1795,94695,8.40,1,0.0100,0.00858,135.7
DQN_Double_PER_seed_0_1790610953,DQN_Double_PER,0,1796,94745,3.90,0,0.0100,0.00852,135.8
DQN_Double_PER_seed_0_1790610953,DQN_Double_PER,0,1797,94831,8.40,1,0.0100,0.00999,135.9
DQN_Double_PER_seed_0_1790610953,DQN_Double_PER,0,1798,94888,4.60,0,0.0100,0.00904,136.0
DQN_Double_PER_seed_0_1790610953,DQN_Double_PER,0,1799,94946,4.70,0,0.0100,0.00977,136.1
DQN_Double_PER_seed_0_1790610953,DQN_Double_PER,0,1800,95001,4.40,0,0.0100,0.00962,136.3
DQN_Double_PER_seed_0_1790610953,DQN_Double_PER,0,1801,95087,8.40,1,0.0100,0.01033,136.5
DQN_Double_PER_seed_0_1790610953,DQN_Double_PER,0,1802,95173,8.40,1,0.0100,0.01049,136.6
DQN_Double_PER_seed_0_1790610953,DQN_Double_PER,0,1803,95259,8.40,1,0.0100,0.01019,136.7
DQN_Double_PER_seed_0_1790610953,DQN_Double_PER,0,1804,95309,3.90,0,0.0100,0.01070,136.8
DQN_Double_PER_seed_0_1790610953,DQN_Double_PER,0,1805,95367,4.70,0,0.0100,0.00994,136.9
DQN_Double_PER_seed_0_1790610953,DQN_Double_PER,0,1806,95489,12.90,2,0.0100,0.00934,137.1
DQN_Double_PER_seed_0_1790610953,DQN_Double_PER,0,1807,95555,6.40,1,0.0100,0.01204,137.2
DQN_Double_PER_seed_0_1790610953,DQN_Double_PER,0,1808,95612,4.60,0,0.0100,0.00958,137.3
DQN_Double_PER_seed_0_1790610953,DQN_Double_PER,0,1809,95677,6.30,1,0.0100,0.01115,137.4
DQN_Double_PER_seed_0_1790610953,DQN_Double_PER,0,1810,95763,8.40,1,0.0100,0.00886,137.5
DQN_Double_PER_seed_0_1790610953,DQN_Double_PER,0,1811,95849,8.40,1,0.0100,0.00876,137.6
DQN_Double_PER_seed_0_1790610953,DQN_Double_PER,0,1812,95935,8.40,1,0.0100,0.00833,137.8
DQN_Double_PER_seed_0_1790610953,DQN_Double_PER,0,1813,96021,8.40,1,0.0100,0.00822,137.9
DQN_Double_PER_seed_0_1790610953,DQN_Double_PER,0,1814,96149,13.50,2,0.0100,0.00893,138.1
DQN_Double_PER_seed_0_1790610953,DQN_Double_PER,0,1815,96213,6.20,1,0.0100,0.00981,138.2
DQN_Double_PER_seed_0_1790610953,DQN_Double_PER,0,1816,96283,6.80,1,0.0100,0.00904,138.3
DQN_Double_PER_seed_0_1790610953,DQN_Double_PER,0,1817,96333,3.90,0,0.0100,0.00918,138.4
DQN_Double_PER_seed_0_1790610953,DQN_Double_PER,0,1818,96383,3.90,0,0.0100,0.00835,138.4
DQN_Double_PER_seed_0_1790610953,DQN_Double_PER,0,1819,96441,4.70,0,0.0100,0.00872,138.5
DQN_Double_PER_seed_0_1790610953,DQN_Double_PER,0,1820,96527,8.40,1,0.0100,0.00814,138.7
DQN_Double_PER_seed_0_1790610953,DQN_Double_PER,0,1821,96613,8.40,1,0.0100,0.00810,138.8
DQN_Double_PER_seed_0_1790610953,DQN_Double_PER,0,1822,96699,8.40,1,0.0100,0.00928,138.9
DQN_Double_PER_seed_0_1790610953,DQN_Double_PER,0,1823,96756,4.60,0,0.0100,0.00889,139.0
DQN_Double_PER_seed_0_1790610953,DQN_Double_PER,0,1824,96842,8.40,1,0.0100,0.00938,139.1
DQN_Double_PER_seed_0_1790610953,DQN_Double_PER,0,1825,96908,6.40,1,0.0100,0.00855,139.3
DQN_Double_PER_seed_0_1790610953,DQN_Double_PER,0,1826,96958,3.90,0,0.0100,0.00999,139.3
DQN_Double_PER_seed_0_1790610953,DQN_Double_PER,0,1827,97044,8.40,1,0.0100,0.01115,139.5
DQN_Double_PER_seed_0_1790610953,DQN_Double_PER,0,1828,97094,3.90,0,0.0100,0.00994,139.5
DQN_Double_PER_seed_0_1790610953,DQN_Double_PER,0,1829,97180,8.40,1,0.0100,0.00870,139.7
DQN_Double_PER_seed_0_1790610953,DQN_Double_PER,0,1830,97230,3.90,0,0.0100,0.00830,139.7
DQN_Double_PER_seed_0_1790610953,DQN_Double_PER,0,1831,97280,3.90,0,0.0100,0.01027,139.8
DQN_Double_PER_seed_0_1790610953,DQN_Double_PER,0,1832,97366,8.40,1,0.0100,0.00879,140.0
DQN_Double_PER_seed_0_1790610953,DQN_Double_PER,0,1833,97427,5.00,1,0.0100,0.00977,140.0
DQN_Double_PER_seed_0_1790610953,DQN_Double_PER,0,1834,97477,3.90,0,0.0100,0.00731,140.1
DQN_Double_PER_seed_0_1790610953,DQN_Double_PER,0,1835,97563,8.40,1,0.0100,0.01047,140.3
DQN_Double_PER_seed_0_1790610953,DQN_Double_PER,0,1836,97622,4.80,0,0.0100,0.00988,140.3
DQN_Double_PER_seed_0_1790610953,DQN_Double_PER,0,1837,97680,4.70,0,0.0100,0.00925,140.4
DQN_Double_PER_seed_0_1790610953,DQN_Double_PER,0,1838,97730,3.90,0,0.0100,0.01114,140.5
DQN_Double_PER_seed_0_1790610953,DQN_Double_PER,0,1839,97816,8.40,1,0.0100,0.00927,140.6
DQN_Double_PER_seed_0_1790610953,DQN_Double_PER,0,1840,97902,8.40,1,0.0100,0.01007,140.8
DQN_Double_PER_seed_0_1790610953,DQN_Double_PER,0,1841,97970,6.60,1,0.0100,0.00834,140.9
DQN_Double_PER_seed_0_1790610953,DQN_Double_PER,0,1842,98060,8.80,1,0.0100,0.00999,141.0
DQN_Double_PER_seed_0_1790610953,DQN_Double_PER,0,1843,98113,4.20,0,0.0100,0.00898,141.1
DQN_Double_PER_seed_0_1790610953,DQN_Double_PER,0,1844,98167,4.30,0,0.0100,0.00943,141.2
DQN_Double_PER_seed_0_1790610953,DQN_Double_PER,0,1845,98217,3.90,0,0.0100,0.00904,141.3
DQN_Double_PER_seed_0_1790610953,DQN_Double_PER,0,1846,98303,8.40,1,0.0100,0.00899,141.4
DQN_Double_PER_seed_0_1790610953,DQN_Double_PER,0,1847,98389,8.40,1,0.0100,0.00994,141.6
DQN_Double_PER_seed_0_1790610953,DQN_Double_PER,0,1848,98439,3.90,0,0.0100,0.00900,141.6
DQN_Double_PER_seed_0_1790610953,DQN_Double_PER,0,1849,98525,8.40,1,0.0100,0.00927,141.8
DQN_Double_PER_seed_0_1790610953,DQN_Double_PER,0,1850,98578,4.20,0,0.0100,0.00831,141.9
DQN_Double_PER_seed_0_1790610953,DQN_Double_PER,0,1851,98746,18.40,3,0.0100,0.00934,142.1
DQN_Double_PER_seed_0_1790610953,DQN_Double_PER,0,1852,98835,8.70,1,0.0100,0.01079,142.3
DQN_Double_PER_seed_0_1790610953,DQN_Double_PER,0,1853,98921,8.40,1,0.0100,0.01019,142.4
DQN_Double_PER_seed_0_1790610953,DQN_Double_PER,0,1854,98980,4.80,0,0.0100,0.00987,142.5
DQN_Double_PER_seed_0_1790610953,DQN_Double_PER,0,1855,99074,9.20,1,0.0100,0.00873,142.6
DQN_Double_PER_seed_0_1790610953,DQN_Double_PER,0,1856,99162,8.60,1,0.0100,0.01146,142.8
DQN_Double_PER_seed_0_1790610953,DQN_Double_PER,0,1857,99284,12.90,2,0.0100,0.01243,142.9
DQN_Double_PER_seed_0_1790610953,DQN_Double_PER,0,1858,99344,4.90,0,0.0100,0.01186,143.0
DQN_Double_PER_seed_0_1790610953,DQN_Double_PER,0,1859,99408,6.20,1,0.0100,0.01021,143.1
DQN_Double_PER_seed_0_1790610953,DQN_Double_PER,0,1860,99494,8.40,1,0.0100,0.01149,143.3
DQN_Double_PER_seed_0_1790610953,DQN_Double_PER,0,1861,99580,8.40,1,0.0100,0.00957,143.4
DQN_Double_PER_seed_0_1790610953,DQN_Double_PER,0,1862,99666,8.40,1,0.0100,0.01197,143.5
DQN_Double_PER_seed_0_1790610953,DQN_Double_PER,0,1863,99727,5.00,1,0.0100,0.01256,143.6
DQN_Double_PER_seed_0_1790610953,DQN_Double_PER,0,1864,99788,5.00,1,0.0100,0.01025,143.7
DQN_Double_PER_seed_0_1790610953,DQN_Double_PER,0,1865,99874,8.40,1,0.0100,0.01110,143.9
DQN_Double_PER_seed_0_1790610953,DQN_Double_PER,0,1866,99960,8.40,1,0.0100,0.01117,144.0
DQN_Double_PER_seed_0_1790610953,DQN_Double_PER,0,1867,100023,6.10,1,0.0100,0.00944,144.2
DQN_Double_PER_seed_0_1790610953,DQN_Double_PER,0,1868,100109,8.40,1,0.0100,0.01006,144.4
DQN_Double_PER_seed_0_1790610953,DQN_Double_PER,0,1869,100159,3.90,0,0.0100,0.01058,144.5
DQN_Double_PER_seed_0_1790610953,DQN_Double_PER,0,1870,100214,4.40,0,0.0100,0.01022,144.5
DQN_Double_PER_seed_0_1790610953,DQN_Double_PER,0,1871,100300,8.40,1,0.0100,0.01036,144.7
DQN_Double_PER_seed_0_1790610953,DQN_Double_PER,0,1872,100386,8.40,1,0.0100,0.01231,144.8
DQN_Double_PER_seed_0_1790610953,DQN_Double_PER,0,1873,100436,3.90,0,0.0100,0.00905,144.9
DQN_Double_PER_seed_0_1790610953,DQN_Double_PER,0,1874,100525,8.70,1,0.0100,0.01075,145.0
DQN_Double_PER_seed_0_1790610953,DQN_Double_PER,0,1875,100580,4.40,0,0.0100,0.00866,145.1
DQN_Double_PER_seed_0_1790610953,DQN_Double_PER,0,1876,100630,3.90,0,0.0100,0.01049,145.2
DQN_Double_PER_seed_0_1790610953,DQN_Double_PER,0,1877,100724,9.20,1,0.0100,0.01067,145.3
DQN_Double_PER_seed_0_1790610953,DQN_Double_PER,0,1878,100810,8.40,1,0.0100,0.01144,145.5
DQN_Double_PER_seed_0_1790610953,DQN_Double_PER,0,1879,100860,3.90,0,0.0100,0.01023,145.5
DQN_Double_PER_seed_0_1790610953,DQN_Double_PER,0,1880,100954,9.20,1,0.0100,0.01141,145.7
DQN_Double_PER_seed_0_1790610953,DQN_Double_PER,0,1881,101013,4.80,0,0.0100,0.01075,145.8
DQN_Double_PER_seed_0_1790610953,DQN_Double_PER,0,1882,101069,4.50,0,0.0100,0.01111,145.9
DQN_Double_PER_seed_0_1790610953,DQN_Double_PER,0,1883,101119,3.90,0,0.0100,0.01290,145.9
DQN_Double_PER_seed_0_1790610953,DQN_Double_PER,0,1884,101169,3.90,0,0.0100,0.01175,146.0
DQN_Double_PER_seed_0_1790610953,DQN_Double_PER,0,1885,101234,6.30,1,0.0100,0.01253,146.1
DQN_Double_PER_seed_0_1790610953,DQN_Double_PER,0,1886,101323,8.70,1,0.0100,0.01009,146.2
DQN_Double_PER_seed_0_1790610953,DQN_Double_PER,0,1887,101373,3.90,0,0.0100,0.01081,146.3
DQN_Double_PER_seed_0_1790610953,DQN_Double_PER,0,1888,101434,5.00,1,0.0100,0.01087,146.4
DQN_Double_PER_seed_0_1790610953,DQN_Double_PER,0,1889,101520,8.40,1,0.0100,0.01030,146.6
DQN_Double_PER_seed_0_1790610953,DQN_Double_PER,0,1890,101576,4.50,0,0.0100,0.00979,146.6
DQN_Double_PER_seed_0_1790610953,DQN_Double_PER,0,1891,101633,4.60,0,0.0100,0.00838,146.7
DQN_Double_PER_seed_0_1790610953,DQN_Double_PER,0,1892,101691,4.70,0,0.0100,0.00944,146.8
DQN_Double_PER_seed_0_1790610953,DQN_Double_PER,0,1893,101757,6.40,1,0.0100,0.01085,146.9
DQN_Double_PER_seed_0_1790610953,DQN_Double_PER,0,1894,101843,8.40,1,0.0100,0.01189,147.0
DQN_Double_PER_seed_0_1790610953,DQN_Double_PER,0,1895,101910,6.50,1,0.0100,0.00917,147.2
DQN_Double_PER_seed_0_1790610953,DQN_Double_PER,0,1896,101960,3.90,0,0.0100,0.01369,147.2
DQN_Double_PER_seed_0_1790610953,DQN_Double_PER,0,1897,102024,6.20,1,0.0100,0.01175,147.3
DQN_Double_PER_seed_0_1790610953,DQN_Double_PER,0,1898,102118,9.20,1,0.0100,0.01006,147.5
DQN_Double_PER_seed_0_1790610953,DQN_Double_PER,0,1899,102240,12.90,2,0.0100,0.01099,147.7
DQN_Double_PER_seed_0_1790610953,DQN_Double_PER,0,1900,102298,4.70,0,0.0100,0.01098,147.8
DQN_Double_PER_seed_0_1790610953,DQN_Double_PER,0,1901,102384,8.40,1,0.0100,0.01029,147.9
DQN_Double_PER_seed_0_1790610953,DQN_Double_PER,0,1902,102446,6.00,1,0.0100,0.01002,148.0
DQN_Double_PER_seed_0_1790610953,DQN_Double_PER,0,1903,102532,8.40,1,0.0100,0.01136,148.1
DQN_Double_PER_seed_0_1790610953,DQN_Double_PER,0,1904,102582,3.90,0,0.0100,0.01102,148.2
DQN_Double_PER_seed_0_1790610953,DQN_Double_PER,0,1905,102645,6.10,1,0.0100,0.01213,148.3
DQN_Double_PER_seed_0_1790610953,DQN_Double_PER,0,1906,102731,8.40,1,0.0100,0.01006,148.4
DQN_Double_PER_seed_0_1790610953,DQN_Double_PER,0,1907,102817,8.40,1,0.0100,0.01060,148.6
DQN_Double_PER_seed_0_1790610953,DQN_Double_PER,0,1908,102906,8.70,1,0.0100,0.01146,148.7
DQN_Double_PER_seed_0_1790610953,DQN_Double_PER,0,1909,102956,3.90,0,0.0100,0.00998,148.8
DQN_Double_PER_seed_0_1790610953,DQN_Double_PER,0,1910,103006,3.90,0,0.0100,0.01074,148.8
DQN_Double_PER_seed_0_1790610953,DQN_Double_PER,0,1911,103092,8.40,1,0.0100,0.01070,149.0
DQN_Double_PER_seed_0_1790610953,DQN_Double_PER,0,1912,103291,22.40,4,0.0100,0.01119,149.3
DQN_Double_PER_seed_0_1790610953,DQN_Double_PER,0,1913,103341,3.90,0,0.0100,0.01038,149.4
DQN_Double_PER_seed_0_1790610953,DQN_Double_PER,0,1914,103504,17.90,3,0.0100,0.01018,149.6
DQN_Double_PER_seed_0_1790610953,DQN_Double_PER,0,1915,103601,9.50,2,0.0100,0.01082,149.8
DQN_Double_PER_seed_0_1790610953,DQN_Double_PER,0,1916,103668,6.50,1,0.0100,0.00950,149.9
DQN_Double_PER_seed_0_1790610953,DQN_Double_PER,0,1917,103718,3.90,0,0.0100,0.01049,149.9
DQN_Double_PER_seed_0_1790610953,DQN_Double_PER,0,1918,103804,8.40,1,0.0100,0.01003,150.1
DQN_Double_PER_seed_0_1790610953,DQN_Double_PER,0,1919,103854,3.90,0,0.0100,0.01230,150.2
DQN_Double_PER_seed_0_1790610953,DQN_Double_PER,0,1920,103904,3.90,0,0.0100,0.01039,150.2
DQN_Double_PER_seed_0_1790610953,DQN_Double_PER,0,1921,104026,12.90,2,0.0100,0.01186,150.4
DQN_Double_PER_seed_0_1790610953,DQN_Double_PER,0,1922,104092,6.40,1,0.0100,0.01189,150.5
DQN_Double_PER_seed_0_1790610953,DQN_Double_PER,0,1923,104142,3.90,0,0.0100,0.01205,150.6
DQN_Double_PER_seed_0_1790610953,DQN_Double_PER,0,1924,104192,3.90,0,0.0100,0.01123,150.7
DQN_Double_PER_seed_0_1790610953,DQN_Double_PER,0,1925,104252,4.90,0,0.0100,0.01265,150.8
DQN_Double_PER_seed_0_1790610953,DQN_Double_PER,0,1926,104350,10.50,2,0.0100,0.01018,150.9
DQN_Double_PER_seed_0_1790610953,DQN_Double_PER,0,1927,104436,8.40,1,0.0100,0.01252,151.1
DQN_Double_PER_seed_0_1790610953,DQN_Double_PER,0,1928,104486,3.90,0,0.0100,0.01107,151.1
DQN_Double_PER_seed_0_1790610953,DQN_Double_PER,0,1929,104536,3.90,0,0.0100,0.01164,151.2
DQN_Double_PER_seed_0_1790610953,DQN_Double_PER,0,1930,104622,8.40,1,0.0100,0.01252,151.3
DQN_Double_PER_seed_0_1790610953,DQN_Double_PER,0,1931,104677,4.40,0,0.0100,0.01163,151.4
DQN_Double_PER_seed_0_1790610953,DQN_Double_PER,0,1932,104799,12.90,2,0.0100,0.01100,151.6
DQN_Double_PER_seed_0_1790610953,DQN_Double_PER,0,1933,105034,26.90,5,0.0100,0.01196,152.1
DQN_Double_PER_seed_0_1790610953,DQN_Double_PER,0,1934,105084,3.90,0,0.0100,0.01267,152.2
DQN_Double_PER_seed_0_1790610953,DQN_Double_PER,0,1935,105143,4.80,0,0.0100,0.01237,152.3
DQN_Double_PER_seed_0_1790610953,DQN_Double_PER,0,1936,105193,3.90,0,0.0100,0.01116,152.4
DQN_Double_PER_seed_0_1790610953,DQN_Double_PER,0,1937,105259,6.40,1,0.0100,0.01205,152.5
DQN_Double_PER_seed_0_1790610953,DQN_Double_PER,0,1938,105381,12.90,2,0.0100,0.01122,152.7
DQN_Double_PER_seed_0_1790610953,DQN_Double_PER,0,1939,105444,6.10,1,0.0100,0.01079,152.8
DQN_Double_PER_seed_0_1790610953,DQN_Double_PER,0,1940,105494,3.90,0,0.0100,0.01208,152.8
DQN_Double_PER_seed_0_1790610953,DQN_Double_PER,0,1941,105580,8.40,1,0.0100,0.01197,153.0
DQN_Double_PER_seed_0_1790610953,DQN_Double_PER,0,1942,105630,3.90,0,0.0100,0.01015,153.0
DQN_Double_PER_seed_0_1790610953,DQN_Double_PER,0,1943,105680,3.90,0,0.0100,0.01180,153.1
DQN_Double_PER_seed_0_1790610953,DQN_Double_PER,0,1944,105775,9.30,1,0.0100,0.01083,153.3
DQN_Double_PER_seed_0_1790610953,DQN_Double_PER,0,1945,105825,3.90,0,0.0100,0.01279,153.3
DQN_Double_PER_seed_0_1790610953,DQN_Double_PER,0,1946,105988,17.90,3,0.0100,0.01177,153.6
DQN_Double_PER_seed_0_1790610953,DQN_Double_PER,0,1947,106042,4.30,0,0.0100,0.01260,153.7
DQN_Double_PER_seed_0_1790610953,DQN_Double_PER,0,1948,106109,6.50,1,0.0100,0.00983,153.8
DQN_Double_PER_seed_0_1790610953,DQN_Double_PER,0,1949,106195,8.40,1,0.0100,0.01105,153.9
DQN_Double_PER_seed_0_1790610953,DQN_Double_PER,0,1950,106245,3.90,0,0.0100,0.01446,154.0
DQN_Double_PER_seed_0_1790610953,DQN_Double_PER,0,1951,106295,3.90,0,0.0100,0.01195,154.1
DQN_Double_PER_seed_0_1790610953,DQN_Double_PER,0,1952,106345,3.90,0,0.0100,0.01272,154.1
DQN_Double_PER_seed_0_1790610953,DQN_Double_PER,0,1953,106395,3.90,0,0.0100,0.01324,154.2
DQN_Double_PER_seed_0_1790610953,DQN_Double_PER,0,1954,106481,8.40,1,0.0100,0.01397,154.4
DQN_Double_PER_seed_0_1790610953,DQN_Double_PER,0,1955,106531,3.90,0,0.0100,0.01480,154.4
DQN_Double_PER_seed_0_1790610953,DQN_Double_PER,0,1956,106592,5.00,1,0.0100,0.01187,154.5
DQN_Double_PER_seed_0_1790610953,DQN_Double_PER,0,1957,106657,6.30,1,0.0100,0.01250,154.6
DQN_Double_PER_seed_0_1790610953,DQN_Double_PER,0,1958,106707,3.90,0,0.0100,0.01289,154.7
DQN_Double_PER_seed_0_1790610953,DQN_Double_PER,0,1959,106800,9.10,1,0.0100,0.01403,154.9
DQN_Double_PER_seed_0_1790610953,DQN_Double_PER,0,1960,106886,8.40,1,0.0100,0.01264,155.0
DQN_Double_PER_seed_0_1790610953,DQN_Double_PER,0,1961,106943,4.60,0,0.0100,0.01180,155.1
DQN_Double_PER_seed_0_1790610953,DQN_Double_PER,0,1962,106993,3.90,0,0.0100,0.01148,155.2
DQN_Double_PER_seed_0_1790610953,DQN_Double_PER,0,1963,107168,19.10,4,0.0100,0.01484,155.4
DQN_Double_PER_seed_0_1790610953,DQN_Double_PER,0,1964,107268,10.70,2,0.0100,0.01313,155.6
DQN_Double_PER_seed_0_1790610953,DQN_Double_PER,0,1965,107431,17.90,3,0.0100,0.01331,155.8
DQN_Double_PER_seed_0_1790610953,DQN_Double_PER,0,1966,107553,12.90,2,0.0100,0.01350,156.0
DQN_Double_PER_seed_0_1790610953,DQN_Double_PER,0,1967,107639,8.40,1,0.0100,0.01314,156.2
DQN_Double_PER_seed_0_1790610953,DQN_Double_PER,0,1968,107780,15.70,3,0.0100,0.01276,156.4
DQN_Double_PER_seed_0_1790610953,DQN_Double_PER,0,1969,107882,10.90,2,0.0100,0.01380,156.5
DQN_Double_PER_seed_0_1790610953,DQN_Double_PER,0,1970,107971,8.70,1,0.0100,0.01336,156.7
DQN_Double_PER_seed_0_1790610953,DQN_Double_PER,0,1971,108057,8.40,1,0.0100,0.01411,156.8
DQN_Double_PER_seed_0_1790610953,DQN_Double_PER,0,1972,108143,8.40,1,0.0100,0.01359,156.9
DQN_Double_PER_seed_0_1790610953,DQN_Double_PER,0,1973,108229,8.40,1,0.0100,0.01280,157.1
DQN_Double_PER_seed_0_1790610953,DQN_Double_PER,0,1974,108330,10.80,2,0.0100,0.01152,157.2
DQN_Double_PER_seed_0_1790610953,DQN_Double_PER,0,1975,108419,8.70,1,0.0100,0.01169,157.4
DQN_Double_PER_seed_0_1790610953,DQN_Double_PER,0,1976,108541,12.90,2,0.0100,0.01316,157.6
DQN_Double_PER_seed_0_1790610953,DQN_Double_PER,0,1977,108627,8.40,1,0.0100,0.01378,157.7
DQN_Double_PER_seed_0_1790610953,DQN_Double_PER,0,1978,108677,3.90,0,0.0100,0.01198,157.8
DQN_Double_PER_seed_0_1790610953,DQN_Double_PER,0,1979,108778,10.80,2,0.0100,0.01349,157.9
DQN_Double_PER_seed_0_1790610953,DQN_Double_PER,0,1980,108864,8.40,1,0.0100,0.01362,158.1
DQN_Double_PER_seed_0_1790610953,DQN_Double_PER,0,1981,109099,26.90,5,0.0100,0.01321,158.4
DQN_Double_PER_seed_0_1790610953,DQN_Double_PER,0,1982,109235,15.20,3,0.0100,0.01181,158.6
DQN_Double_PER_seed_0_1790610953,DQN_Double_PER,0,1983,109332,9.50,2,0.0100,0.01162,158.8
DQN_Double_PER_seed_0_1790610953,DQN_Double_PER,0,1984,109505,18.90,3,0.0100,0.01366,159.0
DQN_Double_PER_seed_0_1790610953,DQN_Double_PER,0,1985,109571,6.40,1,0.0100,0.01180,159.1
DQN_Double_PER_seed_0_1790610953,DQN_Double_PER,0,1986,109693,12.90,2,0.0100,0.01219,159.3
DQN_Double_PER_seed_0_1790610953,DQN_Double_PER,0,1987,109756,6.10,1,0.0100,0.01512,159.4
DQN_Double_PER_seed_0_1790610953,DQN_Double_PER,0,1988,109852,9.40,1,0.0100,0.01490,159.6
DQN_Double_PER_seed_0_1790610953,DQN_Double_PER,0,1989,110067,24.90,5,0.0100,0.01408,160.1
DQN_Double_PER_seed_0_1790610953,DQN_Double_PER,0,1990,110137,6.80,1,0.0100,0.01651,160.2
DQN_Double_PER_seed_0_1790610953,DQN_Double_PER,0,1991,110223,8.40,1,0.0100,0.01321,160.3
DQN_Double_PER_seed_0_1790610953,DQN_Double_PER,0,1992,110348,13.20,2,0.0100,0.01411,160.5
DQN_Double_PER_seed_0_1790610953,DQN_Double_PER,0,1993,110434,8.40,1,0.0100,0.01374,160.7
DQN_Double_PER_seed_0_1790610953,DQN_Double_PER,0,1994,110556,12.90,2,0.0100,0.01291,160.9
DQN_Double_PER_seed_0_1790610953,DQN_Double_PER,0,1995,110642,8.40,1,0.0100,0.01387,161.0
DQN_Double_PER_seed_0_1790610953,DQN_Double_PER,0,1996,110728,8.40,1,0.0100,0.01428,161.1
DQN_Double_PER_seed_0_1790610953,DQN_Double_PER,0,1997,110850,12.90,2,0.0100,0.01452,161.3
DQN_Double_PER_seed_0_1790610953,DQN_Double_PER,0,1998,110951,10.80,2,0.0100,0.01233,161.5
DQN_Double_PER_seed_0_1790610953,DQN_Double_PER,0,1999,111048,9.50,2,0.0100,0.01390,161.6
DQN_Double_PER_seed_0_1790610953,DQN_Double_PER,0,2000,111151,11.00,2,0.0100,0.01306,161.8
DQN_Double_PER_seed_0_1790610953,DQN_Double_PER,0,2001,111237,8.40,1,0.0100,0.01319,161.9
DQN_Double_PER_seed_0_1790610953,DQN_Double_PER,0,2002,111359,12.90,2,0.0100,0.01274,162.1
DQN_Double_PER_seed_0_1790610953,DQN_Double_PER,0,2003,111445,8.40,1,0.0100,0.01243,162.2
DQN_Double_PER_seed_0_1790610953,DQN_Double_PER,0,2004,111512,6.50,1,0.0100,0.01296,162.4
DQN_Double_PER_seed_0_1790610953,DQN_Double_PER,0,2005,111578,6.40,1,0.0100,0.01480,162.5
DQN_Double_PER_seed_0_1790610953,DQN_Double_PER,0,2006,111664,8.40,1,0.0100,0.01342,162.6
DQN_Double_PER_seed_0_1790610953,DQN_Double_PER,0,2007,111733,6.70,1,0.0100,0.01231,162.7
DQN_Double_PER_seed_0_1790610953,DQN_Double_PER,0,2008,111858,13.20,2,0.0100,0.01248,162.9
DQN_Double_PER_seed_0_1790610953,DQN_Double_PER,0,2009,111944,8.40,1,0.0100,0.01247,163.0
DQN_Double_PER_seed_0_1790610953,DQN_Double_PER,0,2010,112030,8.40,1,0.0100,0.01340,163.2
DQN_Double_PER_seed_0_1790610953,DQN_Double_PER,0,2011,112135,11.20,2,0.0100,0.01487,163.3
DQN_Double_PER_seed_0_1790610953,DQN_Double_PER,0,2012,112221,8.40,1,0.0100,0.01501,163.5
DQN_Double_PER_seed_0_1790610953,DQN_Double_PER,0,2013,112307,8.40,1,0.0100,0.01465,163.6
DQN_Double_PER_seed_0_1790610953,DQN_Double_PER,0,2014,112393,8.40,1,0.0100,0.01270,163.7
DQN_Double_PER_seed_0_1790610953,DQN_Double_PER,0,2015,112449,4.50,0,0.0100,0.01233,163.8
DQN_Double_PER_seed_0_1790610953,DQN_Double_PER,0,2016,112550,10.80,2,0.0100,0.01557,164.0
DQN_Double_PER_seed_0_1790610953,DQN_Double_PER,0,2017,112672,12.90,2,0.0100,0.01347,164.2
DQN_Double_PER_seed_0_1790610953,DQN_Double_PER,0,2018,112794,12.90,2,0.0100,0.01198,164.3
DQN_Double_PER_seed_0_1790610953,DQN_Double_PER,0,2019,112844,3.90,0,0.0100,0.01344,164.4
DQN_Double_PER_seed_0_1790610953,DQN_Double_PER,0,2020,112979,15.10,3,0.0100,0.01226,164.6
DQN_Double_PER_seed_0_1790610953,DQN_Double_PER,0,2021,113065,8.40,1,0.0100,0.01426,164.8
DQN_Double_PER_seed_0_1790610953,DQN_Double_PER,0,2022,113151,8.40,1,0.0100,0.01477,164.9
DQN_Double_PER_seed_0_1790610953,DQN_Double_PER,0,2023,113273,12.90,2,0.0100,0.01160,165.1
DQN_Double_PER_seed_0_1790610953,DQN_Double_PER,0,2024,113338,6.30,1,0.0100,0.01371,165.2
DQN_Double_PER_seed_0_1790610953,DQN_Double_PER,0,2025,113427,8.70,1,0.0100,0.01418,165.3
DQN_Double_PER_seed_0_1790610953,DQN_Double_PER,0,2026,113492,6.30,1,0.0100,0.01289,165.4
DQN_Double_PER_seed_0_1790610953,DQN_Double_PER,0,2027,113578,8.40,1,0.0100,0.01252,165.6
DQN_Double_PER_seed_0_1790610953,DQN_Double_PER,0,2028,113664,8.40,1,0.0100,0.01074,165.8
DQN_Double_PER_seed_0_1790610953,DQN_Double_PER,0,2029,113750,8.40,1,0.0100,0.01199,166.0
DQN_Double_PER_seed_0_1790610953,DQN_Double_PER,0,2030,113949,22.40,4,0.0100,0.01104,166.4
DQN_Double_PER_seed_0_1790610953,DQN_Double_PER,0,2031,114261,36.40,7,0.0100,0.01381,166.8
DQN_Double_PER_seed_0_1790610953,DQN_Double_PER,0,2032,114347,8.40,1,0.0100,0.01338,167.0
DQN_Double_PER_seed_0_1790610953,DQN_Double_PER,0,2033,114433,8.40,1,0.0100,0.01301,167.1
DQN_Double_PER_seed_0_1790610953,DQN_Double_PER,0,2034,114596,13.70,3,0.0100,0.01309,167.4
DQN_Double_PER_seed_0_1790610953,DQN_Double_PER,0,2035,114697,10.80,2,0.0100,0.01536,167.5
DQN_Double_PER_seed_0_1790610953,DQN_Double_PER,0,2036,114783,8.40,1,0.0100,0.01531,167.7
DQN_Double_PER_seed_0_1790610953,DQN_Double_PER,0,2037,114869,8.40,1,0.0100,0.01301,167.8
DQN_Double_PER_seed_0_1790610953,DQN_Double_PER,0,2038,114956,8.50,1,0.0100,0.01206,167.9
DQN_Double_PER_seed_0_1790610953,DQN_Double_PER,0,2039,115119,17.90,3,0.0100,0.01443,168.4
DQN_Double_PER_seed_0_1790610953,DQN_Double_PER,0,2040,115205,8.40,1,0.0100,0.01319,168.5
DQN_Double_PER_seed_0_1790610953,DQN_Double_PER,0,2041,115404,22.40,4,0.0100,0.01408,168.8
DQN_Double_PER_seed_0_1790610953,DQN_Double_PER,0,2042,115454,3.90,0,0.0100,0.01705,168.9
DQN_Double_PER_seed_0_1790610953,DQN_Double_PER,0,2043,115542,8.60,1,0.0100,0.01381,169.0
DQN_Double_PER_seed_0_1790610953,DQN_Double_PER,0,2044,115628,8.40,1,0.0100,0.01339,169.2
DQN_Double_PER_seed_0_1790610953,DQN_Double_PER,0,2045,115750,12.90,2,0.0100,0.01170,169.4
DQN_Double_PER_seed_0_1790610953,DQN_Double_PER,0,2046,115872,12.90,2,0.0100,0.01360,169.6
DQN_Double_PER_seed_0_1790610953,DQN_Double_PER,0,2047,116050,20.30,4,0.0100,0.01128,169.8
DQN_Double_PER_seed_0_1790610953,DQN_Double_PER,0,2048,116403,41.40,8,0.0100,0.01335,170.4
DQN_Double_PER_seed_0_1790610953,DQN_Double_PER,0,2049,116489,8.40,1,0.0100,0.01394,170.5
DQN_Double_PER_seed_0_1790610953,DQN_Double_PER,0,2050,116539,3.90,0,0.0100,0.01393,170.6
DQN_Double_PER_seed_0_1790610953,DQN_Double_PER,0,2051,116596,4.60,0,0.0100,0.01243,170.7
DQN_Double_PER_seed_0_1790610953,DQN_Double_PER,0,2052,116718,12.90,2,0.0100,0.01285,170.9
DQN_Double_PER_seed_0_1790610953,DQN_Double_PER,0,2053,116842,13.10,2,0.0100,0.01362,171.1
DQN_Double_PER_seed_0_1790610953,DQN_Double_PER,0,2054,116929,8.50,1,0.0100,0.01413,171.2
DQN_Double_PER_seed_0_1790610953,DQN_Double_PER,0,2055,117015,8.40,1,0.0100,0.01456,171.4
DQN_Double_PER_seed_0_1790610953,DQN_Double_PER,0,2056,117105,8.80,1,0.0100,0.01456,171.5
DQN_Double_PER_seed_0_1790610953,DQN_Double_PER,0,2057,117453,40.90,8,0.0100,0.01379,172.1
DQN_Double_PER_seed_0_1790610953,DQN_Double_PER,0,2058,117539,8.40,1,0.0100,0.01166,172.2
DQN_Double_PER_seed_0_1790610953,DQN_Double_PER,0,2059,117661,12.90,2,0.0100,0.01272,172.4
DQN_Double_PER_seed_0_1790610953,DQN_Double_PER,0,2060,117784,13.00,2,0.0100,0.01291,172.6
DQN_Double_PER_seed_0_1790610953,DQN_Double_PER,0,2061,118134,41.10,8,0.0100,0.01254,173.1
DQN_Double_PER_seed_0_1790610953,DQN_Double_PER,0,2062,118184,3.90,0,0.0100,0.01398,173.2
DQN_Double_PER_seed_0_1790610953,DQN_Double_PER,0,2063,118419,26.90,5,0.0100,0.01284,173.6
DQN_Double_PER_seed_0_1790610953,DQN_Double_PER,0,2064,118469,3.90,0,0.0100,0.01167,173.7
DQN_Double_PER_seed_0_1790610953,DQN_Double_PER,0,2065,118555,8.40,1,0.0100,0.01243,173.8
DQN_Double_PER_seed_0_1790610953,DQN_Double_PER,0,2066,118641,8.40,1,0.0100,0.01189,173.9
DQN_Double_PER_seed_0_1790610953,DQN_Double_PER,0,2067,118804,17.90,3,0.0100,0.01196,174.2
DQN_Double_PER_seed_0_1790610953,DQN_Double_PER,0,2068,119093,34.10,7,0.0100,0.01249,174.6
DQN_Double_PER_seed_0_1790610953,DQN_Double_PER,0,2069,119215,12.90,2,0.0100,0.01114,174.8
DQN_Double_PER_seed_0_1790610953,DQN_Double_PER,0,2070,119414,22.40,4,0.0100,0.01275,175.1
DQN_Double_PER_seed_0_1790610953,DQN_Double_PER,0,2071,119623,23.40,4,0.0100,0.01304,175.5
DQN_Double_PER_seed_0_1790610953,DQN_Double_PER,0,2072,119858,26.90,5,0.0100,0.01240,175.8
DQN_Double_PER_seed_0_1790610953,DQN_Double_PER,0,2073,119983,13.20,2,0.0100,0.01255,176.0
DQN_Double_PER_seed_0_1790610953,DQN_Double_PER,0,2074,120069,8.40,1,0.0100,0.01311,176.5
DQN_Double_PER_seed_0_1790610953,DQN_Double_PER,0,2075,120288,25.30,5,0.0100,0.01222,176.8
DQN_Double_PER_seed_0_1790610953,DQN_Double_PER,0,2076,120525,27.10,5,0.0100,0.01475,177.2
DQN_Double_PER_seed_0_1790610953,DQN_Double_PER,0,2077,120648,13.00,2,0.0100,0.01396,177.4
DQN_Double_PER_seed_0_1790610953,DQN_Double_PER,0,2078,120827,20.40,4,0.0100,0.01238,177.7
DQN_Double_PER_seed_0_1790610953,DQN_Double_PER,0,2079,120877,3.90,0,0.0100,0.01227,177.7
DQN_Double_PER_seed_0_1790610953,DQN_Double_PER,0,2080,121076,22.40,4,0.0100,0.01331,178.0
DQN_Double_PER_seed_0_1790610953,DQN_Double_PER,0,2081,121126,3.90,0,0.0100,0.01339,178.1
DQN_Double_PER_seed_0_1790610953,DQN_Double_PER,0,2082,121289,17.90,3,0.0100,0.01276,178.4
DQN_Double_PER_seed_0_1790610953,DQN_Double_PER,0,2083,121375,8.40,1,0.0100,0.01382,178.5
DQN_Double_PER_seed_0_1790610953,DQN_Double_PER,0,2084,121538,17.90,3,0.0100,0.01184,178.8
DQN_Double_PER_seed_0_1790610953,DQN_Double_PER,0,2085,121660,12.90,2,0.0100,0.01306,179.0
DQN_Double_PER_seed_0_1790610953,DQN_Double_PER,0,2086,121710,3.90,0,0.0100,0.01456,179.0
DQN_Double_PER_seed_0_1790610953,DQN_Double_PER,0,2087,121873,17.90,3,0.0100,0.01433,179.3
DQN_Double_PER_seed_0_1790610953,DQN_Double_PER,0,2088,121996,13.00,2,0.0100,0.01229,179.5
DQN_Double_PER_seed_0_1790610953,DQN_Double_PER,0,2089,122195,22.40,4,0.0100,0.01399,179.8
DQN_Double_PER_seed_0_1790610953,DQN_Double_PER,0,2090,122394,22.40,4,0.0100,0.01359,180.1
DQN_Double_PER_seed_0_1790610953,DQN_Double_PER,0,2091,122444,3.90,0,0.0100,0.01348,180.2
DQN_Double_PER_seed_0_1790610953,DQN_Double_PER,0,2092,122869,50.40,10,0.0100,0.01488,180.9
DQN_Double_PER_seed_0_1790610953,DQN_Double_PER,0,2093,122955,8.40,1,0.0100,0.01425,181.0
DQN_Double_PER_seed_0_1790610953,DQN_Double_PER,0,2094,123154,22.40,4,0.0100,0.01288,181.3
DQN_Double_PER_seed_0_1790610953,DQN_Double_PER,0,2095,123206,4.10,0,0.0100,0.01410,181.4
DQN_Double_PER_seed_0_1790610953,DQN_Double_PER,0,2096,123335,13.60,2,0.0100,0.01505,181.6
DQN_Double_PER_seed_0_1790610953,DQN_Double_PER,0,2097,123498,17.90,3,0.0100,0.01324,181.8
DQN_Double_PER_seed_0_1790610953,DQN_Double_PER,0,2098,123548,3.90,0,0.0100,0.01241,181.9
DQN_Double_PER_seed_0_1790610953,DQN_Double_PER,0,2099,123673,13.20,2,0.0100,0.01405,182.1
DQN_Double_PER_seed_0_1790610953,DQN_Double_PER,0,2100,123723,3.90,0,0.0100,0.01412,182.2
DQN_Double_PER_seed_0_1790610953,DQN_Double_PER,0,2101,123773,3.90,0,0.0100,0.01136,182.3
DQN_Double_PER_seed_0_1790610953,DQN_Double_PER,0,2102,123897,13.10,2,0.0100,0.01694,182.5
DQN_Double_PER_seed_0_1790610953,DQN_Double_PER,0,2103,123983,8.40,1,0.0100,0.01362,182.6
DQN_Double_PER_seed_0_1790610953,DQN_Double_PER,0,2104,124187,22.90,4,0.0100,0.01585,182.9
DQN_Double_PER_seed_0_1790610953,DQN_Double_PER,0,2105,124273,8.40,1,0.0100,0.01339,183.1
DQN_Double_PER_seed_0_1790610953,DQN_Double_PER,0,2106,124359,8.40,1,0.0100,0.01447,183.2
DQN_Double_PER_seed_0_1790610953,DQN_Double_PER,0,2107,124445,8.40,1,0.0100,0.01457,183.3
DQN_Double_PER_seed_0_1790610953,DQN_Double_PER,0,2108,124501,4.50,0,0.0100,0.01529,183.4
DQN_Double_PER_seed_0_1790610953,DQN_Double_PER,0,2109,124664,17.90,3,0.0100,0.01731,183.7
DQN_Double_PER_seed_0_1790610953,DQN_Double_PER,0,2110,124786,12.90,2,0.0100,0.01365,183.9
DQN_Double_PER_seed_0_1790610953,DQN_Double_PER,0,2111,124836,3.90,0,0.0100,0.01610,183.9
DQN_Double_PER_seed_0_1790610953,DQN_Double_PER,0,2112,124897,5.00,1,0.0100,0.01384,184.0
DQN_Double_PER_seed_0_1790610953,DQN_Double_PER,0,2113,124995,10.50,2,0.0100,0.01247,184.2
DQN_Double_PER_seed_0_1790610953,DQN_Double_PER,0,2114,125117,12.90,2,0.0100,0.01381,184.6
DQN_Double_PER_seed_0_1790610953,DQN_Double_PER,0,2115,125239,12.90,2,0.0100,0.01559,184.8
DQN_Double_PER_seed_0_1790610953,DQN_Double_PER,0,2116,125325,8.40,1,0.0100,0.01407,185.0
DQN_Double_PER_seed_0_1790610953,DQN_Double_PER,0,2117,125755,50.90,10,0.0100,0.01365,185.7
DQN_Double_PER_seed_0_1790610953,DQN_Double_PER,0,2118,125918,14.30,3,0.0100,0.01571,186.0
DQN_Double_PER_seed_0_1790610953,DQN_Double_PER,0,2119,126004,8.40,1,0.0100,0.01372,186.1
DQN_Double_PER_seed_0_1790610953,DQN_Double_PER,0,2120,126093,8.70,1,0.0100,0.01174,186.2
DQN_Double_PER_seed_0_1790610953,DQN_Double_PER,0,2121,126199,11.30,2,0.0100,0.01391,186.4
DQN_Double_PER_seed_0_1790610953,DQN_Double_PER,0,2122,126398,22.40,4,0.0100,0.01417,186.7
DQN_Double_PER_seed_0_1790610953,DQN_Double_PER,0,2123,126561,17.90,3,0.0100,0.01326,187.0
DQN_Double_PER_seed_0_1790610953,DQN_Double_PER,0,2124,126683,12.90,2,0.0100,0.01411,187.2
DQN_Double_PER_seed_0_1790610953,DQN_Double_PER,0,2125,126772,8.70,1,0.0100,0.01262,187.3
DQN_Double_PER_seed_0_1790610953,DQN_Double_PER,0,2126,127011,27.30,5,0.0100,0.01329,187.7
DQN_Double_PER_seed_0_1790610953,DQN_Double_PER,0,2127,127097,8.40,1,0.0100,0.01460,187.8
DQN_Double_PER_seed_0_1790610953,DQN_Double_PER,0,2128,127183,8.40,1,0.0100,0.01877,187.9
DQN_Double_PER_seed_0_1790610953,DQN_Double_PER,0,2129,127275,9.00,1,0.0100,0.01615,188.1
DQN_Double_PER_seed_0_1790610953,DQN_Double_PER,0,2130,127335,4.90,0,0.0100,0.01431,188.2
DQN_Double_PER_seed_0_1790610953,DQN_Double_PER,0,2131,127457,12.90,2,0.0100,0.01217,188.4
DQN_Double_PER_seed_0_1790610953,DQN_Double_PER,0,2132,127656,22.40,4,0.0100,0.01392,188.7
DQN_Double_PER_seed_0_1790610953,DQN_Double_PER,0,2133,127823,18.30,3,0.0100,0.01527,188.9
DQN_Double_PER_seed_0_1790610953,DQN_Double_PER,0,2134,127912,8.70,1,0.0100,0.01585,189.1
DQN_Double_PER_seed_0_1790610953,DQN_Double_PER,0,2135,128000,8.60,1,0.0100,0.01512,189.2
DQN_Double_PER_seed_0_1790610953,DQN_Double_PER,0,2136,128087,8.50,1,0.0100,0.01743,189.4
DQN_Double_PER_seed_0_1790610953,DQN_Double_PER,0,2137,128177,8.80,1,0.0100,0.01948,189.5
DQN_Double_PER_seed_0_1790610953,DQN_Double_PER,0,2138,128376,22.40,4,0.0100,0.01447,189.8
DQN_Double_PER_seed_0_1790610953,DQN_Double_PER,0,2139,128462,8.40,1,0.0100,0.01249,189.9
DQN_Double_PER_seed_0_1790610953,DQN_Double_PER,0,2140,128697,26.90,5,0.0100,0.01450,190.3
DQN_Double_PER_seed_0_1790610953,DQN_Double_PER,0,2141,128819,12.90,2,0.0100,0.01873,190.5
DQN_Double_PER_seed_0_1790610953,DQN_Double_PER,0,2142,128999,20.50,4,0.0100,0.01491,190.8
DQN_Double_PER_seed_0_1790610953,DQN_Double_PER,0,2143,129055,4.50,0,0.0100,0.01313,190.9
DQN_Double_PER_seed_0_1790610953,DQN_Double_PER,0,2144,129218,17.90,3,0.0100,0.01444,191.1
DQN_Double_PER_seed_0_1790610953,DQN_Double_PER,0,2145,129417,22.40,4,0.0100,0.01342,191.4
DQN_Double_PER_seed_0_1790610953,DQN_Double_PER,0,2146,129592,19.10,4,0.0100,0.01269,191.7
DQN_Double_PER_seed_0_1790610953,DQN_Double_PER,0,2147,129642,3.90,0,0.0100,0.01603,191.8
DQN_Double_PER_seed_0_1790610953,DQN_Double_PER,0,2148,129767,13.20,2,0.0100,0.01344,192.0
DQN_Double_PER_seed_0_1790610953,DQN_Double_PER,0,2149,129828,5.00,1,0.0100,0.01201,192.1
DQN_Double_PER_seed_0_1790610953,DQN_Double_PER,0,2150,129916,8.60,1,0.0100,0.01231,192.2
DQN_Double_PER_seed_0_1790610953,DQN_Double_PER,0,2151,130020,11.10,2,0.0100,0.01338,192.9
DQN_Double_PER_seed_0_1790610953,DQN_Double_PER,0,2152,130336,36.80,7,0.0100,0.01365,193.4
DQN_Double_PER_seed_0_1790610953,DQN_Double_PER,0,2153,130422,8.40,1,0.0100,0.01449,193.5
DQN_Double_PER_seed_0_1790610953,DQN_Double_PER,0,2154,130472,-2.10,0,0.0100,0.01304,193.6
DQN_Double_PER_seed_0_1790610953,DQN_Double_PER,0,2155,130748,31.90,6,0.0100,0.01340,194.1
DQN_Double_PER_seed_0_1790610953,DQN_Double_PER,0,2156,130834,8.40,1,0.0100,0.01266,194.2
DQN_Double_PER_seed_0_1790610953,DQN_Double_PER,0,2157,131110,31.90,6,0.0100,0.01504,194.6
DQN_Double_PER_seed_0_1790610953,DQN_Double_PER,0,2158,131274,18.00,3,0.0100,0.01397,194.9
DQN_Double_PER_seed_0_1790610953,DQN_Double_PER,0,2159,131437,14.90,3,0.0100,0.01348,195.1
DQN_Double_PER_seed_0_1790610953,DQN_Double_PER,0,2160,131691,29.70,6,0.0100,0.01328,195.5
DQN_Double_PER_seed_0_1790610953,DQN_Double_PER,0,2161,131890,21.20,4,0.0100,0.01340,195.8
DQN_Double_PER_seed_0_1790610953,DQN_Double_PER,0,2162,132024,15.00,3,0.0100,0.01363,196.1
DQN_Double_PER_seed_0_1790610953,DQN_Double_PER,0,2163,132485,54.90,11,0.0100,0.01421,196.8
DQN_Double_PER_seed_0_1790610953,DQN_Double_PER,0,2164,132607,12.90,2,0.0100,0.01468,197.0
DQN_Double_PER_seed_0_1790610953,DQN_Double_PER,0,2165,132711,11.10,2,0.0100,0.01255,197.2
DQN_Double_PER_seed_0_1790610953,DQN_Double_PER,0,2166,132833,12.90,2,0.0100,0.01354,197.4
DQN_Double_PER_seed_0_1790610953,DQN_Double_PER,0,2167,132922,8.70,1,0.0100,0.01412,197.5
DQN_Double_PER_seed_0_1790610953,DQN_Double_PER,0,2168,133234,36.40,7,0.0100,0.01532,198.0
DQN_Double_PER_seed_0_1790610953,DQN_Double_PER,0,2169,133284,3.90,0,0.0100,0.01295,198.1
DQN_Double_PER_seed_0_1790610953,DQN_Double_PER,0,2170,133334,2.10,0,0.0100,0.01626,198.2
DQN_Double_PER_seed_0_1790610953,DQN_Double_PER,0,2171,133397,6.10,1,0.0100,0.01399,198.3
DQN_Double_PER_seed_0_1790610953,DQN_Double_PER,0,2172,133483,8.40,1,0.0100,0.01498,198.4
DQN_Double_PER_seed_0_1790610953,DQN_Double_PER,0,2173,133605,12.90,2,0.0100,0.01599,198.6
DQN_Double_PER_seed_0_1790610953,DQN_Double_PER,0,2174,133695,8.80,1,0.0100,0.01360,198.7
DQN_Double_PER_seed_0_1790610953,DQN_Double_PER,0,2175,133817,12.90,2,0.0100,0.01394,198.9
DQN_Double_PER_seed_0_1790610953,DQN_Double_PER,0,2176,133903,8.40,1,0.0100,0.01433,199.1
DQN_Double_PER_seed_0_1790610953,DQN_Double_PER,0,2177,134310,48.60,10,0.0100,0.01475,199.7
DQN_Double_PER_seed_0_1790610953,DQN_Double_PER,0,2178,134601,34.30,7,0.0100,0.01434,200.2
DQN_Double_PER_seed_0_1790610953,DQN_Double_PER,0,2179,134949,40.90,8,0.0100,0.01337,200.7
DQN_Double_PER_seed_0_1790610953,DQN_Double_PER,0,2180,135071,12.90,2,0.0100,0.01597,201.5
DQN_Double_PER_seed_0_1790610953,DQN_Double_PER,0,2181,135157,8.40,1,0.0100,0.01662,201.6
DQN_Double_PER_seed_0_1790610953,DQN_Double_PER,0,2182,135279,12.90,2,0.0100,0.01469,201.8
DQN_Double_PER_seed_0_1790610953,DQN_Double_PER,0,2183,135401,12.90,2,0.0100,0.01283,202.0
DQN_Double_PER_seed_0_1790610953,DQN_Double_PER,0,2184,135504,11.00,2,0.0100,0.01391,202.2
DQN_Double_PER_seed_0_1790610953,DQN_Double_PER,0,2185,135797,34.50,7,0.0100,0.01487,202.6
DQN_Double_PER_seed_0_1790610953,DQN_Double_PER,0,2186,136052,29.80,6,0.0100,0.01553,203.0
DQN_Double_PER_seed_0_1790610953,DQN_Double_PER,0,2187,136114,6.00,1,0.0100,0.01723,203.1
DQN_Double_PER_seed_0_1790610953,DQN_Double_PER,0,2188,136200,8.40,1,0.0100,0.01577,203.3
DQN_Double_PER_seed_0_1790610953,DQN_Double_PER,0,2189,136250,3.90,0,0.0100,0.01626,203.4
DQN_Double_PER_seed_0_1790610953,DQN_Double_PER,0,2190,136380,13.70,2,0.0100,0.01439,203.6
DQN_Double_PER_seed_0_1790610953,DQN_Double_PER,0,2191,136579,22.40,4,0.0100,0.01393,203.9
DQN_Double_PER_seed_0_1790610953,DQN_Double_PER,0,2192,136814,26.90,5,0.0100,0.01453,204.3
DQN_Double_PER_seed_0_1790610953,DQN_Double_PER,0,2193,137275,54.90,11,0.0100,0.01516,205.0
DQN_Double_PER_seed_0_1790610953,DQN_Double_PER,0,2194,137397,12.90,2,0.0100,0.01539,205.2
DQN_Double_PER_seed_0_1790610953,DQN_Double_PER,0,2195,137483,8.40,1,0.0100,0.01655,205.3
DQN_Double_PER_seed_0_1790610953,DQN_Double_PER,0,2196,137795,36.40,7,0.0100,0.01581,205.8
DQN_Double_PER_seed_0_1790610953,DQN_Double_PER,0,2197,138220,50.40,10,0.0100,0.01558,206.5
DQN_Double_PER_seed_0_1790610953,DQN_Double_PER,0,2198,138290,6.80,1,0.0100,0.01482,206.6
DQN_Double_PER_seed_0_1790610953,DQN_Double_PER,0,2199,138489,22.40,4,0.0100,0.01513,206.9
DQN_Double_PER_seed_0_1790610953,DQN_Double_PER,0,2200,138652,17.90,3,0.0100,0.01527,207.1
DQN_Double_PER_seed_0_1790610953,DQN_Double_PER,0,2201,138774,12.90,2,0.0100,0.01597,207.3
DQN_Double_PER_seed_0_1790610953,DQN_Double_PER,0,2202,138828,4.30,0,0.0100,0.01657,207.4
DQN_Double_PER_seed_0_1790610953,DQN_Double_PER,0,2203,138927,10.60,2,0.0100,0.01313,207.6
DQN_Double_PER_seed_0_1790610953,DQN_Double_PER,0,2204,139013,8.40,1,0.0100,0.01728,207.7
DQN_Double_PER_seed_0_1790610953,DQN_Double_PER,0,2205,139361,40.90,8,0.0100,0.01595,208.3
DQN_Double_PER_seed_0_1790610953,DQN_Double_PER,0,2206,139673,36.40,7,0.0100,0.01586,208.8
DQN_Double_PER_seed_0_1790610953,DQN_Double_PER,0,2207,139985,36.40,7,0.0100,0.01486,209.3
DQN_Double_PER_seed_0_1790610953,DQN_Double_PER,0,2208,140071,8.40,1,0.0100,0.01854,209.7
DQN_Double_PER_seed_0_1790610953,DQN_Double_PER,0,2209,140157,8.40,1,0.0100,0.01715,209.9
DQN_Double_PER_seed_0_1790610953,DQN_Double_PER,0,2210,140469,36.40,7,0.0100,0.01683,210.4
DQN_Double_PER_seed_0_1790610953,DQN_Double_PER,0,2211,140858,45.90,9,0.0100,0.01729,211.0
DQN_Double_PER_seed_0_1790610953,DQN_Double_PER,0,2212,141432,68.90,14,0.0100,0.01592,211.9
DQN_Double_PER_seed_0_1790610953,DQN_Double_PER,0,2213,141759,38.80,8,0.0100,0.01562,212.4
DQN_Double_PER_seed_0_1790610953,DQN_Double_PER,0,2214,141881,12.90,2,0.0100,0.01408,212.6
DQN_Double_PER_seed_0_1790610953,DQN_Double_PER,0,2215,142116,26.90,5,0.0100,0.01732,213.0
DQN_Double_PER_seed_0_1790610953,DQN_Double_PER,0,2216,142238,12.90,2,0.0100,0.01624,213.2
DQN_Double_PER_seed_0_1790610953,DQN_Double_PER,0,2217,142473,26.90,5,0.0100,0.01553,213.5
DQN_Double_PER_seed_0_1790610953,DQN_Double_PER,0,2218,142572,10.60,2,0.0100,0.01729,213.7
DQN_Double_PER_seed_0_1790610953,DQN_Double_PER,0,2219,142694,12.90,2,0.0100,0.01629,213.9
DQN_Double_PER_seed_0_1790610953,DQN_Double_PER,0,2220,142946,29.50,6,0.0100,0.01670,214.3
DQN_Double_PER_seed_0_1790610953,DQN_Double_PER,0,2221,143068,12.90,2,0.0100,0.01722,214.5
DQN_Double_PER_seed_0_1790610953,DQN_Double_PER,0,2222,143380,36.40,7,0.0100,0.01615,215.0
DQN_Double_PER_seed_0_1790610953,DQN_Double_PER,0,2223,143579,22.40,4,0.0100,0.01725,215.3
DQN_Double_PER_seed_0_1790610953,DQN_Double_PER,0,2224,143909,39.10,8,0.0100,0.01674,215.8
DQN_Double_PER_seed_0_1790610953,DQN_Double_PER,0,2225,144144,26.90,5,0.0100,0.01815,216.2
DQN_Double_PER_seed_0_1790610953,DQN_Double_PER,0,2226,144230,8.40,1,0.0100,0.02031,216.3
DQN_Double_PER_seed_0_1790610953,DQN_Double_PER,0,2227,144316,8.40,1,0.0100,0.02053,216.4
DQN_Double_PER_seed_0_1790610953,DQN_Double_PER,0,2228,144376,4.90,0,0.0100,0.01888,216.5
DQN_Double_PER_seed_0_1790610953,DQN_Double_PER,0,2229,144591,24.90,5,0.0100,0.01822,216.9
DQN_Double_PER_seed_0_1790610953,DQN_Double_PER,0,2230,144679,8.60,1,0.0100,0.01717,217.0
DQN_Double_PER_seed_0_1790610953,DQN_Double_PER,0,2231,144747,6.60,1,0.0100,0.01749,217.1
DQN_Double_PER_seed_0_1790610953,DQN_Double_PER,0,2232,144849,10.90,2,0.0100,0.01907,217.3
DQN_Double_PER_seed_0_1790610953,DQN_Double_PER,0,2233,145084,26.90,5,0.0100,0.01783,221.1
DQN_Double_PER_seed_0_1790610953,DQN_Double_PER,0,2234,145170,8.40,1,0.0100,0.02117,221.3
DQN_Double_PER_seed_0_1790610953,DQN_Double_PER,0,2235,145220,3.90,0,0.0100,0.01737,221.3
DQN_Double_PER_seed_0_1790610953,DQN_Double_PER,0,2236,145342,12.90,2,0.0100,0.01797,221.5
DQN_Double_PER_seed_0_1790610953,DQN_Double_PER,0,2237,145396,4.30,0,0.0100,0.01784,221.6
DQN_Double_PER_seed_0_1790610953,DQN_Double_PER,0,2238,145482,8.40,1,0.0100,0.01672,221.7
DQN_Double_PER_seed_0_1790610953,DQN_Double_PER,0,2239,145568,8.40,1,0.0100,0.01517,221.9
DQN_Double_PER_seed_0_1790610953,DQN_Double_PER,0,2240,145697,13.60,2,0.0100,0.01684,222.1
DQN_Double_PER_seed_0_1790610953,DQN_Double_PER,0,2241,146094,46.70,9,0.0100,0.01859,222.7
DQN_Double_PER_seed_0_1790610953,DQN_Double_PER,0,2242,146519,50.40,10,0.0100,0.01946,223.4
DQN_Double_PER_seed_0_1790610953,DQN_Double_PER,0,2243,146682,17.90,3,0.0100,0.01893,223.6
DQN_Double_PER_seed_0_1790610953,DQN_Double_PER,0,2244,146804,12.90,2,0.0100,0.01778,223.8
DQN_Double_PER_seed_0_1790610953,DQN_Double_PER,0,2245,146926,12.90,2,0.0100,0.01732,224.0
DQN_Double_PER_seed_0_1790610953,DQN_Double_PER,0,2246,147048,12.90,2,0.0100,0.01675,224.2
DQN_Double_PER_seed_0_1790610953,DQN_Double_PER,0,2247,147140,9.00,1,0.0100,0.01697,224.4
DQN_Double_PER_seed_0_1790610953,DQN_Double_PER,0,2248,147304,18.00,3,0.0100,0.01691,224.6
DQN_Double_PER_seed_0_1790610953,DQN_Double_PER,0,2249,147616,36.40,7,0.0100,0.01699,225.1
DQN_Double_PER_seed_0_1790610953,DQN_Double_PER,0,2250,147815,22.40,4,0.0100,0.01728,225.4
DQN_Double_PER_seed_0_1790610953,DQN_Double_PER,0,2251,147901,8.40,1,0.0100,0.02169,225.6
DQN_Double_PER_seed_0_1790610953,DQN_Double_PER,0,2252,148069,18.40,3,0.0100,0.01732,225.8
DQN_Double_PER_seed_0_1790610953,DQN_Double_PER,0,2253,148304,26.90,5,0.0100,0.01914,226.2
DQN_Double_PER_seed_0_1790610953,DQN_Double_PER,0,2254,148426,12.90,2,0.0100,0.01836,226.4
DQN_Double_PER_seed_0_1790610953,DQN_Double_PER,0,2255,148512,8.40,1,0.0100,0.01748,226.5
DQN_Double_PER_seed_0_1790610953,DQN_Double_PER,0,2256,148805,34.50,7,0.0100,0.01771,227.0
DQN_Double_PER_seed_0_1790610953,DQN_Double_PER,0,2257,148846,3.00,0,0.0100,0.02632,227.1
DQN_Double_PER_seed_0_1790610953,DQN_Double_PER,0,2258,149158,36.40,7,0.0100,0.01746,227.5
DQN_Double_PER_seed_0_1790610953,DQN_Double_PER,0,2259,149340,20.70,4,0.0100,0.01851,227.8
DQN_Double_PER_seed_0_1790610953,DQN_Double_PER,0,2260,149741,47.10,10,0.0100,0.01771,228.5
DQN_Double_PER_seed_0_1790610953,DQN_Double_PER,0,2261,149942,22.60,4,0.0100,0.01686,228.8
DQN_Double_PER_seed_0_1790610953,DQN_Double_PER,0,2262,150290,40.90,8,0.0100,0.01780,230.6
DQN_Double_PER_seed_0_1790610953,DQN_Double_PER,0,2263,151038,90.80,19,0.0100,0.01779,231.8
DQN_Double_PER_seed_0_1790610953,DQN_Double_PER,0,2264,151237,22.40,4,0.0100,0.01895,232.1
DQN_Double_PER_seed_0_1790610953,DQN_Double_PER,0,2265,151415,20.30,4,0.0100,0.02052,232.4
DQN_Double_PER_seed_0_1790610953,DQN_Double_PER,0,2266,151650,26.90,5,0.0100,0.01764,232.8
DQN_Double_PER_seed_0_1790610953,DQN_Double_PER,0,2267,151736,8.40,1,0.0100,0.01620,232.9
DQN_Double_PER_seed_0_1790610953,DQN_Double_PER,0,2268,151822,8.40,1,0.0100,0.01805,233.1
DQN_Double_PER_seed_0_1790610953,DQN_Double_PER,0,2269,152283,54.90,11,0.0100,0.01968,233.8
DQN_Double_PER_seed_0_1790610953,DQN_Double_PER,0,2270,152446,17.90,3,0.0100,0.01724,234.0
DQN_Double_PER_seed_0_1790610953,DQN_Double_PER,0,2271,152568,12.90,2,0.0100,0.01721,234.2
DQN_Double_PER_seed_0_1790610953,DQN_Double_PER,0,2272,152916,40.90,8,0.0100,0.01794,234.8
DQN_Double_PER_seed_0_1790610953,DQN_Double_PER,0,2273,152972,4.50,0,0.0100,0.01759,234.9
DQN_Double_PER_seed_0_1790610953,DQN_Double_PER,0,2274,153022,3.90,0,0.0100,0.01677,234.9
DQN_Double_PER_seed_0_1790610953,DQN_Double_PER,0,2275,153203,20.60,4,0.0100,0.01893,235.2
DQN_Double_PER_seed_0_1790610953,DQN_Double_PER,0,2276,153453,29.30,6,0.0100,0.01938,235.6
DQN_Double_PER_seed_0_1790610953,DQN_Double_PER,0,2277,153586,14.00,3,0.0100,0.01757,235.8
DQN_Double_PER_seed_0_1790610953,DQN_Double_PER,0,2278,154100,61.10,13,0.0100,0.01930,236.7
DQN_Double_PER_seed_0_1790610953,DQN_Double_PER,0,2279,154448,40.90,8,0.0100,0.02035,237.2
DQN_Double_PER_seed_0_1790610953,DQN_Double_PER,0,2280,154552,11.10,2,0.0100,0.01932,237.4
DQN_Double_PER_seed_0_1790610953,DQN_Double_PER,0,2281,154638,8.40,1,0.0100,0.02177,237.5
DQN_Double_PER_seed_0_1790610953,DQN_Double_PER,0,2282,154737,10.60,2,0.0100,0.02223,237.7
DQN_Double_PER_seed_0_1790610953,DQN_Double_PER,0,2283,154936,22.40,4,0.0100,0.01948,238.0
DQN_Double_PER_seed_0_1790610953,DQN_Double_PER,0,2284,155452,62.20,13,0.0100,0.01946,240.6
DQN_Double_PER_seed_0_1790610953,DQN_Double_PER,0,2285,155651,22.40,4,0.0100,0.01942,240.9
DQN_Double_PER_seed_0_1790610953,DQN_Double_PER,0,2286,155938,33.00,6,0.0100,0.02068,241.4
DQN_Double_PER_seed_0_1790610953,DQN_Double_PER,0,2287,156399,54.90,11,0.0100,0.01810,242.1
DQN_Double_PER_seed_0_1790610953,DQN_Double_PER,0,2288,156634,26.90,5,0.0100,0.01803,242.5
DQN_Double_PER_seed_0_1790610953,DQN_Double_PER,0,2289,156758,13.10,2,0.0100,0.01621,242.7
DQN_Double_PER_seed_0_1790610953,DQN_Double_PER,0,2290,157034,31.90,6,0.0100,0.01706,243.1
DQN_Double_PER_seed_0_1790610953,DQN_Double_PER,0,2291,157274,27.40,5,0.0100,0.01838,243.5
DQN_Double_PER_seed_0_1790610953,DQN_Double_PER,0,2292,157360,8.40,1,0.0100,0.01951,243.6
DQN_Double_PER_seed_0_1790610953,DQN_Double_PER,0,2293,157636,31.90,6,0.0100,0.01707,244.1
DQN_Double_PER_seed_0_1790610953,DQN_Double_PER,0,2294,157758,12.90,2,0.0100,0.01832,244.3
DQN_Double_PER_seed_0_1790610953,DQN_Double_PER,0,2295,157808,3.90,0,0.0100,0.01783,244.3
DQN_Double_PER_seed_0_1790610953,DQN_Double_PER,0,2296,158271,55.10,11,0.0100,0.01984,245.1
DQN_Double_PER_seed_0_1790610953,DQN_Double_PER,0,2297,158556,32.80,6,0.0100,0.02227,245.5
DQN_Double_PER_seed_0_1790610953,DQN_Double_PER,0,2298,158642,8.40,1,0.0100,0.01607,245.7
DQN_Double_PER_seed_0_1790610953,DQN_Double_PER,0,2299,158918,31.90,6,0.0100,0.01957,246.1
DQN_Double_PER_seed_0_1790610953,DQN_Double_PER,0,2300,159307,45.90,9,0.0100,0.01885,246.7
DQN_Double_PER_seed_0_1790610953,DQN_Double_PER,0,2301,159823,62.20,13,0.0100,0.01950,247.5
DQN_Double_PER_seed_0_1790610953,DQN_Double_PER,0,2302,160172,41.00,8,0.0100,0.01977,248.9
DQN_Double_PER_seed_0_1790610953,DQN_Double_PER,0,2303,160407,26.90,5,0.0100,0.01809,249.3
DQN_Double_PER_seed_0_1790610953,DQN_Double_PER,0,2304,160700,34.50,7,0.0100,0.02084,249.8
DQN_Double_PER_seed_0_1790610953,DQN_Double_PER,0,2305,160786,8.40,1,0.0100,0.01957,249.9
DQN_Double_PER_seed_0_1790610953,DQN_Double_PER,0,2306,160993,23.20,4,0.0100,0.01781,250.2
DQN_Double_PER_seed_0_1790610953,DQN_Double_PER,0,2307,161192,22.40,4,0.0100,0.01952,250.6
DQN_Double_PER_seed_0_1790610953,DQN_Double_PER,0,2308,161322,13.70,2,0.0100,0.02010,250.8
DQN_Double_PER_seed_0_1790610953,DQN_Double_PER,0,2309,161521,22.40,4,0.0100,0.01838,251.1
DQN_Double_PER_seed_0_1790610953,DQN_Double_PER,0,2310,161869,40.90,8,0.0100,0.02316,251.6
DQN_Double_PER_seed_0_1790610953,DQN_Double_PER,0,2311,162294,50.40,10,0.0100,0.01962,252.3
DQN_Double_PER_seed_0_1790610953,DQN_Double_PER,0,2312,162493,22.40,4,0.0100,0.01854,252.6
DQN_Double_PER_seed_0_1790610953,DQN_Double_PER,0,2313,162579,8.40,1,0.0100,0.01812,252.8
DQN_Double_PER_seed_0_1790610953,DQN_Double_PER,0,2314,163499,111.60,23,0.0100,0.01888,254.2
DQN_Double_PER_seed_0_1790610953,DQN_Double_PER,0,2315,163621,12.90,2,0.0100,0.01893,254.4
DQN_Double_PER_seed_0_1790610953,DQN_Double_PER,0,2316,163743,12.90,2,0.0100,0.01875,254.6
DQN_Double_PER_seed_0_1790610953,DQN_Double_PER,0,2317,163794,4.00,0,0.0100,0.02153,254.7
DQN_Double_PER_seed_0_1790610953,DQN_Double_PER,0,2318,164084,34.20,7,0.0100,0.01877,255.2
DQN_Double_PER_seed_0_1790610953,DQN_Double_PER,0,2319,164493,48.80,10,0.0100,0.01811,255.8
DQN_Double_PER_seed_0_1790610953,DQN_Double_PER,0,2320,164627,15.00,3,0.0100,0.01940,256.0
DQN_Double_PER_seed_0_1790610953,DQN_Double_PER,0,2321,164798,18.70,3,0.0100,0.01834,256.3
DQN_Double_PER_seed_0_1790610953,DQN_Double_PER,0,2322,164927,13.60,2,0.0100,0.01904,256.5
DQN_Double_PER_seed_0_1790610953,DQN_Double_PER,0,2323,165090,16.10,3,0.0100,0.01838,260.1
DQN_Double_PER_seed_0_1790610953,DQN_Double_PER,0,2324,166851,216.40,46,0.0100,0.01915,262.9
DQN_Double_PER_seed_0_1790610953,DQN_Double_PER,0,2325,166937,8.40,1,0.0100,0.01811,263.1
DQN_Double_PER_seed_0_1790610953,DQN_Double_PER,0,2326,167023,8.40,1,0.0100,0.01919,263.2
DQN_Double_PER_seed_0_1790610953,DQN_Double_PER,0,2327,167123,10.70,2,0.0100,0.01641,263.4
DQN_Double_PER_seed_0_1790610953,DQN_Double_PER,0,2328,167512,45.90,9,0.0100,0.01916,264.0
DQN_Double_PER_seed_0_1790610953,DQN_Double_PER,0,2329,167723,23.60,5,0.0100,0.02848,264.3
DQN_Double_PER_seed_0_1790610953,DQN_Double_PER,0,2330,168487,92.40,19,0.0100,0.01850,265.5
DQN_Double_PER_seed_0_1790610953,DQN_Double_PER,0,2331,168876,45.90,9,0.0100,0.01812,266.2
DQN_Double_PER_seed_0_1790610953,DQN_Double_PER,0,2332,169270,46.40,9,0.0100,0.01743,266.8
DQN_Double_PER_seed_0_1790610953,DQN_Double_PER,0,2333,169582,36.40,7,0.0100,0.01900,267.3
DQN_Double_PER_seed_0_1790610953,DQN_Double_PER,0,2334,169668,8.40,1,0.0100,0.01857,267.4
DQN_Double_PER_seed_0_1790610953,DQN_Double_PER,0,2335,170218,65.60,14,0.0100,0.01988,272.6
DQN_Double_PER_seed_0_1790610953,DQN_Double_PER,0,2336,170429,23.60,5,0.0100,0.02297,272.9
DQN_Double_PER_seed_0_1790610953,DQN_Double_PER,0,2337,171583,141.30,30,0.0100,0.01850,274.8
DQN_Double_PER_seed_0_1790610953,DQN_Double_PER,0,2338,171895,36.40,7,0.0100,0.01800,275.3
DQN_Double_PER_seed_0_1790610953,DQN_Double_PER,0,2339,172469,68.90,14,0.0100,0.01772,276.2
DQN_Double_PER_seed_0_1790610953,DQN_Double_PER,0,2340,172704,26.90,5,0.0100,0.01740,276.5
DQN_Double_PER_seed_0_1790610953,DQN_Double_PER,0,2341,173059,41.60,8,0.0100,0.01802,277.1
DQN_Double_PER_seed_0_1790610953,DQN_Double_PER,0,2342,173263,22.90,4,0.0100,0.01470,277.4
DQN_Double_PER_seed_0_1790610953,DQN_Double_PER,0,2343,173385,12.90,2,0.0100,0.01697,277.6
DQN_Double_PER_seed_0_1790610953,DQN_Double_PER,0,2344,173507,12.90,2,0.0100,0.01484,277.8
DQN_Double_PER_seed_0_1790610953,DQN_Double_PER,0,2345,173629,12.90,2,0.0100,0.01620,278.0
DQN_Double_PER_seed_0_1790610953,DQN_Double_PER,0,2346,173864,26.90,5,0.0100,0.01765,278.4
DQN_Double_PER_seed_0_1790610953,DQN_Double_PER,0,2347,173914,3.90,0,0.0100,0.01913,278.5
DQN_Double_PER_seed_0_1790610953,DQN_Double_PER,0,2348,173964,3.90,0,0.0100,0.02440,278.6
DQN_Double_PER_seed_0_1790610953,DQN_Double_PER,0,2349,174014,-0.90,0,0.0100,0.01851,278.6
DQN_Double_PER_seed_0_1790610953,DQN_Double_PER,0,2350,174524,60.70,12,0.0100,0.01890,279.4
DQN_Double_PER_seed_0_1790610953,DQN_Double_PER,0,2351,175633,135.00,28,0.0100,0.02004,286.4
DQN_Double_PER_seed_0_1790610953,DQN_Double_PER,0,2352,175720,8.50,1,0.0100,0.01888,286.5
DQN_Double_PER_seed_0_1790610953,DQN_Double_PER,0,2353,175782,6.00,1,0.0100,0.01723,286.6
DQN_Double_PER_seed_0_1790610953,DQN_Double_PER,0,2354,176634,103.00,21,0.0100,0.01873,288.0
DQN_Double_PER_seed_0_1790610953,DQN_Double_PER,0,2355,176720,8.40,1,0.0100,0.01743,288.1
DQN_Double_PER_seed_0_1790610953,DQN_Double_PER,0,2356,177450,88.10,18,0.0100,0.01894,289.3
DQN_Double_PER_seed_0_1790610953,DQN_Double_PER,0,2357,177536,8.40,1,0.0100,0.01751,289.4
DQN_Double_PER_seed_0_1790610953,DQN_Double_PER,0,2358,178074,64.40,13,0.0100,0.01790,290.3
DQN_Double_PER_seed_0_1790610953,DQN_Double_PER,0,2359,178882,97.70,20,0.0100,0.01690,291.5
DQN_Double_PER_seed_0_1790610953,DQN_Double_PER,0,2360,179759,106.40,22,0.0100,0.01758,292.9
DQN_Double_PER_seed_0_1790610953,DQN_Double_PER,0,2361,180220,54.90,11,0.0100,0.01652,299.7
DQN_Double_PER_seed_0_1790610953,DQN_Double_PER,0,2362,180397,20.20,4,0.0100,0.01790,300.0
DQN_Double_PER_seed_0_1790610953,DQN_Double_PER,0,2363,180935,64.40,13,0.0100,0.01759,300.9
DQN_Double_PER_seed_0_1790610953,DQN_Double_PER,0,2364,181057,12.90,2,0.0100,0.01818,301.1
DQN_Double_PER_seed_0_1790610953,DQN_Double_PER,0,2365,181154,9.50,2,0.0100,0.01785,301.2
DQN_Double_PER_seed_0_1790610953,DQN_Double_PER,0,2366,181769,73.90,15,0.0100,0.01754,302.2
DQN_Double_PER_seed_0_1790610953,DQN_Double_PER,0,2367,182158,45.90,9,0.0100,0.01877,302.8
DQN_Double_PER_seed_0_1790610953,DQN_Double_PER,0,2368,182393,26.90,5,0.0100,0.01926,303.2
DQN_Double_PER_seed_0_1790610953,DQN_Double_PER,0,2369,182981,71.20,15,0.0100,0.01749,304.1
DQN_Double_PER_seed_0_1790610953,DQN_Double_PER,0,2370,183103,12.90,2,0.0100,0.01761,304.3
DQN_Double_PER_seed_0_1790610953,DQN_Double_PER,0,2371,184221,136.80,29,0.0100,0.02012,306.1
DQN_Double_PER_seed_0_1790610953,DQN_Double_PER,0,2372,184285,6.20,1,0.0100,0.01799,306.2
DQN_Double_PER_seed_0_1790610953,DQN_Double_PER,0,2373,184520,26.90,5,0.0100,0.02072,306.6
DQN_Double_PER_seed_0_1790610953,DQN_Double_PER,0,2374,184690,18.60,3,0.0100,0.01970,306.9
DQN_Double_PER_seed_0_1790610953,DQN_Double_PER,0,2375,184889,22.40,4,0.0100,0.01884,307.2
DQN_Double_PER_seed_0_1790610953,DQN_Double_PER,0,2376,184978,8.70,1,0.0100,0.01713,307.3
DQN_Double_PER_seed_0_1790610953,DQN_Double_PER,0,2377,185290,36.40,7,0.0100,0.01840,312.1
DQN_Double_PER_seed_0_1790610953,DQN_Double_PER,0,2378,185579,34.10,7,0.0100,0.01969,312.6
DQN_Double_PER_seed_0_1790610953,DQN_Double_PER,0,2379,185645,6.40,1,0.0100,0.01526,312.7
DQN_Double_PER_seed_0_1790610953,DQN_Double_PER,0,2380,186975,162.50,34,0.0100,0.01826,314.8
DQN_Double_PER_seed_0_1790610953,DQN_Double_PER,0,2381,187075,10.70,2,0.0100,0.01640,315.0
DQN_Double_PER_seed_0_1790610953,DQN_Double_PER,0,2382,187127,4.10,0,0.0100,0.01901,315.1
DQN_Double_PER_seed_0_1790610953,DQN_Double_PER,0,2383,187233,11.30,2,0.0100,0.01811,315.2
DQN_Double_PER_seed_0_1790610953,DQN_Double_PER,0,2384,188008,93.50,19,0.0100,0.01782,316.5
DQN_Double_PER_seed_0_1790610953,DQN_Double_PER,0,2385,188078,6.80,1,0.0100,0.01876,316.6
DQN_Double_PER_seed_0_1790610953,DQN_Double_PER,0,2386,189087,123.20,26,0.0100,0.01864,318.2
DQN_Double_PER_seed_0_1790610953,DQN_Double_PER,0,2387,189137,3.90,0,0.0100,0.01702,318.3
DQN_Double_PER_seed_0_1790610953,DQN_Double_PER,0,2388,189649,60.90,12,0.0100,0.01786,319.1
DQN_Double_PER_seed_0_1790610953,DQN_Double_PER,0,2389,190151,59.90,12,0.0100,0.01744,320.3
DQN_Double_PER_seed_0_1790610953,DQN_Double_PER,0,2390,190273,12.90,2,0.0100,0.01794,320.5
DQN_Double_PER_seed_0_1790610953,DQN_Double_PER,0,2391,190372,10.60,2,0.0100,0.01639,320.6
DQN_Double_PER_seed_0_1790610953,DQN_Double_PER,0,2392,190549,20.20,4,0.0100,0.01730,320.9
DQN_Double_PER_seed_0_1790610953,DQN_Double_PER,0,2393,190599,3.90,0,0.0100,0.01537,321.0
DQN_Double_PER_seed_0_1790610953,DQN_Double_PER,0,2394,190685,8.40,1,0.0100,0.01793,321.1
DQN_Double_PER_seed_0_1790610953,DQN_Double_PER,0,2395,190851,18.20,3,0.0100,0.01892,321.4
DQN_Double_PER_seed_0_1790610953,DQN_Double_PER,0,2396,191399,65.40,13,0.0100,0.01911,322.3
DQN_Double_PER_seed_0_1790610953,DQN_Double_PER,0,2397,192483,132.50,28,0.0100,0.01795,324.0
DQN_Double_PER_seed_0_1790610953,DQN_Double_PER,0,2398,192831,40.90,8,0.0100,0.01769,324.6
DQN_Double_PER_seed_0_1790610953,DQN_Double_PER,0,2399,192953,12.90,2,0.0100,0.01993,324.8
DQN_Double_PER_seed_0_1790610953,DQN_Double_PER,0,2400,193229,31.90,6,0.0100,0.01810,325.2
DQN_Double_PER_seed_0_1790610953,DQN_Double_PER,0,2401,193441,24.60,5,0.0100,0.01476,325.6
DQN_Double_PER_seed_0_1790610953,DQN_Double_PER,0,2402,193736,34.70,7,0.0100,0.01649,326.0
DQN_Double_PER_seed_0_1790610953,DQN_Double_PER,0,2403,194279,64.90,13,0.0100,0.01787,326.9
DQN_Double_PER_seed_0_1790610953,DQN_Double_PER,0,2404,194784,60.20,12,0.0100,0.01784,327.7
DQN_Double_PER_seed_0_1790610953,DQN_Double_PER,0,2405,195447,79.60,17,0.0100,0.01719,332.9
DQN_Double_PER_seed_0_1790610953,DQN_Double_PER,0,2406,195500,4.20,0,0.0100,0.02252,333.0
DQN_Double_PER_seed_0_1790610953,DQN_Double_PER,0,2407,195597,9.50,2,0.0100,0.01681,333.1
DQN_Double_PER_seed_0_1790610953,DQN_Double_PER,0,2408,196284,82.90,17,0.0100,0.01980,334.2
DQN_Double_PER_seed_0_1790610953,DQN_Double_PER,0,2409,196501,25.10,5,0.0100,0.01934,334.6
DQN_Double_PER_seed_0_1790610953,DQN_Double_PER,0,2410,196556,4.40,0,0.0100,0.01748,334.7
DQN_Double_PER_seed_0_1790610953,DQN_Double_PER,0,2411,196652,9.40,1,0.0100,0.01866,334.8
DQN_Double_PER_seed_0_1790610953,DQN_Double_PER,0,2412,197678,124.90,26,0.0100,0.01930,336.5
DQN_Double_PER_seed_0_1790610953,DQN_Double_PER,0,2413,198378,85.10,18,0.0100,0.01835,337.6
DQN_Double_PER_seed_0_1790610953,DQN_Double_PER,0,2414,198690,36.40,7,0.0100,0.01837,338.1
DQN_Double_PER_seed_0_1790610953,DQN_Double_PER,0,2415,199167,57.40,12,0.0100,0.01813,338.9
DQN_Double_PER_seed_0_1790610953,DQN_Double_PER,0,2416,199715,65.40,13,0.0100,0.01848,339.7
DQN_Double_PER_seed_0_1790610953,DQN_Double_PER,0,2417,199950,26.90,5,0.0100,0.01686,340.1
