run_id,method,seed,episode,step,ep_reward,score,epsilon,loss,wall_time
DQN_UNIFORM_seed_1_1790609429,DQN_UNIFORM,1,1,50,-8.10,0,0.9990,0.00000,0.0
DQN_UNIFORM_seed_1_1790609429,DQN_UNIFORM,1,2,100,-6.90,0,0.9980,0.00000,0.0
DQN_UNIFORM_seed_1_1790609429,DQN_UNIFORM,1,3,150,-8.10,0,0.9970,0.00000,0.0
DQN_UNIFORM_seed_1_1790609429,DQN_UNIFORM,1,4,200,-7.50,0,0.9960,0.00000,0.0
DQN_UNIFORM_seed_1_1790609429,DQN_UNIFORM,1,5,250,-5.70,0,0.9950,0.00000,0.0
DQN_UNIFORM_seed_1_1790609429,DQN_UNIFORM,1,6,300,-8.10,0,0.9941,0.00000,0.0
DQN_UNIFORM_seed_1_1790609429,DQN_UNIFORM,1,7,350,-7.50,0,0.9931,0.00000,0.0
DQN_UNIFORM_seed_1_1790609429,DQN_UNIFORM,1,8,400,-7.50,0,0.9921,0.00000,0.0
DQN_UNIFORM_seed_1_1790609429,DQN_UNIFORM,1,9,450,-6.90,0,0.9911,0.00000,0.0
DQN_UNIFORM_seed_1_1790609429,DQN_UNIFORM,1,10,500,-5.10,0,0.9901,0.00000,0.0
DQN_UNIFORM_seed_1_1790609429,DQN_UNIFORM,1,11,550,-5.70,0,0.9891,0.00000,0.0
DQN_UNIFORM_seed_1_1790609429,DQN_UNIFORM,1,12,600,-8.10,0,0.9881,0.00000,0.0
DQN_UNIFORM_seed_1_1790609429,DQN_UNIFORM,1,13,650,-7.50,0,0.9871,0.00000,0.0
DQN_UNIFORM_seed_1_1790609429,DQN_UNIFORM,1,14,700,-7.50,0,0.9861,0.00000,0.0
DQN_UNIFORM_seed_1_1790609429,DQN_UNIFORM,1,15,750,-7.50,0,0.9851,0.00000,0.0
DQN_UNIFORM_seed_1_1790609429,DQN_UNIFORM,1,16,800,-8.10,0,0.9842,0.00000,0.0
DQN_UNIFORM_seed_1_1790609429,DQN_UNIFORM,1,17,850,-8.10,0,0.9832,0.00000,0.0
DQN_UNIFORM_seed_1_1790609429,DQN_UNIFORM,1,18,900,-7.50,0,0.9822,0.00000,0.0
DQN_UNIFORM_seed_1_1790609429,DQN_UNIFORM,1,19,950,-7.50,0,0.9812,0.00000,0.0
DQN_UNIFORM_seed_1_1790609429,DQN_UNIFORM,1,20,1000,-5.70,0,0.9802,0.00000,0.0
DQN_UNIFORM_seed_1_1790609429,DQN_UNIFORM,1,21,1050,-8.10,0,0.9792,0.00000,0.0
DQN_UNIFORM_seed_1_1790609429,DQN_UNIFORM,1,22,1100,-8.10,0,0.9782,0.00000,0.0
DQN_UNIFORM_seed_1_1790609429,DQN_UNIFORM,1,23,1150,-8.70,0,0.9772,0.00000,0.0
DQN_UNIFORM_seed_1_1790609429,DQN_UNIFORM,1,24,1200,-7.50,0,0.9762,0.00000,0.0
DQN_UNIFORM_seed_1_1790609429,DQN_UNIFORM,1,25,1250,-9.30,0,0.9752,0.00000,0.0
DQN_UNIFORM_seed_1_1790609429,DQN_UNIFORM,1,26,1300,-6.30,0,0.9743,0.00000,0.0
DQN_UNIFORM_seed_1_1790609429,DQN_UNIFORM,1,27,1350,-8.70,0,0.9733,0.00000,0.0
DQN_UNIFORM_seed_1_1790609429,DQN_UNIFORM,1,28,1400,-8.10,0,0.9723,0.00000,0.0
DQN_UNIFORM_seed_1_1790609429,DQN_UNIFORM,1,29,1450,-6.90,0,0.9713,0.00000,0.0
DQN_UNIFORM_seed_1_1790609429,DQN_UNIFORM,1,30,1500,-8.10,0,0.9703,0.00000,0.0
DQN_UNIFORM_seed_1_1790609429,DQN_UNIFORM,1,31,1550,-7.50,0,0.9693,0.00000,0.0
DQN_UNIFORM_seed_1_1790609429,DQN_UNIFORM,1,32,1600,-6.30,0,0.9683,0.00000,0.0
DQN_UNIFORM_seed_1_1790609429,DQN_UNIFORM,1,33,1650,-5.70,0,0.9673,0.00000,0.0
DQN_UNIFORM_seed_1_1790609429,DQN_UNIFORM,1,34,1700,-7.50,0,0.9663,0.00000,0.0
DQN_UNIFORM_seed_1_1790609429,DQN_UNIFORM,1,35,1750,-6.30,0,0.9654,0.00000,0.0
DQN_UNIFORM_seed_1_1790609429,DQN_UNIFORM,1,36,1800,-8.10,0,0.9644,0.00000,0.0
DQN_UNIFORM_seed_1_1790609429,DQN_UNIFORM,1,37,1850,-8.10,0,0.9634,0.00000,0.0
DQN_UNIFORM_seed_1_1790609429,DQN_UNIFORM,1,38,1900,-8.10,0,0.9624,0.00000,0.0
DQN_UNIFORM_seed_1_1790609429,DQN_UNIFORM,1,39,1950,-8.70,0,0.9614,0.00000,0.0
DQN_UNIFORM_seed_1_1790609429,DQN_UNIFORM,1,40,2000,-8.10,0,0.9604,0.09157,0.0
DQN_UNIFORM_seed_1_1790609429,DQN_UNIFORM,1,41,2050,-8.10,0,0.9594,0.04416,0.1
DQN_UNIFORM_seed_1_1790609429,DQN_UNIFORM,1,42,2100,-6.90,0,0.9584,0.01860,0.2
DQN_UNIFORM_seed_1_1790609429,DQN_UNIFORM,1,43,2150,-8.10,0,0.9574,0.01692,0.2
DQN_UNIFORM_seed_1_1790609429,DQN_UNIFORM,1,44,2200,-8.10,0,0.9564,0.01269,0.3
DQN_UNIFORM_seed_1_1790609429,DQN_UNIFORM,1,45,2250,-8.10,0,0.9555,0.01104,0.4
DQN_UNIFORM_seed_1_1790609429,DQN_UNIFORM,1,46,2300,-5.70,0,0.9545,0.00941,0.4
DQN_UNIFORM_seed_1_1790609429,DQN_UNIFORM,1,47,2350,-8.10,0,0.9535,0.00914,0.5
DQN_UNIFORM_seed_1_1790609429,DQN_UNIFORM,1,48,2400,-8.10,0,0.9525,0.00833,0.5
DQN_UNIFORM_seed_1_1790609429,DQN_UNIFORM,1,49,2450,-8.10,0,0.9515,0.00771,0.6
DQN_UNIFORM_seed_1_1790609429,DQN_UNIFORM,1,50,2500,-7.50,0,0.9505,0.00736,0.7
DQN_UNIFORM_seed_1_1790609429,DQN_UNIFORM,1,51,2550,-8.10,0,0.9495,0.00740,0.7
DQN_UNIFORM_seed_1_1790609429,DQN_UNIFORM,1,52,2600,-4.50,0,0.9485,0.00652,0.8
DQN_UNIFORM_seed_1_1790609429,DQN_UNIFORM,1,53,2650,-7.50,0,0.9475,0.00694,0.9
DQN_UNIFORM_seed_1_1790609429,DQN_UNIFORM,1,54,2700,-8.10,0,0.9465,0.00692,0.9
DQN_UNIFORM_seed_1_1790609429,DQN_UNIFORM,1,55,2750,-5.10,0,0.9456,0.00703,1.0
DQN_UNIFORM_seed_1_1790609429,DQN_UNIFORM,1,56,2800,-8.70,0,0.9446,0.00653,1.0
DQN_UNIFORM_seed_1_1790609429,DQN_UNIFORM,1,57,2850,-7.50,0,0.9436,0.00685,1.1
DQN_UNIFORM_seed_1_1790609429,DQN_UNIFORM,1,58,2900,-6.30,0,0.9426,0.00719,1.2
DQN_UNIFORM_seed_1_1790609429,DQN_UNIFORM,1,59,2950,-6.30,0,0.9416,0.00673,1.2
DQN_UNIFORM_seed_1_1790609429,DQN_UNIFORM,1,60,3000,-8.70,0,0.9406,0.00639,1.3
DQN_UNIFORM_seed_1_1790609429,DQN_UNIFORM,1,61,3050,-7.50,0,0.9396,0.02300,1.4
DQN_UNIFORM_seed_1_1790609429,DQN_UNIFORM,1,62,3100,-6.90,0,0.9386,0.00809,1.4
DQN_UNIFORM_seed_1_1790609429,DQN_UNIFORM,1,63,3150,-6.90,0,0.9376,0.00631,1.5
DQN_UNIFORM_seed_1_1790609429,DQN_UNIFORM,1,64,3200,-8.10,0,0.9366,0.00514,1.5
DQN_UNIFORM_seed_1_1790609429,DQN_UNIFORM,1,65,3250,-8.10,0,0.9356,0.00521,1.6
DQN_UNIFORM_seed_1_1790609429,DQN_UNIFORM,1,66,3300,-8.10,0,0.9347,0.00493,1.7
DQN_UNIFORM_seed_1_1790609429,DQN_UNIFORM,1,67,3350,-7.50,0,0.9337,0.00535,1.7
DQN_UNIFORM_seed_1_1790609429,DQN_UNIFORM,1,68,3400,-7.50,0,0.9327,0.00444,1.8
DQN_UNIFORM_seed_1_1790609429,DQN_UNIFORM,1,69,3450,-8.70,0,0.9317,0.00506,1.9
DQN_UNIFORM_seed_1_1790609429,DQN_UNIFORM,1,70,3500,-5.70,0,0.9307,0.00473,1.9
DQN_UNIFORM_seed_1_1790609429,DQN_UNIFORM,1,71,3550,-7.50,0,0.9297,0.00480,2.0
DQN_UNIFORM_seed_1_1790609429,DQN_UNIFORM,1,72,3600,-6.30,0,0.9287,0.00371,2.0
DQN_UNIFORM_seed_1_1790609429,DQN_UNIFORM,1,73,3650,-5.70,0,0.9277,0.00398,2.1
DQN_UNIFORM_seed_1_1790609429,DQN_UNIFORM,1,74,3700,-6.90,0,0.9267,0.00450,2.2
DQN_UNIFORM_seed_1_1790609429,DQN_UNIFORM,1,75,3750,-8.10,0,0.9257,0.00380,2.2
DQN_UNIFORM_seed_1_1790609429,DQN_UNIFORM,1,76,3800,-8.10,0,0.9248,0.00331,2.3
DQN_UNIFORM_seed_1_1790609429,DQN_UNIFORM,1,77,3850,-8.10,0,0.9238,0.00351,2.3
DQN_UNIFORM_seed_1_1790609429,DQN_UNIFORM,1,78,3900,-7.50,0,0.9228,0.00310,2.4
DQN_UNIFORM_seed_1_1790609429,DQN_UNIFORM,1,79,3950,-7.50,0,0.9218,0.00337,2.5
DQN_UNIFORM_seed_1_1790609429,DQN_UNIFORM,1,80,4000,-8.70,0,0.9208,0.00346,2.5
DQN_UNIFORM_seed_1_1790609429,DQN_UNIFORM,1,81,4050,-8.70,0,0.9198,0.02233,2.6
DQN_UNIFORM_seed_1_1790609429,DQN_UNIFORM,1,82,4100,-8.10,0,0.9188,0.00997,2.7
DQN_UNIFORM_seed_1_1790609429,DQN_UNIFORM,1,83,4150,-6.90,0,0.9178,0.01003,2.7
DQN_UNIFORM_seed_1_1790609429,DQN_UNIFORM,1,84,4200,-8.70,0,0.9168,0.00943,2.8
DQN_UNIFORM_seed_1_1790609429,DQN_UNIFORM,1,85,4250,-6.90,0,0.9159,0.01014,2.8
DQN_UNIFORM_seed_1_1790609429,DQN_UNIFORM,1,86,4300,-8.10,0,0.9149,0.00862,2.9
DQN_UNIFORM_seed_1_1790609429,DQN_UNIFORM,1,87,4350,-6.90,0,0.9139,0.01023,3.0
DQN_UNIFORM_seed_1_1790609429,DQN_UNIFORM,1,88,4400,-7.50,0,0.9129,0.00932,3.0
DQN_UNIFORM_seed_1_1790609429,DQN_UNIFORM,1,89,4450,-7.50,0,0.9119,0.00957,3.1
DQN_UNIFORM_seed_1_1790609429,DQN_UNIFORM,1,90,4500,-7.50,0,0.9109,0.00847,3.2
DQN_UNIFORM_seed_1_1790609429,DQN_UNIFORM,1,91,4550,-6.90,0,0.9099,0.00764,3.2
DQN_UNIFORM_seed_1_1790609429,DQN_UNIFORM,1,92,4600,-8.10,0,0.9089,0.00823,3.3
DQN_UNIFORM_seed_1_1790609429,DQN_UNIFORM,1,93,4650,-4.50,0,0.9079,0.00781,3.3
DQN_UNIFORM_seed_1_1790609429,DQN_UNIFORM,1,94,4700,-6.30,0,0.9069,0.00842,3.4
DQN_UNIFORM_seed_1_1790609429,DQN_UNIFORM,1,95,4750,-7.50,0,0.9060,0.00803,3.5
DQN_UNIFORM_seed_1_1790609429,DQN_UNIFORM,1,96,4800,-8.10,0,0.9050,0.00659,3.5
DQN_UNIFORM_seed_1_1790609429,DQN_UNIFORM,1,97,4850,-8.70,0,0.9040,0.00768,3.6
DQN_UNIFORM_seed_1_1790609429,DQN_UNIFORM,1,98,4900,-8.10,0,0.9030,0.00709,3.7
DQN_UNIFORM_seed_1_1790609429,DQN_UNIFORM,1,99,4950,-6.90,0,0.9020,0.00865,3.7
DQN_UNIFORM_seed_1_1790609429,DQN_UNIFORM,1,100,5000,-8.70,0,0.9010,0.00997,3.8
DQN_UNIFORM_seed_1_1790609429,DQN_UNIFORM,1,101,5050,-8.70,0,0.9000,0.02504,3.9
DQN_UNIFORM_seed_1_1790609429,DQN_UNIFORM,1,102,5100,-7.50,0,0.8990,0.01175,4.0
DQN_UNIFORM_seed_1_1790609429,DQN_UNIFORM,1,103,5150,-5.10,0,0.8980,0.01132,4.1
DQN_UNIFORM_seed_1_1790609429,DQN_UNIFORM,1,104,5200,-7.50,0,0.8970,0.01037,4.1
DQN_UNIFORM_seed_1_1790609429,DQN_UNIFORM,1,105,5250,-6.90,0,0.8961,0.01091,4.2
DQN_UNIFORM_seed_1_1790609429,DQN_UNIFORM,1,106,5300,-7.50,0,0.8951,0.01136,4.2
DQN_UNIFORM_seed_1_1790609429,DQN_UNIFORM,1,107,5350,-8.10,0,0.8941,0.01084,4.3
DQN_UNIFORM_seed_1_1790609429,DQN_UNIFORM,1,108,5400,-7.50,0,0.8931,0.00976,4.4
DQN_UNIFORM_seed_1_1790609429,DQN_UNIFORM,1,109,5450,-8.10,0,0.8921,0.01251,4.4
DQN_UNIFORM_seed_1_1790609429,DQN_UNIFORM,1,110,5500,-7.50,0,0.8911,0.01172,4.5
DQN_UNIFORM_seed_1_1790609429,DQN_UNIFORM,1,111,5550,-5.10,0,0.8901,0.01024,4.6
DQN_UNIFORM_seed_1_1790609429,DQN_UNIFORM,1,112,5600,-8.10,0,0.8891,0.01136,4.6
DQN_UNIFORM_seed_1_1790609429,DQN_UNIFORM,1,113,5650,-7.50,0,0.8881,0.01188,4.7
DQN_UNIFORM_seed_1_1790609429,DQN_UNIFORM,1,114,5700,-7.50,0,0.8871,0.01048,4.7
DQN_UNIFORM_seed_1_1790609429,DQN_UNIFORM,1,115,5750,-6.30,0,0.8861,0.01097,4.8
DQN_UNIFORM_seed_1_1790609429,DQN_UNIFORM,1,116,5800,-6.90,0,0.8852,0.01116,4.9
DQN_UNIFORM_seed_1_1790609429,DQN_UNIFORM,1,117,5850,-6.90,0,0.8842,0.00833,4.9
DQN_UNIFORM_seed_1_1790609429,DQN_UNIFORM,1,118,5900,-8.10,0,0.8832,0.01041,5.0
DQN_UNIFORM_seed_1_1790609429,DQN_UNIFORM,1,119,5950,-5.70,0,0.8822,0.00927,5.1
DQN_UNIFORM_seed_1_1790609429,DQN_UNIFORM,1,120,6000,-7.50,0,0.8812,0.00837,5.1
DQN_UNIFORM_seed_1_1790609429,DQN_UNIFORM,1,121,6050,-6.30,0,0.8802,0.02935,5.2
DQN_UNIFORM_seed_1_1790609429,DQN_UNIFORM,1,122,6100,-6.30,0,0.8792,0.01727,5.2
DQN_UNIFORM_seed_1_1790609429,DQN_UNIFORM,1,123,6150,-7.50,0,0.8782,0.01539,5.3
DQN_UNIFORM_seed_1_1790609429,DQN_UNIFORM,1,124,6200,-8.10,0,0.8772,0.01433,5.4
DQN_UNIFORM_seed_1_1790609429,DQN_UNIFORM,1,125,6250,-5.70,0,0.8762,0.01317,5.4
DQN_UNIFORM_seed_1_1790609429,DQN_UNIFORM,1,126,6300,-7.50,0,0.8753,0.01770,5.5
DQN_UNIFORM_seed_1_1790609429,DQN_UNIFORM,1,127,6350,-8.70,0,0.8743,0.01673,5.5
DQN_UNIFORM_seed_1_1790609429,DQN_UNIFORM,1,128,6400,-6.90,0,0.8733,0.01822,5.6
DQN_UNIFORM_seed_1_1790609429,DQN_UNIFORM,1,129,6450,-7.50,0,0.8723,0.01280,5.7
DQN_UNIFORM_seed_1_1790609429,DQN_UNIFORM,1,130,6500,-6.30,0,0.8713,0.01350,5.7
DQN_UNIFORM_seed_1_1790609429,DQN_UNIFORM,1,131,6550,-7.50,0,0.8703,0.01197,5.8
DQN_UNIFORM_seed_1_1790609429,DQN_UNIFORM,1,132,6600,-8.10,0,0.8693,0.01594,5.9
DQN_UNIFORM_seed_1_1790609429,DQN_UNIFORM,1,133,6650,-6.90,0,0.8683,0.01468,5.9
DQN_UNIFORM_seed_1_1790609429,DQN_UNIFORM,1,134,6700,-8.10,0,0.8673,0.01378,6.0
DQN_UNIFORM_seed_1_1790609429,DQN_UNIFORM,1,135,6750,-5.70,0,0.8663,0.01757,6.0
DQN_UNIFORM_seed_1_1790609429,DQN_UNIFORM,1,136,6800,-8.70,0,0.8654,0.01446,6.1
DQN_UNIFORM_seed_1_1790609429,DQN_UNIFORM,1,137,6850,-8.10,0,0.8644,0.01217,6.2
DQN_UNIFORM_seed_1_1790609429,DQN_UNIFORM,1,138,6900,-8.70,0,0.8634,0.01269,6.2
DQN_UNIFORM_seed_1_1790609429,DQN_UNIFORM,1,139,6950,-8.70,0,0.8624,0.01082,6.3
DQN_UNIFORM_seed_1_1790609429,DQN_UNIFORM,1,140,7000,-7.50,0,0.8614,0.01195,6.4
DQN_UNIFORM_seed_1_1790609429,DQN_UNIFORM,1,141,7050,-8.10,0,0.8604,0.03110,6.4
DQN_UNIFORM_seed_1_1790609429,DQN_UNIFORM,1,142,7100,-7.50,0,0.8594,0.02306,6.5
DQN_UNIFORM_seed_1_1790609429,DQN_UNIFORM,1,143,7150,-8.70,0,0.8584,0.01520,6.5
DQN_UNIFORM_seed_1_1790609429,DQN_UNIFORM,1,144,7200,-7.50,0,0.8574,0.01491,6.6
DQN_UNIFORM_seed_1_1790609429,DQN_UNIFORM,1,145,7250,-7.50,0,0.8565,0.01524,6.7
DQN_UNIFORM_seed_1_1790609429,DQN_UNIFORM,1,146,7300,-4.50,0,0.8555,0.01158,6.7
DQN_UNIFORM_seed_1_1790609429,DQN_UNIFORM,1,147,7350,-6.90,0,0.8545,0.01658,6.8
DQN_UNIFORM_seed_1_1790609429,DQN_UNIFORM,1,148,7400,-8.10,0,0.8535,0.01435,6.8
DQN_UNIFORM_seed_1_1790609429,DQN_UNIFORM,1,149,7450,-7.50,0,0.8525,0.01439,6.9
DQN_UNIFORM_seed_1_1790609429,DQN_UNIFORM,1,150,7500,-6.90,0,0.8515,0.01515,7.0
DQN_UNIFORM_seed_1_1790609429,DQN_UNIFORM,1,151,7550,-8.10,0,0.8505,0.01096,7.0
DQN_UNIFORM_seed_1_1790609429,DQN_UNIFORM,1,152,7600,-7.50,0,0.8495,0.01424,7.1
DQN_UNIFORM_seed_1_1790609429,DQN_UNIFORM,1,153,7650,-8.70,0,0.8485,0.01434,7.2
DQN_UNIFORM_seed_1_1790609429,DQN_UNIFORM,1,154,7700,-5.70,0,0.8475,0.01322,7.2
DQN_UNIFORM_seed_1_1790609429,DQN_UNIFORM,1,155,7750,-6.30,0,0.8466,0.01153,7.3
DQN_UNIFORM_seed_1_1790609429,DQN_UNIFORM,1,156,7800,-6.90,0,0.8456,0.01295,7.3
DQN_UNIFORM_seed_1_1790609429,DQN_UNIFORM,1,157,7850,-8.10,0,0.8446,0.01354,7.4
DQN_UNIFORM_seed_1_1790609429,DQN_UNIFORM,1,158,7900,-8.10,0,0.8436,0.01184,7.5
DQN_UNIFORM_seed_1_1790609429,DQN_UNIFORM,1,159,7950,-8.10,0,0.8426,0.01307,7.5
DQN_UNIFORM_seed_1_1790609429,DQN_UNIFORM,1,160,8000,-3.90,0,0.8416,0.00905,7.6
DQN_UNIFORM_seed_1_1790609429,DQN_UNIFORM,1,161,8050,-8.10,0,0.8406,0.02274,7.7
DQN_UNIFORM_seed_1_1790609429,DQN_UNIFORM,1,162,8100,-7.50,0,0.8396,0.01305,7.7
DQN_UNIFORM_seed_1_1790609429,DQN_UNIFORM,1,163,8150,-8.10,0,0.8386,0.01445,7.8
DQN_UNIFORM_seed_1_1790609429,DQN_UNIFORM,1,164,8200,-7.50,0,0.8376,0.00866,7.8
DQN_UNIFORM_seed_1_1790609429,DQN_UNIFORM,1,165,8250,-8.10,0,0.8367,0.01293,7.9
DQN_UNIFORM_seed_1_1790609429,DQN_UNIFORM,1,166,8300,-8.70,0,0.8357,0.00911,8.0
DQN_UNIFORM_seed_1_1790609429,DQN_UNIFORM,1,167,8350,-6.90,0,0.8347,0.01132,8.0
DQN_UNIFORM_seed_1_1790609429,DQN_UNIFORM,1,168,8400,-8.10,0,0.8337,0.00978,8.1
DQN_UNIFORM_seed_1_1790609429,DQN_UNIFORM,1,169,8450,-8.10,0,0.8327,0.00898,8.1
DQN_UNIFORM_seed_1_1790609429,DQN_UNIFORM,1,170,8500,-8.70,0,0.8317,0.01087,8.2
DQN_UNIFORM_seed_1_1790609429,DQN_UNIFORM,1,171,8550,-6.90,0,0.8307,0.01106,8.3
DQN_UNIFORM_seed_1_1790609429,DQN_UNIFORM,1,172,8600,-6.90,0,0.8297,0.00882,8.3
DQN_UNIFORM_seed_1_1790609429,DQN_UNIFORM,1,173,8650,-7.50,0,0.8287,0.00987,8.4
DQN_UNIFORM_seed_1_1790609429,DQN_UNIFORM,1,174,8700,-8.10,0,0.8277,0.01104,8.5
DQN_UNIFORM_seed_1_1790609429,DQN_UNIFORM,1,175,8750,-8.10,0,0.8267,0.00964,8.5
DQN_UNIFORM_seed_1_1790609429,DQN_UNIFORM,1,176,8800,-8.70,0,0.8258,0.00902,8.6
DQN_UNIFORM_seed_1_1790609429,DQN_UNIFORM,1,177,8850,-6.30,0,0.8248,0.00820,8.6
DQN_UNIFORM_seed_1_1790609429,DQN_UNIFORM,1,178,8900,-5.70,0,0.8238,0.01007,8.7
DQN_UNIFORM_seed_1_1790609429,DQN_UNIFORM,1,179,8950,-8.70,0,0.8228,0.00844,8.8
DQN_UNIFORM_seed_1_1790609429,DQN_UNIFORM,1,180,9000,-4.50,0,0.8218,0.00736,8.8
DQN_UNIFORM_seed_1_1790609429,DQN_UNIFORM,1,181,9050,-5.70,0,0.8208,0.01860,8.9
DQN_UNIFORM_seed_1_1790609429,DQN_UNIFORM,1,182,9100,-6.90,0,0.8198,0.00892,9.0
DQN_UNIFORM_seed_1_1790609429,DQN_UNIFORM,1,183,9150,-6.30,0,0.8188,0.00706,9.0
DQN_UNIFORM_seed_1_1790609429,DQN_UNIFORM,1,184,9200,-8.70,0,0.8178,0.01118,9.1
DQN_UNIFORM_seed_1_1790609429,DQN_UNIFORM,1,185,9250,-8.70,0,0.8168,0.00689,9.1
DQN_UNIFORM_seed_1_1790609429,DQN_UNIFORM,1,186,9300,-6.90,0,0.8159,0.00712,9.2
DQN_UNIFORM_seed_1_1790609429,DQN_UNIFORM,1,187,9350,-8.10,0,0.8149,0.00737,9.3
DQN_UNIFORM_seed_1_1790609429,DQN_UNIFORM,1,188,9400,-8.10,0,0.8139,0.00716,9.3
DQN_UNIFORM_seed_1_1790609429,DQN_UNIFORM,1,189,9450,-5.70,0,0.8129,0.00776,9.4
DQN_UNIFORM_seed_1_1790609429,DQN_UNIFORM,1,190,9500,-6.90,0,0.8119,0.00596,9.5
DQN_UNIFORM_seed_1_1790609429,DQN_UNIFORM,1,191,9550,-5.10,0,0.8109,0.00588,9.5
DQN_UNIFORM_seed_1_1790609429,DQN_UNIFORM,1,192,9600,-3.90,0,0.8099,0.00786,9.6
DQN_UNIFORM_seed_1_1790609429,DQN_UNIFORM,1,193,9650,-6.30,0,0.8089,0.00905,9.7
DQN_UNIFORM_seed_1_1790609429,DQN_UNIFORM,1,194,9700,-7.50,0,0.8079,0.00636,9.7
DQN_UNIFORM_seed_1_1790609429,DQN_UNIFORM,1,195,9750,-6.30,0,0.8070,0.00736,9.8
DQN_UNIFORM_seed_1_1790609429,DQN_UNIFORM,1,196,9800,-7.50,0,0.8060,0.00721,9.8
DQN_UNIFORM_seed_1_1790609429,DQN_UNIFORM,1,197,9850,-8.10,0,0.8050,0.00789,9.9
DQN_UNIFORM_seed_1_1790609429,DQN_UNIFORM,1,198,9900,-5.10,0,0.8040,0.00678,10.0
DQN_UNIFORM_seed_1_1790609429,DQN_UNIFORM,1,199,9950,-5.70,0,0.8030,0.00570,10.0
DQN_UNIFORM_seed_1_1790609429,DQN_UNIFORM,1,200,10000,-7.50,0,0.8020,0.00407,10.1
DQN_UNIFORM_seed_1_1790609429,DQN_UNIFORM,1,201,10050,-7.50,0,0.8010,0.01793,10.2
DQN_UNIFORM_seed_1_1790609429,DQN_UNIFORM,1,202,10100,-6.90,0,0.8000,0.00573,10.3
DQN_UNIFORM_seed_1_1790609429,DQN_UNIFORM,1,203,10150,-8.10,0,0.7990,0.00658,10.4
DQN_UNIFORM_seed_1_1790609429,DQN_UNIFORM,1,204,10200,-6.30,0,0.7980,0.00624,10.4
DQN_UNIFORM_seed_1_1790609429,DQN_UNIFORM,1,205,10250,-4.50,0,0.7971,0.00514,10.5
DQN_UNIFORM_seed_1_1790609429,DQN_UNIFORM,1,206,10300,-8.10,0,0.7961,0.00707,10.6
DQN_UNIFORM_seed_1_1790609429,DQN_UNIFORM,1,207,10350,-6.90,0,0.7951,0.00671,10.6
DQN_UNIFORM_seed_1_1790609429,DQN_UNIFORM,1,208,10400,-6.30,0,0.7941,0.00612,10.7
DQN_UNIFORM_seed_1_1790609429,DQN_UNIFORM,1,209,10450,-6.30,0,0.7931,0.00999,10.7
DQN_UNIFORM_seed_1_1790609429,DQN_UNIFORM,1,210,10500,-8.70,0,0.7921,0.00810,10.8
DQN_UNIFORM_seed_1_1790609429,DQN_UNIFORM,1,211,10550,-7.50,0,0.7911,0.00788,10.9
DQN_UNIFORM_seed_1_1790609429,DQN_UNIFORM,1,212,10600,-8.10,0,0.7901,0.00558,10.9
DQN_UNIFORM_seed_1_1790609429,DQN_UNIFORM,1,213,10650,0.90,0,0.7891,0.00700,11.0
DQN_UNIFORM_seed_1_1790609429,DQN_UNIFORM,1,214,10700,-7.50,0,0.7881,0.00627,11.1
DQN_UNIFORM_seed_1_1790609429,DQN_UNIFORM,1,215,10750,-8.10,0,0.7872,0.00658,11.1
DQN_UNIFORM_seed_1_1790609429,DQN_UNIFORM,1,216,10800,-5.70,0,0.7862,0.00668,11.2
DQN_UNIFORM_seed_1_1790609429,DQN_UNIFORM,1,217,10850,-8.10,0,0.7852,0.00800,11.2
DQN_UNIFORM_seed_1_1790609429,DQN_UNIFORM,1,218,10900,-8.70,0,0.7842,0.00658,11.3
DQN_UNIFORM_seed_1_1790609429,DQN_UNIFORM,1,219,10950,-6.30,0,0.7832,0.00649,11.4
DQN_UNIFORM_seed_1_1790609429,DQN_UNIFORM,1,220,11000,-6.90,0,0.7822,0.00543,11.4
DQN_UNIFORM_seed_1_1790609429,DQN_UNIFORM,1,221,11050,-7.50,0,0.7812,0.01862,11.5
DQN_UNIFORM_seed_1_1790609429,DQN_UNIFORM,1,222,11100,-7.50,0,0.7802,0.00385,11.6
DQN_UNIFORM_seed_1_1790609429,DQN_UNIFORM,1,223,11150,3.90,0,0.7792,0.00537,11.6
DQN_UNIFORM_seed_1_1790609429,DQN_UNIFORM,1,224,11200,-7.50,0,0.7782,0.00650,11.7
DQN_UNIFORM_seed_1_1790609429,DQN_UNIFORM,1,225,11250,-5.10,0,0.7772,0.00609,11.7
DQN_UNIFORM_seed_1_1790609429,DQN_UNIFORM,1,226,11300,-5.70,0,0.7763,0.00582,11.8
DQN_UNIFORM_seed_1_1790609429,DQN_UNIFORM,1,227,11350,-6.30,0,0.7753,0.00464,11.9
DQN_UNIFORM_seed_1_1790609429,DQN_UNIFORM,1,228,11400,-7.50,0,0.7743,0.00461,11.9
DQN_UNIFORM_seed_1_1790609429,DQN_UNIFORM,1,229,11450,-6.30,0,0.7733,0.00455,12.0
DQN_UNIFORM_seed_1_1790609429,DQN_UNIFORM,1,230,11500,-7.50,0,0.7723,0.00463,12.1
DQN_UNIFORM_seed_1_1790609429,DQN_UNIFORM,1,231,11550,-8.10,0,0.7713,0.00433,12.1
DQN_UNIFORM_seed_1_1790609429,DQN_UNIFORM,1,232,11600,-7.50,0,0.7703,0.00360,12.2
DQN_UNIFORM_seed_1_1790609429,DQN_UNIFORM,1,233,11650,-6.90,0,0.7693,0.00367,12.2
DQN_UNIFORM_seed_1_1790609429,DQN_UNIFORM,1,234,11700,-8.10,0,0.7683,0.00481,12.3
DQN_UNIFORM_seed_1_1790609429,DQN_UNIFORM,1,235,11750,-3.90,0,0.7673,0.00428,12.4
DQN_UNIFORM_seed_1_1790609429,DQN_UNIFORM,1,236,11800,-4.50,0,0.7664,0.00434,12.4
DQN_UNIFORM_seed_1_1790609429,DQN_UNIFORM,1,237,11850,-8.10,0,0.7654,0.00746,12.5
DQN_UNIFORM_seed_1_1790609429,DQN_UNIFORM,1,238,11900,-6.90,0,0.7644,0.00422,12.6
DQN_UNIFORM_seed_1_1790609429,DQN_UNIFORM,1,239,11950,-5.70,0,0.7634,0.00534,12.6
DQN_UNIFORM_seed_1_1790609429,DQN_UNIFORM,1,240,12000,-3.30,0,0.7624,0.00352,12.7
DQN_UNIFORM_seed_1_1790609429,DQN_UNIFORM,1,241,12050,-7.50,0,0.7614,0.01727,12.7
DQN_UNIFORM_seed_1_1790609429,DQN_UNIFORM,1,242,12100,-7.50,0,0.7604,0.00440,12.8
DQN_UNIFORM_seed_1_1790609429,DQN_UNIFORM,1,243,12150,-3.30,0,0.7594,0.00379,12.9
DQN_UNIFORM_seed_1_1790609429,DQN_UNIFORM,1,244,12200,-8.10,0,0.7584,0.00360,12.9
DQN_UNIFORM_seed_1_1790609429,DQN_UNIFORM,1,245,12250,-7.50,0,0.7574,0.00410,13.0
DQN_UNIFORM_seed_1_1790609429,DQN_UNIFORM,1,246,12300,-6.30,0,0.7565,0.00389,13.1
DQN_UNIFORM_seed_1_1790609429,DQN_UNIFORM,1,247,12350,-6.90,0,0.7555,0.00429,13.1
DQN_UNIFORM_seed_1_1790609429,DQN_UNIFORM,1,248,12400,-6.30,0,0.7545,0.00397,13.2
DQN_UNIFORM_seed_1_1790609429,DQN_UNIFORM,1,249,12450,-5.10,0,0.7535,0.00602,13.2
DQN_UNIFORM_seed_1_1790609429,DQN_UNIFORM,1,250,12500,-6.90,0,0.7525,0.00428,13.3
DQN_UNIFORM_seed_1_1790609429,DQN_UNIFORM,1,251,12550,-8.10,0,0.7515,0.00454,13.4
DQN_UNIFORM_seed_1_1790609429,DQN_UNIFORM,1,252,12600,-7.50,0,0.7505,0.00328,13.4
DQN_UNIFORM_seed_1_1790609429,DQN_UNIFORM,1,253,12650,-7.50,0,0.7495,0.00403,13.5
DQN_UNIFORM_seed_1_1790609429,DQN_UNIFORM,1,254,12700,-6.90,0,0.7485,0.00330,13.6
DQN_UNIFORM_seed_1_1790609429,DQN_UNIFORM,1,255,12750,-6.90,0,0.7475,0.00583,13.6
DQN_UNIFORM_seed_1_1790609429,DQN_UNIFORM,1,256,12800,-7.50,0,0.7466,0.00762,13.7
DQN_UNIFORM_seed_1_1790609429,DQN_UNIFORM,1,257,12850,-6.30,0,0.7456,0.00287,13.7
DQN_UNIFORM_seed_1_1790609429,DQN_UNIFORM,1,258,12900,-7.50,0,0.7446,0.00481,13.8
DQN_UNIFORM_seed_1_1790609429,DQN_UNIFORM,1,259,12950,-2.10,0,0.7436,0.00327,13.9
DQN_UNIFORM_seed_1_1790609429,DQN_UNIFORM,1,260,13000,-6.30,0,0.7426,0.00408,13.9
DQN_UNIFORM_seed_1_1790609429,DQN_UNIFORM,1,261,13050,-6.30,0,0.7416,0.01194,14.0
DQN_UNIFORM_seed_1_1790609429,DQN_UNIFORM,1,262,13100,-6.30,0,0.7406,0.00416,14.1
DQN_UNIFORM_seed_1_1790609429,DQN_UNIFORM,1,263,13150,-6.90,0,0.7396,0.00381,14.1
DQN_UNIFORM_seed_1_1790609429,DQN_UNIFORM,1,264,13200,-6.90,0,0.7386,0.00678,14.2
DQN_UNIFORM_seed_1_1790609429,DQN_UNIFORM,1,265,13250,-7.50,0,0.7376,0.00506,14.2
DQN_UNIFORM_seed_1_1790609429,DQN_UNIFORM,1,266,13300,-5.70,0,0.7367,0.00569,14.3
DQN_UNIFORM_seed_1_1790609429,DQN_UNIFORM,1,267,13350,-6.90,0,0.7357,0.00683,14.4
DQN_UNIFORM_seed_1_1790609429,DQN_UNIFORM,1,268,13400,-7.50,0,0.7347,0.00471,14.4
DQN_UNIFORM_seed_1_1790609429,DQN_UNIFORM,1,269,13450,-7.50,0,0.7337,0.00500,14.5
DQN_UNIFORM_seed_1_1790609429,DQN_UNIFORM,1,270,13500,-7.50,0,0.7327,0.00723,14.6
DQN_UNIFORM_seed_1_1790609429,DQN_UNIFORM,1,271,13550,-6.90,0,0.7317,0.00421,14.6
DQN_UNIFORM_seed_1_1790609429,DQN_UNIFORM,1,272,13600,-7.50,0,0.7307,0.00363,14.7
DQN_UNIFORM_seed_1_1790609429,DQN_UNIFORM,1,273,13650,-1.50,0,0.7297,0.00398,14.7
DQN_UNIFORM_seed_1_1790609429,DQN_UNIFORM,1,274,13700,-7.50,0,0.7287,0.00542,14.8
DQN_UNIFORM_seed_1_1790609429,DQN_UNIFORM,1,275,13750,-8.10,0,0.7278,0.00362,14.9
DQN_UNIFORM_seed_1_1790609429,DQN_UNIFORM,1,276,13800,-7.50,0,0.7268,0.00295,14.9
DQN_UNIFORM_seed_1_1790609429,DQN_UNIFORM,1,277,13850,-7.50,0,0.7258,0.00458,15.0
DQN_UNIFORM_seed_1_1790609429,DQN_UNIFORM,1,278,13900,-8.10,0,0.7248,0.00583,15.1
DQN_UNIFORM_seed_1_1790609429,DQN_UNIFORM,1,279,13950,-7.50,0,0.7238,0.00342,15.1
DQN_UNIFORM_seed_1_1790609429,DQN_UNIFORM,1,280,14000,-5.70,0,0.7228,0.00330,15.2
DQN_UNIFORM_seed_1_1790609429,DQN_UNIFORM,1,281,14050,-5.70,0,0.7218,0.01301,15.2
DQN_UNIFORM_seed_1_1790609429,DQN_UNIFORM,1,282,14100,-6.90,0,0.7208,0.00464,15.3
DQN_UNIFORM_seed_1_1790609429,DQN_UNIFORM,1,283,14150,-2.70,0,0.7198,0.00507,15.4
DQN_UNIFORM_seed_1_1790609429,DQN_UNIFORM,1,284,14200,-6.90,0,0.7188,0.00393,15.4
DQN_UNIFORM_seed_1_1790609429,DQN_UNIFORM,1,285,14250,-6.90,0,0.7179,0.00337,15.5
DQN_UNIFORM_seed_1_1790609429,DQN_UNIFORM,1,286,14300,-6.90,0,0.7169,0.00364,15.6
DQN_UNIFORM_seed_1_1790609429,DQN_UNIFORM,1,287,14350,-6.30,0,0.7159,0.00436,15.6
DQN_UNIFORM_seed_1_1790609429,DQN_UNIFORM,1,288,14400,-5.70,0,0.7149,0.00388,15.7
DQN_UNIFORM_seed_1_1790609429,DQN_UNIFORM,1,289,14450,-8.10,0,0.7139,0.00351,15.7
DQN_UNIFORM_seed_1_1790609429,DQN_UNIFORM,1,290,14500,-7.50,0,0.7129,0.00417,15.8
DQN_UNIFORM_seed_1_1790609429,DQN_UNIFORM,1,291,14550,-7.50,0,0.7119,0.00446,15.9
DQN_UNIFORM_seed_1_1790609429,DQN_UNIFORM,1,292,14600,-8.10,0,0.7109,0.00351,15.9
DQN_UNIFORM_seed_1_1790609429,DQN_UNIFORM,1,293,14650,-8.70,0,0.7099,0.00433,16.0
DQN_UNIFORM_seed_1_1790609429,DQN_UNIFORM,1,294,14700,-7.50,0,0.7089,0.00385,16.1
DQN_UNIFORM_seed_1_1790609429,DQN_UNIFORM,1,295,14750,-6.30,0,0.7080,0.00318,16.1
DQN_UNIFORM_seed_1_1790609429,DQN_UNIFORM,1,296,14800,-6.30,0,0.7070,0.00339,16.2
DQN_UNIFORM_seed_1_1790609429,DQN_UNIFORM,1,297,14850,-6.90,0,0.7060,0.00334,16.2
DQN_UNIFORM_seed_1_1790609429,DQN_UNIFORM,1,298,14900,-6.90,0,0.7050,0.00392,16.3
DQN_UNIFORM_seed_1_1790609429,DQN_UNIFORM,1,299,14950,-7.50,0,0.7040,0.00400,16.4
DQN_UNIFORM_seed_1_1790609429,DQN_UNIFORM,1,300,15000,-6.30,0,0.7030,0.00388,16.4
DQN_UNIFORM_seed_1_1790609429,DQN_UNIFORM,1,301,15050,-7.50,0,0.7020,0.01604,16.6
DQN_UNIFORM_seed_1_1790609429,DQN_UNIFORM,1,302,15100,-6.90,0,0.7010,0.00441,16.6
DQN_UNIFORM_seed_1_1790609429,DQN_UNIFORM,1,303,15150,-7.50,0,0.7000,0.00422,16.7
DQN_UNIFORM_seed_1_1790609429,DQN_UNIFORM,1,304,15200,-3.90,0,0.6990,0.00377,16.8
DQN_UNIFORM_seed_1_1790609429,DQN_UNIFORM,1,305,15250,-7.50,0,0.6981,0.00352,16.8
DQN_UNIFORM_seed_1_1790609429,DQN_UNIFORM,1,306,15300,-8.10,0,0.6971,0.00394,16.9
DQN_UNIFORM_seed_1_1790609429,DQN_UNIFORM,1,307,15350,-5.10,0,0.6961,0.00356,17.0
DQN_UNIFORM_seed_1_1790609429,DQN_UNIFORM,1,308,15400,-5.10,0,0.6951,0.00296,17.0
DQN_UNIFORM_seed_1_1790609429,DQN_UNIFORM,1,309,15450,-1.50,0,0.6941,0.00414,17.1
DQN_UNIFORM_seed_1_1790609429,DQN_UNIFORM,1,310,15500,-3.90,0,0.6931,0.00307,17.1
DQN_UNIFORM_seed_1_1790609429,DQN_UNIFORM,1,311,15550,-8.10,0,0.6921,0.00449,17.2
DQN_UNIFORM_seed_1_1790609429,DQN_UNIFORM,1,312,15600,-7.50,0,0.6911,0.00272,17.3
DQN_UNIFORM_seed_1_1790609429,DQN_UNIFORM,1,313,15650,-8.10,0,0.6901,0.00288,17.3
DQN_UNIFORM_seed_1_1790609429,DQN_UNIFORM,1,314,15700,-8.10,0,0.6891,0.00507,17.4
DQN_UNIFORM_seed_1_1790609429,DQN_UNIFORM,1,315,15750,-4.50,0,0.6882,0.00493,17.5
DQN_UNIFORM_seed_1_1790609429,DQN_UNIFORM,1,316,15800,-7.50,0,0.6872,0.00430,17.5
DQN_UNIFORM_seed_1_1790609429,DQN_UNIFORM,1,317,15850,-7.50,0,0.6862,0.00371,17.6
DQN_UNIFORM_seed_1_1790609429,DQN_UNIFORM,1,318,15900,-4.50,0,0.6852,0.00347,17.7
DQN_UNIFORM_seed_1_1790609429,DQN_UNIFORM,1,319,15950,-7.50,0,0.6842,0.00305,17.7
DQN_UNIFORM_seed_1_1790609429,DQN_UNIFORM,1,320,16000,-6.30,0,0.6832,0.00445,17.8
DQN_UNIFORM_seed_1_1790609429,DQN_UNIFORM,1,321,16050,-3.90,0,0.6822,0.00929,17.8
DQN_UNIFORM_seed_1_1790609429,DQN_UNIFORM,1,322,16100,-6.30,0,0.6812,0.00865,17.9
DQN_UNIFORM_seed_1_1790609429,DQN_UNIFORM,1,323,16150,-8.10,0,0.6802,0.00592,18.0
DQN_UNIFORM_seed_1_1790609429,DQN_UNIFORM,1,324,16200,-8.10,0,0.6792,0.00763,18.0
DQN_UNIFORM_seed_1_1790609429,DQN_UNIFORM,1,325,16250,-7.50,0,0.6783,0.00528,18.1
DQN_UNIFORM_seed_1_1790609429,DQN_UNIFORM,1,326,16300,-5.70,0,0.6773,0.00367,18.2
DQN_UNIFORM_seed_1_1790609429,DQN_UNIFORM,1,327,16350,-6.90,0,0.6763,0.00348,18.2
DQN_UNIFORM_seed_1_1790609429,DQN_UNIFORM,1,328,16400,-2.10,0,0.6753,0.00378,18.3
DQN_UNIFORM_seed_1_1790609429,DQN_UNIFORM,1,329,16450,-5.70,0,0.6743,0.00630,18.3
DQN_UNIFORM_seed_1_1790609429,DQN_UNIFORM,1,330,16500,-6.30,0,0.6733,0.00510,18.4
DQN_UNIFORM_seed_1_1790609429,DQN_UNIFORM,1,331,16550,-7.50,0,0.6723,0.00455,18.5
DQN_UNIFORM_seed_1_1790609429,DQN_UNIFORM,1,332,16600,-4.50,0,0.6713,0.00467,18.5
DQN_UNIFORM_seed_1_1790609429,DQN_UNIFORM,1,333,16650,-4.50,0,0.6703,0.00326,18.6
DQN_UNIFORM_seed_1_1790609429,DQN_UNIFORM,1,334,16700,2.10,0,0.6693,0.00282,18.7
DQN_UNIFORM_seed_1_1790609429,DQN_UNIFORM,1,335,16750,-1.50,0,0.6683,0.00424,18.7
DQN_UNIFORM_seed_1_1790609429,DQN_UNIFORM,1,336,16800,-8.10,0,0.6674,0.00374,18.8
DQN_UNIFORM_seed_1_1790609429,DQN_UNIFORM,1,337,16850,-7.50,0,0.6664,0.00579,18.8
DQN_UNIFORM_seed_1_1790609429,DQN_UNIFORM,1,338,16900,-7.50,0,0.6654,0.00467,18.9
DQN_UNIFORM_seed_1_1790609429,DQN_UNIFORM,1,339,16950,-6.90,0,0.6644,0.00347,19.0
DQN_UNIFORM_seed_1_1790609429,DQN_UNIFORM,1,340,17000,-5.10,0,0.6634,0.00510,19.0
DQN_UNIFORM_seed_1_1790609429,DQN_UNIFORM,1,341,17050,-5.70,0,0.6624,0.01230,19.1
DQN_UNIFORM_seed_1_1790609429,DQN_UNIFORM,1,342,17100,-7.50,0,0.6614,0.00590,19.2
DQN_UNIFORM_seed_1_1790609429,DQN_UNIFORM,1,343,17150,-6.30,0,0.6604,0.00518,19.2
DQN_UNIFORM_seed_1_1790609429,DQN_UNIFORM,1,344,17200,-6.90,0,0.6594,0.00660,19.3
DQN_UNIFORM_seed_1_1790609429,DQN_UNIFORM,1,345,17250,-6.90,0,0.6584,0.00580,19.3
DQN_UNIFORM_seed_1_1790609429,DQN_UNIFORM,1,346,17300,-6.90,0,0.6575,0.00538,19.4
DQN_UNIFORM_seed_1_1790609429,DQN_UNIFORM,1,347,17350,-6.30,0,0.6565,0.00596,19.5
DQN_UNIFORM_seed_1_1790609429,DQN_UNIFORM,1,348,17400,-8.10,0,0.6555,0.00483,19.5
DQN_UNIFORM_seed_1_1790609429,DQN_UNIFORM,1,349,17450,-6.30,0,0.6545,0.00463,19.6
DQN_UNIFORM_seed_1_1790609429,DQN_UNIFORM,1,350,17500,-8.10,0,0.6535,0.00389,19.7
DQN_UNIFORM_seed_1_1790609429,DQN_UNIFORM,1,351,17550,-4.50,0,0.6525,0.00356,19.7
DQN_UNIFORM_seed_1_1790609429,DQN_UNIFORM,1,352,17600,-2.70,0,0.6515,0.00549,19.8
DQN_UNIFORM_seed_1_1790609429,DQN_UNIFORM,1,353,17650,-0.30,0,0.6505,0.00508,19.9
DQN_UNIFORM_seed_1_1790609429,DQN_UNIFORM,1,354,17700,-6.90,0,0.6495,0.00743,19.9
DQN_UNIFORM_seed_1_1790609429,DQN_UNIFORM,1,355,17750,-6.30,0,0.6485,0.00829,20.0
DQN_UNIFORM_seed_1_1790609429,DQN_UNIFORM,1,356,17800,-3.90,0,0.6476,0.00446,20.0
DQN_UNIFORM_seed_1_1790609429,DQN_UNIFORM,1,357,17850,-5.70,0,0.6466,0.00592,20.1
DQN_UNIFORM_seed_1_1790609429,DQN_UNIFORM,1,358,17900,-5.70,0,0.6456,0.00541,20.2
DQN_UNIFORM_seed_1_1790609429,DQN_UNIFORM,1,359,17950,-3.30,0,0.6446,0.00464,20.2
DQN_UNIFORM_seed_1_1790609429,DQN_UNIFORM,1,360,18000,-5.10,0,0.6436,0.00522,20.3
DQN_UNIFORM_seed_1_1790609429,DQN_UNIFORM,1,361,18050,-5.70,0,0.6426,0.01000,20.4
DQN_UNIFORM_seed_1_1790609429,DQN_UNIFORM,1,362,18100,-6.30,0,0.6416,0.00574,20.4
DQN_UNIFORM_seed_1_1790609429,DQN_UNIFORM,1,363,18150,-4.50,0,0.6406,0.00531,20.5
DQN_UNIFORM_seed_1_1790609429,DQN_UNIFORM,1,364,18200,-5.70,0,0.6396,0.00462,20.5
DQN_UNIFORM_seed_1_1790609429,DQN_UNIFORM,1,365,18250,-5.10,0,0.6386,0.00581,20.6
DQN_UNIFORM_seed_1_1790609429,DQN_UNIFORM,1,366,18300,-6.90,0,0.6377,0.00620,20.7
DQN_UNIFORM_seed_1_1790609429,DQN_UNIFORM,1,367,18350,-5.70,0,0.6367,0.00748,20.7
DQN_UNIFORM_seed_1_1790609429,DQN_UNIFORM,1,368,18400,-7.50,0,0.6357,0.00595,20.8
DQN_UNIFORM_seed_1_1790609429,DQN_UNIFORM,1,369,18450,-0.30,0,0.6347,0.00501,20.9
DQN_UNIFORM_seed_1_1790609429,DQN_UNIFORM,1,370,18500,-6.90,0,0.6337,0.00546,20.9
DQN_UNIFORM_seed_1_1790609429,DQN_UNIFORM,1,371,18550,-0.90,0,0.6327,0.00393,21.0
DQN_UNIFORM_seed_1_1790609429,DQN_UNIFORM,1,372,18600,-5.10,0,0.6317,0.00414,21.0
DQN_UNIFORM_seed_1_1790609429,DQN_UNIFORM,1,373,18650,-7.50,0,0.6307,0.00782,21.1
DQN_UNIFORM_seed_1_1790609429,DQN_UNIFORM,1,374,18700,-2.70,0,0.6297,0.00484,21.2
DQN_UNIFORM_seed_1_1790609429,DQN_UNIFORM,1,375,18750,-2.70,0,0.6288,0.00554,21.2
DQN_UNIFORM_seed_1_1790609429,DQN_UNIFORM,1,376,18800,-5.70,0,0.6278,0.00620,21.3
DQN_UNIFORM_seed_1_1790609429,DQN_UNIFORM,1,377,18850,-7.50,0,0.6268,0.00612,21.4
DQN_UNIFORM_seed_1_1790609429,DQN_UNIFORM,1,378,18900,-6.90,0,0.6258,0.00521,21.4
DQN_UNIFORM_seed_1_1790609429,DQN_UNIFORM,1,379,18950,-7.50,0,0.6248,0.00383,21.5
DQN_UNIFORM_seed_1_1790609429,DQN_UNIFORM,1,380,19000,-6.30,0,0.6238,0.00504,21.6
DQN_UNIFORM_seed_1_1790609429,DQN_UNIFORM,1,381,19050,-6.30,0,0.6228,0.01112,21.6
DQN_UNIFORM_seed_1_1790609429,DQN_UNIFORM,1,382,19100,-0.90,0,0.6218,0.00603,21.7
DQN_UNIFORM_seed_1_1790609429,DQN_UNIFORM,1,383,19150,-6.90,0,0.6208,0.00486,21.7
DQN_UNIFORM_seed_1_1790609429,DQN_UNIFORM,1,384,19200,-4.50,0,0.6198,0.00549,21.8
DQN_UNIFORM_seed_1_1790609429,DQN_UNIFORM,1,385,19250,-3.30,0,0.6189,0.00608,21.9
DQN_UNIFORM_seed_1_1790609429,DQN_UNIFORM,1,386,19300,-7.50,0,0.6179,0.00594,21.9
DQN_UNIFORM_seed_1_1790609429,DQN_UNIFORM,1,387,19350,-3.90,0,0.6169,0.00512,22.0
DQN_UNIFORM_seed_1_1790609429,DQN_UNIFORM,1,388,19400,-6.90,0,0.6159,0.00479,22.1
DQN_UNIFORM_seed_1_1790609429,DQN_UNIFORM,1,389,19450,-6.30,0,0.6149,0.00525,22.1
DQN_UNIFORM_seed_1_1790609429,DQN_UNIFORM,1,390,19500,-6.30,0,0.6139,0.00528,22.2
DQN_UNIFORM_seed_1_1790609429,DQN_UNIFORM,1,391,19550,-6.90,0,0.6129,0.00551,22.3
DQN_UNIFORM_seed_1_1790609429,DQN_UNIFORM,1,392,19600,-1.50,0,0.6119,0.00496,22.3
DQN_UNIFORM_seed_1_1790609429,DQN_UNIFORM,1,393,19650,-6.90,0,0.6109,0.00485,22.4
DQN_UNIFORM_seed_1_1790609429,DQN_UNIFORM,1,394,19700,0.30,0,0.6099,0.00494,22.4
DQN_UNIFORM_seed_1_1790609429,DQN_UNIFORM,1,395,19750,-5.70,0,0.6089,0.00392,22.5
DQN_UNIFORM_seed_1_1790609429,DQN_UNIFORM,1,396,19800,-3.90,0,0.6080,0.00541,22.6
DQN_UNIFORM_seed_1_1790609429,DQN_UNIFORM,1,397,19850,-6.30,0,0.6070,0.00563,22.6
DQN_UNIFORM_seed_1_1790609429,DQN_UNIFORM,1,398,19900,-0.90,0,0.6060,0.00601,22.7
DQN_UNIFORM_seed_1_1790609429,DQN_UNIFORM,1,399,19950,-6.90,0,0.6050,0.00480,22.8
DQN_UNIFORM_seed_1_1790609429,DQN_UNIFORM,1,400,20000,-2.70,0,0.6040,0.00472,22.8
DQN_UNIFORM_seed_1_1790609429,DQN_UNIFORM,1,401,20050,-6.30,0,0.6030,0.00765,23.0
DQN_UNIFORM_seed_1_1790609429,DQN_UNIFORM,1,402,20100,-5.70,0,0.6020,0.00806,23.0
DQN_UNIFORM_seed_1_1790609429,DQN_UNIFORM,1,403,20150,-0.30,0,0.6010,0.00600,23.1
DQN_UNIFORM_seed_1_1790609429,DQN_UNIFORM,1,404,20200,-6.30,0,0.6000,0.00668,23.2
DQN_UNIFORM_seed_1_1790609429,DQN_UNIFORM,1,405,20250,-3.90,0,0.5990,0.00613,23.2
DQN_UNIFORM_seed_1_1790609429,DQN_UNIFORM,1,406,20300,-6.90,0,0.5981,0.00751,23.3
DQN_UNIFORM_seed_1_1790609429,DQN_UNIFORM,1,407,20350,1.50,0,0.5971,0.00511,23.4
DQN_UNIFORM_seed_1_1790609429,DQN_UNIFORM,1,408,20400,-5.70,0,0.5961,0.00526,23.4
DQN_UNIFORM_seed_1_1790609429,DQN_UNIFORM,1,409,20450,-3.90,0,0.5951,0.00436,23.5
DQN_UNIFORM_seed_1_1790609429,DQN_UNIFORM,1,410,20500,-4.50,0,0.5941,0.00679,23.6
DQN_UNIFORM_seed_1_1790609429,DQN_UNIFORM,1,411,20550,-5.70,0,0.5931,0.00541,23.6
DQN_UNIFORM_seed_1_1790609429,DQN_UNIFORM,1,412,20600,-5.10,0,0.5921,0.00556,23.7
DQN_UNIFORM_seed_1_1790609429,DQN_UNIFORM,1,413,20650,-5.10,0,0.5911,0.00680,23.7
DQN_UNIFORM_seed_1_1790609429,DQN_UNIFORM,1,414,20700,-6.30,0,0.5901,0.00734,23.8
DQN_UNIFORM_seed_1_1790609429,DQN_UNIFORM,1,415,20750,-2.70,0,0.5892,0.00851,23.9
DQN_UNIFORM_seed_1_1790609429,DQN_UNIFORM,1,416,20800,-3.90,0,0.5882,0.00700,23.9
DQN_UNIFORM_seed_1_1790609429,DQN_UNIFORM,1,417,20850,-5.70,0,0.5872,0.00455,24.0
DQN_UNIFORM_seed_1_1790609429,DQN_UNIFORM,1,418,20900,1.50,0,0.5862,0.00377,24.1
DQN_UNIFORM_seed_1_1790609429,DQN_UNIFORM,1,419,20950,-4.50,0,0.5852,0.00550,24.1
DQN_UNIFORM_seed_1_1790609429,DQN_UNIFORM,1,420,21000,-4.50,0,0.5842,0.00479,24.2
DQN_UNIFORM_seed_1_1790609429,DQN_UNIFORM,1,421,21050,3.30,0,0.5832,0.00969,24.2
DQN_UNIFORM_seed_1_1790609429,DQN_UNIFORM,1,422,21100,-4.50,0,0.5822,0.00753,24.3
DQN_UNIFORM_seed_1_1790609429,DQN_UNIFORM,1,423,21150,-6.90,0,0.5812,0.00755,24.4
DQN_UNIFORM_seed_1_1790609429,DQN_UNIFORM,1,424,21200,-3.90,0,0.5802,0.01313,24.4
DQN_UNIFORM_seed_1_1790609429,DQN_UNIFORM,1,425,21250,-0.90,0,0.5793,0.00694,24.5
DQN_UNIFORM_seed_1_1790609429,DQN_UNIFORM,1,426,21300,-5.10,0,0.5783,0.00591,24.6
DQN_UNIFORM_seed_1_1790609429,DQN_UNIFORM,1,427,21350,-5.70,0,0.5773,0.00670,24.6
DQN_UNIFORM_seed_1_1790609429,DQN_UNIFORM,1,428,21400,-6.30,0,0.5763,0.01169,24.7
DQN_UNIFORM_seed_1_1790609429,DQN_UNIFORM,1,429,21450,-6.90,0,0.5753,0.00537,24.8
DQN_UNIFORM_seed_1_1790609429,DQN_UNIFORM,1,430,21500,-6.90,0,0.5743,0.00584,24.8
DQN_UNIFORM_seed_1_1790609429,DQN_UNIFORM,1,431,21550,-3.30,0,0.5733,0.00474,24.9
DQN_UNIFORM_seed_1_1790609429,DQN_UNIFORM,1,432,21600,-2.10,0,0.5723,0.00571,24.9
DQN_UNIFORM_seed_1_1790609429,DQN_UNIFORM,1,433,21650,-3.90,0,0.5713,0.00521,25.0
DQN_UNIFORM_seed_1_1790609429,DQN_UNIFORM,1,434,21700,-2.10,0,0.5703,0.00630,25.1
DQN_UNIFORM_seed_1_1790609429,DQN_UNIFORM,1,435,21750,-6.30,0,0.5694,0.00590,25.1
DQN_UNIFORM_seed_1_1790609429,DQN_UNIFORM,1,436,21800,-5.70,0,0.5684,0.00864,25.2
DQN_UNIFORM_seed_1_1790609429,DQN_UNIFORM,1,437,21850,-6.30,0,0.5674,0.00485,25.3
DQN_UNIFORM_seed_1_1790609429,DQN_UNIFORM,1,438,21900,-3.30,0,0.5664,0.00519,25.3
DQN_UNIFORM_seed_1_1790609429,DQN_UNIFORM,1,439,21950,-3.30,0,0.5654,0.00587,25.4
DQN_UNIFORM_seed_1_1790609429,DQN_UNIFORM,1,440,22000,-5.10,0,0.5644,0.00501,25.5
DQN_UNIFORM_seed_1_1790609429,DQN_UNIFORM,1,441,22050,-2.70,0,0.5634,0.01050,25.5
DQN_UNIFORM_seed_1_1790609429,DQN_UNIFORM,1,442,22100,-5.70,0,0.5624,0.00882,25.6
DQN_UNIFORM_seed_1_1790609429,DQN_UNIFORM,1,443,22150,-6.30,0,0.5614,0.01152,25.6
DQN_UNIFORM_seed_1_1790609429,DQN_UNIFORM,1,444,22200,-7.50,0,0.5604,0.01089,25.7
DQN_UNIFORM_seed_1_1790609429,DQN_UNIFORM,1,445,22250,-5.70,0,0.5595,0.01334,25.8
DQN_UNIFORM_seed_1_1790609429,DQN_UNIFORM,1,446,22300,-5.10,0,0.5585,0.01037,25.8
DQN_UNIFORM_seed_1_1790609429,DQN_UNIFORM,1,447,22350,2.10,0,0.5575,0.00570,25.9
DQN_UNIFORM_seed_1_1790609429,DQN_UNIFORM,1,448,22400,-6.30,0,0.5565,0.00650,26.0
DQN_UNIFORM_seed_1_1790609429,DQN_UNIFORM,1,449,22450,-0.30,0,0.5555,0.00816,26.0
DQN_UNIFORM_seed_1_1790609429,DQN_UNIFORM,1,450,22500,-6.90,0,0.5545,0.00646,26.1
DQN_UNIFORM_seed_1_1790609429,DQN_UNIFORM,1,451,22550,-3.30,0,0.5535,0.00566,26.1
DQN_UNIFORM_seed_1_1790609429,DQN_UNIFORM,1,452,22600,2.10,0,0.5525,0.00668,26.2
DQN_UNIFORM_seed_1_1790609429,DQN_UNIFORM,1,453,22650,-7.50,0,0.5515,0.00571,26.3
DQN_UNIFORM_seed_1_1790609429,DQN_UNIFORM,1,454,22700,-8.10,0,0.5505,0.00579,26.3
DQN_UNIFORM_seed_1_1790609429,DQN_UNIFORM,1,455,22750,0.30,0,0.5495,0.00744,26.4
DQN_UNIFORM_seed_1_1790609429,DQN_UNIFORM,1,456,22800,-5.10,0,0.5486,0.00691,26.5
DQN_UNIFORM_seed_1_1790609429,DQN_UNIFORM,1,457,22850,-6.90,0,0.5476,0.00646,26.5
DQN_UNIFORM_seed_1_1790609429,DQN_UNIFORM,1,458,22900,-3.30,0,0.5466,0.00450,26.6
DQN_UNIFORM_seed_1_1790609429,DQN_UNIFORM,1,459,22950,-2.10,0,0.5456,0.00470,26.7
DQN_UNIFORM_seed_1_1790609429,DQN_UNIFORM,1,460,23000,-2.70,0,0.5446,0.01277,26.7
DQN_UNIFORM_seed_1_1790609429,DQN_UNIFORM,1,461,23050,-5.70,0,0.5436,0.01218,26.8
DQN_UNIFORM_seed_1_1790609429,DQN_UNIFORM,1,462,23100,-5.10,0,0.5426,0.01076,26.8
DQN_UNIFORM_seed_1_1790609429,DQN_UNIFORM,1,463,23150,-5.70,0,0.5416,0.01799,26.9
DQN_UNIFORM_seed_1_1790609429,DQN_UNIFORM,1,464,23200,-3.90,0,0.5406,0.01245,27.0
DQN_UNIFORM_seed_1_1790609429,DQN_UNIFORM,1,465,23250,-7.50,0,0.5396,0.00654,27.0
DQN_UNIFORM_seed_1_1790609429,DQN_UNIFORM,1,466,23300,-5.70,0,0.5387,0.00804,27.1
DQN_UNIFORM_seed_1_1790609429,DQN_UNIFORM,1,467,23350,-6.30,0,0.5377,0.00851,27.2
DQN_UNIFORM_seed_1_1790609429,DQN_UNIFORM,1,468,23400,-3.90,0,0.5367,0.00853,27.2
DQN_UNIFORM_seed_1_1790609429,DQN_UNIFORM,1,469,23450,-4.50,0,0.5357,0.00561,27.3
DQN_UNIFORM_seed_1_1790609429,DQN_UNIFORM,1,470,23500,-4.50,0,0.5347,0.00837,27.3
DQN_UNIFORM_seed_1_1790609429,DQN_UNIFORM,1,471,23550,-7.50,0,0.5337,0.01148,27.4
DQN_UNIFORM_seed_1_1790609429,DQN_UNIFORM,1,472,23600,-6.90,0,0.5327,0.00683,27.5
DQN_UNIFORM_seed_1_1790609429,DQN_UNIFORM,1,473,23650,-5.70,0,0.5317,0.00653,27.5
DQN_UNIFORM_seed_1_1790609429,DQN_UNIFORM,1,474,23700,-6.30,0,0.5307,0.01080,27.6
DQN_UNIFORM_seed_1_1790609429,DQN_UNIFORM,1,475,23750,-3.90,0,0.5297,0.00870,27.7
DQN_UNIFORM_seed_1_1790609429,DQN_UNIFORM,1,476,23800,-6.90,0,0.5288,0.00877,27.7
DQN_UNIFORM_seed_1_1790609429,DQN_UNIFORM,1,477,23850,-4.50,0,0.5278,0.00796,27.8
DQN_UNIFORM_seed_1_1790609429,DQN_UNIFORM,1,478,23900,-4.50,0,0.5268,0.01290,27.9
DQN_UNIFORM_seed_1_1790609429,DQN_UNIFORM,1,479,23950,0.30,0,0.5258,0.01019,27.9
DQN_UNIFORM_seed_1_1790609429,DQN_UNIFORM,1,480,24000,0.90,0,0.5248,0.00739,28.0
DQN_UNIFORM_seed_1_1790609429,DQN_UNIFORM,1,481,24050,0.90,0,0.5238,0.00937,28.0
DQN_UNIFORM_seed_1_1790609429,DQN_UNIFORM,1,482,24100,-2.10,0,0.5228,0.01824,28.1
DQN_UNIFORM_seed_1_1790609429,DQN_UNIFORM,1,483,24150,-6.90,0,0.5218,0.00871,28.2
DQN_UNIFORM_seed_1_1790609429,DQN_UNIFORM,1,484,24200,3.90,0,0.5208,0.00820,28.2
DQN_UNIFORM_seed_1_1790609429,DQN_UNIFORM,1,485,24250,-5.10,0,0.5199,0.00730,28.3
DQN_UNIFORM_seed_1_1790609429,DQN_UNIFORM,1,486,24300,3.90,0,0.5189,0.01271,28.4
DQN_UNIFORM_seed_1_1790609429,DQN_UNIFORM,1,487,24350,-3.90,0,0.5179,0.00930,28.4
DQN_UNIFORM_seed_1_1790609429,DQN_UNIFORM,1,488,24400,-0.30,0,0.5169,0.00903,28.5
DQN_UNIFORM_seed_1_1790609429,DQN_UNIFORM,1,489,24450,-5.70,0,0.5159,0.00711,28.6
DQN_UNIFORM_seed_1_1790609429,DQN_UNIFORM,1,490,24500,-5.10,0,0.5149,0.01063,28.6
DQN_UNIFORM_seed_1_1790609429,DQN_UNIFORM,1,491,24550,-3.30,0,0.5139,0.02260,28.7
DQN_UNIFORM_seed_1_1790609429,DQN_UNIFORM,1,492,24600,-4.50,0,0.5129,0.00875,28.7
DQN_UNIFORM_seed_1_1790609429,DQN_UNIFORM,1,493,24650,-1.50,0,0.5119,0.01015,28.8
DQN_UNIFORM_seed_1_1790609429,DQN_UNIFORM,1,494,24700,-5.10,0,0.5109,0.00816,28.9
DQN_UNIFORM_seed_1_1790609429,DQN_UNIFORM,1,495,24750,1.50,0,0.5100,0.02019,28.9
DQN_UNIFORM_seed_1_1790609429,DQN_UNIFORM,1,496,24800,-3.30,0,0.5090,0.00831,29.0
DQN_UNIFORM_seed_1_1790609429,DQN_UNIFORM,1,497,24850,-1.50,0,0.5080,0.01223,29.1
DQN_UNIFORM_seed_1_1790609429,DQN_UNIFORM,1,498,24900,-2.10,0,0.5070,0.01268,29.1
DQN_UNIFORM_seed_1_1790609429,DQN_UNIFORM,1,499,24950,-3.30,0,0.5060,0.01650,29.2
DQN_UNIFORM_seed_1_1790609429,DQN_UNIFORM,1,500,25000,-0.90,0,0.5050,0.00857,29.3
DQN_UNIFORM_seed_1_1790609429,DQN_UNIFORM,1,501,25050,-5.70,0,0.5040,0.01946,29.4
DQN_UNIFORM_seed_1_1790609429,DQN_UNIFORM,1,502,25100,-7.50,0,0.5030,0.01304,29.5
DQN_UNIFORM_seed_1_1790609429,DQN_UNIFORM,1,503,25150,-7.50,0,0.5020,0.02451,29.5
DQN_UNIFORM_seed_1_1790609429,DQN_UNIFORM,1,504,25200,-0.30,0,0.5010,0.01294,29.6
DQN_UNIFORM_seed_1_1790609429,DQN_UNIFORM,1,505,25250,-1.50,0,0.5000,0.00933,29.7
DQN_UNIFORM_seed_1_1790609429,DQN_UNIFORM,1,506,25300,-6.90,0,0.4991,0.00856,29.7
DQN_UNIFORM_seed_1_1790609429,DQN_UNIFORM,1,507,25350,3.90,0,0.4981,0.01174,29.8
DQN_UNIFORM_seed_1_1790609429,DQN_UNIFORM,1,508,25400,-5.10,0,0.4971,0.01078,29.8
DQN_UNIFORM_seed_1_1790609429,DQN_UNIFORM,1,509,25450,-4.50,0,0.4961,0.01418,29.9
DQN_UNIFORM_seed_1_1790609429,DQN_UNIFORM,1,510,25500,-5.70,0,0.4951,0.01977,30.0
DQN_UNIFORM_seed_1_1790609429,DQN_UNIFORM,1,511,25550,-0.30,0,0.4941,0.01529,30.0
DQN_UNIFORM_seed_1_1790609429,DQN_UNIFORM,1,512,25600,-6.90,0,0.4931,0.00974,30.1
DQN_UNIFORM_seed_1_1790609429,DQN_UNIFORM,1,513,25650,-0.90,0,0.4921,0.00868,30.2
DQN_UNIFORM_seed_1_1790609429,DQN_UNIFORM,1,514,25700,-6.90,0,0.4911,0.01966,30.2
DQN_UNIFORM_seed_1_1790609429,DQN_UNIFORM,1,515,25750,-6.30,0,0.4901,0.00982,30.3
DQN_UNIFORM_seed_1_1790609429,DQN_UNIFORM,1,516,25800,3.90,0,0.4892,0.01708,30.4
DQN_UNIFORM_seed_1_1790609429,DQN_UNIFORM,1,517,25850,-3.90,0,0.4882,0.01094,30.4
DQN_UNIFORM_seed_1_1790609429,DQN_UNIFORM,1,518,25900,-5.70,0,0.4872,0.01473,30.5
DQN_UNIFORM_seed_1_1790609429,DQN_UNIFORM,1,519,25950,0.90,0,0.4862,0.01439,30.5
DQN_UNIFORM_seed_1_1790609429,DQN_UNIFORM,1,520,26000,-7.50,0,0.4852,0.01006,30.6
DQN_UNIFORM_seed_1_1790609429,DQN_UNIFORM,1,521,26050,-6.90,0,0.4842,0.01410,30.7
DQN_UNIFORM_seed_1_1790609429,DQN_UNIFORM,1,522,26100,-5.70,0,0.4832,0.01210,30.7
DQN_UNIFORM_seed_1_1790609429,DQN_UNIFORM,1,523,26150,3.90,0,0.4822,0.01027,30.8
DQN_UNIFORM_seed_1_1790609429,DQN_UNIFORM,1,524,26200,-8.10,0,0.4812,0.01174,30.9
DQN_UNIFORM_seed_1_1790609429,DQN_UNIFORM,1,525,26250,-3.90,0,0.4802,0.02428,30.9
DQN_UNIFORM_seed_1_1790609429,DQN_UNIFORM,1,526,26300,-5.10,0,0.4793,0.01899,31.0
DQN_UNIFORM_seed_1_1790609429,DQN_UNIFORM,1,527,26350,-5.10,0,0.4783,0.01183,31.1
DQN_UNIFORM_seed_1_1790609429,DQN_UNIFORM,1,528,26400,-6.30,0,0.4773,0.01054,31.1
DQN_UNIFORM_seed_1_1790609429,DQN_UNIFORM,1,529,26450,-6.30,0,0.4763,0.00626,31.2
DQN_UNIFORM_seed_1_1790609429,DQN_UNIFORM,1,530,26500,-2.70,0,0.4753,0.00503,31.2
DQN_UNIFORM_seed_1_1790609429,DQN_UNIFORM,1,531,26550,-3.30,0,0.4743,0.01127,31.3
DQN_UNIFORM_seed_1_1790609429,DQN_UNIFORM,1,532,26600,-6.90,0,0.4733,0.02472,31.4
DQN_UNIFORM_seed_1_1790609429,DQN_UNIFORM,1,533,26650,-4.50,0,0.4723,0.00986,31.4
DQN_UNIFORM_seed_1_1790609429,DQN_UNIFORM,1,534,26700,-0.30,0,0.4713,0.01387,31.5
DQN_UNIFORM_seed_1_1790609429,DQN_UNIFORM,1,535,26750,-5.10,0,0.4703,0.01889,31.6
DQN_UNIFORM_seed_1_1790609429,DQN_UNIFORM,1,536,26800,-5.10,0,0.4694,0.01136,31.6
DQN_UNIFORM_seed_1_1790609429,DQN_UNIFORM,1,537,26850,-0.30,0,0.4684,0.01589,31.7
DQN_UNIFORM_seed_1_1790609429,DQN_UNIFORM,1,538,26900,-8.10,0,0.4674,0.01577,31.8
DQN_UNIFORM_seed_1_1790609429,DQN_UNIFORM,1,539,26950,-8.70,0,0.4664,0.00784,31.8
DQN_UNIFORM_seed_1_1790609429,DQN_UNIFORM,1,540,27000,-5.10,0,0.4654,0.00844,31.9
DQN_UNIFORM_seed_1_1790609429,DQN_UNIFORM,1,541,27050,-8.10,0,0.4644,0.01798,31.9
DQN_UNIFORM_seed_1_1790609429,DQN_UNIFORM,1,542,27100,0.90,0,0.4634,0.00765,32.0
DQN_UNIFORM_seed_1_1790609429,DQN_UNIFORM,1,543,27150,-7.50,0,0.4624,0.00858,32.1
DQN_UNIFORM_seed_1_1790609429,DQN_UNIFORM,1,544,27200,-2.10,0,0.4614,0.01018,32.1
DQN_UNIFORM_seed_1_1790609429,DQN_UNIFORM,1,545,27250,-0.90,0,0.4604,0.01143,32.2
DQN_UNIFORM_seed_1_1790609429,DQN_UNIFORM,1,546,27300,-6.30,0,0.4595,0.02038,32.3
DQN_UNIFORM_seed_1_1790609429,DQN_UNIFORM,1,547,27350,-3.90,0,0.4585,0.00896,32.3
DQN_UNIFORM_seed_1_1790609429,DQN_UNIFORM,1,548,27400,-3.30,0,0.4575,0.01534,32.4
DQN_UNIFORM_seed_1_1790609429,DQN_UNIFORM,1,549,27450,-6.30,0,0.4565,0.01070,32.5
DQN_UNIFORM_seed_1_1790609429,DQN_UNIFORM,1,550,27500,0.90,0,0.4555,0.00871,32.5
DQN_UNIFORM_seed_1_1790609429,DQN_UNIFORM,1,551,27550,-4.50,0,0.4545,0.01203,32.6
DQN_UNIFORM_seed_1_1790609429,DQN_UNIFORM,1,552,27600,-8.10,0,0.4535,0.02249,32.6
DQN_UNIFORM_seed_1_1790609429,DQN_UNIFORM,1,553,27650,-5.70,0,0.4525,0.00994,32.7
DQN_UNIFORM_seed_1_1790609429,DQN_UNIFORM,1,554,27700,-6.90,0,0.4515,0.01696,32.8
DQN_UNIFORM_seed_1_1790609429,DQN_UNIFORM,1,555,27750,-4.50,0,0.4506,0.01475,32.8
DQN_UNIFORM_seed_1_1790609429,DQN_UNIFORM,1,556,27800,2.70,0,0.4496,0.01470,32.9
DQN_UNIFORM_seed_1_1790609429,DQN_UNIFORM,1,557,27850,-6.90,0,0.4486,0.00786,33.0
DQN_UNIFORM_seed_1_1790609429,DQN_UNIFORM,1,558,27900,-5.70,0,0.4476,0.01143,33.0
DQN_UNIFORM_seed_1_1790609429,DQN_UNIFORM,1,559,27950,-6.30,0,0.4466,0.00837,33.1
DQN_UNIFORM_seed_1_1790609429,DQN_UNIFORM,1,560,28000,-2.70,0,0.4456,0.01294,33.2
DQN_UNIFORM_seed_1_1790609429,DQN_UNIFORM,1,561,28050,-3.90,0,0.4446,0.01280,33.2
DQN_UNIFORM_seed_1_1790609429,DQN_UNIFORM,1,562,28100,-6.30,0,0.4436,0.01732,33.3
DQN_UNIFORM_seed_1_1790609429,DQN_UNIFORM,1,563,28150,-6.90,0,0.4426,0.00776,33.3
DQN_UNIFORM_seed_1_1790609429,DQN_UNIFORM,1,564,28200,-6.30,0,0.4416,0.00740,33.4
DQN_UNIFORM_seed_1_1790609429,DQN_UNIFORM,1,565,28250,-5.10,0,0.4407,0.00842,33.5
DQN_UNIFORM_seed_1_1790609429,DQN_UNIFORM,1,566,28300,-0.30,0,0.4397,0.01092,33.5
DQN_UNIFORM_seed_1_1790609429,DQN_UNIFORM,1,567,28350,-6.30,0,0.4387,0.01596,33.6
DQN_UNIFORM_seed_1_1790609429,DQN_UNIFORM,1,568,28400,-6.90,0,0.4377,0.00879,33.7
DQN_UNIFORM_seed_1_1790609429,DQN_UNIFORM,1,569,28450,-2.70,0,0.4367,0.00778,33.7
DQN_UNIFORM_seed_1_1790609429,DQN_UNIFORM,1,570,28500,-6.30,0,0.4357,0.01196,33.8
DQN_UNIFORM_seed_1_1790609429,DQN_UNIFORM,1,571,28550,-3.90,0,0.4347,0.01112,33.9
DQN_UNIFORM_seed_1_1790609429,DQN_UNIFORM,1,572,28600,-5.70,0,0.4337,0.00977,33.9
DQN_UNIFORM_seed_1_1790609429,DQN_UNIFORM,1,573,28650,-6.90,0,0.4327,0.01260,34.0
DQN_UNIFORM_seed_1_1790609429,DQN_UNIFORM,1,574,28700,-4.50,0,0.4317,0.00972,34.0
DQN_UNIFORM_seed_1_1790609429,DQN_UNIFORM,1,575,28750,-5.10,0,0.4308,0.01281,34.1
DQN_UNIFORM_seed_1_1790609429,DQN_UNIFORM,1,576,28800,-6.30,0,0.4298,0.01333,34.2
DQN_UNIFORM_seed_1_1790609429,DQN_UNIFORM,1,577,28850,-7.50,0,0.4288,0.00806,34.2
DQN_UNIFORM_seed_1_1790609429,DQN_UNIFORM,1,578,28900,-6.30,0,0.4278,0.00809,34.3
DQN_UNIFORM_seed_1_1790609429,DQN_UNIFORM,1,579,28950,-3.90,0,0.4268,0.00894,34.4
DQN_UNIFORM_seed_1_1790609429,DQN_UNIFORM,1,580,29000,-7.50,0,0.4258,0.01084,34.4
DQN_UNIFORM_seed_1_1790609429,DQN_UNIFORM,1,581,29050,-3.30,0,0.4248,0.01746,34.5
DQN_UNIFORM_seed_1_1790609429,DQN_UNIFORM,1,582,29100,-5.70,0,0.4238,0.01132,34.6
DQN_UNIFORM_seed_1_1790609429,DQN_UNIFORM,1,583,29150,-2.70,0,0.4228,0.01074,34.6
DQN_UNIFORM_seed_1_1790609429,DQN_UNIFORM,1,584,29200,-5.10,0,0.4218,0.00886,34.7
DQN_UNIFORM_seed_1_1790609429,DQN_UNIFORM,1,585,29250,-5.70,0,0.4209,0.00916,34.7
DQN_UNIFORM_seed_1_1790609429,DQN_UNIFORM,1,586,29300,-4.50,0,0.4199,0.00890,34.8
DQN_UNIFORM_seed_1_1790609429,DQN_UNIFORM,1,587,29350,-2.10,0,0.4189,0.01188,34.9
DQN_UNIFORM_seed_1_1790609429,DQN_UNIFORM,1,588,29400,-6.90,0,0.4179,0.00812,34.9
DQN_UNIFORM_seed_1_1790609429,DQN_UNIFORM,1,589,29450,-5.10,0,0.4169,0.00819,35.0
DQN_UNIFORM_seed_1_1790609429,DQN_UNIFORM,1,590,29500,-3.30,0,0.4159,0.02266,35.1
DQN_UNIFORM_seed_1_1790609429,DQN_UNIFORM,1,591,29550,-4.50,0,0.4149,0.02793,35.1
DQN_UNIFORM_seed_1_1790609429,DQN_UNIFORM,1,592,29600,3.90,0,0.4139,0.02853,35.2
DQN_UNIFORM_seed_1_1790609429,DQN_UNIFORM,1,593,29650,-5.70,0,0.4129,0.01463,35.3
DQN_UNIFORM_seed_1_1790609429,DQN_UNIFORM,1,594,29700,3.90,0,0.4119,0.00890,35.3
DQN_UNIFORM_seed_1_1790609429,DQN_UNIFORM,1,595,29750,-4.50,0,0.4110,0.00974,35.4
DQN_UNIFORM_seed_1_1790609429,DQN_UNIFORM,1,596,29800,-2.10,0,0.4100,0.00724,35.4
DQN_UNIFORM_seed_1_1790609429,DQN_UNIFORM,1,597,29850,-2.70,0,0.4090,0.00636,35.5
DQN_UNIFORM_seed_1_1790609429,DQN_UNIFORM,1,598,29900,-3.30,0,0.4080,0.00666,35.6
DQN_UNIFORM_seed_1_1790609429,DQN_UNIFORM,1,599,29950,-3.90,0,0.4070,0.01159,35.6
DQN_UNIFORM_seed_1_1790609429,DQN_UNIFORM,1,600,30000,-5.70,0,0.4060,0.01078,35.7
DQN_UNIFORM_seed_1_1790609429,DQN_UNIFORM,1,601,30050,3.90,0,0.4050,0.01669,35.9
DQN_UNIFORM_seed_1_1790609429,DQN_UNIFORM,1,602,30100,-5.70,0,0.4040,0.01974,35.9
DQN_UNIFORM_seed_1_1790609429,DQN_UNIFORM,1,603,30150,-5.70,0,0.4030,0.01589,36.0
DQN_UNIFORM_seed_1_1790609429,DQN_UNIFORM,1,604,30200,-3.30,0,0.4020,0.01155,36.0
DQN_UNIFORM_seed_1_1790609429,DQN_UNIFORM,1,605,30250,-3.30,0,0.4011,0.01712,36.1
DQN_UNIFORM_seed_1_1790609429,DQN_UNIFORM,1,606,30300,-6.30,0,0.4001,0.01660,36.2
DQN_UNIFORM_seed_1_1790609429,DQN_UNIFORM,1,607,30350,2.10,0,0.3991,0.01466,36.2
DQN_UNIFORM_seed_1_1790609429,DQN_UNIFORM,1,608,30400,1.50,0,0.3981,0.01650,36.3
DQN_UNIFORM_seed_1_1790609429,DQN_UNIFORM,1,609,30450,-6.90,0,0.3971,0.00956,36.4
DQN_UNIFORM_seed_1_1790609429,DQN_UNIFORM,1,610,30500,-2.70,0,0.3961,0.01524,36.4
DQN_UNIFORM_seed_1_1790609429,DQN_UNIFORM,1,611,30550,0.30,0,0.3951,0.01142,36.5
DQN_UNIFORM_seed_1_1790609429,DQN_UNIFORM,1,612,30600,-3.30,0,0.3941,0.00856,36.6
DQN_UNIFORM_seed_1_1790609429,DQN_UNIFORM,1,613,30650,3.30,0,0.3931,0.00801,36.6
DQN_UNIFORM_seed_1_1790609429,DQN_UNIFORM,1,614,30700,3.30,0,0.3921,0.01720,36.7
DQN_UNIFORM_seed_1_1790609429,DQN_UNIFORM,1,615,30750,-3.30,0,0.3911,0.01616,36.8
DQN_UNIFORM_seed_1_1790609429,DQN_UNIFORM,1,616,30800,-4.50,0,0.3902,0.01247,36.8
DQN_UNIFORM_seed_1_1790609429,DQN_UNIFORM,1,617,30850,-5.10,0,0.3892,0.00986,36.9
DQN_UNIFORM_seed_1_1790609429,DQN_UNIFORM,1,618,30900,-6.30,0,0.3882,0.01689,36.9
DQN_UNIFORM_seed_1_1790609429,DQN_UNIFORM,1,619,30950,-5.70,0,0.3872,0.00729,37.0
DQN_UNIFORM_seed_1_1790609429,DQN_UNIFORM,1,620,31000,-0.90,0,0.3862,0.01566,37.1
DQN_UNIFORM_seed_1_1790609429,DQN_UNIFORM,1,621,31050,-7.50,0,0.3852,0.01800,37.1
DQN_UNIFORM_seed_1_1790609429,DQN_UNIFORM,1,622,31100,-6.30,0,0.3842,0.02076,37.2
DQN_UNIFORM_seed_1_1790609429,DQN_UNIFORM,1,623,31150,-6.90,0,0.3832,0.03166,37.3
DQN_UNIFORM_seed_1_1790609429,DQN_UNIFORM,1,624,31200,2.10,0,0.3822,0.01247,37.3
DQN_UNIFORM_seed_1_1790609429,DQN_UNIFORM,1,625,31250,-6.30,0,0.3812,0.00951,37.4
DQN_UNIFORM_seed_1_1790609429,DQN_UNIFORM,1,626,31300,-6.30,0,0.3803,0.01196,37.5
DQN_UNIFORM_seed_1_1790609429,DQN_UNIFORM,1,627,31350,0.30,0,0.3793,0.01956,37.5
DQN_UNIFORM_seed_1_1790609429,DQN_UNIFORM,1,628,31400,-2.10,0,0.3783,0.01168,37.6
DQN_UNIFORM_seed_1_1790609429,DQN_UNIFORM,1,629,31450,-7.50,0,0.3773,0.01634,37.6
DQN_UNIFORM_seed_1_1790609429,DQN_UNIFORM,1,630,31500,1.50,0,0.3763,0.01287,37.7
DQN_UNIFORM_seed_1_1790609429,DQN_UNIFORM,1,631,31550,0.30,0,0.3753,0.00840,37.8
DQN_UNIFORM_seed_1_1790609429,DQN_UNIFORM,1,632,31600,-1.50,0,0.3743,0.01215,37.8
DQN_UNIFORM_seed_1_1790609429,DQN_UNIFORM,1,633,31650,-6.30,0,0.3733,0.01209,37.9
DQN_UNIFORM_seed_1_1790609429,DQN_UNIFORM,1,634,31700,-5.10,0,0.3723,0.01566,38.0
DQN_UNIFORM_seed_1_1790609429,DQN_UNIFORM,1,635,31750,-6.90,0,0.3713,0.01046,38.0
DQN_UNIFORM_seed_1_1790609429,DQN_UNIFORM,1,636,31800,-3.30,0,0.3704,0.01053,38.1
DQN_UNIFORM_seed_1_1790609429,DQN_UNIFORM,1,637,31850,-1.50,0,0.3694,0.00822,38.2
DQN_UNIFORM_seed_1_1790609429,DQN_UNIFORM,1,638,31900,-5.10,0,0.3684,0.01748,38.2
DQN_UNIFORM_seed_1_1790609429,DQN_UNIFORM,1,639,31950,-8.10,0,0.3674,0.01000,38.3
DQN_UNIFORM_seed_1_1790609429,DQN_UNIFORM,1,640,32000,0.90,0,0.3664,0.02009,38.3
DQN_UNIFORM_seed_1_1790609429,DQN_UNIFORM,1,641,32050,-3.30,0,0.3654,0.01901,38.4
DQN_UNIFORM_seed_1_1790609429,DQN_UNIFORM,1,642,32100,-5.70,0,0.3644,0.01298,38.5
DQN_UNIFORM_seed_1_1790609429,DQN_UNIFORM,1,643,32150,3.90,0,0.3634,0.01924,38.5
DQN_UNIFORM_seed_1_1790609429,DQN_UNIFORM,1,644,32200,3.90,0,0.3624,0.01344,38.6
DQN_UNIFORM_seed_1_1790609429,DQN_UNIFORM,1,645,32250,-1.50,0,0.3614,0.00987,38.7
DQN_UNIFORM_seed_1_1790609429,DQN_UNIFORM,1,646,32300,-3.30,0,0.3605,0.01346,38.7
DQN_UNIFORM_seed_1_1790609429,DQN_UNIFORM,1,647,32350,-5.10,0,0.3595,0.01184,38.8
DQN_UNIFORM_seed_1_1790609429,DQN_UNIFORM,1,648,32400,-5.70,0,0.3585,0.01228,38.9
DQN_UNIFORM_seed_1_1790609429,DQN_UNIFORM,1,649,32450,3.90,0,0.3575,0.01205,38.9
DQN_UNIFORM_seed_1_1790609429,DQN_UNIFORM,1,650,32500,-6.90,0,0.3565,0.01171,39.0
DQN_UNIFORM_seed_1_1790609429,DQN_UNIFORM,1,651,32550,-3.90,0,0.3555,0.02587,39.1
DQN_UNIFORM_seed_1_1790609429,DQN_UNIFORM,1,652,32600,-5.70,0,0.3545,0.01471,39.1
DQN_UNIFORM_seed_1_1790609429,DQN_UNIFORM,1,653,32650,-3.90,0,0.3535,0.01473,39.2
DQN_UNIFORM_seed_1_1790609429,DQN_UNIFORM,1,654,32700,3.90,0,0.3525,0.01105,39.2
DQN_UNIFORM_seed_1_1790609429,DQN_UNIFORM,1,655,32750,-6.90,0,0.3516,0.01146,39.3
DQN_UNIFORM_seed_1_1790609429,DQN_UNIFORM,1,656,32800,-7.50,0,0.3506,0.02697,39.4
DQN_UNIFORM_seed_1_1790609429,DQN_UNIFORM,1,657,32850,-2.70,0,0.3496,0.02660,39.4
DQN_UNIFORM_seed_1_1790609429,DQN_UNIFORM,1,658,32900,0.90,0,0.3486,0.01078,39.5
DQN_UNIFORM_seed_1_1790609429,DQN_UNIFORM,1,659,32950,-5.10,0,0.3476,0.02132,39.6
DQN_UNIFORM_seed_1_1790609429,DQN_UNIFORM,1,660,33000,-2.70,0,0.3466,0.01248,39.6
DQN_UNIFORM_seed_1_1790609429,DQN_UNIFORM,1,661,33050,-2.70,0,0.3456,0.02506,39.7
DQN_UNIFORM_seed_1_1790609429,DQN_UNIFORM,1,662,33100,-3.30,0,0.3446,0.01917,39.8
DQN_UNIFORM_seed_1_1790609429,DQN_UNIFORM,1,663,33150,-5.10,0,0.3436,0.01788,39.8
DQN_UNIFORM_seed_1_1790609429,DQN_UNIFORM,1,664,33200,-7.50,0,0.3426,0.02141,39.9
DQN_UNIFORM_seed_1_1790609429,DQN_UNIFORM,1,665,33250,-7.50,0,0.3417,0.03284,40.0
DQN_UNIFORM_seed_1_1790609429,DQN_UNIFORM,1,666,33300,-4.50,0,0.3407,0.02253,40.0
DQN_UNIFORM_seed_1_1790609429,DQN_UNIFORM,1,667,33350,-2.10,0,0.3397,0.01629,40.1
DQN_UNIFORM_seed_1_1790609429,DQN_UNIFORM,1,668,33400,3.90,0,0.3387,0.01333,40.1
DQN_UNIFORM_seed_1_1790609429,DQN_UNIFORM,1,669,33450,-1.50,0,0.3377,0.01049,40.2
DQN_UNIFORM_seed_1_1790609429,DQN_UNIFORM,1,670,33500,-4.50,0,0.3367,0.01202,40.3
DQN_UNIFORM_seed_1_1790609429,DQN_UNIFORM,1,671,33550,-0.30,0,0.3357,0.02323,40.3
DQN_UNIFORM_seed_1_1790609429,DQN_UNIFORM,1,672,33600,2.70,0,0.3347,0.01459,40.4
DQN_UNIFORM_seed_1_1790609429,DQN_UNIFORM,1,673,33650,-0.30,0,0.3337,0.02366,40.5
DQN_UNIFORM_seed_1_1790609429,DQN_UNIFORM,1,674,33700,-2.70,0,0.3327,0.02633,40.5
DQN_UNIFORM_seed_1_1790609429,DQN_UNIFORM,1,675,33750,-1.50,0,0.3317,0.01290,40.6
DQN_UNIFORM_seed_1_1790609429,DQN_UNIFORM,1,676,33800,-5.10,0,0.3308,0.03011,40.7
DQN_UNIFORM_seed_1_1790609429,DQN_UNIFORM,1,677,33850,3.90,0,0.3298,0.02488,40.7
DQN_UNIFORM_seed_1_1790609429,DQN_UNIFORM,1,678,33900,-3.30,0,0.3288,0.01080,40.8
DQN_UNIFORM_seed_1_1790609429,DQN_UNIFORM,1,679,33950,0.90,0,0.3278,0.01899,40.9
DQN_UNIFORM_seed_1_1790609429,DQN_UNIFORM,1,680,34000,2.70,0,0.3268,0.01201,40.9
DQN_UNIFORM_seed_1_1790609429,DQN_UNIFORM,1,681,34050,-3.30,0,0.3258,0.03924,41.0
DQN_UNIFORM_seed_1_1790609429,DQN_UNIFORM,1,682,34100,-8.10,0,0.3248,0.01677,41.0
DQN_UNIFORM_seed_1_1790609429,DQN_UNIFORM,1,683,34150,3.90,0,0.3238,0.01087,41.1
DQN_UNIFORM_seed_1_1790609429,DQN_UNIFORM,1,684,34200,-3.30,0,0.3228,0.02911,41.2
DQN_UNIFORM_seed_1_1790609429,DQN_UNIFORM,1,685,34250,-3.30,0,0.3218,0.02166,41.2
DQN_UNIFORM_seed_1_1790609429,DQN_UNIFORM,1,686,34300,3.90,0,0.3209,0.01284,41.3
DQN_UNIFORM_seed_1_1790609429,DQN_UNIFORM,1,687,34350,-0.30,0,0.3199,0.01640,41.4
DQN_UNIFORM_seed_1_1790609429,DQN_UNIFORM,1,688,34400,-7.50,0,0.3189,0.04351,41.4
DQN_UNIFORM_seed_1_1790609429,DQN_UNIFORM,1,689,34450,-4.50,0,0.3179,0.01796,41.5
DQN_UNIFORM_seed_1_1790609429,DQN_UNIFORM,1,690,34500,2.10,0,0.3169,0.01361,41.6
DQN_UNIFORM_seed_1_1790609429,DQN_UNIFORM,1,691,34550,-0.90,0,0.3159,0.02052,41.6
DQN_UNIFORM_seed_1_1790609429,DQN_UNIFORM,1,692,34600,3.90,0,0.3149,0.01246,41.7
DQN_UNIFORM_seed_1_1790609429,DQN_UNIFORM,1,693,34650,0.30,0,0.3139,0.04181,41.8
DQN_UNIFORM_seed_1_1790609429,DQN_UNIFORM,1,694,34700,-0.90,0,0.3129,0.02049,41.8
DQN_UNIFORM_seed_1_1790609429,DQN_UNIFORM,1,695,34750,2.10,0,0.3120,0.01011,41.9
DQN_UNIFORM_seed_1_1790609429,DQN_UNIFORM,1,696,34800,-6.30,0,0.3110,0.01137,41.9
DQN_UNIFORM_seed_1_1790609429,DQN_UNIFORM,1,697,34850,3.90,0,0.3100,0.02308,42.0
DQN_UNIFORM_seed_1_1790609429,DQN_UNIFORM,1,698,34900,0.30,0,0.3090,0.02126,42.1
DQN_UNIFORM_seed_1_1790609429,DQN_UNIFORM,1,699,34950,-3.30,0,0.3080,0.02467,42.1
DQN_UNIFORM_seed_1_1790609429,DQN_UNIFORM,1,700,35000,3.90,0,0.3070,0.01097,42.2
DQN_UNIFORM_seed_1_1790609429,DQN_UNIFORM,1,701,35050,-2.70,0,0.3060,0.02045,42.4
DQN_UNIFORM_seed_1_1790609429,DQN_UNIFORM,1,702,35100,-4.50,0,0.3050,0.01040,42.4
DQN_UNIFORM_seed_1_1790609429,DQN_UNIFORM,1,703,35150,-2.10,0,0.3040,0.02453,42.5
DQN_UNIFORM_seed_1_1790609429,DQN_UNIFORM,1,704,35200,-2.70,0,0.3030,0.01595,42.5
DQN_UNIFORM_seed_1_1790609429,DQN_UNIFORM,1,705,35250,-3.30,0,0.3021,0.01650,42.6
DQN_UNIFORM_seed_1_1790609429,DQN_UNIFORM,1,706,35300,-2.10,0,0.3011,0.01550,42.7
DQN_UNIFORM_seed_1_1790609429,DQN_UNIFORM,1,707,35350,-5.10,0,0.3001,0.01000,42.7
DQN_UNIFORM_seed_1_1790609429,DQN_UNIFORM,1,708,35400,-1.50,0,0.2991,0.01918,42.8
DQN_UNIFORM_seed_1_1790609429,DQN_UNIFORM,1,709,35450,1.50,0,0.2981,0.02096,42.9
DQN_UNIFORM_seed_1_1790609429,DQN_UNIFORM,1,710,35500,3.90,0,0.2971,0.02849,42.9
DQN_UNIFORM_seed_1_1790609429,DQN_UNIFORM,1,711,35550,-2.10,0,0.2961,0.01292,43.0
DQN_UNIFORM_seed_1_1790609429,DQN_UNIFORM,1,712,35600,-2.10,0,0.2951,0.01647,43.1
DQN_UNIFORM_seed_1_1790609429,DQN_UNIFORM,1,713,35650,-6.90,0,0.2941,0.02335,43.1
DQN_UNIFORM_seed_1_1790609429,DQN_UNIFORM,1,714,35700,-3.90,0,0.2931,0.00784,43.2
DQN_UNIFORM_seed_1_1790609429,DQN_UNIFORM,1,715,35750,-0.90,0,0.2922,0.01376,43.3
DQN_UNIFORM_seed_1_1790609429,DQN_UNIFORM,1,716,35800,2.70,0,0.2912,0.02200,43.3
DQN_UNIFORM_seed_1_1790609429,DQN_UNIFORM,1,717,35850,-2.10,0,0.2902,0.00942,43.4
DQN_UNIFORM_seed_1_1790609429,DQN_UNIFORM,1,718,35900,-0.30,0,0.2892,0.01127,43.4
DQN_UNIFORM_seed_1_1790609429,DQN_UNIFORM,1,719,35950,-6.90,0,0.2882,0.01837,43.5
DQN_UNIFORM_seed_1_1790609429,DQN_UNIFORM,1,720,36000,3.90,0,0.2872,0.02120,43.6
DQN_UNIFORM_seed_1_1790609429,DQN_UNIFORM,1,721,36050,3.90,0,0.2862,0.04360,43.6
DQN_UNIFORM_seed_1_1790609429,DQN_UNIFORM,1,722,36100,3.90,0,0.2852,0.02740,43.7
DQN_UNIFORM_seed_1_1790609429,DQN_UNIFORM,1,723,36150,-1.50,0,0.2842,0.01109,43.8
DQN_UNIFORM_seed_1_1790609429,DQN_UNIFORM,1,724,36200,3.90,0,0.2832,0.02157,43.8
DQN_UNIFORM_seed_1_1790609429,DQN_UNIFORM,1,725,36250,3.90,0,0.2823,0.01990,43.9
DQN_UNIFORM_seed_1_1790609429,DQN_UNIFORM,1,726,36300,-4.50,0,0.2813,0.01499,44.0
DQN_UNIFORM_seed_1_1790609429,DQN_UNIFORM,1,727,36350,-0.30,0,0.2803,0.01366,44.0
DQN_UNIFORM_seed_1_1790609429,DQN_UNIFORM,1,728,36400,-0.90,0,0.2793,0.01895,44.1
DQN_UNIFORM_seed_1_1790609429,DQN_UNIFORM,1,729,36450,3.90,0,0.2783,0.02064,44.1
DQN_UNIFORM_seed_1_1790609429,DQN_UNIFORM,1,730,36500,-6.30,0,0.2773,0.01137,44.2
DQN_UNIFORM_seed_1_1790609429,DQN_UNIFORM,1,731,36550,-6.30,0,0.2763,0.01015,44.3
DQN_UNIFORM_seed_1_1790609429,DQN_UNIFORM,1,732,36600,3.90,0,0.2753,0.00884,44.3
DQN_UNIFORM_seed_1_1790609429,DQN_UNIFORM,1,733,36650,-4.50,0,0.2743,0.01887,44.4
DQN_UNIFORM_seed_1_1790609429,DQN_UNIFORM,1,734,36700,-0.90,0,0.2733,0.01044,44.5
DQN_UNIFORM_seed_1_1790609429,DQN_UNIFORM,1,735,36750,2.70,0,0.2723,0.01211,44.5
DQN_UNIFORM_seed_1_1790609429,DQN_UNIFORM,1,736,36800,0.90,0,0.2714,0.02070,44.6
DQN_UNIFORM_seed_1_1790609429,DQN_UNIFORM,1,737,36850,-0.90,0,0.2704,0.02752,44.7
DQN_UNIFORM_seed_1_1790609429,DQN_UNIFORM,1,738,36900,-5.70,0,0.2694,0.02233,44.7
DQN_UNIFORM_seed_1_1790609429,DQN_UNIFORM,1,739,36950,2.70,0,0.2684,0.03545,44.8
DQN_UNIFORM_seed_1_1790609429,DQN_UNIFORM,1,740,37000,0.90,0,0.2674,0.01382,44.9
DQN_UNIFORM_seed_1_1790609429,DQN_UNIFORM,1,741,37050,1.50,0,0.2664,0.02804,45.0
DQN_UNIFORM_seed_1_1790609429,DQN_UNIFORM,1,742,37100,-1.50,0,0.2654,0.01543,45.0
DQN_UNIFORM_seed_1_1790609429,DQN_UNIFORM,1,743,37150,-3.90,0,0.2644,0.00949,45.1
DQN_UNIFORM_seed_1_1790609429,DQN_UNIFORM,1,744,37200,-5.10,0,0.2634,0.02056,45.1
DQN_UNIFORM_seed_1_1790609429,DQN_UNIFORM,1,745,37250,-1.50,0,0.2624,0.02951,45.2
DQN_UNIFORM_seed_1_1790609429,DQN_UNIFORM,1,746,37300,3.90,0,0.2615,0.01734,45.3
DQN_UNIFORM_seed_1_1790609429,DQN_UNIFORM,1,747,37350,-3.90,0,0.2605,0.01712,45.3
DQN_UNIFORM_seed_1_1790609429,DQN_UNIFORM,1,748,37400,0.30,0,0.2595,0.00893,45.4
DQN_UNIFORM_seed_1_1790609429,DQN_UNIFORM,1,749,37450,0.30,0,0.2585,0.01191,45.5
DQN_UNIFORM_seed_1_1790609429,DQN_UNIFORM,1,750,37500,-3.30,0,0.2575,0.01293,45.5
DQN_UNIFORM_seed_1_1790609429,DQN_UNIFORM,1,751,37550,-1.50,0,0.2565,0.01028,45.6
DQN_UNIFORM_seed_1_1790609429,DQN_UNIFORM,1,752,37600,1.50,0,0.2555,0.04090,45.7
DQN_UNIFORM_seed_1_1790609429,DQN_UNIFORM,1,753,37650,-5.70,0,0.2545,0.02051,45.7
DQN_UNIFORM_seed_1_1790609429,DQN_UNIFORM,1,754,37700,3.30,0,0.2535,0.01277,45.8
DQN_UNIFORM_seed_1_1790609429,DQN_UNIFORM,1,755,37750,0.90,0,0.2526,0.01119,45.9
DQN_UNIFORM_seed_1_1790609429,DQN_UNIFORM,1,756,37800,-3.90,0,0.2516,0.02697,45.9
DQN_UNIFORM_seed_1_1790609429,DQN_UNIFORM,1,757,37850,2.70,0,0.2506,0.00929,46.0
DQN_UNIFORM_seed_1_1790609429,DQN_UNIFORM,1,758,37900,-6.30,0,0.2496,0.01231,46.1
DQN_UNIFORM_seed_1_1790609429,DQN_UNIFORM,1,759,37950,2.70,0,0.2486,0.01455,46.1
DQN_UNIFORM_seed_1_1790609429,DQN_UNIFORM,1,760,38000,3.90,0,0.2476,0.02142,46.2
DQN_UNIFORM_seed_1_1790609429,DQN_UNIFORM,1,761,38050,2.70,0,0.2466,0.01497,46.3
DQN_UNIFORM_seed_1_1790609429,DQN_UNIFORM,1,762,38100,-3.90,0,0.2456,0.01780,46.3
DQN_UNIFORM_seed_1_1790609429,DQN_UNIFORM,1,763,38150,-5.70,0,0.2446,0.01750,46.4
DQN_UNIFORM_seed_1_1790609429,DQN_UNIFORM,1,764,38200,-0.30,0,0.2436,0.01111,46.5
DQN_UNIFORM_seed_1_1790609429,DQN_UNIFORM,1,765,38250,-2.10,0,0.2427,0.01975,46.5
DQN_UNIFORM_seed_1_1790609429,DQN_UNIFORM,1,766,38300,-0.30,0,0.2417,0.02847,46.6
DQN_UNIFORM_seed_1_1790609429,DQN_UNIFORM,1,767,38350,-4.50,0,0.2407,0.01692,46.6
DQN_UNIFORM_seed_1_1790609429,DQN_UNIFORM,1,768,38400,-7.50,0,0.2397,0.01623,46.7
DQN_UNIFORM_seed_1_1790609429,DQN_UNIFORM,1,769,38450,-5.10,0,0.2387,0.01153,46.8
DQN_UNIFORM_seed_1_1790609429,DQN_UNIFORM,1,770,38500,3.90,0,0.2377,0.01292,46.8
DQN_UNIFORM_seed_1_1790609429,DQN_UNIFORM,1,771,38550,-5.10,0,0.2367,0.01930,46.9
DQN_UNIFORM_seed_1_1790609429,DQN_UNIFORM,1,772,38600,3.30,0,0.2357,0.02987,47.0
DQN_UNIFORM_seed_1_1790609429,DQN_UNIFORM,1,773,38650,-3.30,0,0.2347,0.02249,47.0
DQN_UNIFORM_seed_1_1790609429,DQN_UNIFORM,1,774,38700,-6.90,0,0.2337,0.02449,47.1
DQN_UNIFORM_seed_1_1790609429,DQN_UNIFORM,1,775,38750,3.90,0,0.2328,0.01993,47.2
DQN_UNIFORM_seed_1_1790609429,DQN_UNIFORM,1,776,38800,3.90,0,0.2318,0.01400,47.2
DQN_UNIFORM_seed_1_1790609429,DQN_UNIFORM,1,777,38850,-4.50,0,0.2308,0.01173,47.3
DQN_UNIFORM_seed_1_1790609429,DQN_UNIFORM,1,778,38900,0.30,0,0.2298,0.01685,47.4
DQN_UNIFORM_seed_1_1790609429,DQN_UNIFORM,1,779,38950,-1.50,0,0.2288,0.01219,47.4
DQN_UNIFORM_seed_1_1790609429,DQN_UNIFORM,1,780,39000,3.90,0,0.2278,0.01084,47.5
DQN_UNIFORM_seed_1_1790609429,DQN_UNIFORM,1,781,39050,-0.30,0,0.2268,0.01972,47.6
DQN_UNIFORM_seed_1_1790609429,DQN_UNIFORM,1,782,39100,3.90,0,0.2258,0.02158,47.6
DQN_UNIFORM_seed_1_1790609429,DQN_UNIFORM,1,783,39150,-6.90,0,0.2248,0.01730,47.7
DQN_UNIFORM_seed_1_1790609429,DQN_UNIFORM,1,784,39200,-2.70,0,0.2238,0.02258,47.8
DQN_UNIFORM_seed_1_1790609429,DQN_UNIFORM,1,785,39250,3.90,0,0.2228,0.02387,47.8
DQN_UNIFORM_seed_1_1790609429,DQN_UNIFORM,1,786,39300,-6.90,0,0.2219,0.01264,47.9
DQN_UNIFORM_seed_1_1790609429,DQN_UNIFORM,1,787,39350,3.90,0,0.2209,0.01420,47.9
DQN_UNIFORM_seed_1_1790609429,DQN_UNIFORM,1,788,39400,-5.70,0,0.2199,0.02160,48.0
DQN_UNIFORM_seed_1_1790609429,DQN_UNIFORM,1,789,39450,-6.30,0,0.2189,0.01282,48.1
DQN_UNIFORM_seed_1_1790609429,DQN_UNIFORM,1,790,39500,-5.70,0,0.2179,0.01094,48.1
DQN_UNIFORM_seed_1_1790609429,DQN_UNIFORM,1,791,39550,3.90,0,0.2169,0.02344,48.2
DQN_UNIFORM_seed_1_1790609429,DQN_UNIFORM,1,792,39600,2.70,0,0.2159,0.02387,48.3
DQN_UNIFORM_seed_1_1790609429,DQN_UNIFORM,1,793,39650,3.90,0,0.2149,0.01225,48.3
DQN_UNIFORM_seed_1_1790609429,DQN_UNIFORM,1,794,39700,-6.90,0,0.2139,0.01497,48.4
DQN_UNIFORM_seed_1_1790609429,DQN_UNIFORM,1,795,39750,-5.10,0,0.2129,0.03452,48.5
DQN_UNIFORM_seed_1_1790609429,DQN_UNIFORM,1,796,39800,2.70,0,0.2120,0.01110,48.5
DQN_UNIFORM_seed_1_1790609429,DQN_UNIFORM,1,797,39850,-7.50,0,0.2110,0.01081,48.6
DQN_UNIFORM_seed_1_1790609429,DQN_UNIFORM,1,798,39900,-5.70,0,0.2100,0.01687,48.7
DQN_UNIFORM_seed_1_1790609429,DQN_UNIFORM,1,799,39950,-5.10,0,0.2090,0.01452,48.7
DQN_UNIFORM_seed_1_1790609429,DQN_UNIFORM,1,800,40000,3.90,0,0.2080,0.02439,48.8
DQN_UNIFORM_seed_1_1790609429,DQN_UNIFORM,1,801,40050,-5.10,0,0.2070,0.02710,49.0
DQN_UNIFORM_seed_1_1790609429,DQN_UNIFORM,1,802,40100,3.90,0,0.2060,0.03041,49.0
DQN_UNIFORM_seed_1_1790609429,DQN_UNIFORM,1,803,40150,0.30,0,0.2050,0.01219,49.1
DQN_UNIFORM_seed_1_1790609429,DQN_UNIFORM,1,804,40200,3.90,0,0.2040,0.02250,49.1
DQN_UNIFORM_seed_1_1790609429,DQN_UNIFORM,1,805,40250,-5.70,0,0.2030,0.02047,49.2
DQN_UNIFORM_seed_1_1790609429,DQN_UNIFORM,1,806,40300,3.90,0,0.2021,0.03646,49.3
DQN_UNIFORM_seed_1_1790609429,DQN_UNIFORM,1,807,40350,-6.30,0,0.2011,0.01922,49.3
DQN_UNIFORM_seed_1_1790609429,DQN_UNIFORM,1,808,40400,-0.90,0,0.2001,0.02526,49.4
DQN_UNIFORM_seed_1_1790609429,DQN_UNIFORM,1,809,40450,3.90,0,0.1991,0.02173,49.5
DQN_UNIFORM_seed_1_1790609429,DQN_UNIFORM,1,810,40500,-2.10,0,0.1981,0.01069,49.5
DQN_UNIFORM_seed_1_1790609429,DQN_UNIFORM,1,811,40550,-2.10,0,0.1971,0.01379,49.6
DQN_UNIFORM_seed_1_1790609429,DQN_UNIFORM,1,812,40600,-3.90,0,0.1961,0.01406,49.7
DQN_UNIFORM_seed_1_1790609429,DQN_UNIFORM,1,813,40650,-0.90,0,0.1951,0.01409,49.7
DQN_UNIFORM_seed_1_1790609429,DQN_UNIFORM,1,814,40700,3.90,0,0.1941,0.01300,49.8
DQN_UNIFORM_seed_1_1790609429,DQN_UNIFORM,1,815,40750,1.50,0,0.1932,0.01340,49.9
DQN_UNIFORM_seed_1_1790609429,DQN_UNIFORM,1,816,40800,-4.50,0,0.1922,0.02486,49.9
DQN_UNIFORM_seed_1_1790609429,DQN_UNIFORM,1,817,40850,3.90,0,0.1912,0.01942,50.0
DQN_UNIFORM_seed_1_1790609429,DQN_UNIFORM,1,818,40900,3.90,0,0.1902,0.00823,50.0
DQN_UNIFORM_seed_1_1790609429,DQN_UNIFORM,1,819,40950,3.90,0,0.1892,0.01097,50.1
DQN_UNIFORM_seed_1_1790609429,DQN_UNIFORM,1,820,41000,3.90,0,0.1882,0.01337,50.2
DQN_UNIFORM_seed_1_1790609429,DQN_UNIFORM,1,821,41050,1.50,0,0.1872,0.02601,50.2
DQN_UNIFORM_seed_1_1790609429,DQN_UNIFORM,1,822,41100,3.30,0,0.1862,0.01812,50.3
DQN_UNIFORM_seed_1_1790609429,DQN_UNIFORM,1,823,41150,3.90,0,0.1852,0.02242,50.4
DQN_UNIFORM_seed_1_1790609429,DQN_UNIFORM,1,824,41200,-4.50,0,0.1842,0.01064,50.4
DQN_UNIFORM_seed_1_1790609429,DQN_UNIFORM,1,825,41250,3.90,0,0.1833,0.01445,50.5
DQN_UNIFORM_seed_1_1790609429,DQN_UNIFORM,1,826,41300,-5.10,0,0.1823,0.02623,50.6
DQN_UNIFORM_seed_1_1790609429,DQN_UNIFORM,1,827,41350,2.70,0,0.1813,0.02399,50.6
DQN_UNIFORM_seed_1_1790609429,DQN_UNIFORM,1,828,41400,-5.10,0,0.1803,0.04242,50.7
DQN_UNIFORM_seed_1_1790609429,DQN_UNIFORM,1,829,41450,3.90,0,0.1793,0.02425,50.8
DQN_UNIFORM_seed_1_1790609429,DQN_UNIFORM,1,830,41500,3.90,0,0.1783,0.02645,50.8
DQN_UNIFORM_seed_1_1790609429,DQN_UNIFORM,1,831,41550,-0.30,0,0.1773,0.02912,50.9
DQN_UNIFORM_seed_1_1790609429,DQN_UNIFORM,1,832,41600,-2.70,0,0.1763,0.03636,51.0
DQN_UNIFORM_seed_1_1790609429,DQN_UNIFORM,1,833,41650,3.90,0,0.1753,0.01201,51.0
DQN_UNIFORM_seed_1_1790609429,DQN_UNIFORM,1,834,41700,3.90,0,0.1743,0.01088,51.1
DQN_UNIFORM_seed_1_1790609429,DQN_UNIFORM,1,835,41750,-1.50,0,0.1734,0.01802,51.1
DQN_UNIFORM_seed_1_1790609429,DQN_UNIFORM,1,836,41800,3.90,0,0.1724,0.01986,51.2
DQN_UNIFORM_seed_1_1790609429,DQN_UNIFORM,1,837,41850,2.70,0,0.1714,0.01652,51.3
DQN_UNIFORM_seed_1_1790609429,DQN_UNIFORM,1,838,41900,2.70,0,0.1704,0.02198,51.3
DQN_UNIFORM_seed_1_1790609429,DQN_UNIFORM,1,839,41950,-5.10,0,0.1694,0.01846,51.4
DQN_UNIFORM_seed_1_1790609429,DQN_UNIFORM,1,840,42000,3.90,0,0.1684,0.02147,51.5
DQN_UNIFORM_seed_1_1790609429,DQN_UNIFORM,1,841,42050,3.90,0,0.1674,0.03155,51.5
DQN_UNIFORM_seed_1_1790609429,DQN_UNIFORM,1,842,42100,1.50,0,0.1664,0.01555,51.6
DQN_UNIFORM_seed_1_1790609429,DQN_UNIFORM,1,843,42150,3.30,0,0.1654,0.02644,51.7
DQN_UNIFORM_seed_1_1790609429,DQN_UNIFORM,1,844,42200,3.90,0,0.1644,0.01694,51.7
DQN_UNIFORM_seed_1_1790609429,DQN_UNIFORM,1,845,42250,3.90,0,0.1634,0.01172,51.8
DQN_UNIFORM_seed_1_1790609429,DQN_UNIFORM,1,846,42300,2.10,0,0.1625,0.02745,51.9
DQN_UNIFORM_seed_1_1790609429,DQN_UNIFORM,1,847,42350,3.90,0,0.1615,0.01929,51.9
DQN_UNIFORM_seed_1_1790609429,DQN_UNIFORM,1,848,42400,3.90,0,0.1605,0.02095,52.0
DQN_UNIFORM_seed_1_1790609429,DQN_UNIFORM,1,849,42450,2.70,0,0.1595,0.02873,52.1
DQN_UNIFORM_seed_1_1790609429,DQN_UNIFORM,1,850,42500,-3.30,0,0.1585,0.03129,52.1
DQN_UNIFORM_seed_1_1790609429,DQN_UNIFORM,1,851,42550,3.90,0,0.1575,0.03265,52.2
DQN_UNIFORM_seed_1_1790609429,DQN_UNIFORM,1,852,42600,3.90,0,0.1565,0.01088,52.3
DQN_UNIFORM_seed_1_1790609429,DQN_UNIFORM,1,853,42650,3.90,0,0.1555,0.01798,52.3
DQN_UNIFORM_seed_1_1790609429,DQN_UNIFORM,1,854,42700,-1.50,0,0.1545,0.02702,52.4
DQN_UNIFORM_seed_1_1790609429,DQN_UNIFORM,1,855,42750,-7.50,0,0.1536,0.01235,52.4
DQN_UNIFORM_seed_1_1790609429,DQN_UNIFORM,1,856,42800,3.90,0,0.1526,0.01444,52.5
DQN_UNIFORM_seed_1_1790609429,DQN_UNIFORM,1,857,42850,3.90,0,0.1516,0.02300,52.6
DQN_UNIFORM_seed_1_1790609429,DQN_UNIFORM,1,858,42900,3.90,0,0.1506,0.02783,52.6
DQN_UNIFORM_seed_1_1790609429,DQN_UNIFORM,1,859,42950,3.90,0,0.1496,0.02283,52.7
DQN_UNIFORM_seed_1_1790609429,DQN_UNIFORM,1,860,43000,3.30,0,0.1486,0.01566,52.8
DQN_UNIFORM_seed_1_1790609429,DQN_UNIFORM,1,861,43050,0.30,0,0.1476,0.01635,52.8
DQN_UNIFORM_seed_1_1790609429,DQN_UNIFORM,1,862,43100,3.90,0,0.1466,0.01660,52.9
DQN_UNIFORM_seed_1_1790609429,DQN_UNIFORM,1,863,43150,0.90,0,0.1456,0.01732,53.0
DQN_UNIFORM_seed_1_1790609429,DQN_UNIFORM,1,864,43200,3.90,0,0.1446,0.02015,53.0
DQN_UNIFORM_seed_1_1790609429,DQN_UNIFORM,1,865,43250,3.90,0,0.1437,0.02291,53.1
DQN_UNIFORM_seed_1_1790609429,DQN_UNIFORM,1,866,43300,3.90,0,0.1427,0.02149,53.2
DQN_UNIFORM_seed_1_1790609429,DQN_UNIFORM,1,867,43350,3.90,0,0.1417,0.02483,53.2
DQN_UNIFORM_seed_1_1790609429,DQN_UNIFORM,1,868,43400,3.90,0,0.1407,0.01701,53.3
DQN_UNIFORM_seed_1_1790609429,DQN_UNIFORM,1,869,43450,3.90,0,0.1397,0.01808,53.4
DQN_UNIFORM_seed_1_1790609429,DQN_UNIFORM,1,870,43500,3.90,0,0.1387,0.02450,53.4
DQN_UNIFORM_seed_1_1790609429,DQN_UNIFORM,1,871,43550,1.50,0,0.1377,0.01949,53.5
DQN_UNIFORM_seed_1_1790609429,DQN_UNIFORM,1,872,43600,3.90,0,0.1367,0.02696,53.5
DQN_UNIFORM_seed_1_1790609429,DQN_UNIFORM,1,873,43650,3.90,0,0.1357,0.02023,53.6
DQN_UNIFORM_seed_1_1790609429,DQN_UNIFORM,1,874,43700,-2.10,0,0.1347,0.02023,53.7
DQN_UNIFORM_seed_1_1790609429,DQN_UNIFORM,1,875,43750,3.90,0,0.1338,0.01595,53.7
DQN_UNIFORM_seed_1_1790609429,DQN_UNIFORM,1,876,43800,3.90,0,0.1328,0.02107,53.8
DQN_UNIFORM_seed_1_1790609429,DQN_UNIFORM,1,877,43850,3.90,0,0.1318,0.01612,53.9
DQN_UNIFORM_seed_1_1790609429,DQN_UNIFORM,1,878,43900,3.90,0,0.1308,0.02018,53.9
DQN_UNIFORM_seed_1_1790609429,DQN_UNIFORM,1,879,43950,3.90,0,0.1298,0.01557,54.0
DQN_UNIFORM_seed_1_1790609429,DQN_UNIFORM,1,880,44000,3.90,0,0.1288,0.02052,54.1
DQN_UNIFORM_seed_1_1790609429,DQN_UNIFORM,1,881,44050,3.90,0,0.1278,0.01677,54.1
DQN_UNIFORM_seed_1_1790609429,DQN_UNIFORM,1,882,44100,3.90,0,0.1268,0.02208,54.2
DQN_UNIFORM_seed_1_1790609429,DQN_UNIFORM,1,883,44150,3.90,0,0.1258,0.03019,54.3
DQN_UNIFORM_seed_1_1790609429,DQN_UNIFORM,1,884,44200,3.30,0,0.1248,0.02130,54.3
DQN_UNIFORM_seed_1_1790609429,DQN_UNIFORM,1,885,44250,3.90,0,0.1239,0.01542,54.4
DQN_UNIFORM_seed_1_1790609429,DQN_UNIFORM,1,886,44300,3.90,0,0.1229,0.01421,54.5
DQN_UNIFORM_seed_1_1790609429,DQN_UNIFORM,1,887,44350,3.90,0,0.1219,0.02635,54.5
DQN_UNIFORM_seed_1_1790609429,DQN_UNIFORM,1,888,44400,2.70,0,0.1209,0.01775,54.6
DQN_UNIFORM_seed_1_1790609429,DQN_UNIFORM,1,889,44450,-0.90,0,0.1199,0.01803,54.7
DQN_UNIFORM_seed_1_1790609429,DQN_UNIFORM,1,890,44500,3.90,0,0.1189,0.02330,54.7
DQN_UNIFORM_seed_1_1790609429,DQN_UNIFORM,1,891,44550,3.90,0,0.1179,0.02296,54.8
DQN_UNIFORM_seed_1_1790609429,DQN_UNIFORM,1,892,44600,3.90,0,0.1169,0.01461,54.9
DQN_UNIFORM_seed_1_1790609429,DQN_UNIFORM,1,893,44650,3.30,0,0.1159,0.01284,54.9
DQN_UNIFORM_seed_1_1790609429,DQN_UNIFORM,1,894,44700,3.90,0,0.1149,0.01764,55.0
DQN_UNIFORM_seed_1_1790609429,DQN_UNIFORM,1,895,44750,3.90,0,0.1139,0.02156,55.0
DQN_UNIFORM_seed_1_1790609429,DQN_UNIFORM,1,896,44800,3.90,0,0.1130,0.02296,55.1
DQN_UNIFORM_seed_1_1790609429,DQN_UNIFORM,1,897,44850,3.90,0,0.1120,0.01844,55.2
DQN_UNIFORM_seed_1_1790609429,DQN_UNIFORM,1,898,44900,3.90,0,0.1110,0.01173,55.2
DQN_UNIFORM_seed_1_1790609429,DQN_UNIFORM,1,899,44950,3.90,0,0.1100,0.01486,55.3
DQN_UNIFORM_seed_1_1790609429,DQN_UNIFORM,1,900,45000,3.90,0,0.1090,0.01290,55.4
DQN_UNIFORM_seed_1_1790609429,DQN_UNIFORM,1,901,45050,3.90,0,0.1080,0.01657,55.5
DQN_UNIFORM_seed_1_1790609429,DQN_UNIFORM,1,902,45100,3.90,0,0.1070,0.01238,55.6
DQN_UNIFORM_seed_1_1790609429,DQN_UNIFORM,1,903,45150,3.90,0,0.1060,0.01851,55.7
DQN_UNIFORM_seed_1_1790609429,DQN_UNIFORM,1,904,45200,3.90,0,0.1050,0.01992,55.7
DQN_UNIFORM_seed_1_1790609429,DQN_UNIFORM,1,905,45250,3.90,0,0.1040,0.01239,55.8
DQN_UNIFORM_seed_1_1790609429,DQN_UNIFORM,1,906,45300,3.90,0,0.1031,0.01410,55.9
DQN_UNIFORM_seed_1_1790609429,DQN_UNIFORM,1,907,45350,3.90,0,0.1021,0.01386,55.9
DQN_UNIFORM_seed_1_1790609429,DQN_UNIFORM,1,908,45400,3.90,0,0.1011,0.01392,56.0
DQN_UNIFORM_seed_1_1790609429,DQN_UNIFORM,1,909,45450,3.90,0,0.1001,0.01774,56.0
DQN_UNIFORM_seed_1_1790609429,DQN_UNIFORM,1,910,45500,3.90,0,0.0991,0.01402,56.1
DQN_UNIFORM_seed_1_1790609429,DQN_UNIFORM,1,911,45550,3.90,0,0.0981,0.01522,56.2
DQN_UNIFORM_seed_1_1790609429,DQN_UNIFORM,1,912,45600,3.90,0,0.0971,0.00975,56.2
DQN_UNIFORM_seed_1_1790609429,DQN_UNIFORM,1,913,45650,3.90,0,0.0961,0.01736,56.3
DQN_UNIFORM_seed_1_1790609429,DQN_UNIFORM,1,914,45700,3.90,0,0.0951,0.02084,56.4
DQN_UNIFORM_seed_1_1790609429,DQN_UNIFORM,1,915,45750,3.90,0,0.0941,0.01669,56.4
DQN_UNIFORM_seed_1_1790609429,DQN_UNIFORM,1,916,45800,3.90,0,0.0932,0.01016,56.5
DQN_UNIFORM_seed_1_1790609429,DQN_UNIFORM,1,917,45850,0.90,0,0.0922,0.01106,56.6
DQN_UNIFORM_seed_1_1790609429,DQN_UNIFORM,1,918,45900,3.90,0,0.0912,0.01124,56.6
DQN_UNIFORM_seed_1_1790609429,DQN_UNIFORM,1,919,45950,3.90,0,0.0902,0.01583,56.7
DQN_UNIFORM_seed_1_1790609429,DQN_UNIFORM,1,920,46000,3.90,0,0.0892,0.01889,56.8
DQN_UNIFORM_seed_1_1790609429,DQN_UNIFORM,1,921,46050,3.90,0,0.0882,0.02167,56.8
DQN_UNIFORM_seed_1_1790609429,DQN_UNIFORM,1,922,46100,3.90,0,0.0872,0.01704,56.9
DQN_UNIFORM_seed_1_1790609429,DQN_UNIFORM,1,923,46150,3.90,0,0.0862,0.01279,57.0
DQN_UNIFORM_seed_1_1790609429,DQN_UNIFORM,1,924,46200,3.90,0,0.0852,0.01518,57.0
DQN_UNIFORM_seed_1_1790609429,DQN_UNIFORM,1,925,46250,3.90,0,0.0842,0.01381,57.1
DQN_UNIFORM_seed_1_1790609429,DQN_UNIFORM,1,926,46300,3.90,0,0.0833,0.01743,57.2
DQN_UNIFORM_seed_1_1790609429,DQN_UNIFORM,1,927,46350,3.90,0,0.0823,0.01526,57.2
DQN_UNIFORM_seed_1_1790609429,DQN_UNIFORM,1,928,46400,3.90,0,0.0813,0.01293,57.3
DQN_UNIFORM_seed_1_1790609429,DQN_UNIFORM,1,929,46450,3.90,0,0.0803,0.01542,57.4
DQN_UNIFORM_seed_1_1790609429,DQN_UNIFORM,1,930,46500,3.90,0,0.0793,0.01517,57.4
DQN_UNIFORM_seed_1_1790609429,DQN_UNIFORM,1,931,46550,3.90,0,0.0783,0.01145,57.5
DQN_UNIFORM_seed_1_1790609429,DQN_UNIFORM,1,932,46600,3.90,0,0.0773,0.01538,57.5
DQN_UNIFORM_seed_1_1790609429,DQN_UNIFORM,1,933,46650,3.90,0,0.0763,0.01408,57.6
DQN_UNIFORM_seed_1_1790609429,DQN_UNIFORM,1,934,46700,3.90,0,0.0753,0.01181,57.7
DQN_UNIFORM_seed_1_1790609429,DQN_UNIFORM,1,935,46750,3.90,0,0.0743,0.01336,57.7
DQN_UNIFORM_seed_1_1790609429,DQN_UNIFORM,1,936,46800,3.90,0,0.0734,0.01298,57.8
DQN_UNIFORM_seed_1_1790609429,DQN_UNIFORM,1,937,46850,3.90,0,0.0724,0.01267,57.9
DQN_UNIFORM_seed_1_1790609429,DQN_UNIFORM,1,938,46900,3.90,0,0.0714,0.01607,57.9
DQN_UNIFORM_seed_1_1790609429,DQN_UNIFORM,1,939,46950,3.90,0,0.0704,0.00994,58.0
DQN_UNIFORM_seed_1_1790609429,DQN_UNIFORM,1,940,47000,3.90,0,0.0694,0.01105,58.1
DQN_UNIFORM_seed_1_1790609429,DQN_UNIFORM,1,941,47050,3.90,0,0.0684,0.01483,58.1
DQN_UNIFORM_seed_1_1790609429,DQN_UNIFORM,1,942,47100,3.90,0,0.0674,0.00981,58.2
DQN_UNIFORM_seed_1_1790609429,DQN_UNIFORM,1,943,47150,3.90,0,0.0664,0.01468,58.3
DQN_UNIFORM_seed_1_1790609429,DQN_UNIFORM,1,944,47200,3.90,0,0.0654,0.01217,58.3
DQN_UNIFORM_seed_1_1790609429,DQN_UNIFORM,1,945,47250,3.90,0,0.0645,0.00892,58.4
DQN_UNIFORM_seed_1_1790609429,DQN_UNIFORM,1,946,47300,3.90,0,0.0635,0.01113,58.5
DQN_UNIFORM_seed_1_1790609429,DQN_UNIFORM,1,947,47350,3.90,0,0.0625,0.01286,58.5
DQN_UNIFORM_seed_1_1790609429,DQN_UNIFORM,1,948,47400,3.90,0,0.0615,0.01217,58.6
DQN_UNIFORM_seed_1_1790609429,DQN_UNIFORM,1,949,47450,3.90,0,0.0605,0.01434,58.7
DQN_UNIFORM_seed_1_1790609429,DQN_UNIFORM,1,950,47500,3.90,0,0.0595,0.01246,58.7
DQN_UNIFORM_seed_1_1790609429,DQN_UNIFORM,1,951,47550,3.90,0,0.0585,0.01243,58.8
DQN_UNIFORM_seed_1_1790609429,DQN_UNIFORM,1,952,47600,3.90,0,0.0575,0.01371,58.9
DQN_UNIFORM_seed_1_1790609429,DQN_UNIFORM,1,953,47650,3.90,0,0.0565,0.01255,58.9
DQN_UNIFORM_seed_1_1790609429,DQN_UNIFORM,1,954,47700,3.90,0,0.0555,0.01414,59.0
DQN_UNIFORM_seed_1_1790609429,DQN_UNIFORM,1,955,47750,3.90,0,0.0546,0.01090,59.1
DQN_UNIFORM_seed_1_1790609429,DQN_UNIFORM,1,956,47800,3.90,0,0.0536,0.01052,59.1
DQN_UNIFORM_seed_1_1790609429,DQN_UNIFORM,1,957,47850,3.90,0,0.0526,0.01190,59.2
DQN_UNIFORM_seed_1_1790609429,DQN_UNIFORM,1,958,47900,3.90,0,0.0516,0.01305,59.2
DQN_UNIFORM_seed_1_1790609429,DQN_UNIFORM,1,959,47950,3.90,0,0.0506,0.01548,59.3
DQN_UNIFORM_seed_1_1790609429,DQN_UNIFORM,1,960,48000,3.90,0,0.0496,0.01540,59.4
DQN_UNIFORM_seed_1_1790609429,DQN_UNIFORM,1,961,48050,3.90,0,0.0486,0.01520,59.4
DQN_UNIFORM_seed_1_1790609429,DQN_UNIFORM,1,962,48100,3.90,0,0.0476,0.01479,59.5
DQN_UNIFORM_seed_1_1790609429,DQN_UNIFORM,1,963,48150,3.90,0,0.0466,0.01381,59.6
DQN_UNIFORM_seed_1_1790609429,DQN_UNIFORM,1,964,48200,3.90,0,0.0456,0.01232,59.6
DQN_UNIFORM_seed_1_1790609429,DQN_UNIFORM,1,965,48250,3.30,0,0.0447,0.01136,59.7
DQN_UNIFORM_seed_1_1790609429,DQN_UNIFORM,1,966,48300,3.90,0,0.0437,0.01032,59.8
DQN_UNIFORM_seed_1_1790609429,DQN_UNIFORM,1,967,48350,3.90,0,0.0427,0.01158,59.8
DQN_UNIFORM_seed_1_1790609429,DQN_UNIFORM,1,968,48400,3.90,0,0.0417,0.01641,59.9
DQN_UNIFORM_seed_1_1790609429,DQN_UNIFORM,1,969,48450,3.90,0,0.0407,0.01403,60.0
DQN_UNIFORM_seed_1_1790609429,DQN_UNIFORM,1,970,48500,3.90,0,0.0397,0.01332,60.0
DQN_UNIFORM_seed_1_1790609429,DQN_UNIFORM,1,971,48550,3.90,0,0.0387,0.01052,60.1
DQN_UNIFORM_seed_1_1790609429,DQN_UNIFORM,1,972,48600,3.90,0,0.0377,0.01476,60.2
DQN_UNIFORM_seed_1_1790609429,DQN_UNIFORM,1,973,48650,3.90,0,0.0367,0.01048,60.2
DQN_UNIFORM_seed_1_1790609429,DQN_UNIFORM,1,974,48700,3.90,0,0.0357,0.01070,60.3
DQN_UNIFORM_seed_1_1790609429,DQN_UNIFORM,1,975,48750,3.90,0,0.0348,0.01049,60.4
DQN_UNIFORM_seed_1_1790609429,DQN_UNIFORM,1,976,48800,3.90,0,0.0338,0.00936,60.4
DQN_UNIFORM_seed_1_1790609429,DQN_UNIFORM,1,977,48850,3.90,0,0.0328,0.01080,60.5
DQN_UNIFORM_seed_1_1790609429,DQN_UNIFORM,1,978,48900,3.90,0,0.0318,0.01237,60.6
DQN_UNIFORM_seed_1_1790609429,DQN_UNIFORM,1,979,48950,3.90,0,0.0308,0.01199,60.6
DQN_UNIFORM_seed_1_1790609429,DQN_UNIFORM,1,980,49000,3.90,0,0.0298,0.01258,60.7
DQN_UNIFORM_seed_1_1790609429,DQN_UNIFORM,1,981,49050,3.90,0,0.0288,0.02541,60.8
DQN_UNIFORM_seed_1_1790609429,DQN_UNIFORM,1,982,49100,3.90,0,0.0278,0.01931,60.8
DQN_UNIFORM_seed_1_1790609429,DQN_UNIFORM,1,983,49150,3.90,0,0.0268,0.01446,60.9
DQN_UNIFORM_seed_1_1790609429,DQN_UNIFORM,1,984,49200,3.90,0,0.0258,0.01423,60.9
DQN_UNIFORM_seed_1_1790609429,DQN_UNIFORM,1,985,49250,3.90,0,0.0249,0.01266,61.0
DQN_UNIFORM_seed_1_1790609429,DQN_UNIFORM,1,986,49300,3.90,0,0.0239,0.01067,61.1
DQN_UNIFORM_seed_1_1790609429,DQN_UNIFORM,1,987,49350,3.90,0,0.0229,0.01326,61.1
DQN_UNIFORM_seed_1_1790609429,DQN_UNIFORM,1,988,49400,3.90,0,0.0219,0.01189,61.2
DQN_UNIFORM_seed_1_1790609429,DQN_UNIFORM,1,989,49458,4.70,0,0.0207,0.01325,61.3
DQN_UNIFORM_seed_1_1790609429,DQN_UNIFORM,1,990,49508,3.90,0,0.0197,0.01153,61.4
DQN_UNIFORM_seed_1_1790609429,DQN_UNIFORM,1,991,49560,4.10,0,0.0187,0.01080,61.4
DQN_UNIFORM_seed_1_1790609429,DQN_UNIFORM,1,992,49610,3.90,0,0.0177,0.01435,61.5
DQN_UNIFORM_seed_1_1790609429,DQN_UNIFORM,1,993,49660,3.90,0,0.0167,0.01756,61.6
DQN_UNIFORM_seed_1_1790609429,DQN_UNIFORM,1,994,49712,4.10,0,0.0157,0.01536,61.6
DQN_UNIFORM_seed_1_1790609429,DQN_UNIFORM,1,995,49762,3.90,0,0.0147,0.01244,61.7
DQN_UNIFORM_seed_1_1790609429,DQN_UNIFORM,1,996,49812,3.90,0,0.0137,0.01075,61.8
DQN_UNIFORM_seed_1_1790609429,DQN_UNIFORM,1,997,49862,3.90,0,0.0127,0.00923,61.8
DQN_UNIFORM_seed_1_1790609429,DQN_UNIFORM,1,998,49912,3.90,0,0.0117,0.01157,61.9
DQN_UNIFORM_seed_1_1790609429,DQN_UNIFORM,1,999,49962,3.90,0,0.0108,0.01271,61.9
DQN_UNIFORM_seed_1_1790609429,DQN_UNIFORM,1,1000,50012,3.90,0,0.0100,0.01693,62.1
DQN_UNIFORM_seed_1_1790609429,DQN_UNIFORM,1,1001,50062,3.90,0,0.0100,0.01381,62.2
DQN_UNIFORM_seed_1_1790609429,DQN_UNIFORM,1,1002,50112,3.90,0,0.0100,0.01496,62.2
DQN_UNIFORM_seed_1_1790609429,DQN_UNIFORM,1,1003,50162,3.90,0,0.0100,0.01626,62.3
DQN_UNIFORM_seed_1_1790609429,DQN_UNIFORM,1,1004,50212,3.90,0,0.0100,0.01619,62.4
DQN_UNIFORM_seed_1_1790609429,DQN_UNIFORM,1,1005,50262,3.90,0,0.0100,0.01503,62.4
DQN_UNIFORM_seed_1_1790609429,DQN_UNIFORM,1,1006,50320,4.70,0,0.0100,0.01186,62.5
DQN_UNIFORM_seed_1_1790609429,DQN_UNIFORM,1,1007,50370,3.90,0,0.0100,0.01140,62.6
DQN_UNIFORM_seed_1_1790609429,DQN_UNIFORM,1,1008,50421,4.00,0,0.0100,0.01262,62.6
DQN_UNIFORM_seed_1_1790609429,DQN_UNIFORM,1,1009,50471,3.90,0,0.0100,0.01660,62.7
DQN_UNIFORM_seed_1_1790609429,DQN_UNIFORM,1,1010,50523,4.10,0,0.0100,0.01540,62.8
DQN_UNIFORM_seed_1_1790609429,DQN_UNIFORM,1,1011,50573,3.90,0,0.0100,0.01583,62.8
DQN_UNIFORM_seed_1_1790609429,DQN_UNIFORM,1,1012,50623,3.90,0,0.0100,0.01519,62.9
DQN_UNIFORM_seed_1_1790609429,DQN_UNIFORM,1,1013,50673,3.90,0,0.0100,0.01476,63.0
DQN_UNIFORM_seed_1_1790609429,DQN_UNIFORM,1,1014,50723,3.90,0,0.0100,0.01729,63.0
DQN_UNIFORM_seed_1_1790609429,DQN_UNIFORM,1,1015,50773,3.90,0,0.0100,0.01403,63.1
DQN_UNIFORM_seed_1_1790609429,DQN_UNIFORM,1,1016,50823,3.90,0,0.0100,0.01656,63.2
DQN_UNIFORM_seed_1_1790609429,DQN_UNIFORM,1,1017,50873,3.90,0,0.0100,0.01684,63.2
DQN_UNIFORM_seed_1_1790609429,DQN_UNIFORM,1,1018,50923,3.90,0,0.0100,0.01634,63.3
DQN_UNIFORM_seed_1_1790609429,DQN_UNIFORM,1,1019,50973,3.90,0,0.0100,0.01300,63.4
DQN_UNIFORM_seed_1_1790609429,DQN_UNIFORM,1,1020,51023,3.90,0,0.0100,0.01798,63.4
DQN_UNIFORM_seed_1_1790609429,DQN_UNIFORM,1,1021,51073,3.90,0,0.0100,0.01698,63.5
DQN_UNIFORM_seed_1_1790609429,DQN_UNIFORM,1,1022,51123,3.90,0,0.0100,0.01761,63.6
DQN_UNIFORM_seed_1_1790609429,DQN_UNIFORM,1,1023,51173,3.90,0,0.0100,0.01335,63.6
DQN_UNIFORM_seed_1_1790609429,DQN_UNIFORM,1,1024,51223,3.90,0,0.0100,0.01834,63.7
DQN_UNIFORM_seed_1_1790609429,DQN_UNIFORM,1,1025,51273,3.90,0,0.0100,0.01356,63.8
DQN_UNIFORM_seed_1_1790609429,DQN_UNIFORM,1,1026,51324,4.00,0,0.0100,0.01584,63.8
DQN_UNIFORM_seed_1_1790609429,DQN_UNIFORM,1,1027,51374,3.90,0,0.0100,0.01328,63.9
DQN_UNIFORM_seed_1_1790609429,DQN_UNIFORM,1,1028,51424,3.90,0,0.0100,0.01348,64.0
DQN_UNIFORM_seed_1_1790609429,DQN_UNIFORM,1,1029,51474,3.90,0,0.0100,0.01332,64.0
DQN_UNIFORM_seed_1_1790609429,DQN_UNIFORM,1,1030,51524,3.90,0,0.0100,0.01144,64.1
DQN_UNIFORM_seed_1_1790609429,DQN_UNIFORM,1,1031,51574,3.90,0,0.0100,0.01251,64.2
DQN_UNIFORM_seed_1_1790609429,DQN_UNIFORM,1,1032,51624,3.90,0,0.0100,0.01525,64.2
DQN_UNIFORM_seed_1_1790609429,DQN_UNIFORM,1,1033,51674,3.90,0,0.0100,0.01305,64.3
DQN_UNIFORM_seed_1_1790609429,DQN_UNIFORM,1,1034,51724,3.90,0,0.0100,0.01461,64.4
DQN_UNIFORM_seed_1_1790609429,DQN_UNIFORM,1,1035,51774,3.90,0,0.0100,0.01742,64.4
DQN_UNIFORM_seed_1_1790609429,DQN_UNIFORM,1,1036,51824,3.90,0,0.0100,0.01332,64.5
DQN_UNIFORM_seed_1_1790609429,DQN_UNIFORM,1,1037,51874,3.90,0,0.0100,0.01243,64.5
DQN_UNIFORM_seed_1_1790609429,DQN_UNIFORM,1,1038,51924,3.90,0,0.0100,0.01380,64.6
DQN_UNIFORM_seed_1_1790609429,DQN_UNIFORM,1,1039,51974,3.90,0,0.0100,0.01242,64.7
DQN_UNIFORM_seed_1_1790609429,DQN_UNIFORM,1,1040,52024,3.90,0,0.0100,0.01947,64.7
DQN_UNIFORM_seed_1_1790609429,DQN_UNIFORM,1,1041,52074,3.90,0,0.0100,0.01564,64.8
DQN_UNIFORM_seed_1_1790609429,DQN_UNIFORM,1,1042,52124,3.90,0,0.0100,0.01907,64.9
DQN_UNIFORM_seed_1_1790609429,DQN_UNIFORM,1,1043,52174,3.90,0,0.0100,0.01411,64.9
DQN_UNIFORM_seed_1_1790609429,DQN_UNIFORM,1,1044,52224,3.90,0,0.0100,0.01283,65.0
DQN_UNIFORM_seed_1_1790609429,DQN_UNIFORM,1,1045,52274,3.90,0,0.0100,0.01296,65.1
DQN_UNIFORM_seed_1_1790609429,DQN_UNIFORM,1,1046,52324,3.90,0,0.0100,0.01458,65.1
DQN_UNIFORM_seed_1_1790609429,DQN_UNIFORM,1,1047,52374,3.90,0,0.0100,0.01583,65.2
DQN_UNIFORM_seed_1_1790609429,DQN_UNIFORM,1,1048,52424,3.90,0,0.0100,0.01479,65.3
DQN_UNIFORM_seed_1_1790609429,DQN_UNIFORM,1,1049,52474,3.90,0,0.0100,0.01478,65.3
DQN_UNIFORM_seed_1_1790609429,DQN_UNIFORM,1,1050,52524,3.90,0,0.0100,0.01469,65.4
DQN_UNIFORM_seed_1_1790609429,DQN_UNIFORM,1,1051,52574,3.90,0,0.0100,0.01354,65.5
DQN_UNIFORM_seed_1_1790609429,DQN_UNIFORM,1,1052,52624,3.90,0,0.0100,0.01222,65.5
DQN_UNIFORM_seed_1_1790609429,DQN_UNIFORM,1,1053,52674,3.90,0,0.0100,0.01433,65.6
DQN_UNIFORM_seed_1_1790609429,DQN_UNIFORM,1,1054,52724,3.90,0,0.0100,0.01851,65.7
DQN_UNIFORM_seed_1_1790609429,DQN_UNIFORM,1,1055,52774,3.90,0,0.0100,0.01192,65.7
DQN_UNIFORM_seed_1_1790609429,DQN_UNIFORM,1,1056,52824,3.90,0,0.0100,0.01525,65.8
DQN_UNIFORM_seed_1_1790609429,DQN_UNIFORM,1,1057,52874,3.90,0,0.0100,0.01352,65.9
DQN_UNIFORM_seed_1_1790609429,DQN_UNIFORM,1,1058,52924,3.90,0,0.0100,0.01443,65.9
DQN_UNIFORM_seed_1_1790609429,DQN_UNIFORM,1,1059,52974,3.90,0,0.0100,0.01318,66.0
DQN_UNIFORM_seed_1_1790609429,DQN_UNIFORM,1,1060,53024,3.90,0,0.0100,0.01642,66.1
DQN_UNIFORM_seed_1_1790609429,DQN_UNIFORM,1,1061,53074,3.90,0,0.0100,0.01819,66.1
DQN_UNIFORM_seed_1_1790609429,DQN_UNIFORM,1,1062,53124,3.90,0,0.0100,0.01300,66.2
DQN_UNIFORM_seed_1_1790609429,DQN_UNIFORM,1,1063,53174,3.90,0,0.0100,0.01204,66.3
DQN_UNIFORM_seed_1_1790609429,DQN_UNIFORM,1,1064,53224,3.90,0,0.0100,0.01370,66.3
DQN_UNIFORM_seed_1_1790609429,DQN_UNIFORM,1,1065,53274,3.90,0,0.0100,0.01212,66.4
DQN_UNIFORM_seed_1_1790609429,DQN_UNIFORM,1,1066,53324,3.90,0,0.0100,0.00981,66.4
DQN_UNIFORM_seed_1_1790609429,DQN_UNIFORM,1,1067,53374,3.90,0,0.0100,0.01362,66.5
DQN_UNIFORM_seed_1_1790609429,DQN_UNIFORM,1,1068,53424,3.90,0,0.0100,0.01759,66.6
DQN_UNIFORM_seed_1_1790609429,DQN_UNIFORM,1,1069,53474,3.90,0,0.0100,0.01582,66.6
DQN_UNIFORM_seed_1_1790609429,DQN_UNIFORM,1,1070,53524,3.90,0,0.0100,0.01244,66.7
DQN_UNIFORM_seed_1_1790609429,DQN_UNIFORM,1,1071,53574,3.90,0,0.0100,0.01299,66.8
DQN_UNIFORM_seed_1_1790609429,DQN_UNIFORM,1,1072,53624,3.90,0,0.0100,0.01252,66.8
DQN_UNIFORM_seed_1_1790609429,DQN_UNIFORM,1,1073,53674,3.90,0,0.0100,0.00975,66.9
DQN_UNIFORM_seed_1_1790609429,DQN_UNIFORM,1,1074,53724,3.90,0,0.0100,0.01246,67.0
DQN_UNIFORM_seed_1_1790609429,DQN_UNIFORM,1,1075,53774,3.90,0,0.0100,0.01362,67.0
DQN_UNIFORM_seed_1_1790609429,DQN_UNIFORM,1,1076,53824,3.90,0,0.0100,0.01016,67.1
DQN_UNIFORM_seed_1_1790609429,DQN_UNIFORM,1,1077,53874,3.90,0,0.0100,0.01295,67.2
DQN_UNIFORM_seed_1_1790609429,DQN_UNIFORM,1,1078,53924,3.90,0,0.0100,0.01470,67.2
DQN_UNIFORM_seed_1_1790609429,DQN_UNIFORM,1,1079,53974,3.90,0,0.0100,0.01683,67.3
DQN_UNIFORM_seed_1_1790609429,DQN_UNIFORM,1,1080,54024,3.90,0,0.0100,0.01834,67.4
DQN_UNIFORM_seed_1_1790609429,DQN_UNIFORM,1,1081,54074,3.90,0,0.0100,0.01860,67.4
DQN_UNIFORM_seed_1_1790609429,DQN_UNIFORM,1,1082,54124,3.90,0,0.0100,0.01568,67.5
DQN_UNIFORM_seed_1_1790609429,DQN_UNIFORM,1,1083,54174,3.90,0,0.0100,0.01271,67.6
DQN_UNIFORM_seed_1_1790609429,DQN_UNIFORM,1,1084,54224,3.90,0,0.0100,0.01054,67.6
DQN_UNIFORM_seed_1_1790609429,DQN_UNIFORM,1,1085,54274,3.90,0,0.0100,0.01326,67.7
DQN_UNIFORM_seed_1_1790609429,DQN_UNIFORM,1,1086,54324,3.90,0,0.0100,0.01313,67.8
DQN_UNIFORM_seed_1_1790609429,DQN_UNIFORM,1,1087,54374,3.90,0,0.0100,0.01356,67.8
DQN_UNIFORM_seed_1_1790609429,DQN_UNIFORM,1,1088,54424,3.90,0,0.0100,0.01210,67.9
DQN_UNIFORM_seed_1_1790609429,DQN_UNIFORM,1,1089,54474,3.90,0,0.0100,0.01110,68.0
DQN_UNIFORM_seed_1_1790609429,DQN_UNIFORM,1,1090,54524,3.90,0,0.0100,0.01606,68.0
DQN_UNIFORM_seed_1_1790609429,DQN_UNIFORM,1,1091,54574,3.90,0,0.0100,0.01245,68.1
DQN_UNIFORM_seed_1_1790609429,DQN_UNIFORM,1,1092,54624,3.90,0,0.0100,0.01164,68.2
DQN_UNIFORM_seed_1_1790609429,DQN_UNIFORM,1,1093,54674,3.90,0,0.0100,0.01333,68.2
DQN_UNIFORM_seed_1_1790609429,DQN_UNIFORM,1,1094,54724,3.90,0,0.0100,0.01140,68.3
DQN_UNIFORM_seed_1_1790609429,DQN_UNIFORM,1,1095,54774,3.90,0,0.0100,0.01209,68.4
DQN_UNIFORM_seed_1_1790609429,DQN_UNIFORM,1,1096,54824,3.90,0,0.0100,0.01193,68.4
DQN_UNIFORM_seed_1_1790609429,DQN_UNIFORM,1,1097,54874,3.90,0,0.0100,0.01392,68.5
DQN_UNIFORM_seed_1_1790609429,DQN_UNIFORM,1,1098,54924,3.90,0,0.0100,0.01235,68.6
DQN_UNIFORM_seed_1_1790609429,DQN_UNIFORM,1,1099,54974,3.90,0,0.0100,0.01159,68.6
DQN_UNIFORM_seed_1_1790609429,DQN_UNIFORM,1,1100,55024,3.90,0,0.0100,0.01780,68.8
DQN_UNIFORM_seed_1_1790609429,DQN_UNIFORM,1,1101,55074,3.90,0,0.0100,0.01813,68.8
DQN_UNIFORM_seed_1_1790609429,DQN_UNIFORM,1,1102,55124,3.90,0,0.0100,0.01409,68.9
DQN_UNIFORM_seed_1_1790609429,DQN_UNIFORM,1,1103,55174,3.90,0,0.0100,0.01415,69.0
DQN_UNIFORM_seed_1_1790609429,DQN_UNIFORM,1,1104,55224,3.90,0,0.0100,0.01474,69.0
DQN_UNIFORM_seed_1_1790609429,DQN_UNIFORM,1,1105,55274,3.90,0,0.0100,0.01164,69.1
DQN_UNIFORM_seed_1_1790609429,DQN_UNIFORM,1,1106,55324,3.90,0,0.0100,0.01459,69.2
DQN_UNIFORM_seed_1_1790609429,DQN_UNIFORM,1,1107,55374,3.90,0,0.0100,0.01185,69.2
DQN_UNIFORM_seed_1_1790609429,DQN_UNIFORM,1,1108,55424,3.90,0,0.0100,0.01177,69.3
DQN_UNIFORM_seed_1_1790609429,DQN_UNIFORM,1,1109,55474,3.90,0,0.0100,0.01181,69.4
DQN_UNIFORM_seed_1_1790609429,DQN_UNIFORM,1,1110,55524,3.90,0,0.0100,0.01370,69.4
DQN_UNIFORM_seed_1_1790609429,DQN_UNIFORM,1,1111,55574,3.90,0,0.0100,0.01184,69.5
DQN_UNIFORM_seed_1_1790609429,DQN_UNIFORM,1,1112,55624,3.90,0,0.0100,0.01023,69.6
DQN_UNIFORM_seed_1_1790609429,DQN_UNIFORM,1,1113,55674,3.90,0,0.0100,0.01348,69.6
DQN_UNIFORM_seed_1_1790609429,DQN_UNIFORM,1,1114,55724,3.90,0,0.0100,0.01406,69.7
DQN_UNIFORM_seed_1_1790609429,DQN_UNIFORM,1,1115,55774,3.90,0,0.0100,0.00986,69.8
DQN_UNIFORM_seed_1_1790609429,DQN_UNIFORM,1,1116,55824,3.90,0,0.0100,0.01222,69.8
DQN_UNIFORM_seed_1_1790609429,DQN_UNIFORM,1,1117,55874,3.90,0,0.0100,0.01018,69.9
DQN_UNIFORM_seed_1_1790609429,DQN_UNIFORM,1,1118,55924,3.90,0,0.0100,0.00984,70.0
DQN_UNIFORM_seed_1_1790609429,DQN_UNIFORM,1,1119,55974,3.90,0,0.0100,0.01153,70.0
DQN_UNIFORM_seed_1_1790609429,DQN_UNIFORM,1,1120,56024,3.90,0,0.0100,0.01617,70.1
DQN_UNIFORM_seed_1_1790609429,DQN_UNIFORM,1,1121,56074,3.90,0,0.0100,0.01499,70.2
DQN_UNIFORM_seed_1_1790609429,DQN_UNIFORM,1,1122,56124,3.90,0,0.0100,0.01326,70.2
DQN_UNIFORM_seed_1_1790609429,DQN_UNIFORM,1,1123,56174,3.90,0,0.0100,0.01473,70.3
DQN_UNIFORM_seed_1_1790609429,DQN_UNIFORM,1,1124,56224,3.90,0,0.0100,0.01015,70.4
DQN_UNIFORM_seed_1_1790609429,DQN_UNIFORM,1,1125,56274,3.90,0,0.0100,0.01123,70.4
DQN_UNIFORM_seed_1_1790609429,DQN_UNIFORM,1,1126,56324,3.90,0,0.0100,0.01139,70.5
DQN_UNIFORM_seed_1_1790609429,DQN_UNIFORM,1,1127,56374,3.90,0,0.0100,0.01212,70.6
DQN_UNIFORM_seed_1_1790609429,DQN_UNIFORM,1,1128,56424,3.90,0,0.0100,0.01052,70.6
DQN_UNIFORM_seed_1_1790609429,DQN_UNIFORM,1,1129,56474,3.90,0,0.0100,0.01207,70.7
DQN_UNIFORM_seed_1_1790609429,DQN_UNIFORM,1,1130,56524,3.90,0,0.0100,0.01188,70.8
DQN_UNIFORM_seed_1_1790609429,DQN_UNIFORM,1,1131,56574,3.90,0,0.0100,0.00952,70.8
DQN_UNIFORM_seed_1_1790609429,DQN_UNIFORM,1,1132,56624,3.90,0,0.0100,0.01045,70.9
DQN_UNIFORM_seed_1_1790609429,DQN_UNIFORM,1,1133,56674,3.90,0,0.0100,0.01023,71.0
DQN_UNIFORM_seed_1_1790609429,DQN_UNIFORM,1,1134,56724,3.90,0,0.0100,0.01022,71.0
DQN_UNIFORM_seed_1_1790609429,DQN_UNIFORM,1,1135,56774,3.90,0,0.0100,0.01234,71.1
DQN_UNIFORM_seed_1_1790609429,DQN_UNIFORM,1,1136,56824,3.90,0,0.0100,0.00911,71.2
DQN_UNIFORM_seed_1_1790609429,DQN_UNIFORM,1,1137,56874,3.90,0,0.0100,0.01306,71.2
DQN_UNIFORM_seed_1_1790609429,DQN_UNIFORM,1,1138,56924,3.90,0,0.0100,0.01125,71.3
DQN_UNIFORM_seed_1_1790609429,DQN_UNIFORM,1,1139,56974,3.90,0,0.0100,0.01116,71.4
DQN_UNIFORM_seed_1_1790609429,DQN_UNIFORM,1,1140,57024,3.90,0,0.0100,0.01583,71.4
DQN_UNIFORM_seed_1_1790609429,DQN_UNIFORM,1,1141,57074,3.90,0,0.0100,0.01406,71.5
DQN_UNIFORM_seed_1_1790609429,DQN_UNIFORM,1,1142,57124,3.90,0,0.0100,0.01077,71.6
DQN_UNIFORM_seed_1_1790609429,DQN_UNIFORM,1,1143,57174,3.90,0,0.0100,0.01085,71.6
DQN_UNIFORM_seed_1_1790609429,DQN_UNIFORM,1,1144,57224,3.90,0,0.0100,0.01107,71.7
DQN_UNIFORM_seed_1_1790609429,DQN_UNIFORM,1,1145,57274,3.90,0,0.0100,0.01190,71.8
DQN_UNIFORM_seed_1_1790609429,DQN_UNIFORM,1,1146,57324,3.90,0,0.0100,0.01113,71.8
DQN_UNIFORM_seed_1_1790609429,DQN_UNIFORM,1,1147,57374,3.90,0,0.0100,0.01068,71.9
DQN_UNIFORM_seed_1_1790609429,DQN_UNIFORM,1,1148,57424,3.90,0,0.0100,0.01008,71.9
DQN_UNIFORM_seed_1_1790609429,DQN_UNIFORM,1,1149,57474,3.90,0,0.0100,0.00957,72.0
DQN_UNIFORM_seed_1_1790609429,DQN_UNIFORM,1,1150,57524,3.90,0,0.0100,0.01106,72.1
DQN_UNIFORM_seed_1_1790609429,DQN_UNIFORM,1,1151,57574,3.90,0,0.0100,0.01001,72.1
DQN_UNIFORM_seed_1_1790609429,DQN_UNIFORM,1,1152,57624,3.90,0,0.0100,0.01247,72.2
DQN_UNIFORM_seed_1_1790609429,DQN_UNIFORM,1,1153,57674,3.90,0,0.0100,0.01449,72.3
DQN_UNIFORM_seed_1_1790609429,DQN_UNIFORM,1,1154,57724,3.90,0,0.0100,0.01100,72.3
DQN_UNIFORM_seed_1_1790609429,DQN_UNIFORM,1,1155,57774,3.90,0,0.0100,0.00960,72.4
DQN_UNIFORM_seed_1_1790609429,DQN_UNIFORM,1,1156,57824,3.90,0,0.0100,0.01143,72.5
DQN_UNIFORM_seed_1_1790609429,DQN_UNIFORM,1,1157,57874,3.90,0,0.0100,0.01214,72.5
DQN_UNIFORM_seed_1_1790609429,DQN_UNIFORM,1,1158,57924,3.90,0,0.0100,0.00904,72.6
DQN_UNIFORM_seed_1_1790609429,DQN_UNIFORM,1,1159,57974,3.90,0,0.0100,0.01024,72.7
DQN_UNIFORM_seed_1_1790609429,DQN_UNIFORM,1,1160,58024,3.90,0,0.0100,0.01200,72.7
DQN_UNIFORM_seed_1_1790609429,DQN_UNIFORM,1,1161,58074,3.90,0,0.0100,0.01452,72.8
DQN_UNIFORM_seed_1_1790609429,DQN_UNIFORM,1,1162,58124,3.90,0,0.0100,0.01395,72.9
DQN_UNIFORM_seed_1_1790609429,DQN_UNIFORM,1,1163,58174,3.90,0,0.0100,0.01471,72.9
DQN_UNIFORM_seed_1_1790609429,DQN_UNIFORM,1,1164,58224,3.90,0,0.0100,0.01326,73.0
DQN_UNIFORM_seed_1_1790609429,DQN_UNIFORM,1,1165,58274,3.90,0,0.0100,0.01139,73.1
DQN_UNIFORM_seed_1_1790609429,DQN_UNIFORM,1,1166,58324,3.90,0,0.0100,0.01088,73.1
DQN_UNIFORM_seed_1_1790609429,DQN_UNIFORM,1,1167,58374,3.90,0,0.0100,0.01268,73.2
DQN_UNIFORM_seed_1_1790609429,DQN_UNIFORM,1,1168,58424,3.90,0,0.0100,0.00919,73.3
DQN_UNIFORM_seed_1_1790609429,DQN_UNIFORM,1,1169,58474,3.90,0,0.0100,0.01523,73.3
DQN_UNIFORM_seed_1_1790609429,DQN_UNIFORM,1,1170,58524,3.90,0,0.0100,0.01363,73.4
DQN_UNIFORM_seed_1_1790609429,DQN_UNIFORM,1,1171,58574,3.90,0,0.0100,0.01050,73.5
DQN_UNIFORM_seed_1_1790609429,DQN_UNIFORM,1,1172,58624,3.90,0,0.0100,0.01080,73.5
DQN_UNIFORM_seed_1_1790609429,DQN_UNIFORM,1,1173,58674,3.90,0,0.0100,0.01100,73.6
DQN_UNIFORM_seed_1_1790609429,DQN_UNIFORM,1,1174,58724,3.90,0,0.0100,0.01196,73.7
DQN_UNIFORM_seed_1_1790609429,DQN_UNIFORM,1,1175,58774,3.90,0,0.0100,0.01010,73.7
DQN_UNIFORM_seed_1_1790609429,DQN_UNIFORM,1,1176,58824,3.90,0,0.0100,0.01170,73.8
DQN_UNIFORM_seed_1_1790609429,DQN_UNIFORM,1,1177,58874,3.90,0,0.0100,0.01032,73.9
DQN_UNIFORM_seed_1_1790609429,DQN_UNIFORM,1,1178,58924,3.90,0,0.0100,0.01112,73.9
DQN_UNIFORM_seed_1_1790609429,DQN_UNIFORM,1,1179,58974,3.90,0,0.0100,0.01411,74.0
DQN_UNIFORM_seed_1_1790609429,DQN_UNIFORM,1,1180,59024,3.90,0,0.0100,0.01268,74.1
DQN_UNIFORM_seed_1_1790609429,DQN_UNIFORM,1,1181,59074,3.90,0,0.0100,0.00985,74.1
DQN_UNIFORM_seed_1_1790609429,DQN_UNIFORM,1,1182,59124,3.90,0,0.0100,0.01014,74.2
DQN_UNIFORM_seed_1_1790609429,DQN_UNIFORM,1,1183,59174,3.90,0,0.0100,0.01129,74.3
DQN_UNIFORM_seed_1_1790609429,DQN_UNIFORM,1,1184,59224,3.90,0,0.0100,0.01205,74.3
DQN_UNIFORM_seed_1_1790609429,DQN_UNIFORM,1,1185,59274,3.90,0,0.0100,0.01088,74.4
DQN_UNIFORM_seed_1_1790609429,DQN_UNIFORM,1,1186,59324,3.90,0,0.0100,0.01051,74.5
DQN_UNIFORM_seed_1_1790609429,DQN_UNIFORM,1,1187,59374,3.90,0,0.0100,0.00869,74.5
DQN_UNIFORM_seed_1_1790609429,DQN_UNIFORM,1,1188,59424,3.90,0,0.0100,0.01183,74.6
DQN_UNIFORM_seed_1_1790609429,DQN_UNIFORM,1,1189,59474,3.90,0,0.0100,0.00952,74.7
DQN_UNIFORM_seed_1_1790609429,DQN_UNIFORM,1,1190,59524,3.90,0,0.0100,0.01292,74.7
DQN_UNIFORM_seed_1_1790609429,DQN_UNIFORM,1,1191,59574,3.90,0,0.0100,0.01136,74.8
DQN_UNIFORM_seed_1_1790609429,DQN_UNIFORM,1,1192,59624,3.90,0,0.0100,0.01338,74.9
DQN_UNIFORM_seed_1_1790609429,DQN_UNIFORM,1,1193,59674,3.90,0,0.0100,0.01247,74.9
DQN_UNIFORM_seed_1_1790609429,DQN_UNIFORM,1,1194,59724,3.90,0,0.0100,0.00929,75.0
DQN_UNIFORM_seed_1_1790609429,DQN_UNIFORM,1,1195,59774,3.90,0,0.0100,0.00889,75.1
DQN_UNIFORM_seed_1_1790609429,DQN_UNIFORM,1,1196,59824,3.90,0,0.0100,0.01052,75.1
DQN_UNIFORM_seed_1_1790609429,DQN_UNIFORM,1,1197,59874,3.90,0,0.0100,0.01022,75.2
DQN_UNIFORM_seed_1_1790609429,DQN_UNIFORM,1,1198,59924,3.90,0,0.0100,0.00906,75.3
DQN_UNIFORM_seed_1_1790609429,DQN_UNIFORM,1,1199,59974,3.90,0,0.0100,0.01008,75.3
DQN_UNIFORM_seed_1_1790609429,DQN_UNIFORM,1,1200,60024,3.90,0,0.0100,0.01254,75.5
DQN_UNIFORM_seed_1_1790609429,DQN_UNIFORM,1,1201,60074,3.90,0,0.0100,0.01163,75.5
DQN_UNIFORM_seed_1_1790609429,DQN_UNIFORM,1,1202,60124,3.90,0,0.0100,0.01242,75.6
DQN_UNIFORM_seed_1_1790609429,DQN_UNIFORM,1,1203,60174,3.90,0,0.0100,0.01077,75.7
DQN_UNIFORM_seed_1_1790609429,DQN_UNIFORM,1,1204,60224,3.90,0,0.0100,0.01034,75.7
DQN_UNIFORM_seed_1_1790609429,DQN_UNIFORM,1,1205,60274,3.90,0,0.0100,0.01031,75.8
DQN_UNIFORM_seed_1_1790609429,DQN_UNIFORM,1,1206,60324,3.90,0,0.0100,0.00932,75.9
DQN_UNIFORM_seed_1_1790609429,DQN_UNIFORM,1,1207,60374,3.90,0,0.0100,0.00844,76.0
DQN_UNIFORM_seed_1_1790609429,DQN_UNIFORM,1,1208,60424,3.90,0,0.0100,0.00955,76.0
DQN_UNIFORM_seed_1_1790609429,DQN_UNIFORM,1,1209,60474,3.90,0,0.0100,0.01125,76.1
DQN_UNIFORM_seed_1_1790609429,DQN_UNIFORM,1,1210,60524,3.90,0,0.0100,0.00924,76.2
DQN_UNIFORM_seed_1_1790609429,DQN_UNIFORM,1,1211,60574,3.90,0,0.0100,0.00926,76.2
DQN_UNIFORM_seed_1_1790609429,DQN_UNIFORM,1,1212,60624,3.90,0,0.0100,0.01119,76.3
DQN_UNIFORM_seed_1_1790609429,DQN_UNIFORM,1,1213,60674,3.90,0,0.0100,0.01293,76.4
DQN_UNIFORM_seed_1_1790609429,DQN_UNIFORM,1,1214,60724,3.90,0,0.0100,0.01057,76.4
DQN_UNIFORM_seed_1_1790609429,DQN_UNIFORM,1,1215,60774,3.90,0,0.0100,0.00970,76.5
DQN_UNIFORM_seed_1_1790609429,DQN_UNIFORM,1,1216,60824,3.90,0,0.0100,0.00947,76.6
DQN_UNIFORM_seed_1_1790609429,DQN_UNIFORM,1,1217,60874,3.90,0,0.0100,0.01146,76.6
DQN_UNIFORM_seed_1_1790609429,DQN_UNIFORM,1,1218,60924,3.90,0,0.0100,0.00809,76.7
DQN_UNIFORM_seed_1_1790609429,DQN_UNIFORM,1,1219,60974,3.90,0,0.0100,0.00896,76.8
DQN_UNIFORM_seed_1_1790609429,DQN_UNIFORM,1,1220,61024,3.90,0,0.0100,0.01351,76.8
DQN_UNIFORM_seed_1_1790609429,DQN_UNIFORM,1,1221,61074,3.90,0,0.0100,0.00934,76.9
DQN_UNIFORM_seed_1_1790609429,DQN_UNIFORM,1,1222,61124,3.90,0,0.0100,0.01226,77.0
DQN_UNIFORM_seed_1_1790609429,DQN_UNIFORM,1,1223,61174,3.90,0,0.0100,0.01159,77.0
DQN_UNIFORM_seed_1_1790609429,DQN_UNIFORM,1,1224,61224,3.90,0,0.0100,0.00997,77.1
DQN_UNIFORM_seed_1_1790609429,DQN_UNIFORM,1,1225,61274,3.90,0,0.0100,0.01120,77.2
DQN_UNIFORM_seed_1_1790609429,DQN_UNIFORM,1,1226,61324,3.90,0,0.0100,0.01060,77.3
DQN_UNIFORM_seed_1_1790609429,DQN_UNIFORM,1,1227,61374,3.90,0,0.0100,0.00853,77.3
DQN_UNIFORM_seed_1_1790609429,DQN_UNIFORM,1,1228,61424,3.90,0,0.0100,0.00889,77.4
DQN_UNIFORM_seed_1_1790609429,DQN_UNIFORM,1,1229,61474,3.90,0,0.0100,0.00940,77.5
DQN_UNIFORM_seed_1_1790609429,DQN_UNIFORM,1,1230,61524,3.90,0,0.0100,0.00857,77.5
DQN_UNIFORM_seed_1_1790609429,DQN_UNIFORM,1,1231,61574,3.90,0,0.0100,0.00862,77.6
DQN_UNIFORM_seed_1_1790609429,DQN_UNIFORM,1,1232,61624,3.90,0,0.0100,0.00990,77.7
DQN_UNIFORM_seed_1_1790609429,DQN_UNIFORM,1,1233,61674,3.90,0,0.0100,0.00804,77.7
DQN_UNIFORM_seed_1_1790609429,DQN_UNIFORM,1,1234,61724,3.90,0,0.0100,0.00787,77.8
DQN_UNIFORM_seed_1_1790609429,DQN_UNIFORM,1,1235,61774,3.90,0,0.0100,0.00939,77.9
DQN_UNIFORM_seed_1_1790609429,DQN_UNIFORM,1,1236,61824,3.90,0,0.0100,0.00986,77.9
DQN_UNIFORM_seed_1_1790609429,DQN_UNIFORM,1,1237,61874,3.90,0,0.0100,0.00793,78.0
DQN_UNIFORM_seed_1_1790609429,DQN_UNIFORM,1,1238,61924,3.90,0,0.0100,0.00928,78.1
DQN_UNIFORM_seed_1_1790609429,DQN_UNIFORM,1,1239,61974,3.90,0,0.0100,0.00857,78.1
DQN_UNIFORM_seed_1_1790609429,DQN_UNIFORM,1,1240,62024,3.90,0,0.0100,0.01302,78.2
DQN_UNIFORM_seed_1_1790609429,DQN_UNIFORM,1,1241,62074,3.90,0,0.0100,0.00878,78.3
DQN_UNIFORM_seed_1_1790609429,DQN_UNIFORM,1,1242,62124,3.90,0,0.0100,0.00823,78.3
DQN_UNIFORM_seed_1_1790609429,DQN_UNIFORM,1,1243,62174,3.90,0,0.0100,0.00992,78.4
DQN_UNIFORM_seed_1_1790609429,DQN_UNIFORM,1,1244,62224,3.90,0,0.0100,0.00952,78.5
DQN_UNIFORM_seed_1_1790609429,DQN_UNIFORM,1,1245,62274,3.90,0,0.0100,0.00842,78.6
DQN_UNIFORM_seed_1_1790609429,DQN_UNIFORM,1,1246,62324,3.90,0,0.0100,0.00902,78.6
DQN_UNIFORM_seed_1_1790609429,DQN_UNIFORM,1,1247,62374,3.90,0,0.0100,0.00898,78.7
DQN_UNIFORM_seed_1_1790609429,DQN_UNIFORM,1,1248,62424,3.90,0,0.0100,0.01031,78.8
DQN_UNIFORM_seed_1_1790609429,DQN_UNIFORM,1,1249,62474,3.90,0,0.0100,0.00999,78.8
DQN_UNIFORM_seed_1_1790609429,DQN_UNIFORM,1,1250,62524,3.90,0,0.0100,0.00805,78.9
DQN_UNIFORM_seed_1_1790609429,DQN_UNIFORM,1,1251,62574,3.90,0,0.0100,0.00985,79.0
DQN_UNIFORM_seed_1_1790609429,DQN_UNIFORM,1,1252,62624,3.90,0,0.0100,0.00925,79.0
DQN_UNIFORM_seed_1_1790609429,DQN_UNIFORM,1,1253,62674,3.90,0,0.0100,0.00777,79.1
DQN_UNIFORM_seed_1_1790609429,DQN_UNIFORM,1,1254,62724,3.90,0,0.0100,0.00915,79.2
DQN_UNIFORM_seed_1_1790609429,DQN_UNIFORM,1,1255,62774,3.90,0,0.0100,0.00955,79.2
DQN_UNIFORM_seed_1_1790609429,DQN_UNIFORM,1,1256,62824,3.90,0,0.0100,0.00896,79.3
DQN_UNIFORM_seed_1_1790609429,DQN_UNIFORM,1,1257,62874,3.90,0,0.0100,0.00652,79.4
DQN_UNIFORM_seed_1_1790609429,DQN_UNIFORM,1,1258,62924,3.90,0,0.0100,0.00752,79.4
DQN_UNIFORM_seed_1_1790609429,DQN_UNIFORM,1,1259,62974,3.90,0,0.0100,0.00785,79.5
DQN_UNIFORM_seed_1_1790609429,DQN_UNIFORM,1,1260,63024,3.90,0,0.0100,0.01001,79.6
DQN_UNIFORM_seed_1_1790609429,DQN_UNIFORM,1,1261,63074,3.90,0,0.0100,0.00710,79.6
DQN_UNIFORM_seed_1_1790609429,DQN_UNIFORM,1,1262,63124,3.90,0,0.0100,0.00932,79.7
DQN_UNIFORM_seed_1_1790609429,DQN_UNIFORM,1,1263,63174,3.90,0,0.0100,0.01001,79.8
DQN_UNIFORM_seed_1_1790609429,DQN_UNIFORM,1,1264,63224,3.90,0,0.0100,0.01279,79.8
DQN_UNIFORM_seed_1_1790609429,DQN_UNIFORM,1,1265,63274,3.90,0,0.0100,0.00859,79.9
DQN_UNIFORM_seed_1_1790609429,DQN_UNIFORM,1,1266,63324,3.90,0,0.0100,0.00964,80.0
DQN_UNIFORM_seed_1_1790609429,DQN_UNIFORM,1,1267,63374,3.90,0,0.0100,0.00944,80.0
DQN_UNIFORM_seed_1_1790609429,DQN_UNIFORM,1,1268,63424,3.90,0,0.0100,0.00972,80.1
DQN_UNIFORM_seed_1_1790609429,DQN_UNIFORM,1,1269,63474,3.90,0,0.0100,0.00830,80.2
DQN_UNIFORM_seed_1_1790609429,DQN_UNIFORM,1,1270,63524,3.90,0,0.0100,0.00993,80.2
DQN_UNIFORM_seed_1_1790609429,DQN_UNIFORM,1,1271,63574,3.90,0,0.0100,0.00844,80.3
DQN_UNIFORM_seed_1_1790609429,DQN_UNIFORM,1,1272,63624,3.90,0,0.0100,0.00984,80.4
DQN_UNIFORM_seed_1_1790609429,DQN_UNIFORM,1,1273,63674,3.90,0,0.0100,0.00950,80.5
DQN_UNIFORM_seed_1_1790609429,DQN_UNIFORM,1,1274,63724,3.90,0,0.0100,0.00769,80.5
DQN_UNIFORM_seed_1_1790609429,DQN_UNIFORM,1,1275,63774,3.90,0,0.0100,0.00677,80.6
DQN_UNIFORM_seed_1_1790609429,DQN_UNIFORM,1,1276,63824,3.90,0,0.0100,0.00697,80.7
DQN_UNIFORM_seed_1_1790609429,DQN_UNIFORM,1,1277,63874,3.90,0,0.0100,0.00859,80.7
DQN_UNIFORM_seed_1_1790609429,DQN_UNIFORM,1,1278,63924,3.90,0,0.0100,0.01022,80.8
DQN_UNIFORM_seed_1_1790609429,DQN_UNIFORM,1,1279,63974,3.90,0,0.0100,0.00872,80.9
DQN_UNIFORM_seed_1_1790609429,DQN_UNIFORM,1,1280,64024,3.90,0,0.0100,0.01236,80.9
DQN_UNIFORM_seed_1_1790609429,DQN_UNIFORM,1,1281,64074,3.90,0,0.0100,0.01018,81.0
DQN_UNIFORM_seed_1_1790609429,DQN_UNIFORM,1,1282,64124,3.90,0,0.0100,0.00861,81.1
DQN_UNIFORM_seed_1_1790609429,DQN_UNIFORM,1,1283,64174,3.90,0,0.0100,0.00845,81.1
DQN_UNIFORM_seed_1_1790609429,DQN_UNIFORM,1,1284,64224,3.90,0,0.0100,0.00760,81.2
DQN_UNIFORM_seed_1_1790609429,DQN_UNIFORM,1,1285,64274,3.90,0,0.0100,0.00793,81.3
DQN_UNIFORM_seed_1_1790609429,DQN_UNIFORM,1,1286,64324,3.90,0,0.0100,0.00713,81.3
DQN_UNIFORM_seed_1_1790609429,DQN_UNIFORM,1,1287,64374,3.90,0,0.0100,0.00783,81.4
DQN_UNIFORM_seed_1_1790609429,DQN_UNIFORM,1,1288,64424,3.90,0,0.0100,0.00616,81.5
DQN_UNIFORM_seed_1_1790609429,DQN_UNIFORM,1,1289,64474,3.90,0,0.0100,0.00599,81.5
DQN_UNIFORM_seed_1_1790609429,DQN_UNIFORM,1,1290,64524,3.90,0,0.0100,0.00734,81.6
DQN_UNIFORM_seed_1_1790609429,DQN_UNIFORM,1,1291,64574,3.90,0,0.0100,0.00662,81.7
DQN_UNIFORM_seed_1_1790609429,DQN_UNIFORM,1,1292,64624,3.90,0,0.0100,0.00806,81.7
DQN_UNIFORM_seed_1_1790609429,DQN_UNIFORM,1,1293,64674,3.90,0,0.0100,0.00792,81.8
DQN_UNIFORM_seed_1_1790609429,DQN_UNIFORM,1,1294,64724,3.90,0,0.0100,0.00675,81.9
DQN_UNIFORM_seed_1_1790609429,DQN_UNIFORM,1,1295,64774,3.90,0,0.0100,0.00704,82.0
DQN_UNIFORM_seed_1_1790609429,DQN_UNIFORM,1,1296,64824,3.90,0,0.0100,0.00787,82.0
DQN_UNIFORM_seed_1_1790609429,DQN_UNIFORM,1,1297,64874,3.90,0,0.0100,0.00782,82.1
DQN_UNIFORM_seed_1_1790609429,DQN_UNIFORM,1,1298,64924,3.90,0,0.0100,0.01130,82.2
DQN_UNIFORM_seed_1_1790609429,DQN_UNIFORM,1,1299,64974,3.90,0,0.0100,0.01052,82.2
DQN_UNIFORM_seed_1_1790609429,DQN_UNIFORM,1,1300,65024,3.90,0,0.0100,0.01098,82.4
DQN_UNIFORM_seed_1_1790609429,DQN_UNIFORM,1,1301,65074,3.90,0,0.0100,0.00896,82.5
DQN_UNIFORM_seed_1_1790609429,DQN_UNIFORM,1,1302,65124,3.90,0,0.0100,0.00955,82.5
DQN_UNIFORM_seed_1_1790609429,DQN_UNIFORM,1,1303,65174,3.90,0,0.0100,0.00882,82.6
DQN_UNIFORM_seed_1_1790609429,DQN_UNIFORM,1,1304,65224,3.90,0,0.0100,0.00733,82.7
DQN_UNIFORM_seed_1_1790609429,DQN_UNIFORM,1,1305,65274,3.90,0,0.0100,0.00973,82.7
DQN_UNIFORM_seed_1_1790609429,DQN_UNIFORM,1,1306,65324,3.90,0,0.0100,0.00783,82.8
DQN_UNIFORM_seed_1_1790609429,DQN_UNIFORM,1,1307,65374,3.90,0,0.0100,0.00601,82.9
DQN_UNIFORM_seed_1_1790609429,DQN_UNIFORM,1,1308,65424,3.90,0,0.0100,0.00726,82.9
DQN_UNIFORM_seed_1_1790609429,DQN_UNIFORM,1,1309,65474,3.90,0,0.0100,0.00765,83.0
DQN_UNIFORM_seed_1_1790609429,DQN_UNIFORM,1,1310,65524,3.90,0,0.0100,0.00685,83.1
DQN_UNIFORM_seed_1_1790609429,DQN_UNIFORM,1,1311,65574,3.90,0,0.0100,0.00782,83.1
DQN_UNIFORM_seed_1_1790609429,DQN_UNIFORM,1,1312,65624,3.90,0,0.0100,0.00627,83.2
DQN_UNIFORM_seed_1_1790609429,DQN_UNIFORM,1,1313,65674,3.90,0,0.0100,0.00861,83.3
DQN_UNIFORM_seed_1_1790609429,DQN_UNIFORM,1,1314,65724,3.90,0,0.0100,0.00571,83.3
DQN_UNIFORM_seed_1_1790609429,DQN_UNIFORM,1,1315,65774,3.90,0,0.0100,0.00770,83.4
DQN_UNIFORM_seed_1_1790609429,DQN_UNIFORM,1,1316,65824,3.90,0,0.0100,0.00698,83.5
DQN_UNIFORM_seed_1_1790609429,DQN_UNIFORM,1,1317,65874,3.90,0,0.0100,0.00619,83.5
DQN_UNIFORM_seed_1_1790609429,DQN_UNIFORM,1,1318,65924,3.90,0,0.0100,0.00593,83.6
DQN_UNIFORM_seed_1_1790609429,DQN_UNIFORM,1,1319,65974,3.90,0,0.0100,0.00622,83.7
DQN_UNIFORM_seed_1_1790609429,DQN_UNIFORM,1,1320,66024,3.90,0,0.0100,0.01116,83.8
DQN_UNIFORM_seed_1_1790609429,DQN_UNIFORM,1,1321,66074,3.90,0,0.0100,0.00835,83.8
DQN_UNIFORM_seed_1_1790609429,DQN_UNIFORM,1,1322,66124,3.90,0,0.0100,0.00799,83.9
DQN_UNIFORM_seed_1_1790609429,DQN_UNIFORM,1,1323,66174,3.90,0,0.0100,0.00825,84.0
DQN_UNIFORM_seed_1_1790609429,DQN_UNIFORM,1,1324,66224,3.90,0,0.0100,0.01073,84.0
DQN_UNIFORM_seed_1_1790609429,DQN_UNIFORM,1,1325,66274,3.90,0,0.0100,0.00840,84.1
DQN_UNIFORM_seed_1_1790609429,DQN_UNIFORM,1,1326,66324,3.90,0,0.0100,0.01033,84.2
DQN_UNIFORM_seed_1_1790609429,DQN_UNIFORM,1,1327,66374,3.90,0,0.0100,0.00831,84.2
DQN_UNIFORM_seed_1_1790609429,DQN_UNIFORM,1,1328,66424,3.90,0,0.0100,0.00675,84.3
DQN_UNIFORM_seed_1_1790609429,DQN_UNIFORM,1,1329,66474,3.90,0,0.0100,0.00623,84.4
DQN_UNIFORM_seed_1_1790609429,DQN_UNIFORM,1,1330,66524,3.90,0,0.0100,0.00669,84.4
DQN_UNIFORM_seed_1_1790609429,DQN_UNIFORM,1,1331,66574,3.90,0,0.0100,0.00714,84.5
DQN_UNIFORM_seed_1_1790609429,DQN_UNIFORM,1,1332,66624,3.90,0,0.0100,0.00745,84.6
DQN_UNIFORM_seed_1_1790609429,DQN_UNIFORM,1,1333,66674,3.90,0,0.0100,0.00801,84.6
DQN_UNIFORM_seed_1_1790609429,DQN_UNIFORM,1,1334,66724,3.90,0,0.0100,0.00792,84.7
DQN_UNIFORM_seed_1_1790609429,DQN_UNIFORM,1,1335,66774,3.90,0,0.0100,0.00701,84.8
DQN_UNIFORM_seed_1_1790609429,DQN_UNIFORM,1,1336,66824,3.90,0,0.0100,0.00747,84.8
DQN_UNIFORM_seed_1_1790609429,DQN_UNIFORM,1,1337,66874,3.90,0,0.0100,0.00645,84.9
DQN_UNIFORM_seed_1_1790609429,DQN_UNIFORM,1,1338,66924,3.90,0,0.0100,0.00762,85.0
DQN_UNIFORM_seed_1_1790609429,DQN_UNIFORM,1,1339,66974,3.90,0,0.0100,0.00884,85.1
DQN_UNIFORM_seed_1_1790609429,DQN_UNIFORM,1,1340,67033,4.80,0,0.0100,0.00996,85.1
DQN_UNIFORM_seed_1_1790609429,DQN_UNIFORM,1,1341,67083,3.90,0,0.0100,0.00694,85.2
DQN_UNIFORM_seed_1_1790609429,DQN_UNIFORM,1,1342,67133,3.90,0,0.0100,0.00819,85.3
DQN_UNIFORM_seed_1_1790609429,DQN_UNIFORM,1,1343,67183,3.90,0,0.0100,0.00703,85.3
DQN_UNIFORM_seed_1_1790609429,DQN_UNIFORM,1,1344,67231,3.70,0,0.0100,0.00832,85.4
DQN_UNIFORM_seed_1_1790609429,DQN_UNIFORM,1,1345,67281,3.90,0,0.0100,0.01040,85.5
DQN_UNIFORM_seed_1_1790609429,DQN_UNIFORM,1,1346,67331,3.90,0,0.0100,0.00674,85.5
DQN_UNIFORM_seed_1_1790609429,DQN_UNIFORM,1,1347,67381,3.90,0,0.0100,0.00746,85.6
DQN_UNIFORM_seed_1_1790609429,DQN_UNIFORM,1,1348,67431,3.90,0,0.0100,0.00889,85.7
DQN_UNIFORM_seed_1_1790609429,DQN_UNIFORM,1,1349,67481,3.90,0,0.0100,0.00628,85.7
DQN_UNIFORM_seed_1_1790609429,DQN_UNIFORM,1,1350,67531,3.90,0,0.0100,0.00506,85.8
DQN_UNIFORM_seed_1_1790609429,DQN_UNIFORM,1,1351,67581,3.90,0,0.0100,0.00691,85.9
DQN_UNIFORM_seed_1_1790609429,DQN_UNIFORM,1,1352,67631,3.90,0,0.0100,0.00648,86.0
DQN_UNIFORM_seed_1_1790609429,DQN_UNIFORM,1,1353,67681,3.90,0,0.0100,0.00708,86.0
DQN_UNIFORM_seed_1_1790609429,DQN_UNIFORM,1,1354,67731,3.90,0,0.0100,0.00684,86.1
DQN_UNIFORM_seed_1_1790609429,DQN_UNIFORM,1,1355,67781,3.90,0,0.0100,0.00784,86.2
DQN_UNIFORM_seed_1_1790609429,DQN_UNIFORM,1,1356,67831,3.90,0,0.0100,0.00661,86.2
DQN_UNIFORM_seed_1_1790609429,DQN_UNIFORM,1,1357,67881,3.90,0,0.0100,0.00818,86.3
DQN_UNIFORM_seed_1_1790609429,DQN_UNIFORM,1,1358,67931,3.90,0,0.0100,0.00791,86.4
DQN_UNIFORM_seed_1_1790609429,DQN_UNIFORM,1,1359,67981,3.90,0,0.0100,0.00747,86.4
DQN_UNIFORM_seed_1_1790609429,DQN_UNIFORM,1,1360,68031,3.90,0,0.0100,0.01233,86.5
DQN_UNIFORM_seed_1_1790609429,DQN_UNIFORM,1,1361,68081,3.90,0,0.0100,0.00763,86.6
DQN_UNIFORM_seed_1_1790609429,DQN_UNIFORM,1,1362,68131,3.90,0,0.0100,0.00710,86.6
DQN_UNIFORM_seed_1_1790609429,DQN_UNIFORM,1,1363,68181,3.90,0,0.0100,0.00585,86.7
DQN_UNIFORM_seed_1_1790609429,DQN_UNIFORM,1,1364,68231,3.90,0,0.0100,0.00629,86.8
DQN_UNIFORM_seed_1_1790609429,DQN_UNIFORM,1,1365,68281,3.90,0,0.0100,0.00688,86.8
DQN_UNIFORM_seed_1_1790609429,DQN_UNIFORM,1,1366,68331,3.90,0,0.0100,0.00831,86.9
DQN_UNIFORM_seed_1_1790609429,DQN_UNIFORM,1,1367,68381,3.90,0,0.0100,0.00728,87.0
DQN_UNIFORM_seed_1_1790609429,DQN_UNIFORM,1,1368,68431,3.90,0,0.0100,0.00949,87.0
DQN_UNIFORM_seed_1_1790609429,DQN_UNIFORM,1,1369,68485,4.30,0,0.0100,0.00827,87.1
DQN_UNIFORM_seed_1_1790609429,DQN_UNIFORM,1,1370,68535,3.90,0,0.0100,0.00754,87.2
DQN_UNIFORM_seed_1_1790609429,DQN_UNIFORM,1,1371,68585,3.90,0,0.0100,0.00671,87.3
DQN_UNIFORM_seed_1_1790609429,DQN_UNIFORM,1,1372,68635,3.90,0,0.0100,0.00965,87.3
DQN_UNIFORM_seed_1_1790609429,DQN_UNIFORM,1,1373,68685,3.90,0,0.0100,0.00599,87.4
DQN_UNIFORM_seed_1_1790609429,DQN_UNIFORM,1,1374,68735,3.90,0,0.0100,0.00640,87.5
DQN_UNIFORM_seed_1_1790609429,DQN_UNIFORM,1,1375,68785,3.90,0,0.0100,0.00771,87.5
DQN_UNIFORM_seed_1_1790609429,DQN_UNIFORM,1,1376,68835,3.90,0,0.0100,0.00746,87.6
DQN_UNIFORM_seed_1_1790609429,DQN_UNIFORM,1,1377,68885,3.90,0,0.0100,0.00639,87.7
DQN_UNIFORM_seed_1_1790609429,DQN_UNIFORM,1,1378,68935,3.90,0,0.0100,0.00599,87.7
DQN_UNIFORM_seed_1_1790609429,DQN_UNIFORM,1,1379,68985,3.90,0,0.0100,0.00615,87.8
DQN_UNIFORM_seed_1_1790609429,DQN_UNIFORM,1,1380,69035,3.90,0,0.0100,0.01050,87.9
DQN_UNIFORM_seed_1_1790609429,DQN_UNIFORM,1,1381,69066,2.00,0,0.0100,0.01091,87.9
DQN_UNIFORM_seed_1_1790609429,DQN_UNIFORM,1,1382,69108,3.10,0,0.0100,0.00774,88.0
DQN_UNIFORM_seed_1_1790609429,DQN_UNIFORM,1,1383,69158,3.90,0,0.0100,0.00588,88.0
DQN_UNIFORM_seed_1_1790609429,DQN_UNIFORM,1,1384,69208,3.90,0,0.0100,0.00625,88.1
DQN_UNIFORM_seed_1_1790609429,DQN_UNIFORM,1,1385,69247,2.80,0,0.0100,0.00683,88.2
DQN_UNIFORM_seed_1_1790609429,DQN_UNIFORM,1,1386,69280,2.20,0,0.0100,0.00854,88.2
DQN_UNIFORM_seed_1_1790609429,DQN_UNIFORM,1,1387,69319,2.80,0,0.0100,0.00711,88.3
DQN_UNIFORM_seed_1_1790609429,DQN_UNIFORM,1,1388,69369,3.90,0,0.0100,0.00606,88.3
DQN_UNIFORM_seed_1_1790609429,DQN_UNIFORM,1,1389,69419,3.90,0,0.0100,0.00708,88.4
DQN_UNIFORM_seed_1_1790609429,DQN_UNIFORM,1,1390,69463,3.30,0,0.0100,0.00677,88.5
DQN_UNIFORM_seed_1_1790609429,DQN_UNIFORM,1,1391,69513,3.90,0,0.0100,0.00783,88.5
DQN_UNIFORM_seed_1_1790609429,DQN_UNIFORM,1,1392,69554,3.00,0,0.0100,0.00615,88.6
DQN_UNIFORM_seed_1_1790609429,DQN_UNIFORM,1,1393,69604,3.90,0,0.0100,0.00657,88.7
DQN_UNIFORM_seed_1_1790609429,DQN_UNIFORM,1,1394,69635,2.00,0,0.0100,0.00788,88.7
DQN_UNIFORM_seed_1_1790609429,DQN_UNIFORM,1,1395,69666,2.00,0,0.0100,0.00839,88.7
DQN_UNIFORM_seed_1_1790609429,DQN_UNIFORM,1,1396,69697,2.00,0,0.0100,0.00543,88.8
DQN_UNIFORM_seed_1_1790609429,DQN_UNIFORM,1,1397,69747,3.90,0,0.0100,0.00802,88.8
DQN_UNIFORM_seed_1_1790609429,DQN_UNIFORM,1,1398,69797,3.90,0,0.0100,0.00705,88.9
DQN_UNIFORM_seed_1_1790609429,DQN_UNIFORM,1,1399,69834,2.60,0,0.0100,0.01100,89.0
DQN_UNIFORM_seed_1_1790609429,DQN_UNIFORM,1,1400,69884,3.90,0,0.0100,0.00693,89.0
DQN_UNIFORM_seed_1_1790609429,DQN_UNIFORM,1,1401,69935,4.00,0,0.0100,0.00824,89.1
DQN_UNIFORM_seed_1_1790609429,DQN_UNIFORM,1,1402,69985,3.90,0,0.0100,0.00704,89.2
DQN_UNIFORM_seed_1_1790609429,DQN_UNIFORM,1,1403,70035,3.90,0,0.0100,0.01362,89.3
DQN_UNIFORM_seed_1_1790609429,DQN_UNIFORM,1,1404,70076,3.00,0,0.0100,0.00650,89.4
DQN_UNIFORM_seed_1_1790609429,DQN_UNIFORM,1,1405,70111,2.40,0,0.0100,0.00650,89.4
DQN_UNIFORM_seed_1_1790609429,DQN_UNIFORM,1,1406,70148,2.60,0,0.0100,0.00632,89.5
DQN_UNIFORM_seed_1_1790609429,DQN_UNIFORM,1,1407,70199,4.00,0,0.0100,0.00954,89.6
DQN_UNIFORM_seed_1_1790609429,DQN_UNIFORM,1,1408,70247,3.70,0,0.0100,0.00644,89.6
DQN_UNIFORM_seed_1_1790609429,DQN_UNIFORM,1,1409,70280,2.20,0,0.0100,0.00718,89.7
DQN_UNIFORM_seed_1_1790609429,DQN_UNIFORM,1,1410,70311,2.00,0,0.0100,0.00591,89.7
DQN_UNIFORM_seed_1_1790609429,DQN_UNIFORM,1,1411,70361,3.90,0,0.0100,0.00694,89.8
DQN_UNIFORM_seed_1_1790609429,DQN_UNIFORM,1,1412,70392,2.00,0,0.0100,0.00788,89.8
DQN_UNIFORM_seed_1_1790609429,DQN_UNIFORM,1,1413,70442,3.90,0,0.0100,0.00842,89.9
DQN_UNIFORM_seed_1_1790609429,DQN_UNIFORM,1,1414,70477,2.40,0,0.0100,0.00591,89.9
DQN_UNIFORM_seed_1_1790609429,DQN_UNIFORM,1,1415,70528,4.00,0,0.0100,0.00632,90.0
DQN_UNIFORM_seed_1_1790609429,DQN_UNIFORM,1,1416,70559,2.00,0,0.0100,0.00721,90.1
DQN_UNIFORM_seed_1_1790609429,DQN_UNIFORM,1,1417,70590,2.00,0,0.0100,0.00855,90.1
DQN_UNIFORM_seed_1_1790609429,DQN_UNIFORM,1,1418,70627,2.60,0,0.0100,0.00614,90.1
DQN_UNIFORM_seed_1_1790609429,DQN_UNIFORM,1,1419,70668,3.00,0,0.0100,0.00570,90.2
DQN_UNIFORM_seed_1_1790609429,DQN_UNIFORM,1,1420,70703,2.40,0,0.0100,0.00990,90.2
DQN_UNIFORM_seed_1_1790609429,DQN_UNIFORM,1,1421,70746,3.20,0,0.0100,0.00597,90.3
DQN_UNIFORM_seed_1_1790609429,DQN_UNIFORM,1,1422,70796,3.90,0,0.0100,0.00976,90.4
DQN_UNIFORM_seed_1_1790609429,DQN_UNIFORM,1,1423,70829,2.20,0,0.0100,0.01038,90.4
DQN_UNIFORM_seed_1_1790609429,DQN_UNIFORM,1,1424,70879,3.90,0,0.0100,0.01414,90.5
DQN_UNIFORM_seed_1_1790609429,DQN_UNIFORM,1,1425,70929,3.90,0,0.0100,0.01154,90.6
DQN_UNIFORM_seed_1_1790609429,DQN_UNIFORM,1,1426,70971,3.10,0,0.0100,0.00931,90.6
DQN_UNIFORM_seed_1_1790609429,DQN_UNIFORM,1,1427,71021,3.90,0,0.0100,0.01145,90.7
DQN_UNIFORM_seed_1_1790609429,DQN_UNIFORM,1,1428,71071,3.90,0,0.0100,0.01035,90.8
DQN_UNIFORM_seed_1_1790609429,DQN_UNIFORM,1,1429,71108,2.60,0,0.0100,0.01371,90.8
DQN_UNIFORM_seed_1_1790609429,DQN_UNIFORM,1,1430,71145,2.60,0,0.0100,0.00992,90.9
DQN_UNIFORM_seed_1_1790609429,DQN_UNIFORM,1,1431,71195,3.90,0,0.0100,0.01093,90.9
DQN_UNIFORM_seed_1_1790609429,DQN_UNIFORM,1,1432,71245,3.90,0,0.0100,0.01087,91.0
DQN_UNIFORM_seed_1_1790609429,DQN_UNIFORM,1,1433,71301,4.50,0,0.0100,0.01141,91.1
DQN_UNIFORM_seed_1_1790609429,DQN_UNIFORM,1,1434,71358,4.60,0,0.0100,0.00712,91.1
DQN_UNIFORM_seed_1_1790609429,DQN_UNIFORM,1,1435,71393,2.40,0,0.0100,0.00848,91.2
DQN_UNIFORM_seed_1_1790609429,DQN_UNIFORM,1,1436,71443,3.90,0,0.0100,0.01016,91.3
DQN_UNIFORM_seed_1_1790609429,DQN_UNIFORM,1,1437,71503,4.90,0,0.0100,0.01020,91.3
DQN_UNIFORM_seed_1_1790609429,DQN_UNIFORM,1,1438,71544,3.00,0,0.0100,0.00885,91.4
DQN_UNIFORM_seed_1_1790609429,DQN_UNIFORM,1,1439,71601,4.60,0,0.0100,0.00828,91.5
DQN_UNIFORM_seed_1_1790609429,DQN_UNIFORM,1,1440,71632,2.00,0,0.0100,0.00708,91.5
DQN_UNIFORM_seed_1_1790609429,DQN_UNIFORM,1,1441,71671,2.80,0,0.0100,0.00728,91.6
DQN_UNIFORM_seed_1_1790609429,DQN_UNIFORM,1,1442,71721,3.90,0,0.0100,0.00826,91.6
DQN_UNIFORM_seed_1_1790609429,DQN_UNIFORM,1,1443,71778,4.60,0,0.0100,0.00717,91.7
DQN_UNIFORM_seed_1_1790609429,DQN_UNIFORM,1,1444,71809,2.00,0,0.0100,0.00787,91.8
DQN_UNIFORM_seed_1_1790609429,DQN_UNIFORM,1,1445,71859,3.90,0,0.0100,0.00794,91.8
DQN_UNIFORM_seed_1_1790609429,DQN_UNIFORM,1,1446,71915,4.50,0,0.0100,0.00671,91.9
DQN_UNIFORM_seed_1_1790609429,DQN_UNIFORM,1,1447,71965,3.90,0,0.0100,0.00850,92.0
DQN_UNIFORM_seed_1_1790609429,DQN_UNIFORM,1,1448,72015,3.90,0,0.0100,0.01419,92.0
DQN_UNIFORM_seed_1_1790609429,DQN_UNIFORM,1,1449,72059,3.30,0,0.0100,0.01183,92.1
DQN_UNIFORM_seed_1_1790609429,DQN_UNIFORM,1,1450,72109,3.90,0,0.0100,0.00829,92.2
DQN_UNIFORM_seed_1_1790609429,DQN_UNIFORM,1,1451,72159,3.90,0,0.0100,0.00827,92.2
DQN_UNIFORM_seed_1_1790609429,DQN_UNIFORM,1,1452,72209,3.90,0,0.0100,0.01032,92.3
DQN_UNIFORM_seed_1_1790609429,DQN_UNIFORM,1,1453,72259,3.90,0,0.0100,0.00685,92.4
DQN_UNIFORM_seed_1_1790609429,DQN_UNIFORM,1,1454,72309,3.90,0,0.0100,0.00720,92.5
DQN_UNIFORM_seed_1_1790609429,DQN_UNIFORM,1,1455,72359,3.90,0,0.0100,0.00987,92.5
DQN_UNIFORM_seed_1_1790609429,DQN_UNIFORM,1,1456,72409,3.90,0,0.0100,0.00779,92.6
DQN_UNIFORM_seed_1_1790609429,DQN_UNIFORM,1,1457,72459,3.90,0,0.0100,0.00706,92.7
DQN_UNIFORM_seed_1_1790609429,DQN_UNIFORM,1,1458,72509,3.90,0,0.0100,0.00813,92.7
DQN_UNIFORM_seed_1_1790609429,DQN_UNIFORM,1,1459,72559,3.90,0,0.0100,0.00835,92.8
DQN_UNIFORM_seed_1_1790609429,DQN_UNIFORM,1,1460,72609,3.90,0,0.0100,0.00830,92.9
DQN_UNIFORM_seed_1_1790609429,DQN_UNIFORM,1,1461,72659,3.90,0,0.0100,0.00692,92.9
DQN_UNIFORM_seed_1_1790609429,DQN_UNIFORM,1,1462,72709,3.90,0,0.0100,0.00724,93.0
DQN_UNIFORM_seed_1_1790609429,DQN_UNIFORM,1,1463,72759,3.90,0,0.0100,0.00737,93.1
DQN_UNIFORM_seed_1_1790609429,DQN_UNIFORM,1,1464,72809,3.90,0,0.0100,0.00531,93.1
DQN_UNIFORM_seed_1_1790609429,DQN_UNIFORM,1,1465,72859,3.90,0,0.0100,0.00870,93.2
DQN_UNIFORM_seed_1_1790609429,DQN_UNIFORM,1,1466,72909,3.90,0,0.0100,0.00904,93.3
DQN_UNIFORM_seed_1_1790609429,DQN_UNIFORM,1,1467,72959,3.90,0,0.0100,0.00722,93.4
DQN_UNIFORM_seed_1_1790609429,DQN_UNIFORM,1,1468,73009,3.90,0,0.0100,0.01064,93.4
DQN_UNIFORM_seed_1_1790609429,DQN_UNIFORM,1,1469,73059,3.90,0,0.0100,0.01087,93.5
DQN_UNIFORM_seed_1_1790609429,DQN_UNIFORM,1,1470,73109,3.90,0,0.0100,0.00946,93.6
DQN_UNIFORM_seed_1_1790609429,DQN_UNIFORM,1,1471,73159,3.90,0,0.0100,0.00839,93.6
DQN_UNIFORM_seed_1_1790609429,DQN_UNIFORM,1,1472,73209,3.90,0,0.0100,0.00760,93.7
DQN_UNIFORM_seed_1_1790609429,DQN_UNIFORM,1,1473,73259,3.90,0,0.0100,0.00780,93.8
DQN_UNIFORM_seed_1_1790609429,DQN_UNIFORM,1,1474,73309,3.90,0,0.0100,0.00627,93.8
DQN_UNIFORM_seed_1_1790609429,DQN_UNIFORM,1,1475,73359,3.90,0,0.0100,0.00932,93.9
DQN_UNIFORM_seed_1_1790609429,DQN_UNIFORM,1,1476,73409,3.90,0,0.0100,0.00663,94.0
DQN_UNIFORM_seed_1_1790609429,DQN_UNIFORM,1,1477,73459,3.90,0,0.0100,0.00594,94.0
DQN_UNIFORM_seed_1_1790609429,DQN_UNIFORM,1,1478,73509,3.90,0,0.0100,0.00669,94.1
DQN_UNIFORM_seed_1_1790609429,DQN_UNIFORM,1,1479,73559,3.90,0,0.0100,0.01368,94.2
DQN_UNIFORM_seed_1_1790609429,DQN_UNIFORM,1,1480,73609,-2.10,0,0.0100,0.00937,94.3
DQN_UNIFORM_seed_1_1790609429,DQN_UNIFORM,1,1481,73659,3.90,0,0.0100,0.00866,94.3
DQN_UNIFORM_seed_1_1790609429,DQN_UNIFORM,1,1482,73709,3.90,0,0.0100,0.01082,94.4
DQN_UNIFORM_seed_1_1790609429,DQN_UNIFORM,1,1483,73759,3.90,0,0.0100,0.00689,94.5
DQN_UNIFORM_seed_1_1790609429,DQN_UNIFORM,1,1484,73809,3.90,0,0.0100,0.00874,94.5
DQN_UNIFORM_seed_1_1790609429,DQN_UNIFORM,1,1485,73860,4.00,0,0.0100,0.00613,94.6
DQN_UNIFORM_seed_1_1790609429,DQN_UNIFORM,1,1486,73910,3.90,0,0.0100,0.00664,94.7
DQN_UNIFORM_seed_1_1790609429,DQN_UNIFORM,1,1487,73960,3.90,0,0.0100,0.00573,94.7
DQN_UNIFORM_seed_1_1790609429,DQN_UNIFORM,1,1488,74011,4.00,0,0.0100,0.01011,94.8
DQN_UNIFORM_seed_1_1790609429,DQN_UNIFORM,1,1489,74061,3.90,0,0.0100,0.00864,94.9
DQN_UNIFORM_seed_1_1790609429,DQN_UNIFORM,1,1490,74111,-2.70,0,0.0100,0.00898,94.9
DQN_UNIFORM_seed_1_1790609429,DQN_UNIFORM,1,1491,74163,4.10,0,0.0100,0.01101,95.0
DQN_UNIFORM_seed_1_1790609429,DQN_UNIFORM,1,1492,74213,3.90,0,0.0100,0.00757,95.1
DQN_UNIFORM_seed_1_1790609429,DQN_UNIFORM,1,1493,74263,3.90,0,0.0100,0.00654,95.2
DQN_UNIFORM_seed_1_1790609429,DQN_UNIFORM,1,1494,74313,3.90,0,0.0100,0.00818,95.2
DQN_UNIFORM_seed_1_1790609429,DQN_UNIFORM,1,1495,74363,3.90,0,0.0100,0.00783,95.3
DQN_UNIFORM_seed_1_1790609429,DQN_UNIFORM,1,1496,74413,3.90,0,0.0100,0.01045,95.4
DQN_UNIFORM_seed_1_1790609429,DQN_UNIFORM,1,1497,74463,3.90,0,0.0100,0.00887,95.4
DQN_UNIFORM_seed_1_1790609429,DQN_UNIFORM,1,1498,74513,3.90,0,0.0100,0.00789,95.5
DQN_UNIFORM_seed_1_1790609429,DQN_UNIFORM,1,1499,74563,3.90,0,0.0100,0.00863,95.6
DQN_UNIFORM_seed_1_1790609429,DQN_UNIFORM,1,1500,74613,3.90,0,0.0100,0.00980,95.6
DQN_UNIFORM_seed_1_1790609429,DQN_UNIFORM,1,1501,74663,3.90,0,0.0100,0.00786,95.7
DQN_UNIFORM_seed_1_1790609429,DQN_UNIFORM,1,1502,74714,4.00,0,0.0100,0.00692,95.8
DQN_UNIFORM_seed_1_1790609429,DQN_UNIFORM,1,1503,74764,3.90,0,0.0100,0.00906,95.8
DQN_UNIFORM_seed_1_1790609429,DQN_UNIFORM,1,1504,74814,3.90,0,0.0100,0.00844,95.9
DQN_UNIFORM_seed_1_1790609429,DQN_UNIFORM,1,1505,74868,4.30,0,0.0100,0.00749,96.0
DQN_UNIFORM_seed_1_1790609429,DQN_UNIFORM,1,1506,74918,3.90,0,0.0100,0.00796,96.1
DQN_UNIFORM_seed_1_1790609429,DQN_UNIFORM,1,1507,74968,3.90,0,0.0100,0.00830,96.1
DQN_UNIFORM_seed_1_1790609429,DQN_UNIFORM,1,1508,75020,4.10,0,0.0100,0.01507,96.3
DQN_UNIFORM_seed_1_1790609429,DQN_UNIFORM,1,1509,75070,3.90,0,0.0100,0.00765,96.4
DQN_UNIFORM_seed_1_1790609429,DQN_UNIFORM,1,1510,75120,3.90,0,0.0100,0.00911,96.4
DQN_UNIFORM_seed_1_1790609429,DQN_UNIFORM,1,1511,75170,3.90,0,0.0100,0.00951,96.5
DQN_UNIFORM_seed_1_1790609429,DQN_UNIFORM,1,1512,75221,4.00,0,0.0100,0.01066,96.6
DQN_UNIFORM_seed_1_1790609429,DQN_UNIFORM,1,1513,75271,3.90,0,0.0100,0.00965,96.6
DQN_UNIFORM_seed_1_1790609429,DQN_UNIFORM,1,1514,75321,3.90,0,0.0100,0.00861,96.7
DQN_UNIFORM_seed_1_1790609429,DQN_UNIFORM,1,1515,75371,3.90,0,0.0100,0.00767,96.8
DQN_UNIFORM_seed_1_1790609429,DQN_UNIFORM,1,1516,75421,3.90,0,0.0100,0.00679,96.9
DQN_UNIFORM_seed_1_1790609429,DQN_UNIFORM,1,1517,75471,3.90,0,0.0100,0.00706,96.9
DQN_UNIFORM_seed_1_1790609429,DQN_UNIFORM,1,1518,75521,3.90,0,0.0100,0.01114,97.0
DQN_UNIFORM_seed_1_1790609429,DQN_UNIFORM,1,1519,75571,3.90,0,0.0100,0.00806,97.1
DQN_UNIFORM_seed_1_1790609429,DQN_UNIFORM,1,1520,75621,3.90,0,0.0100,0.00956,97.1
DQN_UNIFORM_seed_1_1790609429,DQN_UNIFORM,1,1521,75671,3.90,0,0.0100,0.00629,97.2
DQN_UNIFORM_seed_1_1790609429,DQN_UNIFORM,1,1522,75721,3.90,0,0.0100,0.00764,97.3
DQN_UNIFORM_seed_1_1790609429,DQN_UNIFORM,1,1523,75771,3.90,0,0.0100,0.00747,97.3
DQN_UNIFORM_seed_1_1790609429,DQN_UNIFORM,1,1524,75821,3.90,0,0.0100,0.00961,97.4
DQN_UNIFORM_seed_1_1790609429,DQN_UNIFORM,1,1525,75871,3.90,0,0.0100,0.01015,97.5
DQN_UNIFORM_seed_1_1790609429,DQN_UNIFORM,1,1526,75921,3.90,0,0.0100,0.00588,97.6
DQN_UNIFORM_seed_1_1790609429,DQN_UNIFORM,1,1527,75971,3.90,0,0.0100,0.00959,97.6
DQN_UNIFORM_seed_1_1790609429,DQN_UNIFORM,1,1528,76021,3.90,0,0.0100,0.01469,97.7
DQN_UNIFORM_seed_1_1790609429,DQN_UNIFORM,1,1529,76071,3.90,0,0.0100,0.01276,97.8
DQN_UNIFORM_seed_1_1790609429,DQN_UNIFORM,1,1530,76121,3.90,0,0.0100,0.00996,97.8
DQN_UNIFORM_seed_1_1790609429,DQN_UNIFORM,1,1531,76171,3.90,0,0.0100,0.00854,97.9
DQN_UNIFORM_seed_1_1790609429,DQN_UNIFORM,1,1532,76221,3.90,0,0.0100,0.00792,98.0
DQN_UNIFORM_seed_1_1790609429,DQN_UNIFORM,1,1533,76271,3.90,0,0.0100,0.00932,98.0
DQN_UNIFORM_seed_1_1790609429,DQN_UNIFORM,1,1534,76321,3.90,0,0.0100,0.00970,98.1
DQN_UNIFORM_seed_1_1790609429,DQN_UNIFORM,1,1535,76371,3.90,0,0.0100,0.00739,98.2
DQN_UNIFORM_seed_1_1790609429,DQN_UNIFORM,1,1536,76421,3.90,0,0.0100,0.00732,98.2
DQN_UNIFORM_seed_1_1790609429,DQN_UNIFORM,1,1537,76471,3.90,0,0.0100,0.00793,98.3
DQN_UNIFORM_seed_1_1790609429,DQN_UNIFORM,1,1538,76521,3.90,0,0.0100,0.00843,98.4
DQN_UNIFORM_seed_1_1790609429,DQN_UNIFORM,1,1539,76571,3.90,0,0.0100,0.00833,98.5
DQN_UNIFORM_seed_1_1790609429,DQN_UNIFORM,1,1540,76625,4.30,0,0.0100,0.00921,98.5
DQN_UNIFORM_seed_1_1790609429,DQN_UNIFORM,1,1541,76675,3.90,0,0.0100,0.00822,98.6
DQN_UNIFORM_seed_1_1790609429,DQN_UNIFORM,1,1542,76725,3.90,0,0.0100,0.00821,98.7
DQN_UNIFORM_seed_1_1790609429,DQN_UNIFORM,1,1543,76775,3.90,0,0.0100,0.00862,98.7
DQN_UNIFORM_seed_1_1790609429,DQN_UNIFORM,1,1544,76825,3.90,0,0.0100,0.00967,98.8
DQN_UNIFORM_seed_1_1790609429,DQN_UNIFORM,1,1545,76875,3.90,0,0.0100,0.00879,98.9
DQN_UNIFORM_seed_1_1790609429,DQN_UNIFORM,1,1546,76925,3.90,0,0.0100,0.00745,98.9
DQN_UNIFORM_seed_1_1790609429,DQN_UNIFORM,1,1547,76975,3.90,0,0.0100,0.00629,99.0
DQN_UNIFORM_seed_1_1790609429,DQN_UNIFORM,1,1548,77025,3.90,0,0.0100,0.01368,99.1
DQN_UNIFORM_seed_1_1790609429,DQN_UNIFORM,1,1549,77075,0.30,0,0.0100,0.00891,99.2
DQN_UNIFORM_seed_1_1790609429,DQN_UNIFORM,1,1550,77125,3.90,0,0.0100,0.01129,99.2
DQN_UNIFORM_seed_1_1790609429,DQN_UNIFORM,1,1551,77175,3.90,0,0.0100,0.00883,99.3
DQN_UNIFORM_seed_1_1790609429,DQN_UNIFORM,1,1552,77225,3.90,0,0.0100,0.00960,99.4
DQN_UNIFORM_seed_1_1790609429,DQN_UNIFORM,1,1553,77276,4.00,0,0.0100,0.01034,99.4
DQN_UNIFORM_seed_1_1790609429,DQN_UNIFORM,1,1554,77326,3.90,0,0.0100,0.00877,99.5
DQN_UNIFORM_seed_1_1790609429,DQN_UNIFORM,1,1555,77376,3.90,0,0.0100,0.00686,99.6
DQN_UNIFORM_seed_1_1790609429,DQN_UNIFORM,1,1556,77426,3.90,0,0.0100,0.01002,99.6
DQN_UNIFORM_seed_1_1790609429,DQN_UNIFORM,1,1557,77478,4.10,0,0.0100,0.00936,99.7
DQN_UNIFORM_seed_1_1790609429,DQN_UNIFORM,1,1558,77528,3.90,0,0.0100,0.00935,99.8
DQN_UNIFORM_seed_1_1790609429,DQN_UNIFORM,1,1559,77578,3.90,0,0.0100,0.00736,99.9
DQN_UNIFORM_seed_1_1790609429,DQN_UNIFORM,1,1560,77628,3.90,0,0.0100,0.00992,99.9
DQN_UNIFORM_seed_1_1790609429,DQN_UNIFORM,1,1561,77678,3.90,0,0.0100,0.01099,100.0
DQN_UNIFORM_seed_1_1790609429,DQN_UNIFORM,1,1562,77728,3.90,0,0.0100,0.00834,100.1
DQN_UNIFORM_seed_1_1790609429,DQN_UNIFORM,1,1563,77778,-0.90,0,0.0100,0.00816,100.1
DQN_UNIFORM_seed_1_1790609429,DQN_UNIFORM,1,1564,77828,3.90,0,0.0100,0.00841,100.2
DQN_UNIFORM_seed_1_1790609429,DQN_UNIFORM,1,1565,77878,1.50,0,0.0100,0.01115,100.3
DQN_UNIFORM_seed_1_1790609429,DQN_UNIFORM,1,1566,77928,3.90,0,0.0100,0.00785,100.4
DQN_UNIFORM_seed_1_1790609429,DQN_UNIFORM,1,1567,77978,3.90,0,0.0100,0.01092,100.4
DQN_UNIFORM_seed_1_1790609429,DQN_UNIFORM,1,1568,78028,3.90,0,0.0100,0.01187,100.5
DQN_UNIFORM_seed_1_1790609429,DQN_UNIFORM,1,1569,78078,3.90,0,0.0100,0.00746,100.6
DQN_UNIFORM_seed_1_1790609429,DQN_UNIFORM,1,1570,78128,3.90,0,0.0100,0.00793,100.6
DQN_UNIFORM_seed_1_1790609429,DQN_UNIFORM,1,1571,78178,3.90,0,0.0100,0.01003,100.7
DQN_UNIFORM_seed_1_1790609429,DQN_UNIFORM,1,1572,78228,3.90,0,0.0100,0.00667,100.8
DQN_UNIFORM_seed_1_1790609429,DQN_UNIFORM,1,1573,78278,3.90,0,0.0100,0.00593,100.8
DQN_UNIFORM_seed_1_1790609429,DQN_UNIFORM,1,1574,78328,3.90,0,0.0100,0.00853,100.9
DQN_UNIFORM_seed_1_1790609429,DQN_UNIFORM,1,1575,78378,3.90,0,0.0100,0.00755,101.0
DQN_UNIFORM_seed_1_1790609429,DQN_UNIFORM,1,1576,78428,3.90,0,0.0100,0.00530,101.1
DQN_UNIFORM_seed_1_1790609429,DQN_UNIFORM,1,1577,78478,3.90,0,0.0100,0.00671,101.1
DQN_UNIFORM_seed_1_1790609429,DQN_UNIFORM,1,1578,78528,3.90,0,0.0100,0.00566,101.2
DQN_UNIFORM_seed_1_1790609429,DQN_UNIFORM,1,1579,78578,3.90,0,0.0100,0.00686,101.3
DQN_UNIFORM_seed_1_1790609429,DQN_UNIFORM,1,1580,78628,3.90,0,0.0100,0.00790,101.3
DQN_UNIFORM_seed_1_1790609429,DQN_UNIFORM,1,1581,78678,3.90,0,0.0100,0.00724,101.4
DQN_UNIFORM_seed_1_1790609429,DQN_UNIFORM,1,1582,78732,4.30,0,0.0100,0.00776,101.5
DQN_UNIFORM_seed_1_1790609429,DQN_UNIFORM,1,1583,78782,3.90,0,0.0100,0.00914,101.5
DQN_UNIFORM_seed_1_1790609429,DQN_UNIFORM,1,1584,78832,3.90,0,0.0100,0.00791,101.6
DQN_UNIFORM_seed_1_1790609429,DQN_UNIFORM,1,1585,78882,3.90,0,0.0100,0.00700,101.7
DQN_UNIFORM_seed_1_1790609429,DQN_UNIFORM,1,1586,78932,3.90,0,0.0100,0.00757,101.8
DQN_UNIFORM_seed_1_1790609429,DQN_UNIFORM,1,1587,78982,3.90,0,0.0100,0.00960,101.8
DQN_UNIFORM_seed_1_1790609429,DQN_UNIFORM,1,1588,79032,3.90,0,0.0100,0.01204,101.9
DQN_UNIFORM_seed_1_1790609429,DQN_UNIFORM,1,1589,79082,3.90,0,0.0100,0.00890,102.0
DQN_UNIFORM_seed_1_1790609429,DQN_UNIFORM,1,1590,79132,3.90,0,0.0100,0.00902,102.0
DQN_UNIFORM_seed_1_1790609429,DQN_UNIFORM,1,1591,79182,3.90,0,0.0100,0.01031,102.1
DQN_UNIFORM_seed_1_1790609429,DQN_UNIFORM,1,1592,79233,4.00,0,0.0100,0.00801,102.2
DQN_UNIFORM_seed_1_1790609429,DQN_UNIFORM,1,1593,79283,3.90,0,0.0100,0.00880,102.2
DQN_UNIFORM_seed_1_1790609429,DQN_UNIFORM,1,1594,79333,3.90,0,0.0100,0.01198,102.3
DQN_UNIFORM_seed_1_1790609429,DQN_UNIFORM,1,1595,79391,4.70,0,0.0100,0.01155,102.4
DQN_UNIFORM_seed_1_1790609429,DQN_UNIFORM,1,1596,79441,3.90,0,0.0100,0.01197,102.5
DQN_UNIFORM_seed_1_1790609429,DQN_UNIFORM,1,1597,79499,4.70,0,0.0100,0.00738,102.6
DQN_UNIFORM_seed_1_1790609429,DQN_UNIFORM,1,1598,79551,4.10,0,0.0100,0.00733,102.6
DQN_UNIFORM_seed_1_1790609429,DQN_UNIFORM,1,1599,79601,3.90,0,0.0100,0.00781,102.7
DQN_UNIFORM_seed_1_1790609429,DQN_UNIFORM,1,1600,79652,4.00,0,0.0100,0.00869,102.8
DQN_UNIFORM_seed_1_1790609429,DQN_UNIFORM,1,1601,79709,4.60,0,0.0100,0.00821,102.8
DQN_UNIFORM_seed_1_1790609429,DQN_UNIFORM,1,1602,79759,3.90,0,0.0100,0.01077,102.9
DQN_UNIFORM_seed_1_1790609429,DQN_UNIFORM,1,1603,79809,3.90,0,0.0100,0.00836,103.0
DQN_UNIFORM_seed_1_1790609429,DQN_UNIFORM,1,1604,79859,0.30,0,0.0100,0.01067,103.1
DQN_UNIFORM_seed_1_1790609429,DQN_UNIFORM,1,1605,79909,3.90,0,0.0100,0.01416,103.1
DQN_UNIFORM_seed_1_1790609429,DQN_UNIFORM,1,1606,79966,4.60,0,0.0100,0.01019,103.2
DQN_UNIFORM_seed_1_1790609429,DQN_UNIFORM,1,1607,80016,3.90,0,0.0100,0.01206,103.4
DQN_UNIFORM_seed_1_1790609429,DQN_UNIFORM,1,1608,80076,4.90,0,0.0100,0.00861,103.5
DQN_UNIFORM_seed_1_1790609429,DQN_UNIFORM,1,1609,80126,3.90,0,0.0100,0.00764,103.5
DQN_UNIFORM_seed_1_1790609429,DQN_UNIFORM,1,1610,80176,3.90,0,0.0100,0.00759,103.6
DQN_UNIFORM_seed_1_1790609429,DQN_UNIFORM,1,1611,80226,3.90,0,0.0100,0.00721,103.7
DQN_UNIFORM_seed_1_1790609429,DQN_UNIFORM,1,1612,80283,4.60,0,0.0100,0.01056,103.7
DQN_UNIFORM_seed_1_1790609429,DQN_UNIFORM,1,1613,80333,3.90,0,0.0100,0.00979,103.8
DQN_UNIFORM_seed_1_1790609429,DQN_UNIFORM,1,1614,80388,4.40,0,0.0100,0.00704,103.9
DQN_UNIFORM_seed_1_1790609429,DQN_UNIFORM,1,1615,80438,3.90,0,0.0100,0.00590,104.0
DQN_UNIFORM_seed_1_1790609429,DQN_UNIFORM,1,1616,80488,3.90,0,0.0100,0.00819,104.0
DQN_UNIFORM_seed_1_1790609429,DQN_UNIFORM,1,1617,80538,3.90,0,0.0100,0.00617,104.1
DQN_UNIFORM_seed_1_1790609429,DQN_UNIFORM,1,1618,80588,3.90,0,0.0100,0.00574,104.2
DQN_UNIFORM_seed_1_1790609429,DQN_UNIFORM,1,1619,80638,3.90,0,0.0100,0.00554,104.3
DQN_UNIFORM_seed_1_1790609429,DQN_UNIFORM,1,1620,80688,3.90,0,0.0100,0.00582,104.3
DQN_UNIFORM_seed_1_1790609429,DQN_UNIFORM,1,1621,80738,3.90,0,0.0100,0.00539,104.4
DQN_UNIFORM_seed_1_1790609429,DQN_UNIFORM,1,1622,80788,3.90,0,0.0100,0.00750,104.5
DQN_UNIFORM_seed_1_1790609429,DQN_UNIFORM,1,1623,80838,3.90,0,0.0100,0.01113,104.5
DQN_UNIFORM_seed_1_1790609429,DQN_UNIFORM,1,1624,80888,3.90,0,0.0100,0.00822,104.6
DQN_UNIFORM_seed_1_1790609429,DQN_UNIFORM,1,1625,80938,3.90,0,0.0100,0.00874,104.7
DQN_UNIFORM_seed_1_1790609429,DQN_UNIFORM,1,1626,80988,3.90,0,0.0100,0.01027,104.8
DQN_UNIFORM_seed_1_1790609429,DQN_UNIFORM,1,1627,81038,3.90,0,0.0100,0.00948,104.8
DQN_UNIFORM_seed_1_1790609429,DQN_UNIFORM,1,1628,81088,3.90,0,0.0100,0.00620,104.9
DQN_UNIFORM_seed_1_1790609429,DQN_UNIFORM,1,1629,81138,3.90,0,0.0100,0.00655,105.0
DQN_UNIFORM_seed_1_1790609429,DQN_UNIFORM,1,1630,81188,3.90,0,0.0100,0.01178,105.1
DQN_UNIFORM_seed_1_1790609429,DQN_UNIFORM,1,1631,81238,3.90,0,0.0100,0.00614,105.1
DQN_UNIFORM_seed_1_1790609429,DQN_UNIFORM,1,1632,81288,3.90,0,0.0100,0.01068,105.2
DQN_UNIFORM_seed_1_1790609429,DQN_UNIFORM,1,1633,81338,3.90,0,0.0100,0.00925,105.3
DQN_UNIFORM_seed_1_1790609429,DQN_UNIFORM,1,1634,81388,3.90,0,0.0100,0.00702,105.3
DQN_UNIFORM_seed_1_1790609429,DQN_UNIFORM,1,1635,81438,3.90,0,0.0100,0.01134,105.4
DQN_UNIFORM_seed_1_1790609429,DQN_UNIFORM,1,1636,81488,3.90,0,0.0100,0.00906,105.5
DQN_UNIFORM_seed_1_1790609429,DQN_UNIFORM,1,1637,81538,3.90,0,0.0100,0.00640,105.6
DQN_UNIFORM_seed_1_1790609429,DQN_UNIFORM,1,1638,81588,3.90,0,0.0100,0.00530,105.6
DQN_UNIFORM_seed_1_1790609429,DQN_UNIFORM,1,1639,81638,3.90,0,0.0100,0.00858,105.7
DQN_UNIFORM_seed_1_1790609429,DQN_UNIFORM,1,1640,81688,3.90,0,0.0100,0.00613,105.8
DQN_UNIFORM_seed_1_1790609429,DQN_UNIFORM,1,1641,81738,3.90,0,0.0100,0.00973,105.8
DQN_UNIFORM_seed_1_1790609429,DQN_UNIFORM,1,1642,81788,3.90,0,0.0100,0.00685,105.9
DQN_UNIFORM_seed_1_1790609429,DQN_UNIFORM,1,1643,81838,3.90,0,0.0100,0.00699,106.0
DQN_UNIFORM_seed_1_1790609429,DQN_UNIFORM,1,1644,81888,3.90,0,0.0100,0.00691,106.0
DQN_UNIFORM_seed_1_1790609429,DQN_UNIFORM,1,1645,81938,3.90,0,0.0100,0.00823,106.1
DQN_UNIFORM_seed_1_1790609429,DQN_UNIFORM,1,1646,81988,3.90,0,0.0100,0.01149,106.2
DQN_UNIFORM_seed_1_1790609429,DQN_UNIFORM,1,1647,82038,3.90,0,0.0100,0.01160,106.3
DQN_UNIFORM_seed_1_1790609429,DQN_UNIFORM,1,1648,82088,3.90,0,0.0100,0.00875,106.3
DQN_UNIFORM_seed_1_1790609429,DQN_UNIFORM,1,1649,82138,3.90,0,0.0100,0.00793,106.4
DQN_UNIFORM_seed_1_1790609429,DQN_UNIFORM,1,1650,82188,3.90,0,0.0100,0.00764,106.5
DQN_UNIFORM_seed_1_1790609429,DQN_UNIFORM,1,1651,82238,3.90,0,0.0100,0.00609,106.5
DQN_UNIFORM_seed_1_1790609429,DQN_UNIFORM,1,1652,82288,3.90,0,0.0100,0.00832,106.6
DQN_UNIFORM_seed_1_1790609429,DQN_UNIFORM,1,1653,82338,3.90,0,0.0100,0.00861,106.7
DQN_UNIFORM_seed_1_1790609429,DQN_UNIFORM,1,1654,82388,3.90,0,0.0100,0.00846,106.7
DQN_UNIFORM_seed_1_1790609429,DQN_UNIFORM,1,1655,82438,3.90,0,0.0100,0.00993,106.8
DQN_UNIFORM_seed_1_1790609429,DQN_UNIFORM,1,1656,82488,3.90,0,0.0100,0.01159,106.9
DQN_UNIFORM_seed_1_1790609429,DQN_UNIFORM,1,1657,82538,3.90,0,0.0100,0.00933,107.0
DQN_UNIFORM_seed_1_1790609429,DQN_UNIFORM,1,1658,82596,4.70,0,0.0100,0.00683,107.0
DQN_UNIFORM_seed_1_1790609429,DQN_UNIFORM,1,1659,82654,4.70,0,0.0100,0.00660,107.1
DQN_UNIFORM_seed_1_1790609429,DQN_UNIFORM,1,1660,82704,3.90,0,0.0100,0.00771,107.2
DQN_UNIFORM_seed_1_1790609429,DQN_UNIFORM,1,1661,82754,3.90,0,0.0100,0.00596,107.3
DQN_UNIFORM_seed_1_1790609429,DQN_UNIFORM,1,1662,82804,3.90,0,0.0100,0.00567,107.3
DQN_UNIFORM_seed_1_1790609429,DQN_UNIFORM,1,1663,82854,3.90,0,0.0100,0.00599,107.4
DQN_UNIFORM_seed_1_1790609429,DQN_UNIFORM,1,1664,82904,3.90,0,0.0100,0.00777,107.5
DQN_UNIFORM_seed_1_1790609429,DQN_UNIFORM,1,1665,82957,4.20,0,0.0100,0.00764,107.5
DQN_UNIFORM_seed_1_1790609429,DQN_UNIFORM,1,1666,83007,3.90,0,0.0100,0.00913,107.6
DQN_UNIFORM_seed_1_1790609429,DQN_UNIFORM,1,1667,83063,4.50,0,0.0100,0.00903,107.7
DQN_UNIFORM_seed_1_1790609429,DQN_UNIFORM,1,1668,83117,4.30,0,0.0100,0.00714,107.8
DQN_UNIFORM_seed_1_1790609429,DQN_UNIFORM,1,1669,83170,4.20,0,0.0100,0.01189,107.8
DQN_UNIFORM_seed_1_1790609429,DQN_UNIFORM,1,1670,83220,3.90,0,0.0100,0.01057,107.9
DQN_UNIFORM_seed_1_1790609429,DQN_UNIFORM,1,1671,83270,3.90,0,0.0100,0.01000,108.0
DQN_UNIFORM_seed_1_1790609429,DQN_UNIFORM,1,1672,83320,3.90,0,0.0100,0.00760,108.0
DQN_UNIFORM_seed_1_1790609429,DQN_UNIFORM,1,1673,83370,3.90,0,0.0100,0.00892,108.1
DQN_UNIFORM_seed_1_1790609429,DQN_UNIFORM,1,1674,83420,3.90,0,0.0100,0.01151,108.2
DQN_UNIFORM_seed_1_1790609429,DQN_UNIFORM,1,1675,83476,4.50,0,0.0100,0.00615,108.3
DQN_UNIFORM_seed_1_1790609429,DQN_UNIFORM,1,1676,83533,4.60,0,0.0100,0.00738,108.3
DQN_UNIFORM_seed_1_1790609429,DQN_UNIFORM,1,1677,83583,3.90,0,0.0100,0.00876,108.4
DQN_UNIFORM_seed_1_1790609429,DQN_UNIFORM,1,1678,83633,3.90,0,0.0100,0.00470,108.5
DQN_UNIFORM_seed_1_1790609429,DQN_UNIFORM,1,1679,83683,3.90,0,0.0100,0.00914,108.6
DQN_UNIFORM_seed_1_1790609429,DQN_UNIFORM,1,1680,83733,3.90,0,0.0100,0.00848,108.6
DQN_UNIFORM_seed_1_1790609429,DQN_UNIFORM,1,1681,83786,4.20,0,0.0100,0.00655,108.7
DQN_UNIFORM_seed_1_1790609429,DQN_UNIFORM,1,1682,83844,4.70,0,0.0100,0.00750,108.8
DQN_UNIFORM_seed_1_1790609429,DQN_UNIFORM,1,1683,83894,3.90,0,0.0100,0.00804,108.8
DQN_UNIFORM_seed_1_1790609429,DQN_UNIFORM,1,1684,83952,4.70,0,0.0100,0.00878,108.9
DQN_UNIFORM_seed_1_1790609429,DQN_UNIFORM,1,1685,84002,3.90,0,0.0100,0.00768,109.0
DQN_UNIFORM_seed_1_1790609429,DQN_UNIFORM,1,1686,84053,4.00,0,0.0100,0.01223,109.1
DQN_UNIFORM_seed_1_1790609429,DQN_UNIFORM,1,1687,84103,3.90,0,0.0100,0.01045,109.1
DQN_UNIFORM_seed_1_1790609429,DQN_UNIFORM,1,1688,84153,3.90,0,0.0100,0.01125,109.2
DQN_UNIFORM_seed_1_1790609429,DQN_UNIFORM,1,1689,84208,4.40,0,0.0100,0.00839,109.3
DQN_UNIFORM_seed_1_1790609429,DQN_UNIFORM,1,1690,84258,3.90,0,0.0100,0.00826,109.4
DQN_UNIFORM_seed_1_1790609429,DQN_UNIFORM,1,1691,84309,4.00,0,0.0100,0.00629,109.4
DQN_UNIFORM_seed_1_1790609429,DQN_UNIFORM,1,1692,84368,4.80,0,0.0100,0.00943,109.5
DQN_UNIFORM_seed_1_1790609429,DQN_UNIFORM,1,1693,84418,3.90,0,0.0100,0.01279,109.6
DQN_UNIFORM_seed_1_1790609429,DQN_UNIFORM,1,1694,84477,4.80,0,0.0100,0.00975,109.7
DQN_UNIFORM_seed_1_1790609429,DQN_UNIFORM,1,1695,84533,4.50,0,0.0100,0.00863,109.7
DQN_UNIFORM_seed_1_1790609429,DQN_UNIFORM,1,1696,84583,3.90,0,0.0100,0.00768,109.8
DQN_UNIFORM_seed_1_1790609429,DQN_UNIFORM,1,1697,84633,3.90,0,0.0100,0.01036,109.9
DQN_UNIFORM_seed_1_1790609429,DQN_UNIFORM,1,1698,84683,3.90,0,0.0100,0.00691,110.0
DQN_UNIFORM_seed_1_1790609429,DQN_UNIFORM,1,1699,84733,3.90,0,0.0100,0.00977,110.0
DQN_UNIFORM_seed_1_1790609429,DQN_UNIFORM,1,1700,84783,3.90,0,0.0100,0.00862,110.1
DQN_UNIFORM_seed_1_1790609429,DQN_UNIFORM,1,1701,84833,3.90,0,0.0100,0.01261,110.2
DQN_UNIFORM_seed_1_1790609429,DQN_UNIFORM,1,1702,84883,3.90,0,0.0100,0.01040,110.2
DQN_UNIFORM_seed_1_1790609429,DQN_UNIFORM,1,1703,84933,3.90,0,0.0100,0.00921,110.3
DQN_UNIFORM_seed_1_1790609429,DQN_UNIFORM,1,1704,84986,4.20,0,0.0100,0.01045,110.4
DQN_UNIFORM_seed_1_1790609429,DQN_UNIFORM,1,1705,85036,3.90,0,0.0100,0.01624,110.5
DQN_UNIFORM_seed_1_1790609429,DQN_UNIFORM,1,1706,85086,3.90,0,0.0100,0.00937,110.6
DQN_UNIFORM_seed_1_1790609429,DQN_UNIFORM,1,1707,85136,3.90,0,0.0100,0.01111,110.7
DQN_UNIFORM_seed_1_1790609429,DQN_UNIFORM,1,1708,85186,3.90,0,0.0100,0.00802,110.8
DQN_UNIFORM_seed_1_1790609429,DQN_UNIFORM,1,1709,85236,3.90,0,0.0100,0.00829,110.8
DQN_UNIFORM_seed_1_1790609429,DQN_UNIFORM,1,1710,85293,4.60,0,0.0100,0.00885,110.9
DQN_UNIFORM_seed_1_1790609429,DQN_UNIFORM,1,1711,85346,4.20,0,0.0100,0.00807,111.0
DQN_UNIFORM_seed_1_1790609429,DQN_UNIFORM,1,1712,85396,3.90,0,0.0100,0.00860,111.0
DQN_UNIFORM_seed_1_1790609429,DQN_UNIFORM,1,1713,85454,4.70,0,0.0100,0.00929,111.1
DQN_UNIFORM_seed_1_1790609429,DQN_UNIFORM,1,1714,85505,4.00,0,0.0100,0.01058,111.2
DQN_UNIFORM_seed_1_1790609429,DQN_UNIFORM,1,1715,85555,3.90,0,0.0100,0.00990,111.3
DQN_UNIFORM_seed_1_1790609429,DQN_UNIFORM,1,1716,85605,3.90,0,0.0100,0.01442,111.3
DQN_UNIFORM_seed_1_1790609429,DQN_UNIFORM,1,1717,85655,3.90,0,0.0100,0.00705,111.4
DQN_UNIFORM_seed_1_1790609429,DQN_UNIFORM,1,1718,85711,4.50,0,0.0100,0.00895,111.5
DQN_UNIFORM_seed_1_1790609429,DQN_UNIFORM,1,1719,85771,4.90,0,0.0100,0.01253,111.6
DQN_UNIFORM_seed_1_1790609429,DQN_UNIFORM,1,1720,85821,3.90,0,0.0100,0.00880,111.6
DQN_UNIFORM_seed_1_1790609429,DQN_UNIFORM,1,1721,85871,3.90,0,0.0100,0.00731,111.7
DQN_UNIFORM_seed_1_1790609429,DQN_UNIFORM,1,1722,85921,3.90,0,0.0100,0.01059,111.8
DQN_UNIFORM_seed_1_1790609429,DQN_UNIFORM,1,1723,85979,4.70,0,0.0100,0.00694,111.9
DQN_UNIFORM_seed_1_1790609429,DQN_UNIFORM,1,1724,86033,4.30,0,0.0100,0.01253,111.9
DQN_UNIFORM_seed_1_1790609429,DQN_UNIFORM,1,1725,86083,3.90,0,0.0100,0.00959,112.0
DQN_UNIFORM_seed_1_1790609429,DQN_UNIFORM,1,1726,86133,3.90,0,0.0100,0.01315,112.1
DQN_UNIFORM_seed_1_1790609429,DQN_UNIFORM,1,1727,86183,3.90,0,0.0100,0.01012,112.2
DQN_UNIFORM_seed_1_1790609429,DQN_UNIFORM,1,1728,86240,4.60,0,0.0100,0.00856,112.2
DQN_UNIFORM_seed_1_1790609429,DQN_UNIFORM,1,1729,86296,4.50,0,0.0100,0.00610,112.3
DQN_UNIFORM_seed_1_1790609429,DQN_UNIFORM,1,1730,86346,3.90,0,0.0100,0.00740,112.4
DQN_UNIFORM_seed_1_1790609429,DQN_UNIFORM,1,1731,86399,4.20,0,0.0100,0.00781,112.5
DQN_UNIFORM_seed_1_1790609429,DQN_UNIFORM,1,1732,86449,3.90,0,0.0100,0.00814,112.5
DQN_UNIFORM_seed_1_1790609429,DQN_UNIFORM,1,1733,86499,3.90,0,0.0100,0.01132,112.6
DQN_UNIFORM_seed_1_1790609429,DQN_UNIFORM,1,1734,86554,4.40,0,0.0100,0.00915,112.7
DQN_UNIFORM_seed_1_1790609429,DQN_UNIFORM,1,1735,86607,4.20,0,0.0100,0.00929,112.7
DQN_UNIFORM_seed_1_1790609429,DQN_UNIFORM,1,1736,86657,3.90,0,0.0100,0.00645,112.8
DQN_UNIFORM_seed_1_1790609429,DQN_UNIFORM,1,1737,86712,4.40,0,0.0100,0.00624,112.9
DQN_UNIFORM_seed_1_1790609429,DQN_UNIFORM,1,1738,86766,4.30,0,0.0100,0.00718,113.0
DQN_UNIFORM_seed_1_1790609429,DQN_UNIFORM,1,1739,86817,4.00,0,0.0100,0.00957,113.0
DQN_UNIFORM_seed_1_1790609429,DQN_UNIFORM,1,1740,86867,3.90,0,0.0100,0.00812,113.1
DQN_UNIFORM_seed_1_1790609429,DQN_UNIFORM,1,1741,86917,3.90,0,0.0100,0.00766,113.2
DQN_UNIFORM_seed_1_1790609429,DQN_UNIFORM,1,1742,86948,2.00,0,0.0100,0.00659,113.2
DQN_UNIFORM_seed_1_1790609429,DQN_UNIFORM,1,1743,86998,3.90,0,0.0100,0.00721,113.3
DQN_UNIFORM_seed_1_1790609429,DQN_UNIFORM,1,1744,87053,4.40,0,0.0100,0.00684,113.4
DQN_UNIFORM_seed_1_1790609429,DQN_UNIFORM,1,1745,87106,4.20,0,0.0100,0.00801,113.4
DQN_UNIFORM_seed_1_1790609429,DQN_UNIFORM,1,1746,87156,3.90,0,0.0100,0.00933,113.5
DQN_UNIFORM_seed_1_1790609429,DQN_UNIFORM,1,1747,87210,4.30,0,0.0100,0.00702,113.6
DQN_UNIFORM_seed_1_1790609429,DQN_UNIFORM,1,1748,87268,4.70,0,0.0100,0.00728,113.7
DQN_UNIFORM_seed_1_1790609429,DQN_UNIFORM,1,1749,87318,3.90,0,0.0100,0.00545,113.7
DQN_UNIFORM_seed_1_1790609429,DQN_UNIFORM,1,1750,87368,3.90,0,0.0100,0.00914,113.8
DQN_UNIFORM_seed_1_1790609429,DQN_UNIFORM,1,1751,87418,3.90,0,0.0100,0.00864,113.9
DQN_UNIFORM_seed_1_1790609429,DQN_UNIFORM,1,1752,87468,3.90,0,0.0100,0.00598,114.0
DQN_UNIFORM_seed_1_1790609429,DQN_UNIFORM,1,1753,87526,4.70,0,0.0100,0.00600,114.0
DQN_UNIFORM_seed_1_1790609429,DQN_UNIFORM,1,1754,87576,3.90,0,0.0100,0.01206,114.1
DQN_UNIFORM_seed_1_1790609429,DQN_UNIFORM,1,1755,87632,4.50,0,0.0100,0.01259,114.2
DQN_UNIFORM_seed_1_1790609429,DQN_UNIFORM,1,1756,87682,3.90,0,0.0100,0.01032,114.3
DQN_UNIFORM_seed_1_1790609429,DQN_UNIFORM,1,1757,87732,3.90,0,0.0100,0.00881,114.3
DQN_UNIFORM_seed_1_1790609429,DQN_UNIFORM,1,1758,87785,4.20,0,0.0100,0.00919,114.4
DQN_UNIFORM_seed_1_1790609429,DQN_UNIFORM,1,1759,87843,4.70,0,0.0100,0.00933,114.5
DQN_UNIFORM_seed_1_1790609429,DQN_UNIFORM,1,1760,87893,3.90,0,0.0100,0.00600,114.5
DQN_UNIFORM_seed_1_1790609429,DQN_UNIFORM,1,1761,87943,3.90,0,0.0100,0.00441,114.6
DQN_UNIFORM_seed_1_1790609429,DQN_UNIFORM,1,1762,87998,4.40,0,0.0100,0.00609,114.7
DQN_UNIFORM_seed_1_1790609429,DQN_UNIFORM,1,1763,88055,4.60,0,0.0100,0.00854,114.8
DQN_UNIFORM_seed_1_1790609429,DQN_UNIFORM,1,1764,88105,3.90,0,0.0100,0.00610,114.8
DQN_UNIFORM_seed_1_1790609429,DQN_UNIFORM,1,1765,88155,3.90,0,0.0100,0.00713,114.9
DQN_UNIFORM_seed_1_1790609429,DQN_UNIFORM,1,1766,88205,3.90,0,0.0100,0.00760,115.0
DQN_UNIFORM_seed_1_1790609429,DQN_UNIFORM,1,1767,88255,3.90,0,0.0100,0.00669,115.1
DQN_UNIFORM_seed_1_1790609429,DQN_UNIFORM,1,1768,88308,4.20,0,0.0100,0.00842,115.1
DQN_UNIFORM_seed_1_1790609429,DQN_UNIFORM,1,1769,88358,3.90,0,0.0100,0.00745,115.2
DQN_UNIFORM_seed_1_1790609429,DQN_UNIFORM,1,1770,88408,3.90,0,0.0100,0.00855,115.3
DQN_UNIFORM_seed_1_1790609429,DQN_UNIFORM,1,1771,88458,3.90,0,0.0100,0.00405,115.3
DQN_UNIFORM_seed_1_1790609429,DQN_UNIFORM,1,1772,88512,4.30,0,0.0100,0.00540,115.4
DQN_UNIFORM_seed_1_1790609429,DQN_UNIFORM,1,1773,88565,4.20,0,0.0100,0.00837,115.5
DQN_UNIFORM_seed_1_1790609429,DQN_UNIFORM,1,1774,88615,3.90,0,0.0100,0.00660,115.6
DQN_UNIFORM_seed_1_1790609429,DQN_UNIFORM,1,1775,88665,3.90,0,0.0100,0.00507,115.6
DQN_UNIFORM_seed_1_1790609429,DQN_UNIFORM,1,1776,88715,3.90,0,0.0100,0.00491,115.7
DQN_UNIFORM_seed_1_1790609429,DQN_UNIFORM,1,1777,88772,4.60,0,0.0100,0.00608,115.8
DQN_UNIFORM_seed_1_1790609429,DQN_UNIFORM,1,1778,88822,3.90,0,0.0100,0.00795,115.8
DQN_UNIFORM_seed_1_1790609429,DQN_UNIFORM,1,1779,88872,3.90,0,0.0100,0.00629,115.9
DQN_UNIFORM_seed_1_1790609429,DQN_UNIFORM,1,1780,88922,3.90,0,0.0100,0.00811,116.0
DQN_UNIFORM_seed_1_1790609429,DQN_UNIFORM,1,1781,88972,3.90,0,0.0100,0.01096,116.1
DQN_UNIFORM_seed_1_1790609429,DQN_UNIFORM,1,1782,89022,3.90,0,0.0100,0.01113,116.1
DQN_UNIFORM_seed_1_1790609429,DQN_UNIFORM,1,1783,89072,3.90,0,0.0100,0.00535,116.2
DQN_UNIFORM_seed_1_1790609429,DQN_UNIFORM,1,1784,89122,3.90,0,0.0100,0.00517,116.3
DQN_UNIFORM_seed_1_1790609429,DQN_UNIFORM,1,1785,89173,4.00,0,0.0100,0.00701,116.3
DQN_UNIFORM_seed_1_1790609429,DQN_UNIFORM,1,1786,89225,4.10,0,0.0100,0.00658,116.4
DQN_UNIFORM_seed_1_1790609429,DQN_UNIFORM,1,1787,89275,3.90,0,0.0100,0.00626,116.5
DQN_UNIFORM_seed_1_1790609429,DQN_UNIFORM,1,1788,89325,3.90,0,0.0100,0.00735,116.6
DQN_UNIFORM_seed_1_1790609429,DQN_UNIFORM,1,1789,89375,3.90,0,0.0100,0.00635,116.6
DQN_UNIFORM_seed_1_1790609429,DQN_UNIFORM,1,1790,89433,4.70,0,0.0100,0.00699,116.7
DQN_UNIFORM_seed_1_1790609429,DQN_UNIFORM,1,1791,89489,4.50,0,0.0100,0.00701,116.8
DQN_UNIFORM_seed_1_1790609429,DQN_UNIFORM,1,1792,89539,3.90,0,0.0100,0.00771,116.9
DQN_UNIFORM_seed_1_1790609429,DQN_UNIFORM,1,1793,89589,3.90,0,0.0100,0.00983,116.9
DQN_UNIFORM_seed_1_1790609429,DQN_UNIFORM,1,1794,89647,4.70,0,0.0100,0.01059,117.0
DQN_UNIFORM_seed_1_1790609429,DQN_UNIFORM,1,1795,89699,4.10,0,0.0100,0.00835,117.1
DQN_UNIFORM_seed_1_1790609429,DQN_UNIFORM,1,1796,89752,4.20,0,0.0100,0.00514,117.1
DQN_UNIFORM_seed_1_1790609429,DQN_UNIFORM,1,1797,89809,4.60,0,0.0100,0.00642,117.2
DQN_UNIFORM_seed_1_1790609429,DQN_UNIFORM,1,1798,89865,4.50,0,0.0100,0.00634,117.3
DQN_UNIFORM_seed_1_1790609429,DQN_UNIFORM,1,1799,89922,4.60,0,0.0100,0.00560,117.4
DQN_UNIFORM_seed_1_1790609429,DQN_UNIFORM,1,1800,89976,4.30,0,0.0100,0.00753,117.5
DQN_UNIFORM_seed_1_1790609429,DQN_UNIFORM,1,1801,90026,3.90,0,0.0100,0.00956,117.6
DQN_UNIFORM_seed_1_1790609429,DQN_UNIFORM,1,1802,90076,3.90,0,0.0100,0.00785,117.7
DQN_UNIFORM_seed_1_1790609429,DQN_UNIFORM,1,1803,90134,4.70,0,0.0100,0.00560,117.8
DQN_UNIFORM_seed_1_1790609429,DQN_UNIFORM,1,1804,90191,4.60,0,0.0100,0.00615,117.9
DQN_UNIFORM_seed_1_1790609429,DQN_UNIFORM,1,1805,90241,3.90,0,0.0100,0.00561,117.9
DQN_UNIFORM_seed_1_1790609429,DQN_UNIFORM,1,1806,90291,3.90,0,0.0100,0.00490,118.0
DQN_UNIFORM_seed_1_1790609429,DQN_UNIFORM,1,1807,90344,4.20,0,0.0100,0.00545,118.1
DQN_UNIFORM_seed_1_1790609429,DQN_UNIFORM,1,1808,90394,3.90,0,0.0100,0.00617,118.2
DQN_UNIFORM_seed_1_1790609429,DQN_UNIFORM,1,1809,90448,4.30,0,0.0100,0.00933,118.2
DQN_UNIFORM_seed_1_1790609429,DQN_UNIFORM,1,1810,90498,3.90,0,0.0100,0.00488,118.3
DQN_UNIFORM_seed_1_1790609429,DQN_UNIFORM,1,1811,90548,3.90,0,0.0100,0.00695,118.4
DQN_UNIFORM_seed_1_1790609429,DQN_UNIFORM,1,1812,90598,3.90,0,0.0100,0.00675,118.4
DQN_UNIFORM_seed_1_1790609429,DQN_UNIFORM,1,1813,90648,3.90,0,0.0100,0.00737,118.5
DQN_UNIFORM_seed_1_1790609429,DQN_UNIFORM,1,1814,90698,3.90,0,0.0100,0.00463,118.6
DQN_UNIFORM_seed_1_1790609429,DQN_UNIFORM,1,1815,90748,3.90,0,0.0100,0.00611,118.6
DQN_UNIFORM_seed_1_1790609429,DQN_UNIFORM,1,1816,90803,4.40,0,0.0100,0.00743,118.7
DQN_UNIFORM_seed_1_1790609429,DQN_UNIFORM,1,1817,90853,3.90,0,0.0100,0.00798,118.8
DQN_UNIFORM_seed_1_1790609429,DQN_UNIFORM,1,1818,90903,3.90,0,0.0100,0.00924,118.9
DQN_UNIFORM_seed_1_1790609429,DQN_UNIFORM,1,1819,90955,4.10,0,0.0100,0.00650,118.9
DQN_UNIFORM_seed_1_1790609429,DQN_UNIFORM,1,1820,91005,3.90,0,0.0100,0.00429,119.0
DQN_UNIFORM_seed_1_1790609429,DQN_UNIFORM,1,1821,91055,3.90,0,0.0100,0.00722,119.1
DQN_UNIFORM_seed_1_1790609429,DQN_UNIFORM,1,1822,91105,3.90,0,0.0100,0.00829,119.1
DQN_UNIFORM_seed_1_1790609429,DQN_UNIFORM,1,1823,91159,4.30,0,0.0100,0.00832,119.2
DQN_UNIFORM_seed_1_1790609429,DQN_UNIFORM,1,1824,91213,4.30,0,0.0100,0.00422,119.3
DQN_UNIFORM_seed_1_1790609429,DQN_UNIFORM,1,1825,91263,3.90,0,0.0100,0.00698,119.4
DQN_UNIFORM_seed_1_1790609429,DQN_UNIFORM,1,1826,91317,4.30,0,0.0100,0.00909,119.4
DQN_UNIFORM_seed_1_1790609429,DQN_UNIFORM,1,1827,91369,4.10,0,0.0100,0.00952,119.5
DQN_UNIFORM_seed_1_1790609429,DQN_UNIFORM,1,1828,91424,4.40,0,0.0100,0.00525,119.6
DQN_UNIFORM_seed_1_1790609429,DQN_UNIFORM,1,1829,91478,4.30,0,0.0100,0.00583,119.7
DQN_UNIFORM_seed_1_1790609429,DQN_UNIFORM,1,1830,91528,3.90,0,0.0100,0.00513,119.7
DQN_UNIFORM_seed_1_1790609429,DQN_UNIFORM,1,1831,91578,3.90,0,0.0100,0.00708,119.8
DQN_UNIFORM_seed_1_1790609429,DQN_UNIFORM,1,1832,91628,3.90,0,0.0100,0.01282,119.9
DQN_UNIFORM_seed_1_1790609429,DQN_UNIFORM,1,1833,91679,4.00,0,0.0100,0.00672,120.0
DQN_UNIFORM_seed_1_1790609429,DQN_UNIFORM,1,1834,91729,3.90,0,0.0100,0.00552,120.0
DQN_UNIFORM_seed_1_1790609429,DQN_UNIFORM,1,1835,91785,4.50,0,0.0100,0.00442,120.1
DQN_UNIFORM_seed_1_1790609429,DQN_UNIFORM,1,1836,91835,3.90,0,0.0100,0.00956,120.2
DQN_UNIFORM_seed_1_1790609429,DQN_UNIFORM,1,1837,91888,4.20,0,0.0100,0.01023,120.2
DQN_UNIFORM_seed_1_1790609429,DQN_UNIFORM,1,1838,91938,3.90,0,0.0100,0.00725,120.3
DQN_UNIFORM_seed_1_1790609429,DQN_UNIFORM,1,1839,91988,-0.90,0,0.0100,0.00502,120.4
DQN_UNIFORM_seed_1_1790609429,DQN_UNIFORM,1,1840,92043,4.40,0,0.0100,0.00621,120.5
DQN_UNIFORM_seed_1_1790609429,DQN_UNIFORM,1,1841,92096,4.20,0,0.0100,0.00584,120.5
DQN_UNIFORM_seed_1_1790609429,DQN_UNIFORM,1,1842,92146,3.90,0,0.0100,0.00886,120.6
DQN_UNIFORM_seed_1_1790609429,DQN_UNIFORM,1,1843,92203,4.60,0,0.0100,0.00525,120.7
DQN_UNIFORM_seed_1_1790609429,DQN_UNIFORM,1,1844,92253,3.90,0,0.0100,0.00721,120.8
DQN_UNIFORM_seed_1_1790609429,DQN_UNIFORM,1,1845,92310,4.60,0,0.0100,0.00986,120.8
DQN_UNIFORM_seed_1_1790609429,DQN_UNIFORM,1,1846,92370,4.90,0,0.0100,0.00518,120.9
DQN_UNIFORM_seed_1_1790609429,DQN_UNIFORM,1,1847,92426,4.50,0,0.0100,0.00430,121.0
DQN_UNIFORM_seed_1_1790609429,DQN_UNIFORM,1,1848,92476,3.90,0,0.0100,0.00374,121.1
DQN_UNIFORM_seed_1_1790609429,DQN_UNIFORM,1,1849,92532,4.50,0,0.0100,0.00639,121.1
DQN_UNIFORM_seed_1_1790609429,DQN_UNIFORM,1,1850,92582,3.90,0,0.0100,0.00628,121.2
DQN_UNIFORM_seed_1_1790609429,DQN_UNIFORM,1,1851,92643,5.00,1,0.0100,0.00695,121.3
DQN_UNIFORM_seed_1_1790609429,DQN_UNIFORM,1,1852,92701,4.70,0,0.0100,0.00660,121.4
DQN_UNIFORM_seed_1_1790609429,DQN_UNIFORM,1,1853,92755,4.30,0,0.0100,0.00486,121.5
DQN_UNIFORM_seed_1_1790609429,DQN_UNIFORM,1,1854,92805,3.90,0,0.0100,0.00553,121.5
DQN_UNIFORM_seed_1_1790609429,DQN_UNIFORM,1,1855,92855,3.90,0,0.0100,0.00397,121.6
DQN_UNIFORM_seed_1_1790609429,DQN_UNIFORM,1,1856,92905,3.90,0,0.0100,0.00469,121.7
DQN_UNIFORM_seed_1_1790609429,DQN_UNIFORM,1,1857,92955,3.90,0,0.0100,0.00505,121.7
DQN_UNIFORM_seed_1_1790609429,DQN_UNIFORM,1,1858,93005,3.90,0,0.0100,0.00764,121.8
DQN_UNIFORM_seed_1_1790609429,DQN_UNIFORM,1,1859,93055,3.90,0,0.0100,0.01019,121.9
DQN_UNIFORM_seed_1_1790609429,DQN_UNIFORM,1,1860,93105,3.90,0,0.0100,0.00723,122.0
DQN_UNIFORM_seed_1_1790609429,DQN_UNIFORM,1,1861,93155,3.90,0,0.0100,0.00756,122.0
DQN_UNIFORM_seed_1_1790609429,DQN_UNIFORM,1,1862,93212,4.60,0,0.0100,0.00835,122.1
DQN_UNIFORM_seed_1_1790609429,DQN_UNIFORM,1,1863,93262,3.90,0,0.0100,0.00706,122.2
DQN_UNIFORM_seed_1_1790609429,DQN_UNIFORM,1,1864,93319,4.60,0,0.0100,0.00571,122.3
DQN_UNIFORM_seed_1_1790609429,DQN_UNIFORM,1,1865,93376,4.60,0,0.0100,0.00854,122.3
DQN_UNIFORM_seed_1_1790609429,DQN_UNIFORM,1,1866,93431,4.40,0,0.0100,0.00847,122.4
DQN_UNIFORM_seed_1_1790609429,DQN_UNIFORM,1,1867,93481,-4.50,0,0.0100,0.00632,122.5
DQN_UNIFORM_seed_1_1790609429,DQN_UNIFORM,1,1868,93531,3.90,0,0.0100,0.00695,122.5
DQN_UNIFORM_seed_1_1790609429,DQN_UNIFORM,1,1869,93581,-0.90,0,0.0100,0.00766,122.6
DQN_UNIFORM_seed_1_1790609429,DQN_UNIFORM,1,1870,93631,3.90,0,0.0100,0.00808,122.7
DQN_UNIFORM_seed_1_1790609429,DQN_UNIFORM,1,1871,93691,4.90,0,0.0100,0.00535,122.8
DQN_UNIFORM_seed_1_1790609429,DQN_UNIFORM,1,1872,93747,4.50,0,0.0100,0.00450,122.8
DQN_UNIFORM_seed_1_1790609429,DQN_UNIFORM,1,1873,93809,6.00,1,0.0100,0.00585,122.9
DQN_UNIFORM_seed_1_1790609429,DQN_UNIFORM,1,1874,93859,3.90,0,0.0100,0.00668,123.0
DQN_UNIFORM_seed_1_1790609429,DQN_UNIFORM,1,1875,93910,4.00,0,0.0100,0.01043,123.1
DQN_UNIFORM_seed_1_1790609429,DQN_UNIFORM,1,1876,93960,3.90,0,0.0100,0.00432,123.1
DQN_UNIFORM_seed_1_1790609429,DQN_UNIFORM,1,1877,94021,5.00,1,0.0100,0.00617,123.2
DQN_UNIFORM_seed_1_1790609429,DQN_UNIFORM,1,1878,94078,4.60,0,0.0100,0.00643,123.3
DQN_UNIFORM_seed_1_1790609429,DQN_UNIFORM,1,1879,94130,4.10,0,0.0100,0.00583,123.4
DQN_UNIFORM_seed_1_1790609429,DQN_UNIFORM,1,1880,94180,3.90,0,0.0100,0.00438,123.5
DQN_UNIFORM_seed_1_1790609429,DQN_UNIFORM,1,1881,94238,4.70,0,0.0100,0.00597,123.5
DQN_UNIFORM_seed_1_1790609429,DQN_UNIFORM,1,1882,94294,4.50,0,0.0100,0.00415,123.6
DQN_UNIFORM_seed_1_1790609429,DQN_UNIFORM,1,1883,94344,3.90,0,0.0100,0.00676,123.7
DQN_UNIFORM_seed_1_1790609429,DQN_UNIFORM,1,1884,94400,4.50,0,0.0100,0.00661,123.8
DQN_UNIFORM_seed_1_1790609429,DQN_UNIFORM,1,1885,94450,3.90,0,0.0100,0.00763,123.8
DQN_UNIFORM_seed_1_1790609429,DQN_UNIFORM,1,1886,94508,4.70,0,0.0100,0.00390,123.9
DQN_UNIFORM_seed_1_1790609429,DQN_UNIFORM,1,1887,94562,4.30,0,0.0100,0.00514,124.0
DQN_UNIFORM_seed_1_1790609429,DQN_UNIFORM,1,1888,94612,3.90,0,0.0100,0.00588,124.1
DQN_UNIFORM_seed_1_1790609429,DQN_UNIFORM,1,1889,94662,-6.30,0,0.0100,0.00606,124.1
DQN_UNIFORM_seed_1_1790609429,DQN_UNIFORM,1,1890,94712,-2.70,0,0.0100,0.00800,124.2
DQN_UNIFORM_seed_1_1790609429,DQN_UNIFORM,1,1891,94762,3.90,0,0.0100,0.01021,124.3
DQN_UNIFORM_seed_1_1790609429,DQN_UNIFORM,1,1892,94819,4.60,0,0.0100,0.00981,124.4
DQN_UNIFORM_seed_1_1790609429,DQN_UNIFORM,1,1893,94869,3.90,0,0.0100,0.00527,124.4
DQN_UNIFORM_seed_1_1790609429,DQN_UNIFORM,1,1894,94919,3.90,0,0.0100,0.00661,124.5
DQN_UNIFORM_seed_1_1790609429,DQN_UNIFORM,1,1895,94969,3.90,0,0.0100,0.00499,124.6
DQN_UNIFORM_seed_1_1790609429,DQN_UNIFORM,1,1896,95019,3.90,0,0.0100,0.00606,124.7
DQN_UNIFORM_seed_1_1790609429,DQN_UNIFORM,1,1897,95075,4.50,0,0.0100,0.00711,124.8
DQN_UNIFORM_seed_1_1790609429,DQN_UNIFORM,1,1898,95125,3.90,0,0.0100,0.00713,124.9
DQN_UNIFORM_seed_1_1790609429,DQN_UNIFORM,1,1899,95175,3.90,0,0.0100,0.00415,125.0
DQN_UNIFORM_seed_1_1790609429,DQN_UNIFORM,1,1900,95228,4.20,0,0.0100,0.00563,125.0
DQN_UNIFORM_seed_1_1790609429,DQN_UNIFORM,1,1901,95285,4.60,0,0.0100,0.00615,125.1
DQN_UNIFORM_seed_1_1790609429,DQN_UNIFORM,1,1902,95335,3.90,0,0.0100,0.00815,125.2
DQN_UNIFORM_seed_1_1790609429,DQN_UNIFORM,1,1903,95385,3.90,0,0.0100,0.00619,125.2
DQN_UNIFORM_seed_1_1790609429,DQN_UNIFORM,1,1904,95440,4.40,0,0.0100,0.00822,125.3
DQN_UNIFORM_seed_1_1790609429,DQN_UNIFORM,1,1905,95495,4.40,0,0.0100,0.00709,125.4
DQN_UNIFORM_seed_1_1790609429,DQN_UNIFORM,1,1906,95545,3.90,0,0.0100,0.00601,125.5
DQN_UNIFORM_seed_1_1790609429,DQN_UNIFORM,1,1907,95601,4.50,0,0.0100,0.00507,125.5
DQN_UNIFORM_seed_1_1790609429,DQN_UNIFORM,1,1908,95654,4.20,0,0.0100,0.00662,125.6
DQN_UNIFORM_seed_1_1790609429,DQN_UNIFORM,1,1909,95704,3.90,0,0.0100,0.00595,125.7
DQN_UNIFORM_seed_1_1790609429,DQN_UNIFORM,1,1910,95754,3.90,0,0.0100,0.00536,125.8
DQN_UNIFORM_seed_1_1790609429,DQN_UNIFORM,1,1911,95810,4.50,0,0.0100,0.00663,125.8
DQN_UNIFORM_seed_1_1790609429,DQN_UNIFORM,1,1912,95860,3.90,0,0.0100,0.00337,125.9
DQN_UNIFORM_seed_1_1790609429,DQN_UNIFORM,1,1913,95916,4.50,0,0.0100,0.00576,126.0
DQN_UNIFORM_seed_1_1790609429,DQN_UNIFORM,1,1914,95971,4.40,0,0.0100,0.00579,126.1
DQN_UNIFORM_seed_1_1790609429,DQN_UNIFORM,1,1915,96021,3.90,0,0.0100,0.00709,126.1
DQN_UNIFORM_seed_1_1790609429,DQN_UNIFORM,1,1916,96079,4.70,0,0.0100,0.00860,126.2
DQN_UNIFORM_seed_1_1790609429,DQN_UNIFORM,1,1917,96129,3.90,0,0.0100,0.00555,126.3
DQN_UNIFORM_seed_1_1790609429,DQN_UNIFORM,1,1918,96179,2.70,0,0.0100,0.00719,126.4
DQN_UNIFORM_seed_1_1790609429,DQN_UNIFORM,1,1919,96229,3.90,0,0.0100,0.00801,126.4
DQN_UNIFORM_seed_1_1790609429,DQN_UNIFORM,1,1920,96279,3.90,0,0.0100,0.00442,126.5
DQN_UNIFORM_seed_1_1790609429,DQN_UNIFORM,1,1921,96340,5.00,1,0.0100,0.01209,126.6
DQN_UNIFORM_seed_1_1790609429,DQN_UNIFORM,1,1922,96390,3.90,0,0.0100,0.00665,126.7
DQN_UNIFORM_seed_1_1790609429,DQN_UNIFORM,1,1923,96440,3.90,0,0.0100,0.00337,126.7
DQN_UNIFORM_seed_1_1790609429,DQN_UNIFORM,1,1924,96492,4.10,0,0.0100,0.00760,126.8
DQN_UNIFORM_seed_1_1790609429,DQN_UNIFORM,1,1925,96542,3.90,0,0.0100,0.00616,126.9
DQN_UNIFORM_seed_1_1790609429,DQN_UNIFORM,1,1926,96601,4.80,0,0.0100,0.00571,127.0
DQN_UNIFORM_seed_1_1790609429,DQN_UNIFORM,1,1927,96654,4.20,0,0.0100,0.00900,127.0
DQN_UNIFORM_seed_1_1790609429,DQN_UNIFORM,1,1928,96705,4.00,0,0.0100,0.00717,127.1
DQN_UNIFORM_seed_1_1790609429,DQN_UNIFORM,1,1929,96755,3.90,0,0.0100,0.00681,127.2
DQN_UNIFORM_seed_1_1790609429,DQN_UNIFORM,1,1930,96805,3.90,0,0.0100,0.00330,127.2
DQN_UNIFORM_seed_1_1790609429,DQN_UNIFORM,1,1931,96855,3.90,0,0.0100,0.00370,127.3
DQN_UNIFORM_seed_1_1790609429,DQN_UNIFORM,1,1932,96905,3.90,0,0.0100,0.00609,127.4
DQN_UNIFORM_seed_1_1790609429,DQN_UNIFORM,1,1933,96955,3.90,0,0.0100,0.00434,127.5
DQN_UNIFORM_seed_1_1790609429,DQN_UNIFORM,1,1934,97011,4.50,0,0.0100,0.00475,127.5
DQN_UNIFORM_seed_1_1790609429,DQN_UNIFORM,1,1935,97061,3.90,0,0.0100,0.00569,127.6
DQN_UNIFORM_seed_1_1790609429,DQN_UNIFORM,1,1936,97111,3.90,0,0.0100,0.00499,127.7
DQN_UNIFORM_seed_1_1790609429,DQN_UNIFORM,1,1937,97161,3.90,0,0.0100,0.00364,127.7
DQN_UNIFORM_seed_1_1790609429,DQN_UNIFORM,1,1938,97214,4.20,0,0.0100,0.00470,127.8
DQN_UNIFORM_seed_1_1790609429,DQN_UNIFORM,1,1939,97264,3.90,0,0.0100,0.00698,127.9
DQN_UNIFORM_seed_1_1790609429,DQN_UNIFORM,1,1940,97314,3.90,0,0.0100,0.00477,128.0
DQN_UNIFORM_seed_1_1790609429,DQN_UNIFORM,1,1941,97364,3.90,0,0.0100,0.00632,128.0
DQN_UNIFORM_seed_1_1790609429,DQN_UNIFORM,1,1942,97420,4.50,0,0.0100,0.00604,128.1
DQN_UNIFORM_seed_1_1790609429,DQN_UNIFORM,1,1943,97470,3.90,0,0.0100,0.00764,128.2
DQN_UNIFORM_seed_1_1790609429,DQN_UNIFORM,1,1944,97520,3.90,0,0.0100,0.00800,128.2
DQN_UNIFORM_seed_1_1790609429,DQN_UNIFORM,1,1945,97570,3.90,0,0.0100,0.00490,128.3
DQN_UNIFORM_seed_1_1790609429,DQN_UNIFORM,1,1946,97620,3.90,0,0.0100,0.00460,128.4
DQN_UNIFORM_seed_1_1790609429,DQN_UNIFORM,1,1947,97673,4.20,0,0.0100,0.00505,128.5
DQN_UNIFORM_seed_1_1790609429,DQN_UNIFORM,1,1948,97723,3.90,0,0.0100,0.00448,128.5
DQN_UNIFORM_seed_1_1790609429,DQN_UNIFORM,1,1949,97773,3.90,0,0.0100,0.00502,128.6
DQN_UNIFORM_seed_1_1790609429,DQN_UNIFORM,1,1950,97829,4.50,0,0.0100,0.00625,128.7
DQN_UNIFORM_seed_1_1790609429,DQN_UNIFORM,1,1951,97883,4.30,0,0.0100,0.00761,128.8
DQN_UNIFORM_seed_1_1790609429,DQN_UNIFORM,1,1952,97933,3.90,0,0.0100,0.00765,128.8
DQN_UNIFORM_seed_1_1790609429,DQN_UNIFORM,1,1953,97983,3.90,0,0.0100,0.00529,128.9
DQN_UNIFORM_seed_1_1790609429,DQN_UNIFORM,1,1954,98033,3.90,0,0.0100,0.00575,129.0
DQN_UNIFORM_seed_1_1790609429,DQN_UNIFORM,1,1955,98085,4.10,0,0.0100,0.00966,129.0
DQN_UNIFORM_seed_1_1790609429,DQN_UNIFORM,1,1956,98135,3.90,0,0.0100,0.00719,129.1
DQN_UNIFORM_seed_1_1790609429,DQN_UNIFORM,1,1957,98194,4.80,0,0.0100,0.00691,129.2
DQN_UNIFORM_seed_1_1790609429,DQN_UNIFORM,1,1958,98244,3.90,0,0.0100,0.00540,129.3
DQN_UNIFORM_seed_1_1790609429,DQN_UNIFORM,1,1959,98305,5.00,1,0.0100,0.00539,129.4
DQN_UNIFORM_seed_1_1790609429,DQN_UNIFORM,1,1960,98365,4.90,0,0.0100,0.00511,129.4
DQN_UNIFORM_seed_1_1790609429,DQN_UNIFORM,1,1961,98415,3.90,0,0.0100,0.00650,129.5
DQN_UNIFORM_seed_1_1790609429,DQN_UNIFORM,1,1962,98474,4.80,0,0.0100,0.00700,129.6
DQN_UNIFORM_seed_1_1790609429,DQN_UNIFORM,1,1963,98533,4.80,0,0.0100,0.00612,129.7
DQN_UNIFORM_seed_1_1790609429,DQN_UNIFORM,1,1964,98583,3.90,0,0.0100,0.00526,129.7
DQN_UNIFORM_seed_1_1790609429,DQN_UNIFORM,1,1965,98633,3.90,0,0.0100,0.00710,129.8
DQN_UNIFORM_seed_1_1790609429,DQN_UNIFORM,1,1966,98683,3.90,0,0.0100,0.00897,129.9
DQN_UNIFORM_seed_1_1790609429,DQN_UNIFORM,1,1967,98733,3.90,0,0.0100,0.00406,130.0
DQN_UNIFORM_seed_1_1790609429,DQN_UNIFORM,1,1968,98783,3.90,0,0.0100,0.00774,130.0
DQN_UNIFORM_seed_1_1790609429,DQN_UNIFORM,1,1969,98833,3.90,0,0.0100,0.00631,130.1
DQN_UNIFORM_seed_1_1790609429,DQN_UNIFORM,1,1970,98886,4.20,0,0.0100,0.00600,130.2
DQN_UNIFORM_seed_1_1790609429,DQN_UNIFORM,1,1971,98936,3.90,0,0.0100,0.00557,130.2
DQN_UNIFORM_seed_1_1790609429,DQN_UNIFORM,1,1972,98986,3.90,0,0.0100,0.00654,130.3
DQN_UNIFORM_seed_1_1790609429,DQN_UNIFORM,1,1973,99044,4.70,0,0.0100,0.00642,130.4
DQN_UNIFORM_seed_1_1790609429,DQN_UNIFORM,1,1974,99094,3.90,0,0.0100,0.00717,130.5
DQN_UNIFORM_seed_1_1790609429,DQN_UNIFORM,1,1975,99144,3.90,0,0.0100,0.00461,130.5
DQN_UNIFORM_seed_1_1790609429,DQN_UNIFORM,1,1976,99195,4.00,0,0.0100,0.00487,130.6
DQN_UNIFORM_seed_1_1790609429,DQN_UNIFORM,1,1977,99246,4.00,0,0.0100,0.00492,130.7
DQN_UNIFORM_seed_1_1790609429,DQN_UNIFORM,1,1978,99301,4.40,0,0.0100,0.00595,130.8
DQN_UNIFORM_seed_1_1790609429,DQN_UNIFORM,1,1979,99351,3.90,0,0.0100,0.00743,130.8
DQN_UNIFORM_seed_1_1790609429,DQN_UNIFORM,1,1980,99402,4.00,0,0.0100,0.00390,130.9
DQN_UNIFORM_seed_1_1790609429,DQN_UNIFORM,1,1981,99459,4.60,0,0.0100,0.00548,131.0
DQN_UNIFORM_seed_1_1790609429,DQN_UNIFORM,1,1982,99509,3.90,0,0.0100,0.00576,131.1
DQN_UNIFORM_seed_1_1790609429,DQN_UNIFORM,1,1983,99569,4.90,0,0.0100,0.00964,131.1
DQN_UNIFORM_seed_1_1790609429,DQN_UNIFORM,1,1984,99619,3.90,0,0.0100,0.00473,131.2
DQN_UNIFORM_seed_1_1790609429,DQN_UNIFORM,1,1985,99669,3.90,0,0.0100,0.00757,131.3
DQN_UNIFORM_seed_1_1790609429,DQN_UNIFORM,1,1986,99729,4.90,0,0.0100,0.00907,131.4
DQN_UNIFORM_seed_1_1790609429,DQN_UNIFORM,1,1987,99779,3.90,0,0.0100,0.00510,131.4
DQN_UNIFORM_seed_1_1790609429,DQN_UNIFORM,1,1988,99829,3.90,0,0.0100,0.00676,131.5
DQN_UNIFORM_seed_1_1790609429,DQN_UNIFORM,1,1989,99885,4.50,0,0.0100,0.00787,131.6
DQN_UNIFORM_seed_1_1790609429,DQN_UNIFORM,1,1990,99935,3.90,0,0.0100,0.00642,131.7
DQN_UNIFORM_seed_1_1790609429,DQN_UNIFORM,1,1991,99985,3.90,0,0.0100,0.00576,131.7
DQN_UNIFORM_seed_1_1790609429,DQN_UNIFORM,1,1992,100035,3.90,0,0.0100,0.00499,131.9
DQN_UNIFORM_seed_1_1790609429,DQN_UNIFORM,1,1993,100085,3.90,0,0.0100,0.00813,132.0
DQN_UNIFORM_seed_1_1790609429,DQN_UNIFORM,1,1994,100135,3.90,0,0.0100,0.00659,132.0
DQN_UNIFORM_seed_1_1790609429,DQN_UNIFORM,1,1995,100196,5.00,1,0.0100,0.00646,132.1
DQN_UNIFORM_seed_1_1790609429,DQN_UNIFORM,1,1996,100246,3.90,0,0.0100,0.00633,132.2
DQN_UNIFORM_seed_1_1790609429,DQN_UNIFORM,1,1997,100296,3.90,0,0.0100,0.00546,132.3
DQN_UNIFORM_seed_1_1790609429,DQN_UNIFORM,1,1998,100346,3.90,0,0.0100,0.00530,132.3
DQN_UNIFORM_seed_1_1790609429,DQN_UNIFORM,1,1999,100406,4.90,0,0.0100,0.00618,132.4
DQN_UNIFORM_seed_1_1790609429,DQN_UNIFORM,1,2000,100464,4.70,0,0.0100,0.00416,132.5
DQN_UNIFORM_seed_1_1790609429,DQN_UNIFORM,1,2001,100514,3.90,0,0.0100,0.00614,132.6
DQN_UNIFORM_seed_1_1790609429,DQN_UNIFORM,1,2002,100564,3.90,0,0.0100,0.00470,132.6
DQN_UNIFORM_seed_1_1790609429,DQN_UNIFORM,1,2003,100624,4.90,0,0.0100,0.00864,132.7
DQN_UNIFORM_seed_1_1790609429,DQN_UNIFORM,1,2004,100675,4.00,0,0.0100,0.00442,132.8
DQN_UNIFORM_seed_1_1790609429,DQN_UNIFORM,1,2005,100725,3.90,0,0.0100,0.00505,132.9
DQN_UNIFORM_seed_1_1790609429,DQN_UNIFORM,1,2006,100775,3.90,0,0.0100,0.00584,132.9
DQN_UNIFORM_seed_1_1790609429,DQN_UNIFORM,1,2007,100825,3.90,0,0.0100,0.00376,133.0
DQN_UNIFORM_seed_1_1790609429,DQN_UNIFORM,1,2008,100875,3.90,0,0.0100,0.00555,133.1
DQN_UNIFORM_seed_1_1790609429,DQN_UNIFORM,1,2009,100930,4.40,0,0.0100,0.00595,133.2
DQN_UNIFORM_seed_1_1790609429,DQN_UNIFORM,1,2010,100980,3.90,0,0.0100,0.00665,133.2
DQN_UNIFORM_seed_1_1790609429,DQN_UNIFORM,1,2011,101030,3.90,0,0.0100,0.00335,133.3
DQN_UNIFORM_seed_1_1790609429,DQN_UNIFORM,1,2012,101080,3.90,0,0.0100,0.00777,133.4
DQN_UNIFORM_seed_1_1790609429,DQN_UNIFORM,1,2013,101130,3.90,0,0.0100,0.00592,133.4
DQN_UNIFORM_seed_1_1790609429,DQN_UNIFORM,1,2014,101180,3.90,0,0.0100,0.00715,133.5
DQN_UNIFORM_seed_1_1790609429,DQN_UNIFORM,1,2015,101231,4.00,0,0.0100,0.00588,133.6
DQN_UNIFORM_seed_1_1790609429,DQN_UNIFORM,1,2016,101281,3.90,0,0.0100,0.00581,133.7
DQN_UNIFORM_seed_1_1790609429,DQN_UNIFORM,1,2017,101338,4.60,0,0.0100,0.00358,133.7
DQN_UNIFORM_seed_1_1790609429,DQN_UNIFORM,1,2018,101394,4.50,0,0.0100,0.00584,133.8
DQN_UNIFORM_seed_1_1790609429,DQN_UNIFORM,1,2019,101444,3.90,0,0.0100,0.00375,133.9
DQN_UNIFORM_seed_1_1790609429,DQN_UNIFORM,1,2020,101498,4.30,0,0.0100,0.00763,134.0
DQN_UNIFORM_seed_1_1790609429,DQN_UNIFORM,1,2021,101548,3.90,0,0.0100,0.00689,134.0
DQN_UNIFORM_seed_1_1790609429,DQN_UNIFORM,1,2022,101598,3.90,0,0.0100,0.00945,134.1
DQN_UNIFORM_seed_1_1790609429,DQN_UNIFORM,1,2023,101651,4.20,0,0.0100,0.00654,134.2
DQN_UNIFORM_seed_1_1790609429,DQN_UNIFORM,1,2024,101704,4.20,0,0.0100,0.00423,134.3
DQN_UNIFORM_seed_1_1790609429,DQN_UNIFORM,1,2025,101754,3.90,0,0.0100,0.00696,134.3
DQN_UNIFORM_seed_1_1790609429,DQN_UNIFORM,1,2026,101804,3.90,0,0.0100,0.00359,134.4
DQN_UNIFORM_seed_1_1790609429,DQN_UNIFORM,1,2027,101861,4.60,0,0.0100,0.00338,134.5
DQN_UNIFORM_seed_1_1790609429,DQN_UNIFORM,1,2028,101920,4.80,0,0.0100,0.00728,134.6
DQN_UNIFORM_seed_1_1790609429,DQN_UNIFORM,1,2029,101975,4.40,0,0.0100,0.00563,134.7
DQN_UNIFORM_seed_1_1790609429,DQN_UNIFORM,1,2030,102025,3.90,0,0.0100,0.00862,134.7
DQN_UNIFORM_seed_1_1790609429,DQN_UNIFORM,1,2031,102075,3.90,0,0.0100,0.01278,134.8
DQN_UNIFORM_seed_1_1790609429,DQN_UNIFORM,1,2032,102125,3.90,0,0.0100,0.00993,134.9
DQN_UNIFORM_seed_1_1790609429,DQN_UNIFORM,1,2033,102179,4.30,0,0.0100,0.00633,135.0
DQN_UNIFORM_seed_1_1790609429,DQN_UNIFORM,1,2034,102231,4.10,0,0.0100,0.00664,135.0
DQN_UNIFORM_seed_1_1790609429,DQN_UNIFORM,1,2035,102281,3.90,0,0.0100,0.00633,135.1
DQN_UNIFORM_seed_1_1790609429,DQN_UNIFORM,1,2036,102331,3.90,0,0.0100,0.01335,135.2
DQN_UNIFORM_seed_1_1790609429,DQN_UNIFORM,1,2037,102389,4.70,0,0.0100,0.00633,135.3
DQN_UNIFORM_seed_1_1790609429,DQN_UNIFORM,1,2038,102439,3.90,0,0.0100,0.00578,135.3
DQN_UNIFORM_seed_1_1790609429,DQN_UNIFORM,1,2039,102494,4.40,0,0.0100,0.00709,135.4
DQN_UNIFORM_seed_1_1790609429,DQN_UNIFORM,1,2040,102544,3.90,0,0.0100,0.00665,135.5
DQN_UNIFORM_seed_1_1790609429,DQN_UNIFORM,1,2041,102594,3.90,0,0.0100,0.00482,135.6
DQN_UNIFORM_seed_1_1790609429,DQN_UNIFORM,1,2042,102644,3.90,0,0.0100,0.00790,135.6
DQN_UNIFORM_seed_1_1790609429,DQN_UNIFORM,1,2043,102694,3.90,0,0.0100,0.00382,135.7
DQN_UNIFORM_seed_1_1790609429,DQN_UNIFORM,1,2044,102746,4.10,0,0.0100,0.00507,135.8
DQN_UNIFORM_seed_1_1790609429,DQN_UNIFORM,1,2045,102798,4.10,0,0.0100,0.00478,135.8
DQN_UNIFORM_seed_1_1790609429,DQN_UNIFORM,1,2046,102849,4.00,0,0.0100,0.00686,135.9
DQN_UNIFORM_seed_1_1790609429,DQN_UNIFORM,1,2047,102899,3.90,0,0.0100,0.00627,136.0
DQN_UNIFORM_seed_1_1790609429,DQN_UNIFORM,1,2048,102955,4.50,0,0.0100,0.00698,136.1
DQN_UNIFORM_seed_1_1790609429,DQN_UNIFORM,1,2049,103011,4.50,0,0.0100,0.00644,136.1
DQN_UNIFORM_seed_1_1790609429,DQN_UNIFORM,1,2050,103061,3.90,0,0.0100,0.00947,136.2
DQN_UNIFORM_seed_1_1790609429,DQN_UNIFORM,1,2051,103111,3.90,0,0.0100,0.00476,136.3
DQN_UNIFORM_seed_1_1790609429,DQN_UNIFORM,1,2052,103161,3.90,0,0.0100,0.00598,136.4
DQN_UNIFORM_seed_1_1790609429,DQN_UNIFORM,1,2053,103216,4.40,0,0.0100,0.00411,136.4
DQN_UNIFORM_seed_1_1790609429,DQN_UNIFORM,1,2054,103270,4.30,0,0.0100,0.00648,136.5
DQN_UNIFORM_seed_1_1790609429,DQN_UNIFORM,1,2055,103320,3.90,0,0.0100,0.01049,136.6
DQN_UNIFORM_seed_1_1790609429,DQN_UNIFORM,1,2056,103374,4.30,0,0.0100,0.00545,136.7
DQN_UNIFORM_seed_1_1790609429,DQN_UNIFORM,1,2057,103424,3.90,0,0.0100,0.00263,136.7
DQN_UNIFORM_seed_1_1790609429,DQN_UNIFORM,1,2058,103477,4.20,0,0.0100,0.00620,136.8
DQN_UNIFORM_seed_1_1790609429,DQN_UNIFORM,1,2059,103527,3.90,0,0.0100,0.00829,136.9
DQN_UNIFORM_seed_1_1790609429,DQN_UNIFORM,1,2060,103577,3.90,0,0.0100,0.00798,136.9
DQN_UNIFORM_seed_1_1790609429,DQN_UNIFORM,1,2061,103627,3.90,0,0.0100,0.00368,137.0
DQN_UNIFORM_seed_1_1790609429,DQN_UNIFORM,1,2062,103679,4.10,0,0.0100,0.00592,137.1
DQN_UNIFORM_seed_1_1790609429,DQN_UNIFORM,1,2063,103739,4.90,0,0.0100,0.00597,137.2
DQN_UNIFORM_seed_1_1790609429,DQN_UNIFORM,1,2064,103789,3.90,0,0.0100,0.00658,137.3
DQN_UNIFORM_seed_1_1790609429,DQN_UNIFORM,1,2065,103846,4.60,0,0.0100,0.00776,137.3
DQN_UNIFORM_seed_1_1790609429,DQN_UNIFORM,1,2066,103897,4.00,0,0.0100,0.00671,137.4
DQN_UNIFORM_seed_1_1790609429,DQN_UNIFORM,1,2067,103947,3.90,0,0.0100,0.00398,137.5
DQN_UNIFORM_seed_1_1790609429,DQN_UNIFORM,1,2068,103997,3.90,0,0.0100,0.00884,137.5
DQN_UNIFORM_seed_1_1790609429,DQN_UNIFORM,1,2069,104051,4.30,0,0.0100,0.00785,137.6
DQN_UNIFORM_seed_1_1790609429,DQN_UNIFORM,1,2070,104105,4.30,0,0.0100,0.00663,137.7
DQN_UNIFORM_seed_1_1790609429,DQN_UNIFORM,1,2071,104162,4.60,0,0.0100,0.00777,137.8
DQN_UNIFORM_seed_1_1790609429,DQN_UNIFORM,1,2072,104215,4.20,0,0.0100,0.00767,137.9
DQN_UNIFORM_seed_1_1790609429,DQN_UNIFORM,1,2073,104265,3.90,0,0.0100,0.00662,137.9
DQN_UNIFORM_seed_1_1790609429,DQN_UNIFORM,1,2074,104320,4.40,0,0.0100,0.00458,138.0
DQN_UNIFORM_seed_1_1790609429,DQN_UNIFORM,1,2075,104370,3.90,0,0.0100,0.00536,138.1
DQN_UNIFORM_seed_1_1790609429,DQN_UNIFORM,1,2076,104426,4.50,0,0.0100,0.00755,138.2
DQN_UNIFORM_seed_1_1790609429,DQN_UNIFORM,1,2077,104476,3.90,0,0.0100,0.00634,138.2
DQN_UNIFORM_seed_1_1790609429,DQN_UNIFORM,1,2078,104527,4.00,0,0.0100,0.00340,138.3
DQN_UNIFORM_seed_1_1790609429,DQN_UNIFORM,1,2079,104587,4.90,0,0.0100,0.00379,138.4
DQN_UNIFORM_seed_1_1790609429,DQN_UNIFORM,1,2080,104637,3.90,0,0.0100,0.00468,138.5
DQN_UNIFORM_seed_1_1790609429,DQN_UNIFORM,1,2081,104694,4.60,0,0.0100,0.00248,138.5
DQN_UNIFORM_seed_1_1790609429,DQN_UNIFORM,1,2082,104744,3.90,0,0.0100,0.00384,138.6
DQN_UNIFORM_seed_1_1790609429,DQN_UNIFORM,1,2083,104804,4.90,0,0.0100,0.00616,138.7
DQN_UNIFORM_seed_1_1790609429,DQN_UNIFORM,1,2084,104854,3.90,0,0.0100,0.00927,138.8
DQN_UNIFORM_seed_1_1790609429,DQN_UNIFORM,1,2085,104908,4.30,0,0.0100,0.00551,138.8
DQN_UNIFORM_seed_1_1790609429,DQN_UNIFORM,1,2086,104958,3.90,0,0.0100,0.00288,138.9
DQN_UNIFORM_seed_1_1790609429,DQN_UNIFORM,1,2087,105008,3.90,0,0.0100,0.00866,139.1
DQN_UNIFORM_seed_1_1790609429,DQN_UNIFORM,1,2088,105058,3.90,0,0.0100,0.00451,139.1
DQN_UNIFORM_seed_1_1790609429,DQN_UNIFORM,1,2089,105118,4.90,0,0.0100,0.00482,139.2
DQN_UNIFORM_seed_1_1790609429,DQN_UNIFORM,1,2090,105168,3.90,0,0.0100,0.00619,139.3
DQN_UNIFORM_seed_1_1790609429,DQN_UNIFORM,1,2091,105218,3.90,0,0.0100,0.00788,139.4
DQN_UNIFORM_seed_1_1790609429,DQN_UNIFORM,1,2092,105272,4.30,0,0.0100,0.00396,139.4
DQN_UNIFORM_seed_1_1790609429,DQN_UNIFORM,1,2093,105322,3.90,0,0.0100,0.00302,139.5
DQN_UNIFORM_seed_1_1790609429,DQN_UNIFORM,1,2094,105372,3.90,0,0.0100,0.00514,139.6
DQN_UNIFORM_seed_1_1790609429,DQN_UNIFORM,1,2095,105422,3.90,0,0.0100,0.00429,139.7
DQN_UNIFORM_seed_1_1790609429,DQN_UNIFORM,1,2096,105483,5.00,1,0.0100,0.00580,139.7
DQN_UNIFORM_seed_1_1790609429,DQN_UNIFORM,1,2097,105545,6.00,1,0.0100,0.00548,139.8
DQN_UNIFORM_seed_1_1790609429,DQN_UNIFORM,1,2098,105595,3.90,0,0.0100,0.00520,139.9
DQN_UNIFORM_seed_1_1790609429,DQN_UNIFORM,1,2099,105645,3.90,0,0.0100,0.00384,140.0
DQN_UNIFORM_seed_1_1790609429,DQN_UNIFORM,1,2100,105704,4.80,0,0.0100,0.00769,140.1
DQN_UNIFORM_seed_1_1790609429,DQN_UNIFORM,1,2101,105754,3.90,0,0.0100,0.00645,140.1
DQN_UNIFORM_seed_1_1790609429,DQN_UNIFORM,1,2102,105810,4.50,0,0.0100,0.00333,140.2
DQN_UNIFORM_seed_1_1790609429,DQN_UNIFORM,1,2103,105860,3.90,0,0.0100,0.00707,140.3
DQN_UNIFORM_seed_1_1790609429,DQN_UNIFORM,1,2104,105915,4.40,0,0.0100,0.00782,140.4
DQN_UNIFORM_seed_1_1790609429,DQN_UNIFORM,1,2105,105971,4.50,0,0.0100,0.00404,140.4
DQN_UNIFORM_seed_1_1790609429,DQN_UNIFORM,1,2106,106021,3.90,0,0.0100,0.00525,140.5
DQN_UNIFORM_seed_1_1790609429,DQN_UNIFORM,1,2107,106071,3.90,0,0.0100,0.00402,140.6
DQN_UNIFORM_seed_1_1790609429,DQN_UNIFORM,1,2108,106130,4.80,0,0.0100,0.00662,140.7
DQN_UNIFORM_seed_1_1790609429,DQN_UNIFORM,1,2109,106184,4.30,0,0.0100,0.00325,140.7
DQN_UNIFORM_seed_1_1790609429,DQN_UNIFORM,1,2110,106238,4.30,0,0.0100,0.00399,140.8
DQN_UNIFORM_seed_1_1790609429,DQN_UNIFORM,1,2111,106295,4.60,0,0.0100,0.00694,140.9
DQN_UNIFORM_seed_1_1790609429,DQN_UNIFORM,1,2112,106349,4.30,0,0.0100,0.00383,141.0
DQN_UNIFORM_seed_1_1790609429,DQN_UNIFORM,1,2113,106399,3.90,0,0.0100,0.00465,141.1
DQN_UNIFORM_seed_1_1790609429,DQN_UNIFORM,1,2114,106457,4.70,0,0.0100,0.00359,141.1
DQN_UNIFORM_seed_1_1790609429,DQN_UNIFORM,1,2115,106521,6.20,1,0.0100,0.00262,141.2
DQN_UNIFORM_seed_1_1790609429,DQN_UNIFORM,1,2116,106571,3.90,0,0.0100,0.00736,141.3
DQN_UNIFORM_seed_1_1790609429,DQN_UNIFORM,1,2117,106621,3.90,0,0.0100,0.00861,141.4
DQN_UNIFORM_seed_1_1790609429,DQN_UNIFORM,1,2118,106671,3.90,0,0.0100,0.00389,141.4
DQN_UNIFORM_seed_1_1790609429,DQN_UNIFORM,1,2119,106728,4.60,0,0.0100,0.00541,141.5
DQN_UNIFORM_seed_1_1790609429,DQN_UNIFORM,1,2120,106786,4.70,0,0.0100,0.00646,141.6
DQN_UNIFORM_seed_1_1790609429,DQN_UNIFORM,1,2121,106836,3.90,0,0.0100,0.00516,141.7
DQN_UNIFORM_seed_1_1790609429,DQN_UNIFORM,1,2122,106895,4.80,0,0.0100,0.00470,141.8
DQN_UNIFORM_seed_1_1790609429,DQN_UNIFORM,1,2123,106946,4.00,0,0.0100,0.00513,141.8
DQN_UNIFORM_seed_1_1790609429,DQN_UNIFORM,1,2124,107006,4.90,0,0.0100,0.00693,141.9
DQN_UNIFORM_seed_1_1790609429,DQN_UNIFORM,1,2125,107067,5.00,1,0.0100,0.00552,142.0
DQN_UNIFORM_seed_1_1790609429,DQN_UNIFORM,1,2126,107117,3.90,0,0.0100,0.00592,142.1
DQN_UNIFORM_seed_1_1790609429,DQN_UNIFORM,1,2127,107171,4.30,0,0.0100,0.00639,142.2
DQN_UNIFORM_seed_1_1790609429,DQN_UNIFORM,1,2128,107221,3.90,0,0.0100,0.00668,142.2
DQN_UNIFORM_seed_1_1790609429,DQN_UNIFORM,1,2129,107273,4.10,0,0.0100,0.00444,142.3
DQN_UNIFORM_seed_1_1790609429,DQN_UNIFORM,1,2130,107327,4.30,0,0.0100,0.00439,142.4
DQN_UNIFORM_seed_1_1790609429,DQN_UNIFORM,1,2131,107389,6.00,1,0.0100,0.00468,142.5
DQN_UNIFORM_seed_1_1790609429,DQN_UNIFORM,1,2132,107444,4.40,0,0.0100,0.00352,142.5
DQN_UNIFORM_seed_1_1790609429,DQN_UNIFORM,1,2133,107505,5.00,1,0.0100,0.00412,142.6
DQN_UNIFORM_seed_1_1790609429,DQN_UNIFORM,1,2134,107563,4.70,0,0.0100,0.00504,142.7
DQN_UNIFORM_seed_1_1790609429,DQN_UNIFORM,1,2135,107615,4.10,0,0.0100,0.00496,142.8
DQN_UNIFORM_seed_1_1790609429,DQN_UNIFORM,1,2136,107675,4.90,0,0.0100,0.00565,142.9
DQN_UNIFORM_seed_1_1790609429,DQN_UNIFORM,1,2137,107732,4.60,0,0.0100,0.00247,142.9
DQN_UNIFORM_seed_1_1790609429,DQN_UNIFORM,1,2138,107782,3.90,0,0.0100,0.00336,143.0
DQN_UNIFORM_seed_1_1790609429,DQN_UNIFORM,1,2139,107838,4.50,0,0.0100,0.00620,143.1
DQN_UNIFORM_seed_1_1790609429,DQN_UNIFORM,1,2140,107888,3.90,0,0.0100,0.00508,143.2
DQN_UNIFORM_seed_1_1790609429,DQN_UNIFORM,1,2141,107943,4.40,0,0.0100,0.00384,143.2
DQN_UNIFORM_seed_1_1790609429,DQN_UNIFORM,1,2142,108004,5.00,1,0.0100,0.00396,143.3
DQN_UNIFORM_seed_1_1790609429,DQN_UNIFORM,1,2143,108065,5.00,1,0.0100,0.00236,143.4
DQN_UNIFORM_seed_1_1790609429,DQN_UNIFORM,1,2144,108121,4.50,0,0.0100,0.00589,143.5
DQN_UNIFORM_seed_1_1790609429,DQN_UNIFORM,1,2145,108171,3.90,0,0.0100,0.00465,143.6
DQN_UNIFORM_seed_1_1790609429,DQN_UNIFORM,1,2146,108221,3.90,0,0.0100,0.00614,143.6
DQN_UNIFORM_seed_1_1790609429,DQN_UNIFORM,1,2147,108271,3.90,0,0.0100,0.00278,143.7
DQN_UNIFORM_seed_1_1790609429,DQN_UNIFORM,1,2148,108321,3.90,0,0.0100,0.00319,143.8
DQN_UNIFORM_seed_1_1790609429,DQN_UNIFORM,1,2149,108382,5.00,1,0.0100,0.00746,143.9
DQN_UNIFORM_seed_1_1790609429,DQN_UNIFORM,1,2150,108440,4.70,0,0.0100,0.00493,144.0
DQN_UNIFORM_seed_1_1790609429,DQN_UNIFORM,1,2151,108490,3.90,0,0.0100,0.00365,144.0
DQN_UNIFORM_seed_1_1790609429,DQN_UNIFORM,1,2152,108540,3.90,0,0.0100,0.00402,144.1
DQN_UNIFORM_seed_1_1790609429,DQN_UNIFORM,1,2153,108590,3.90,0,0.0100,0.00623,144.2
DQN_UNIFORM_seed_1_1790609429,DQN_UNIFORM,1,2154,108645,4.40,0,0.0100,0.00462,144.2
DQN_UNIFORM_seed_1_1790609429,DQN_UNIFORM,1,2155,108701,4.50,0,0.0100,0.00504,144.3
DQN_UNIFORM_seed_1_1790609429,DQN_UNIFORM,1,2156,108759,4.70,0,0.0100,0.00459,144.4
DQN_UNIFORM_seed_1_1790609429,DQN_UNIFORM,1,2157,108809,3.90,0,0.0100,0.00584,144.5
DQN_UNIFORM_seed_1_1790609429,DQN_UNIFORM,1,2158,108871,6.00,1,0.0100,0.00339,144.6
DQN_UNIFORM_seed_1_1790609429,DQN_UNIFORM,1,2159,108921,3.90,0,0.0100,0.00401,144.6
DQN_UNIFORM_seed_1_1790609429,DQN_UNIFORM,1,2160,108971,3.90,0,0.0100,0.00494,144.7
DQN_UNIFORM_seed_1_1790609429,DQN_UNIFORM,1,2161,109021,3.90,0,0.0100,0.00469,144.8
DQN_UNIFORM_seed_1_1790609429,DQN_UNIFORM,1,2162,109071,3.90,0,0.0100,0.00254,144.8
DQN_UNIFORM_seed_1_1790609429,DQN_UNIFORM,1,2163,109131,4.90,0,0.0100,0.00639,144.9
DQN_UNIFORM_seed_1_1790609429,DQN_UNIFORM,1,2164,109181,3.90,0,0.0100,0.00632,145.0
DQN_UNIFORM_seed_1_1790609429,DQN_UNIFORM,1,2165,109240,4.80,0,0.0100,0.00754,145.1
DQN_UNIFORM_seed_1_1790609429,DQN_UNIFORM,1,2166,109290,3.90,0,0.0100,0.00767,145.2
DQN_UNIFORM_seed_1_1790609429,DQN_UNIFORM,1,2167,109340,3.90,0,0.0100,0.00522,145.2
DQN_UNIFORM_seed_1_1790609429,DQN_UNIFORM,1,2168,109390,3.90,0,0.0100,0.00703,145.3
DQN_UNIFORM_seed_1_1790609429,DQN_UNIFORM,1,2169,109451,5.00,1,0.0100,0.00637,145.4
DQN_UNIFORM_seed_1_1790609429,DQN_UNIFORM,1,2170,109506,4.40,0,0.0100,0.00757,145.5
DQN_UNIFORM_seed_1_1790609429,DQN_UNIFORM,1,2171,109556,3.90,0,0.0100,0.00635,145.5
DQN_UNIFORM_seed_1_1790609429,DQN_UNIFORM,1,2172,109608,4.10,0,0.0100,0.00408,145.6
DQN_UNIFORM_seed_1_1790609429,DQN_UNIFORM,1,2173,109668,4.90,0,0.0100,0.00580,145.7
DQN_UNIFORM_seed_1_1790609429,DQN_UNIFORM,1,2174,109729,5.00,1,0.0100,0.00551,145.8
DQN_UNIFORM_seed_1_1790609429,DQN_UNIFORM,1,2175,109779,3.90,0,0.0100,0.00634,145.9
DQN_UNIFORM_seed_1_1790609429,DQN_UNIFORM,1,2176,109844,6.30,1,0.0100,0.00394,145.9
DQN_UNIFORM_seed_1_1790609429,DQN_UNIFORM,1,2177,109894,3.90,0,0.0100,0.00553,146.0
DQN_UNIFORM_seed_1_1790609429,DQN_UNIFORM,1,2178,109955,5.00,1,0.0100,0.00431,146.1
DQN_UNIFORM_seed_1_1790609429,DQN_UNIFORM,1,2179,110014,4.80,0,0.0100,0.00525,146.3
DQN_UNIFORM_seed_1_1790609429,DQN_UNIFORM,1,2180,110064,3.90,0,0.0100,0.00410,146.4
DQN_UNIFORM_seed_1_1790609429,DQN_UNIFORM,1,2181,110114,3.90,0,0.0100,0.00436,146.4
DQN_UNIFORM_seed_1_1790609429,DQN_UNIFORM,1,2182,110171,4.60,0,0.0100,0.00389,146.5
DQN_UNIFORM_seed_1_1790609429,DQN_UNIFORM,1,2183,110231,4.90,0,0.0100,0.00447,146.6
DQN_UNIFORM_seed_1_1790609429,DQN_UNIFORM,1,2184,110288,4.60,0,0.0100,0.00614,146.7
DQN_UNIFORM_seed_1_1790609429,DQN_UNIFORM,1,2185,110344,4.50,0,0.0100,0.00611,146.8
DQN_UNIFORM_seed_1_1790609429,DQN_UNIFORM,1,2186,110400,4.50,0,0.0100,0.00427,146.8
DQN_UNIFORM_seed_1_1790609429,DQN_UNIFORM,1,2187,110452,4.10,0,0.0100,0.00450,146.9
DQN_UNIFORM_seed_1_1790609429,DQN_UNIFORM,1,2188,110512,4.90,0,0.0100,0.00458,147.0
DQN_UNIFORM_seed_1_1790609429,DQN_UNIFORM,1,2189,110562,3.90,0,0.0100,0.00246,147.1
DQN_UNIFORM_seed_1_1790609429,DQN_UNIFORM,1,2190,110612,3.90,0,0.0100,0.00495,147.1
DQN_UNIFORM_seed_1_1790609429,DQN_UNIFORM,1,2191,110666,4.30,0,0.0100,0.00404,147.2
DQN_UNIFORM_seed_1_1790609429,DQN_UNIFORM,1,2192,110720,4.30,0,0.0100,0.00590,147.3
DQN_UNIFORM_seed_1_1790609429,DQN_UNIFORM,1,2193,110770,3.90,0,0.0100,0.00358,147.4
DQN_UNIFORM_seed_1_1790609429,DQN_UNIFORM,1,2194,110821,4.00,0,0.0100,0.00340,147.4
DQN_UNIFORM_seed_1_1790609429,DQN_UNIFORM,1,2195,110877,4.50,0,0.0100,0.00268,147.5
DQN_UNIFORM_seed_1_1790609429,DQN_UNIFORM,1,2196,110927,3.90,0,0.0100,0.00515,147.6
DQN_UNIFORM_seed_1_1790609429,DQN_UNIFORM,1,2197,110983,4.50,0,0.0100,0.00736,147.7
DQN_UNIFORM_seed_1_1790609429,DQN_UNIFORM,1,2198,111033,3.90,0,0.0100,0.00393,147.7
DQN_UNIFORM_seed_1_1790609429,DQN_UNIFORM,1,2199,111086,4.20,0,0.0100,0.00525,147.8
DQN_UNIFORM_seed_1_1790609429,DQN_UNIFORM,1,2200,111146,4.90,0,0.0100,0.00375,147.9
DQN_UNIFORM_seed_1_1790609429,DQN_UNIFORM,1,2201,111196,3.90,0,0.0100,0.00675,148.0
DQN_UNIFORM_seed_1_1790609429,DQN_UNIFORM,1,2202,111246,3.90,0,0.0100,0.00383,148.0
DQN_UNIFORM_seed_1_1790609429,DQN_UNIFORM,1,2203,111296,3.90,0,0.0100,0.00455,148.1
DQN_UNIFORM_seed_1_1790609429,DQN_UNIFORM,1,2204,111346,3.90,0,0.0100,0.00505,148.2
DQN_UNIFORM_seed_1_1790609429,DQN_UNIFORM,1,2205,111408,6.00,1,0.0100,0.00769,148.3
DQN_UNIFORM_seed_1_1790609429,DQN_UNIFORM,1,2206,111469,5.00,1,0.0100,0.00679,148.4
DQN_UNIFORM_seed_1_1790609429,DQN_UNIFORM,1,2207,111519,3.90,0,0.0100,0.00768,148.4
DQN_UNIFORM_seed_1_1790609429,DQN_UNIFORM,1,2208,111569,3.90,0,0.0100,0.00472,148.5
DQN_UNIFORM_seed_1_1790609429,DQN_UNIFORM,1,2209,111629,4.90,0,0.0100,0.00492,148.6
DQN_UNIFORM_seed_1_1790609429,DQN_UNIFORM,1,2210,111682,4.20,0,0.0100,0.00291,148.7
DQN_UNIFORM_seed_1_1790609429,DQN_UNIFORM,1,2211,111732,3.90,0,0.0100,0.00536,148.7
DQN_UNIFORM_seed_1_1790609429,DQN_UNIFORM,1,2212,111782,3.90,0,0.0100,0.00441,148.8
DQN_UNIFORM_seed_1_1790609429,DQN_UNIFORM,1,2213,111845,6.10,1,0.0100,0.00273,148.9
DQN_UNIFORM_seed_1_1790609429,DQN_UNIFORM,1,2214,111907,6.00,1,0.0100,0.00568,149.0
DQN_UNIFORM_seed_1_1790609429,DQN_UNIFORM,1,2215,111957,3.90,0,0.0100,0.00455,149.1
DQN_UNIFORM_seed_1_1790609429,DQN_UNIFORM,1,2216,112007,3.90,0,0.0100,0.00437,149.1
DQN_UNIFORM_seed_1_1790609429,DQN_UNIFORM,1,2217,112057,3.90,0,0.0100,0.00460,149.2
DQN_UNIFORM_seed_1_1790609429,DQN_UNIFORM,1,2218,112111,4.30,0,0.0100,0.00812,149.3
DQN_UNIFORM_seed_1_1790609429,DQN_UNIFORM,1,2219,112176,6.30,1,0.0100,0.00446,149.4
DQN_UNIFORM_seed_1_1790609429,DQN_UNIFORM,1,2220,112231,4.40,0,0.0100,0.00813,149.5
DQN_UNIFORM_seed_1_1790609429,DQN_UNIFORM,1,2221,112295,6.20,1,0.0100,0.00492,149.6
DQN_UNIFORM_seed_1_1790609429,DQN_UNIFORM,1,2222,112359,6.20,1,0.0100,0.00522,149.7
DQN_UNIFORM_seed_1_1790609429,DQN_UNIFORM,1,2223,112412,4.20,0,0.0100,0.00492,149.7
DQN_UNIFORM_seed_1_1790609429,DQN_UNIFORM,1,2224,112471,4.80,0,0.0100,0.00601,149.8
DQN_UNIFORM_seed_1_1790609429,DQN_UNIFORM,1,2225,112521,3.90,0,0.0100,0.00412,149.9
DQN_UNIFORM_seed_1_1790609429,DQN_UNIFORM,1,2226,112576,4.40,0,0.0100,0.00810,150.0
DQN_UNIFORM_seed_1_1790609429,DQN_UNIFORM,1,2227,112640,6.20,1,0.0100,0.00451,150.1
DQN_UNIFORM_seed_1_1790609429,DQN_UNIFORM,1,2228,112690,3.90,0,0.0100,0.00711,150.1
DQN_UNIFORM_seed_1_1790609429,DQN_UNIFORM,1,2229,112740,3.90,0,0.0100,0.00552,150.2
DQN_UNIFORM_seed_1_1790609429,DQN_UNIFORM,1,2230,112795,4.40,0,0.0100,0.00470,150.3
DQN_UNIFORM_seed_1_1790609429,DQN_UNIFORM,1,2231,112849,4.30,0,0.0100,0.00526,150.4
DQN_UNIFORM_seed_1_1790609429,DQN_UNIFORM,1,2232,112899,3.90,0,0.0100,0.00446,150.4
DQN_UNIFORM_seed_1_1790609429,DQN_UNIFORM,1,2233,112964,6.30,1,0.0100,0.00331,150.5
DQN_UNIFORM_seed_1_1790609429,DQN_UNIFORM,1,2234,113021,4.60,0,0.0100,0.00461,150.6
DQN_UNIFORM_seed_1_1790609429,DQN_UNIFORM,1,2235,113085,6.20,1,0.0100,0.00606,150.7
DQN_UNIFORM_seed_1_1790609429,DQN_UNIFORM,1,2236,113144,4.80,0,0.0100,0.00868,150.8
DQN_UNIFORM_seed_1_1790609429,DQN_UNIFORM,1,2237,113194,3.90,0,0.0100,0.00510,150.9
DQN_UNIFORM_seed_1_1790609429,DQN_UNIFORM,1,2238,113244,3.90,0,0.0100,0.00380,150.9
DQN_UNIFORM_seed_1_1790609429,DQN_UNIFORM,1,2239,113302,4.70,0,0.0100,0.00641,151.0
DQN_UNIFORM_seed_1_1790609429,DQN_UNIFORM,1,2240,113364,6.00,1,0.0100,0.00626,151.1
DQN_UNIFORM_seed_1_1790609429,DQN_UNIFORM,1,2241,113420,4.50,0,0.0100,0.00741,151.2
DQN_UNIFORM_seed_1_1790609429,DQN_UNIFORM,1,2242,113470,3.90,0,0.0100,0.00661,151.2
DQN_UNIFORM_seed_1_1790609429,DQN_UNIFORM,1,2243,113531,5.00,1,0.0100,0.00791,151.3
DQN_UNIFORM_seed_1_1790609429,DQN_UNIFORM,1,2244,113581,3.90,0,0.0100,0.01110,151.4
DQN_UNIFORM_seed_1_1790609429,DQN_UNIFORM,1,2245,113631,3.90,0,0.0100,0.00697,151.5
DQN_UNIFORM_seed_1_1790609429,DQN_UNIFORM,1,2246,113681,3.90,0,0.0100,0.00554,151.5
DQN_UNIFORM_seed_1_1790609429,DQN_UNIFORM,1,2247,113739,4.70,0,0.0100,0.00449,151.6
DQN_UNIFORM_seed_1_1790609429,DQN_UNIFORM,1,2248,113796,4.60,0,0.0100,0.00416,151.7
DQN_UNIFORM_seed_1_1790609429,DQN_UNIFORM,1,2249,113861,6.30,1,0.0100,0.00720,151.8
DQN_UNIFORM_seed_1_1790609429,DQN_UNIFORM,1,2250,113915,4.30,0,0.0100,0.00503,151.9
DQN_UNIFORM_seed_1_1790609429,DQN_UNIFORM,1,2251,113976,5.00,1,0.0100,0.00871,152.0
DQN_UNIFORM_seed_1_1790609429,DQN_UNIFORM,1,2252,114026,3.90,0,0.0100,0.00502,152.0
DQN_UNIFORM_seed_1_1790609429,DQN_UNIFORM,1,2253,114076,3.90,0,0.0100,0.00513,152.1
DQN_UNIFORM_seed_1_1790609429,DQN_UNIFORM,1,2254,114126,3.90,0,0.0100,0.00573,152.2
DQN_UNIFORM_seed_1_1790609429,DQN_UNIFORM,1,2255,114176,3.90,0,0.0100,0.00744,152.3
DQN_UNIFORM_seed_1_1790609429,DQN_UNIFORM,1,2256,114229,4.20,0,0.0100,0.00835,152.3
DQN_UNIFORM_seed_1_1790609429,DQN_UNIFORM,1,2257,114279,3.90,0,0.0100,0.00727,152.4
DQN_UNIFORM_seed_1_1790609429,DQN_UNIFORM,1,2258,114329,3.90,0,0.0100,0.00605,152.5
DQN_UNIFORM_seed_1_1790609429,DQN_UNIFORM,1,2259,114379,3.90,0,0.0100,0.00255,152.5
DQN_UNIFORM_seed_1_1790609429,DQN_UNIFORM,1,2260,114429,3.90,0,0.0100,0.00381,152.6
DQN_UNIFORM_seed_1_1790609429,DQN_UNIFORM,1,2261,114479,3.90,0,0.0100,0.00753,152.7
DQN_UNIFORM_seed_1_1790609429,DQN_UNIFORM,1,2262,114544,6.30,1,0.0100,0.00509,152.8
DQN_UNIFORM_seed_1_1790609429,DQN_UNIFORM,1,2263,114594,3.90,0,0.0100,0.00718,152.8
DQN_UNIFORM_seed_1_1790609429,DQN_UNIFORM,1,2264,114660,6.40,1,0.0100,0.00906,152.9
DQN_UNIFORM_seed_1_1790609429,DQN_UNIFORM,1,2265,114710,3.90,0,0.0100,0.00656,153.0
DQN_UNIFORM_seed_1_1790609429,DQN_UNIFORM,1,2266,114766,4.50,0,0.0100,0.00627,153.1
DQN_UNIFORM_seed_1_1790609429,DQN_UNIFORM,1,2267,114817,4.00,0,0.0100,0.00699,153.2
DQN_UNIFORM_seed_1_1790609429,DQN_UNIFORM,1,2268,114883,6.40,1,0.0100,0.00448,153.3
DQN_UNIFORM_seed_1_1790609429,DQN_UNIFORM,1,2269,114933,3.90,0,0.0100,0.00530,153.3
DQN_UNIFORM_seed_1_1790609429,DQN_UNIFORM,1,2270,114994,5.00,1,0.0100,0.00635,153.4
DQN_UNIFORM_seed_1_1790609429,DQN_UNIFORM,1,2271,115044,3.90,0,0.0100,0.00595,153.6
DQN_UNIFORM_seed_1_1790609429,DQN_UNIFORM,1,2272,115094,3.90,0,0.0100,0.00383,153.7
DQN_UNIFORM_seed_1_1790609429,DQN_UNIFORM,1,2273,115144,3.90,0,0.0100,0.00681,153.7
DQN_UNIFORM_seed_1_1790609429,DQN_UNIFORM,1,2274,115194,3.90,0,0.0100,0.00630,153.8
DQN_UNIFORM_seed_1_1790609429,DQN_UNIFORM,1,2275,115244,3.90,0,0.0100,0.00557,153.9
DQN_UNIFORM_seed_1_1790609429,DQN_UNIFORM,1,2276,115294,3.90,0,0.0100,0.00458,154.0
DQN_UNIFORM_seed_1_1790609429,DQN_UNIFORM,1,2277,115344,3.90,0,0.0100,0.00865,154.0
DQN_UNIFORM_seed_1_1790609429,DQN_UNIFORM,1,2278,115394,3.90,0,0.0100,0.00808,154.1
DQN_UNIFORM_seed_1_1790609429,DQN_UNIFORM,1,2279,115444,3.90,0,0.0100,0.00748,154.2
DQN_UNIFORM_seed_1_1790609429,DQN_UNIFORM,1,2280,115494,3.90,0,0.0100,0.00696,154.2
DQN_UNIFORM_seed_1_1790609429,DQN_UNIFORM,1,2281,115544,3.90,0,0.0100,0.00542,154.3
DQN_UNIFORM_seed_1_1790609429,DQN_UNIFORM,1,2282,115594,3.90,0,0.0100,0.00763,154.4
DQN_UNIFORM_seed_1_1790609429,DQN_UNIFORM,1,2283,115644,3.90,0,0.0100,0.00806,154.5
DQN_UNIFORM_seed_1_1790609429,DQN_UNIFORM,1,2284,115694,3.90,0,0.0100,0.00633,154.5
DQN_UNIFORM_seed_1_1790609429,DQN_UNIFORM,1,2285,115744,3.90,0,0.0100,0.00417,154.6
DQN_UNIFORM_seed_1_1790609429,DQN_UNIFORM,1,2286,115794,3.90,0,0.0100,0.00532,154.7
DQN_UNIFORM_seed_1_1790609429,DQN_UNIFORM,1,2287,115844,3.90,0,0.0100,0.00481,154.7
DQN_UNIFORM_seed_1_1790609429,DQN_UNIFORM,1,2288,115894,3.90,0,0.0100,0.00715,154.8
DQN_UNIFORM_seed_1_1790609429,DQN_UNIFORM,1,2289,115944,3.90,0,0.0100,0.00857,154.9
DQN_UNIFORM_seed_1_1790609429,DQN_UNIFORM,1,2290,115994,3.90,0,0.0100,0.00646,155.0
DQN_UNIFORM_seed_1_1790609429,DQN_UNIFORM,1,2291,116044,3.90,0,0.0100,0.00521,155.0
DQN_UNIFORM_seed_1_1790609429,DQN_UNIFORM,1,2292,116094,3.90,0,0.0100,0.00847,155.1
DQN_UNIFORM_seed_1_1790609429,DQN_UNIFORM,1,2293,116159,6.30,1,0.0100,0.00945,155.2
DQN_UNIFORM_seed_1_1790609429,DQN_UNIFORM,1,2294,116209,3.90,0,0.0100,0.00491,155.3
DQN_UNIFORM_seed_1_1790609429,DQN_UNIFORM,1,2295,116259,3.90,0,0.0100,0.00457,155.3
DQN_UNIFORM_seed_1_1790609429,DQN_UNIFORM,1,2296,116312,4.20,0,0.0100,0.00389,155.4
DQN_UNIFORM_seed_1_1790609429,DQN_UNIFORM,1,2297,116366,4.30,0,0.0100,0.00526,155.5
DQN_UNIFORM_seed_1_1790609429,DQN_UNIFORM,1,2298,116431,6.30,1,0.0100,0.00779,155.6
DQN_UNIFORM_seed_1_1790609429,DQN_UNIFORM,1,2299,116499,6.60,1,0.0100,0.00541,155.7
DQN_UNIFORM_seed_1_1790609429,DQN_UNIFORM,1,2300,116567,6.60,1,0.0100,0.00695,155.8
DQN_UNIFORM_seed_1_1790609429,DQN_UNIFORM,1,2301,116626,4.80,0,0.0100,0.00607,155.9
DQN_UNIFORM_seed_1_1790609429,DQN_UNIFORM,1,2302,116676,3.90,0,0.0100,0.00952,155.9
DQN_UNIFORM_seed_1_1790609429,DQN_UNIFORM,1,2303,116732,4.50,0,0.0100,0.00784,156.0
DQN_UNIFORM_seed_1_1790609429,DQN_UNIFORM,1,2304,116799,6.50,1,0.0100,0.00574,156.1
DQN_UNIFORM_seed_1_1790609429,DQN_UNIFORM,1,2305,116861,6.00,1,0.0100,0.00883,156.2
DQN_UNIFORM_seed_1_1790609429,DQN_UNIFORM,1,2306,116915,4.30,0,0.0100,0.00669,156.3
DQN_UNIFORM_seed_1_1790609429,DQN_UNIFORM,1,2307,116965,3.90,0,0.0100,0.00605,156.3
DQN_UNIFORM_seed_1_1790609429,DQN_UNIFORM,1,2308,117015,3.90,0,0.0100,0.00564,156.4
DQN_UNIFORM_seed_1_1790609429,DQN_UNIFORM,1,2309,117065,3.90,0,0.0100,0.00649,156.5
DQN_UNIFORM_seed_1_1790609429,DQN_UNIFORM,1,2310,117129,6.20,1,0.0100,0.00721,156.6
DQN_UNIFORM_seed_1_1790609429,DQN_UNIFORM,1,2311,117179,3.90,0,0.0100,0.00551,156.6
DQN_UNIFORM_seed_1_1790609429,DQN_UNIFORM,1,2312,117265,8.40,1,0.0100,0.00590,156.8
DQN_UNIFORM_seed_1_1790609429,DQN_UNIFORM,1,2313,117351,8.40,1,0.0100,0.00742,156.9
DQN_UNIFORM_seed_1_1790609429,DQN_UNIFORM,1,2314,117401,3.90,0,0.0100,0.00526,157.0
DQN_UNIFORM_seed_1_1790609429,DQN_UNIFORM,1,2315,117451,3.90,0,0.0100,0.00658,157.0
DQN_UNIFORM_seed_1_1790609429,DQN_UNIFORM,1,2316,117505,4.30,0,0.0100,0.00735,157.1
DQN_UNIFORM_seed_1_1790609429,DQN_UNIFORM,1,2317,117591,8.40,1,0.0100,0.00701,157.2
DQN_UNIFORM_seed_1_1790609429,DQN_UNIFORM,1,2318,117643,4.10,0,0.0100,0.00976,157.3
DQN_UNIFORM_seed_1_1790609429,DQN_UNIFORM,1,2319,117693,3.90,0,0.0100,0.00910,157.4
DQN_UNIFORM_seed_1_1790609429,DQN_UNIFORM,1,2320,117743,3.90,0,0.0100,0.00724,157.4
DQN_UNIFORM_seed_1_1790609429,DQN_UNIFORM,1,2321,117829,8.40,1,0.0100,0.00626,157.6
DQN_UNIFORM_seed_1_1790609429,DQN_UNIFORM,1,2322,117886,4.60,0,0.0100,0.00677,157.6
DQN_UNIFORM_seed_1_1790609429,DQN_UNIFORM,1,2323,117941,4.40,0,0.0100,0.00463,157.7
DQN_UNIFORM_seed_1_1790609429,DQN_UNIFORM,1,2324,118027,8.40,1,0.0100,0.00700,157.8
DQN_UNIFORM_seed_1_1790609429,DQN_UNIFORM,1,2325,118077,3.90,0,0.0100,0.00450,157.9
DQN_UNIFORM_seed_1_1790609429,DQN_UNIFORM,1,2326,118140,6.10,1,0.0100,0.00652,158.0
DQN_UNIFORM_seed_1_1790609429,DQN_UNIFORM,1,2327,118190,3.90,0,0.0100,0.00959,158.1
DQN_UNIFORM_seed_1_1790609429,DQN_UNIFORM,1,2328,118276,8.40,1,0.0100,0.01408,158.2
DQN_UNIFORM_seed_1_1790609429,DQN_UNIFORM,1,2329,118345,6.70,1,0.0100,0.00928,158.3
DQN_UNIFORM_seed_1_1790609429,DQN_UNIFORM,1,2330,118395,3.90,0,0.0100,0.01278,158.4
DQN_UNIFORM_seed_1_1790609429,DQN_UNIFORM,1,2331,118445,3.90,0,0.0100,0.01064,158.4
DQN_UNIFORM_seed_1_1790609429,DQN_UNIFORM,1,2332,118495,3.90,0,0.0100,0.00814,158.5
DQN_UNIFORM_seed_1_1790609429,DQN_UNIFORM,1,2333,118545,3.90,0,0.0100,0.01009,158.6
DQN_UNIFORM_seed_1_1790609429,DQN_UNIFORM,1,2334,118606,5.00,1,0.0100,0.00940,158.7
DQN_UNIFORM_seed_1_1790609429,DQN_UNIFORM,1,2335,118692,8.40,1,0.0100,0.00797,158.8
DQN_UNIFORM_seed_1_1790609429,DQN_UNIFORM,1,2336,118742,3.90,0,0.0100,0.00729,158.9
DQN_UNIFORM_seed_1_1790609429,DQN_UNIFORM,1,2337,118792,3.90,0,0.0100,0.00526,158.9
DQN_UNIFORM_seed_1_1790609429,DQN_UNIFORM,1,2338,118842,3.90,0,0.0100,0.00736,159.0
DQN_UNIFORM_seed_1_1790609429,DQN_UNIFORM,1,2339,118931,8.70,1,0.0100,0.00617,159.1
DQN_UNIFORM_seed_1_1790609429,DQN_UNIFORM,1,2340,118981,3.90,0,0.0100,0.01364,159.2
DQN_UNIFORM_seed_1_1790609429,DQN_UNIFORM,1,2341,119031,3.90,0,0.0100,0.00826,159.3
DQN_UNIFORM_seed_1_1790609429,DQN_UNIFORM,1,2342,119081,3.90,0,0.0100,0.00741,159.3
DQN_UNIFORM_seed_1_1790609429,DQN_UNIFORM,1,2343,119139,4.70,0,0.0100,0.00958,159.4
DQN_UNIFORM_seed_1_1790609429,DQN_UNIFORM,1,2344,119201,6.00,1,0.0100,0.01156,159.5
DQN_UNIFORM_seed_1_1790609429,DQN_UNIFORM,1,2345,119270,6.70,1,0.0100,0.01463,159.6
DQN_UNIFORM_seed_1_1790609429,DQN_UNIFORM,1,2346,119336,6.40,1,0.0100,0.00862,159.7
DQN_UNIFORM_seed_1_1790609429,DQN_UNIFORM,1,2347,119386,3.90,0,0.0100,0.00920,159.8
DQN_UNIFORM_seed_1_1790609429,DQN_UNIFORM,1,2348,119440,4.30,0,0.0100,0.00834,159.9
DQN_UNIFORM_seed_1_1790609429,DQN_UNIFORM,1,2349,119490,3.90,0,0.0100,0.00717,159.9
DQN_UNIFORM_seed_1_1790609429,DQN_UNIFORM,1,2350,119540,3.90,0,0.0100,0.01029,160.0
DQN_UNIFORM_seed_1_1790609429,DQN_UNIFORM,1,2351,119593,4.20,0,0.0100,0.00959,160.1
DQN_UNIFORM_seed_1_1790609429,DQN_UNIFORM,1,2352,119679,8.40,1,0.0100,0.00777,160.3
DQN_UNIFORM_seed_1_1790609429,DQN_UNIFORM,1,2353,119729,3.90,0,0.0100,0.00825,160.5
DQN_UNIFORM_seed_1_1790609429,DQN_UNIFORM,1,2354,119779,3.90,0,0.0100,0.00632,160.5
DQN_UNIFORM_seed_1_1790609429,DQN_UNIFORM,1,2355,119829,3.90,0,0.0100,0.00651,160.6
DQN_UNIFORM_seed_1_1790609429,DQN_UNIFORM,1,2356,119879,3.90,0,0.0100,0.00557,160.7
DQN_UNIFORM_seed_1_1790609429,DQN_UNIFORM,1,2357,119929,3.90,0,0.0100,0.00673,160.7
DQN_UNIFORM_seed_1_1790609429,DQN_UNIFORM,1,2358,119993,6.20,1,0.0100,0.00813,160.8
DQN_UNIFORM_seed_1_1790609429,DQN_UNIFORM,1,2359,120063,6.80,1,0.0100,0.00770,161.1
DQN_UNIFORM_seed_1_1790609429,DQN_UNIFORM,1,2360,120149,8.40,1,0.0100,0.00865,161.2
DQN_UNIFORM_seed_1_1790609429,DQN_UNIFORM,1,2361,120199,3.90,0,0.0100,0.00748,161.3
DQN_UNIFORM_seed_1_1790609429,DQN_UNIFORM,1,2362,120263,6.20,1,0.0100,0.00801,161.4
DQN_UNIFORM_seed_1_1790609429,DQN_UNIFORM,1,2363,120349,8.40,1,0.0100,0.01069,161.5
DQN_UNIFORM_seed_1_1790609429,DQN_UNIFORM,1,2364,120435,8.40,1,0.0100,0.00886,161.6
DQN_UNIFORM_seed_1_1790609429,DQN_UNIFORM,1,2365,120502,6.50,1,0.0100,0.00831,161.7
DQN_UNIFORM_seed_1_1790609429,DQN_UNIFORM,1,2366,120553,4.00,0,0.0100,0.01300,161.8
DQN_UNIFORM_seed_1_1790609429,DQN_UNIFORM,1,2367,120614,5.00,1,0.0100,0.01118,161.9
DQN_UNIFORM_seed_1_1790609429,DQN_UNIFORM,1,2368,120679,6.30,1,0.0100,0.01293,162.0
DQN_UNIFORM_seed_1_1790609429,DQN_UNIFORM,1,2369,120729,3.90,0,0.0100,0.01049,162.1
DQN_UNIFORM_seed_1_1790609429,DQN_UNIFORM,1,2370,120815,8.40,1,0.0100,0.01093,162.2
DQN_UNIFORM_seed_1_1790609429,DQN_UNIFORM,1,2371,120865,3.90,0,0.0100,0.01406,162.2
DQN_UNIFORM_seed_1_1790609429,DQN_UNIFORM,1,2372,120928,6.10,1,0.0100,0.01294,162.3
DQN_UNIFORM_seed_1_1790609429,DQN_UNIFORM,1,2373,120990,6.00,1,0.0100,0.00687,162.4
DQN_UNIFORM_seed_1_1790609429,DQN_UNIFORM,1,2374,121040,3.90,0,0.0100,0.00795,162.5
DQN_UNIFORM_seed_1_1790609429,DQN_UNIFORM,1,2375,121103,6.10,1,0.0100,0.00996,162.6
DQN_UNIFORM_seed_1_1790609429,DQN_UNIFORM,1,2376,121153,3.90,0,0.0100,0.01250,162.7
DQN_UNIFORM_seed_1_1790609429,DQN_UNIFORM,1,2377,121203,3.90,0,0.0100,0.01318,162.7
DQN_UNIFORM_seed_1_1790609429,DQN_UNIFORM,1,2378,121289,8.40,1,0.0100,0.00676,162.9
DQN_UNIFORM_seed_1_1790609429,DQN_UNIFORM,1,2379,121358,6.70,1,0.0100,0.01084,162.9
DQN_UNIFORM_seed_1_1790609429,DQN_UNIFORM,1,2380,121408,3.90,0,0.0100,0.01348,163.0
DQN_UNIFORM_seed_1_1790609429,DQN_UNIFORM,1,2381,121458,3.90,0,0.0100,0.01378,163.1
DQN_UNIFORM_seed_1_1790609429,DQN_UNIFORM,1,2382,121544,8.40,1,0.0100,0.00787,163.2
DQN_UNIFORM_seed_1_1790609429,DQN_UNIFORM,1,2383,121644,10.70,2,0.0100,0.00850,163.4
DQN_UNIFORM_seed_1_1790609429,DQN_UNIFORM,1,2384,121694,3.90,0,0.0100,0.00905,163.4
DQN_UNIFORM_seed_1_1790609429,DQN_UNIFORM,1,2385,121755,5.00,1,0.0100,0.01646,163.5
DQN_UNIFORM_seed_1_1790609429,DQN_UNIFORM,1,2386,121816,5.00,1,0.0100,0.00896,163.6
DQN_UNIFORM_seed_1_1790609429,DQN_UNIFORM,1,2387,121872,4.50,0,0.0100,0.01183,163.7
DQN_UNIFORM_seed_1_1790609429,DQN_UNIFORM,1,2388,121922,3.90,0,0.0100,0.01432,163.8
DQN_UNIFORM_seed_1_1790609429,DQN_UNIFORM,1,2389,121972,3.90,0,0.0100,0.01160,163.8
DQN_UNIFORM_seed_1_1790609429,DQN_UNIFORM,1,2390,122025,4.20,0,0.0100,0.00850,163.9
DQN_UNIFORM_seed_1_1790609429,DQN_UNIFORM,1,2391,122075,3.90,0,0.0100,0.01667,164.0
DQN_UNIFORM_seed_1_1790609429,DQN_UNIFORM,1,2392,122125,3.90,0,0.0100,0.01195,164.0
DQN_UNIFORM_seed_1_1790609429,DQN_UNIFORM,1,2393,122224,10.60,2,0.0100,0.01207,164.2
DQN_UNIFORM_seed_1_1790609429,DQN_UNIFORM,1,2394,122274,3.90,0,0.0100,0.01388,164.3
DQN_UNIFORM_seed_1_1790609429,DQN_UNIFORM,1,2395,122362,8.60,1,0.0100,0.00944,164.4
DQN_UNIFORM_seed_1_1790609429,DQN_UNIFORM,1,2396,122422,4.90,0,0.0100,0.01125,164.5
DQN_UNIFORM_seed_1_1790609429,DQN_UNIFORM,1,2397,122483,5.00,1,0.0100,0.01292,164.5
DQN_UNIFORM_seed_1_1790609429,DQN_UNIFORM,1,2398,122544,5.00,1,0.0100,0.01007,164.6
DQN_UNIFORM_seed_1_1790609429,DQN_UNIFORM,1,2399,122630,8.40,1,0.0100,0.01033,164.8
DQN_UNIFORM_seed_1_1790609429,DQN_UNIFORM,1,2400,122696,6.40,1,0.0100,0.01886,164.9
DQN_UNIFORM_seed_1_1790609429,DQN_UNIFORM,1,2401,122758,6.00,1,0.0100,0.01154,165.0
DQN_UNIFORM_seed_1_1790609429,DQN_UNIFORM,1,2402,122820,6.00,1,0.0100,0.01036,165.1
DQN_UNIFORM_seed_1_1790609429,DQN_UNIFORM,1,2403,122870,3.90,0,0.0100,0.01578,165.1
DQN_UNIFORM_seed_1_1790609429,DQN_UNIFORM,1,2404,122920,3.90,0,0.0100,0.01152,165.2
DQN_UNIFORM_seed_1_1790609429,DQN_UNIFORM,1,2405,122970,3.90,0,0.0100,0.00752,165.3
DQN_UNIFORM_seed_1_1790609429,DQN_UNIFORM,1,2406,123033,6.10,1,0.0100,0.00772,165.4
DQN_UNIFORM_seed_1_1790609429,DQN_UNIFORM,1,2407,123119,8.40,1,0.0100,0.01019,165.5
DQN_UNIFORM_seed_1_1790609429,DQN_UNIFORM,1,2408,123169,3.90,0,0.0100,0.01490,165.6
DQN_UNIFORM_seed_1_1790609429,DQN_UNIFORM,1,2409,123219,3.90,0,0.0100,0.00850,165.6
DQN_UNIFORM_seed_1_1790609429,DQN_UNIFORM,1,2410,123341,12.90,2,0.0100,0.01495,165.8
DQN_UNIFORM_seed_1_1790609429,DQN_UNIFORM,1,2411,123406,6.30,1,0.0100,0.01387,165.9
DQN_UNIFORM_seed_1_1790609429,DQN_UNIFORM,1,2412,123462,4.50,0,0.0100,0.01035,166.0
DQN_UNIFORM_seed_1_1790609429,DQN_UNIFORM,1,2413,123526,6.20,1,0.0100,0.01031,166.1
DQN_UNIFORM_seed_1_1790609429,DQN_UNIFORM,1,2414,123612,8.40,1,0.0100,0.00863,166.2
DQN_UNIFORM_seed_1_1790609429,DQN_UNIFORM,1,2415,123662,3.90,0,0.0100,0.01719,166.3
DQN_UNIFORM_seed_1_1790609429,DQN_UNIFORM,1,2416,123712,3.90,0,0.0100,0.01539,166.3
DQN_UNIFORM_seed_1_1790609429,DQN_UNIFORM,1,2417,123798,8.40,1,0.0100,0.01672,166.5
DQN_UNIFORM_seed_1_1790609429,DQN_UNIFORM,1,2418,123885,8.50,1,0.0100,0.01055,166.6
DQN_UNIFORM_seed_1_1790609429,DQN_UNIFORM,1,2419,123971,8.40,1,0.0100,0.00993,166.7
DQN_UNIFORM_seed_1_1790609429,DQN_UNIFORM,1,2420,124021,3.90,0,0.0100,0.00947,166.8
DQN_UNIFORM_seed_1_1790609429,DQN_UNIFORM,1,2421,124071,3.90,0,0.0100,0.01243,166.8
DQN_UNIFORM_seed_1_1790609429,DQN_UNIFORM,1,2422,124199,13.50,2,0.0100,0.01236,167.0
DQN_UNIFORM_seed_1_1790609429,DQN_UNIFORM,1,2423,124249,3.90,0,0.0100,0.01160,167.1
DQN_UNIFORM_seed_1_1790609429,DQN_UNIFORM,1,2424,124311,6.00,1,0.0100,0.00835,167.2
DQN_UNIFORM_seed_1_1790609429,DQN_UNIFORM,1,2425,124400,8.70,1,0.0100,0.01235,167.3
DQN_UNIFORM_seed_1_1790609429,DQN_UNIFORM,1,2426,124450,3.90,0,0.0100,0.01278,167.4
DQN_UNIFORM_seed_1_1790609429,DQN_UNIFORM,1,2427,124500,3.90,0,0.0100,0.01763,167.5
DQN_UNIFORM_seed_1_1790609429,DQN_UNIFORM,1,2428,124586,8.40,1,0.0100,0.01200,167.6
DQN_UNIFORM_seed_1_1790609429,DQN_UNIFORM,1,2429,124636,3.90,0,0.0100,0.01643,167.7
DQN_UNIFORM_seed_1_1790609429,DQN_UNIFORM,1,2430,124799,17.90,3,0.0100,0.01201,167.9
DQN_UNIFORM_seed_1_1790609429,DQN_UNIFORM,1,2431,124849,3.90,0,0.0100,0.01311,168.0
DQN_UNIFORM_seed_1_1790609429,DQN_UNIFORM,1,2432,124935,8.40,1,0.0100,0.01329,168.1
DQN_UNIFORM_seed_1_1790609429,DQN_UNIFORM,1,2433,124985,3.90,0,0.0100,0.01079,168.1
DQN_UNIFORM_seed_1_1790609429,DQN_UNIFORM,1,2434,125071,8.40,1,0.0100,0.01042,168.4
DQN_UNIFORM_seed_1_1790609429,DQN_UNIFORM,1,2435,125137,6.40,1,0.0100,0.01121,168.5
DQN_UNIFORM_seed_1_1790609429,DQN_UNIFORM,1,2436,125235,10.50,2,0.0100,0.01421,168.6
DQN_UNIFORM_seed_1_1790609429,DQN_UNIFORM,1,2437,125285,3.90,0,0.0100,0.01228,168.7
DQN_UNIFORM_seed_1_1790609429,DQN_UNIFORM,1,2438,125371,8.40,1,0.0100,0.01620,168.8
DQN_UNIFORM_seed_1_1790609429,DQN_UNIFORM,1,2439,125493,12.90,2,0.0100,0.01658,169.0
DQN_UNIFORM_seed_1_1790609429,DQN_UNIFORM,1,2440,125553,4.90,0,0.0100,0.02002,169.1
DQN_UNIFORM_seed_1_1790609429,DQN_UNIFORM,1,2441,125612,4.80,0,0.0100,0.00995,169.2
DQN_UNIFORM_seed_1_1790609429,DQN_UNIFORM,1,2442,125734,12.90,2,0.0100,0.01457,169.3
DQN_UNIFORM_seed_1_1790609429,DQN_UNIFORM,1,2443,125790,4.50,0,0.0100,0.01249,169.4
DQN_UNIFORM_seed_1_1790609429,DQN_UNIFORM,1,2444,125840,3.90,0,0.0100,0.01389,169.5
DQN_UNIFORM_seed_1_1790609429,DQN_UNIFORM,1,2445,125908,6.60,1,0.0100,0.01154,169.6
DQN_UNIFORM_seed_1_1790609429,DQN_UNIFORM,1,2446,126030,12.90,2,0.0100,0.01189,169.8
DQN_UNIFORM_seed_1_1790609429,DQN_UNIFORM,1,2447,126096,6.40,1,0.0100,0.01519,169.9
DQN_UNIFORM_seed_1_1790609429,DQN_UNIFORM,1,2448,126146,3.90,0,0.0100,0.01566,169.9
DQN_UNIFORM_seed_1_1790609429,DQN_UNIFORM,1,2449,126232,8.40,1,0.0100,0.01702,170.1
DQN_UNIFORM_seed_1_1790609429,DQN_UNIFORM,1,2450,126298,6.40,1,0.0100,0.01570,170.1
DQN_UNIFORM_seed_1_1790609429,DQN_UNIFORM,1,2451,126348,3.90,0,0.0100,0.01347,170.2
DQN_UNIFORM_seed_1_1790609429,DQN_UNIFORM,1,2452,126434,8.40,1,0.0100,0.01694,170.3
DQN_UNIFORM_seed_1_1790609429,DQN_UNIFORM,1,2453,126484,3.90,0,0.0100,0.02116,170.4
DQN_UNIFORM_seed_1_1790609429,DQN_UNIFORM,1,2454,126534,3.90,0,0.0100,0.01657,170.5
DQN_UNIFORM_seed_1_1790609429,DQN_UNIFORM,1,2455,126589,4.40,0,0.0100,0.01268,170.6
DQN_UNIFORM_seed_1_1790609429,DQN_UNIFORM,1,2456,126680,8.90,1,0.0100,0.01360,170.7
DQN_UNIFORM_seed_1_1790609429,DQN_UNIFORM,1,2457,126766,8.40,1,0.0100,0.01789,170.8
DQN_UNIFORM_seed_1_1790609429,DQN_UNIFORM,1,2458,126821,4.40,0,0.0100,0.01854,170.9
DQN_UNIFORM_seed_1_1790609429,DQN_UNIFORM,1,2459,126871,3.90,0,0.0100,0.01551,171.0
DQN_UNIFORM_seed_1_1790609429,DQN_UNIFORM,1,2460,126958,8.50,1,0.0100,0.01672,171.1
DQN_UNIFORM_seed_1_1790609429,DQN_UNIFORM,1,2461,127044,8.40,1,0.0100,0.01558,171.2
DQN_UNIFORM_seed_1_1790609429,DQN_UNIFORM,1,2462,127097,4.20,0,0.0100,0.01410,171.3
DQN_UNIFORM_seed_1_1790609429,DQN_UNIFORM,1,2463,127151,4.30,0,0.0100,0.01469,171.4
DQN_UNIFORM_seed_1_1790609429,DQN_UNIFORM,1,2464,127237,8.40,1,0.0100,0.01430,171.5
DQN_UNIFORM_seed_1_1790609429,DQN_UNIFORM,1,2465,127332,9.30,1,0.0100,0.01820,171.6
DQN_UNIFORM_seed_1_1790609429,DQN_UNIFORM,1,2466,127418,8.40,1,0.0100,0.01597,171.7
DQN_UNIFORM_seed_1_1790609429,DQN_UNIFORM,1,2467,127488,6.80,1,0.0100,0.01363,171.8
DQN_UNIFORM_seed_1_1790609429,DQN_UNIFORM,1,2468,127540,4.10,0,0.0100,0.01778,171.9
DQN_UNIFORM_seed_1_1790609429,DQN_UNIFORM,1,2469,127594,4.30,0,0.0100,0.01542,172.0
DQN_UNIFORM_seed_1_1790609429,DQN_UNIFORM,1,2470,127680,8.40,1,0.0100,0.01598,172.1
DQN_UNIFORM_seed_1_1790609429,DQN_UNIFORM,1,2471,127730,3.90,0,0.0100,0.01738,172.2
DQN_UNIFORM_seed_1_1790609429,DQN_UNIFORM,1,2472,127852,12.30,2,0.0100,0.01806,172.4
DQN_UNIFORM_seed_1_1790609429,DQN_UNIFORM,1,2473,127902,3.90,0,0.0100,0.01553,172.4
DQN_UNIFORM_seed_1_1790609429,DQN_UNIFORM,1,2474,127988,8.40,1,0.0100,0.01542,172.5
DQN_UNIFORM_seed_1_1790609429,DQN_UNIFORM,1,2475,128074,8.40,1,0.0100,0.01991,172.7
DQN_UNIFORM_seed_1_1790609429,DQN_UNIFORM,1,2476,128136,6.00,1,0.0100,0.02553,172.8
DQN_UNIFORM_seed_1_1790609429,DQN_UNIFORM,1,2477,128191,4.40,0,0.0100,0.02559,172.8
DQN_UNIFORM_seed_1_1790609429,DQN_UNIFORM,1,2478,128277,8.40,1,0.0100,0.01755,173.0
DQN_UNIFORM_seed_1_1790609429,DQN_UNIFORM,1,2479,128363,8.40,1,0.0100,0.01786,173.1
DQN_UNIFORM_seed_1_1790609429,DQN_UNIFORM,1,2480,128449,8.40,1,0.0100,0.01796,173.2
DQN_UNIFORM_seed_1_1790609429,DQN_UNIFORM,1,2481,128535,8.40,1,0.0100,0.01967,173.3
DQN_UNIFORM_seed_1_1790609429,DQN_UNIFORM,1,2482,128589,4.30,0,0.0100,0.01414,173.4
DQN_UNIFORM_seed_1_1790609429,DQN_UNIFORM,1,2483,128639,3.90,0,0.0100,0.01578,173.5
DQN_UNIFORM_seed_1_1790609429,DQN_UNIFORM,1,2484,128698,4.80,0,0.0100,0.02195,173.6
DQN_UNIFORM_seed_1_1790609429,DQN_UNIFORM,1,2485,128784,8.40,1,0.0100,0.02035,173.7
DQN_UNIFORM_seed_1_1790609429,DQN_UNIFORM,1,2486,128834,3.90,0,0.0100,0.01615,173.8
DQN_UNIFORM_seed_1_1790609429,DQN_UNIFORM,1,2487,128956,12.90,2,0.0100,0.02022,173.9
DQN_UNIFORM_seed_1_1790609429,DQN_UNIFORM,1,2488,129013,4.60,0,0.0100,0.02312,174.0
DQN_UNIFORM_seed_1_1790609429,DQN_UNIFORM,1,2489,129069,4.50,0,0.0100,0.03405,174.1
DQN_UNIFORM_seed_1_1790609429,DQN_UNIFORM,1,2490,129119,3.90,0,0.0100,0.02309,174.2
DQN_UNIFORM_seed_1_1790609429,DQN_UNIFORM,1,2491,129189,6.80,1,0.0100,0.02669,174.3
DQN_UNIFORM_seed_1_1790609429,DQN_UNIFORM,1,2492,129239,3.90,0,0.0100,0.02873,174.3
DQN_UNIFORM_seed_1_1790609429,DQN_UNIFORM,1,2493,129325,8.40,1,0.0100,0.02025,174.5
DQN_UNIFORM_seed_1_1790609429,DQN_UNIFORM,1,2494,129375,3.90,0,0.0100,0.03048,174.5
DQN_UNIFORM_seed_1_1790609429,DQN_UNIFORM,1,2495,129429,4.30,0,0.0100,0.01835,174.6
DQN_UNIFORM_seed_1_1790609429,DQN_UNIFORM,1,2496,129479,3.90,0,0.0100,0.02979,174.7
DQN_UNIFORM_seed_1_1790609429,DQN_UNIFORM,1,2497,129532,4.20,0,0.0100,0.02398,174.8
DQN_UNIFORM_seed_1_1790609429,DQN_UNIFORM,1,2498,129618,8.40,1,0.0100,0.02381,174.9
DQN_UNIFORM_seed_1_1790609429,DQN_UNIFORM,1,2499,129740,12.90,2,0.0100,0.02393,175.1
DQN_UNIFORM_seed_1_1790609429,DQN_UNIFORM,1,2500,129846,11.30,2,0.0100,0.02369,175.2
DQN_UNIFORM_seed_1_1790609429,DQN_UNIFORM,1,2501,129896,3.90,0,0.0100,0.02169,175.3
DQN_UNIFORM_seed_1_1790609429,DQN_UNIFORM,1,2502,129946,3.90,0,0.0100,0.02350,175.4
DQN_UNIFORM_seed_1_1790609429,DQN_UNIFORM,1,2503,130015,6.70,1,0.0100,0.03332,175.6
DQN_UNIFORM_seed_1_1790609429,DQN_UNIFORM,1,2504,130072,4.60,0,0.0100,0.03288,175.6
DQN_UNIFORM_seed_1_1790609429,DQN_UNIFORM,1,2505,130133,5.00,1,0.0100,0.02582,175.7
DQN_UNIFORM_seed_1_1790609429,DQN_UNIFORM,1,2506,130190,4.60,0,0.0100,0.03089,175.8
DQN_UNIFORM_seed_1_1790609429,DQN_UNIFORM,1,2507,130247,4.60,0,0.0100,0.03499,175.9
DQN_UNIFORM_seed_1_1790609429,DQN_UNIFORM,1,2508,130307,4.90,0,0.0100,0.01938,176.0
DQN_UNIFORM_seed_1_1790609429,DQN_UNIFORM,1,2509,130357,3.90,0,0.0100,0.01751,176.0
DQN_UNIFORM_seed_1_1790609429,DQN_UNIFORM,1,2510,130407,3.90,0,0.0100,0.01464,176.1
DQN_UNIFORM_seed_1_1790609429,DQN_UNIFORM,1,2511,130468,5.00,1,0.0100,0.02812,176.2
DQN_UNIFORM_seed_1_1790609429,DQN_UNIFORM,1,2512,130518,3.90,0,0.0100,0.02534,176.3
DQN_UNIFORM_seed_1_1790609429,DQN_UNIFORM,1,2513,130571,4.20,0,0.0100,0.02325,176.4
DQN_UNIFORM_seed_1_1790609429,DQN_UNIFORM,1,2514,130621,3.90,0,0.0100,0.02202,176.4
DQN_UNIFORM_seed_1_1790609429,DQN_UNIFORM,1,2515,130743,12.90,2,0.0100,0.02452,176.6
DQN_UNIFORM_seed_1_1790609429,DQN_UNIFORM,1,2516,130829,8.40,1,0.0100,0.02130,176.7
DQN_UNIFORM_seed_1_1790609429,DQN_UNIFORM,1,2517,130929,10.70,2,0.0100,0.02446,176.9
DQN_UNIFORM_seed_1_1790609429,DQN_UNIFORM,1,2518,130999,6.80,1,0.0100,0.02827,177.0
DQN_UNIFORM_seed_1_1790609429,DQN_UNIFORM,1,2519,131085,8.40,1,0.0100,0.03249,177.1
DQN_UNIFORM_seed_1_1790609429,DQN_UNIFORM,1,2520,131207,12.90,2,0.0100,0.03250,177.3
DQN_UNIFORM_seed_1_1790609429,DQN_UNIFORM,1,2521,131257,3.90,0,0.0100,0.02648,177.3
DQN_UNIFORM_seed_1_1790609429,DQN_UNIFORM,1,2522,131379,12.90,2,0.0100,0.02309,177.5
DQN_UNIFORM_seed_1_1790609429,DQN_UNIFORM,1,2523,131465,8.40,1,0.0100,0.02729,177.6
DQN_UNIFORM_seed_1_1790609429,DQN_UNIFORM,1,2524,131522,4.60,0,0.0100,0.03094,177.7
DQN_UNIFORM_seed_1_1790609429,DQN_UNIFORM,1,2525,131572,3.90,0,0.0100,0.03881,177.8
DQN_UNIFORM_seed_1_1790609429,DQN_UNIFORM,1,2526,131626,4.30,0,0.0100,0.03433,177.9
DQN_UNIFORM_seed_1_1790609429,DQN_UNIFORM,1,2527,131712,8.40,1,0.0100,0.03297,178.0
DQN_UNIFORM_seed_1_1790609429,DQN_UNIFORM,1,2528,131798,8.40,1,0.0100,0.03334,178.1
DQN_UNIFORM_seed_1_1790609429,DQN_UNIFORM,1,2529,131997,22.40,4,0.0100,0.02389,178.4
DQN_UNIFORM_seed_1_1790609429,DQN_UNIFORM,1,2530,132047,3.90,0,0.0100,0.03072,178.5
DQN_UNIFORM_seed_1_1790609429,DQN_UNIFORM,1,2531,132133,8.40,1,0.0100,0.03044,178.6
DQN_UNIFORM_seed_1_1790609429,DQN_UNIFORM,1,2532,132183,3.90,0,0.0100,0.02830,178.7
DQN_UNIFORM_seed_1_1790609429,DQN_UNIFORM,1,2533,132239,4.50,0,0.0100,0.03192,178.7
DQN_UNIFORM_seed_1_1790609429,DQN_UNIFORM,1,2534,132297,4.70,0,0.0100,0.03650,178.8
DQN_UNIFORM_seed_1_1790609429,DQN_UNIFORM,1,2535,132347,3.90,0,0.0100,0.03119,178.9
DQN_UNIFORM_seed_1_1790609429,DQN_UNIFORM,1,2536,132397,3.90,0,0.0100,0.02659,179.0
DQN_UNIFORM_seed_1_1790609429,DQN_UNIFORM,1,2537,132454,4.60,0,0.0100,0.02454,179.0
DQN_UNIFORM_seed_1_1790609429,DQN_UNIFORM,1,2538,132504,3.90,0,0.0100,0.03284,179.1
DQN_UNIFORM_seed_1_1790609429,DQN_UNIFORM,1,2539,132554,-1.50,0,0.0100,0.03560,179.2
DQN_UNIFORM_seed_1_1790609429,DQN_UNIFORM,1,2540,132604,3.90,0,0.0100,0.02716,179.3
DQN_UNIFORM_seed_1_1790609429,DQN_UNIFORM,1,2541,132660,4.50,0,0.0100,0.02321,179.3
DQN_UNIFORM_seed_1_1790609429,DQN_UNIFORM,1,2542,132746,8.40,1,0.0100,0.02759,179.5
DQN_UNIFORM_seed_1_1790609429,DQN_UNIFORM,1,2543,132796,3.90,0,0.0100,0.02493,179.5
DQN_UNIFORM_seed_1_1790609429,DQN_UNIFORM,1,2544,132855,4.80,0,0.0100,0.03520,179.6
DQN_UNIFORM_seed_1_1790609429,DQN_UNIFORM,1,2545,132977,12.90,2,0.0100,0.02721,179.8
DQN_UNIFORM_seed_1_1790609429,DQN_UNIFORM,1,2546,133027,3.90,0,0.0100,0.02828,179.9
DQN_UNIFORM_seed_1_1790609429,DQN_UNIFORM,1,2547,133113,8.40,1,0.0100,0.03573,180.0
DQN_UNIFORM_seed_1_1790609429,DQN_UNIFORM,1,2548,133199,8.40,1,0.0100,0.02783,180.1
DQN_UNIFORM_seed_1_1790609429,DQN_UNIFORM,1,2549,133285,8.40,1,0.0100,0.03150,180.2
DQN_UNIFORM_seed_1_1790609429,DQN_UNIFORM,1,2550,133371,8.40,1,0.0100,0.02920,180.4
DQN_UNIFORM_seed_1_1790609429,DQN_UNIFORM,1,2551,133493,12.90,2,0.0100,0.02903,180.5
DQN_UNIFORM_seed_1_1790609429,DQN_UNIFORM,1,2552,133579,8.40,1,0.0100,0.02583,180.6
DQN_UNIFORM_seed_1_1790609429,DQN_UNIFORM,1,2553,133665,8.40,1,0.0100,0.03117,180.8
DQN_UNIFORM_seed_1_1790609429,DQN_UNIFORM,1,2554,133864,22.40,4,0.0100,0.03053,181.1
DQN_UNIFORM_seed_1_1790609429,DQN_UNIFORM,1,2555,133923,4.80,0,0.0100,0.03333,181.1
DQN_UNIFORM_seed_1_1790609429,DQN_UNIFORM,1,2556,134009,8.40,1,0.0100,0.02489,181.3
DQN_UNIFORM_seed_1_1790609429,DQN_UNIFORM,1,2557,134059,3.90,0,0.0100,0.02649,181.3
DQN_UNIFORM_seed_1_1790609429,DQN_UNIFORM,1,2558,134145,8.40,1,0.0100,0.03027,181.5
DQN_UNIFORM_seed_1_1790609429,DQN_UNIFORM,1,2559,134195,3.90,0,0.0100,0.02222,181.5
DQN_UNIFORM_seed_1_1790609429,DQN_UNIFORM,1,2560,134373,20.30,4,0.0100,0.02404,181.8
DQN_UNIFORM_seed_1_1790609429,DQN_UNIFORM,1,2561,134459,8.40,1,0.0100,0.02648,181.9
DQN_UNIFORM_seed_1_1790609429,DQN_UNIFORM,1,2562,134509,3.90,0,0.0100,0.02224,182.0
DQN_UNIFORM_seed_1_1790609429,DQN_UNIFORM,1,2563,134568,4.80,0,0.0100,0.02151,182.1
DQN_UNIFORM_seed_1_1790609429,DQN_UNIFORM,1,2564,134671,11.00,2,0.0100,0.02202,182.2
DQN_UNIFORM_seed_1_1790609429,DQN_UNIFORM,1,2565,134729,4.70,0,0.0100,0.03287,182.3
DQN_UNIFORM_seed_1_1790609429,DQN_UNIFORM,1,2566,134815,8.40,1,0.0100,0.03020,182.4
DQN_UNIFORM_seed_1_1790609429,DQN_UNIFORM,1,2567,134865,-0.90,0,0.0100,0.02910,182.5
DQN_UNIFORM_seed_1_1790609429,DQN_UNIFORM,1,2568,134915,-6.90,0,0.0100,0.02818,182.6
DQN_UNIFORM_seed_1_1790609429,DQN_UNIFORM,1,2569,134965,3.90,0,0.0100,0.03213,182.6
DQN_UNIFORM_seed_1_1790609429,DQN_UNIFORM,1,2570,135015,3.90,0,0.0100,0.02966,183.0
DQN_UNIFORM_seed_1_1790609429,DQN_UNIFORM,1,2571,135137,12.90,2,0.0100,0.02823,183.1
DQN_UNIFORM_seed_1_1790609429,DQN_UNIFORM,1,2572,135187,3.90,0,0.0100,0.04155,183.2
DQN_UNIFORM_seed_1_1790609429,DQN_UNIFORM,1,2573,135237,3.90,0,0.0100,0.02269,183.3
DQN_UNIFORM_seed_1_1790609429,DQN_UNIFORM,1,2574,135287,3.90,0,0.0100,0.03496,183.4
DQN_UNIFORM_seed_1_1790609429,DQN_UNIFORM,1,2575,135337,3.90,0,0.0100,0.02844,183.4
DQN_UNIFORM_seed_1_1790609429,DQN_UNIFORM,1,2576,135423,8.40,1,0.0100,0.03359,183.5
DQN_UNIFORM_seed_1_1790609429,DQN_UNIFORM,1,2577,135473,3.90,0,0.0100,0.02808,183.6
DQN_UNIFORM_seed_1_1790609429,DQN_UNIFORM,1,2578,135523,3.90,0,0.0100,0.02953,183.7
DQN_UNIFORM_seed_1_1790609429,DQN_UNIFORM,1,2579,135573,3.90,0,0.0100,0.03280,183.8
DQN_UNIFORM_seed_1_1790609429,DQN_UNIFORM,1,2580,135659,8.40,1,0.0100,0.03269,183.9
DQN_UNIFORM_seed_1_1790609429,DQN_UNIFORM,1,2581,135709,3.90,0,0.0100,0.03709,184.0
DQN_UNIFORM_seed_1_1790609429,DQN_UNIFORM,1,2582,135795,8.40,1,0.0100,0.03654,184.1
DQN_UNIFORM_seed_1_1790609429,DQN_UNIFORM,1,2583,135845,3.90,0,0.0100,0.02984,184.2
DQN_UNIFORM_seed_1_1790609429,DQN_UNIFORM,1,2584,135895,3.90,0,0.0100,0.03065,184.2
DQN_UNIFORM_seed_1_1790609429,DQN_UNIFORM,1,2585,135945,3.90,0,0.0100,0.03122,184.3
DQN_UNIFORM_seed_1_1790609429,DQN_UNIFORM,1,2586,136008,6.10,1,0.0100,0.02349,184.4
DQN_UNIFORM_seed_1_1790609429,DQN_UNIFORM,1,2587,136058,3.90,0,0.0100,0.02890,184.5
DQN_UNIFORM_seed_1_1790609429,DQN_UNIFORM,1,2588,136108,3.90,0,0.0100,0.03088,184.5
DQN_UNIFORM_seed_1_1790609429,DQN_UNIFORM,1,2589,136230,12.90,2,0.0100,0.02709,184.7
DQN_UNIFORM_seed_1_1790609429,DQN_UNIFORM,1,2590,136429,22.40,4,0.0100,0.03554,185.0
DQN_UNIFORM_seed_1_1790609429,DQN_UNIFORM,1,2591,136479,3.90,0,0.0100,0.02657,185.1
DQN_UNIFORM_seed_1_1790609429,DQN_UNIFORM,1,2592,136565,8.40,1,0.0100,0.03088,185.2
DQN_UNIFORM_seed_1_1790609429,DQN_UNIFORM,1,2593,136615,3.90,0,0.0100,0.02981,185.3
DQN_UNIFORM_seed_1_1790609429,DQN_UNIFORM,1,2594,136701,8.40,1,0.0100,0.02654,185.4
DQN_UNIFORM_seed_1_1790609429,DQN_UNIFORM,1,2595,136751,3.90,0,0.0100,0.02475,185.5
DQN_UNIFORM_seed_1_1790609429,DQN_UNIFORM,1,2596,136801,3.90,0,0.0100,0.02763,185.5
DQN_UNIFORM_seed_1_1790609429,DQN_UNIFORM,1,2597,136861,4.90,0,0.0100,0.03334,185.6
DQN_UNIFORM_seed_1_1790609429,DQN_UNIFORM,1,2598,136923,6.00,1,0.0100,0.03686,185.7
DQN_UNIFORM_seed_1_1790609429,DQN_UNIFORM,1,2599,137009,8.40,1,0.0100,0.03717,185.8
DQN_UNIFORM_seed_1_1790609429,DQN_UNIFORM,1,2600,137095,8.40,1,0.0100,0.03974,185.9
DQN_UNIFORM_seed_1_1790609429,DQN_UNIFORM,1,2601,137181,8.40,1,0.0100,0.03784,186.1
DQN_UNIFORM_seed_1_1790609429,DQN_UNIFORM,1,2602,137231,3.90,0,0.0100,0.03707,186.1
DQN_UNIFORM_seed_1_1790609429,DQN_UNIFORM,1,2603,137291,4.90,0,0.0100,0.02817,186.2
DQN_UNIFORM_seed_1_1790609429,DQN_UNIFORM,1,2604,137341,-2.70,0,0.0100,0.02736,186.3
DQN_UNIFORM_seed_1_1790609429,DQN_UNIFORM,1,2605,137427,8.40,1,0.0100,0.04076,186.4
DQN_UNIFORM_seed_1_1790609429,DQN_UNIFORM,1,2606,137513,8.40,1,0.0100,0.03534,186.6
DQN_UNIFORM_seed_1_1790609429,DQN_UNIFORM,1,2607,137748,26.90,5,0.0100,0.03909,186.9
DQN_UNIFORM_seed_1_1790609429,DQN_UNIFORM,1,2608,137798,3.90,0,0.0100,0.02751,187.0
DQN_UNIFORM_seed_1_1790609429,DQN_UNIFORM,1,2609,137848,-0.90,0,0.0100,0.03301,187.0
DQN_UNIFORM_seed_1_1790609429,DQN_UNIFORM,1,2610,137898,3.90,0,0.0100,0.02674,187.1
DQN_UNIFORM_seed_1_1790609429,DQN_UNIFORM,1,2611,137948,3.90,0,0.0100,0.03402,187.2
DQN_UNIFORM_seed_1_1790609429,DQN_UNIFORM,1,2612,138034,8.40,1,0.0100,0.03364,187.3
DQN_UNIFORM_seed_1_1790609429,DQN_UNIFORM,1,2613,138094,4.90,0,0.0100,0.03166,187.4
DQN_UNIFORM_seed_1_1790609429,DQN_UNIFORM,1,2614,138156,6.00,1,0.0100,0.03044,187.5
DQN_UNIFORM_seed_1_1790609429,DQN_UNIFORM,1,2615,138206,3.90,0,0.0100,0.03488,187.5
DQN_UNIFORM_seed_1_1790609429,DQN_UNIFORM,1,2616,138256,2.70,0,0.0100,0.03556,187.6
DQN_UNIFORM_seed_1_1790609429,DQN_UNIFORM,1,2617,138306,3.90,0,0.0100,0.03402,187.7
DQN_UNIFORM_seed_1_1790609429,DQN_UNIFORM,1,2618,138365,4.80,0,0.0100,0.03259,187.8
DQN_UNIFORM_seed_1_1790609429,DQN_UNIFORM,1,2619,138415,3.90,0,0.0100,0.03091,187.8
DQN_UNIFORM_seed_1_1790609429,DQN_UNIFORM,1,2620,138465,3.90,0,0.0100,0.03102,187.9
DQN_UNIFORM_seed_1_1790609429,DQN_UNIFORM,1,2621,138700,26.90,5,0.0100,0.03329,188.2
DQN_UNIFORM_seed_1_1790609429,DQN_UNIFORM,1,2622,138750,2.70,0,0.0100,0.03941,188.3
DQN_UNIFORM_seed_1_1790609429,DQN_UNIFORM,1,2623,138800,3.90,0,0.0100,0.03125,188.4
DQN_UNIFORM_seed_1_1790609429,DQN_UNIFORM,1,2624,138850,3.90,0,0.0100,0.02458,188.5
DQN_UNIFORM_seed_1_1790609429,DQN_UNIFORM,1,2625,138972,12.90,2,0.0100,0.02845,188.6
DQN_UNIFORM_seed_1_1790609429,DQN_UNIFORM,1,2626,139022,-2.10,0,0.0100,0.02678,188.7
DQN_UNIFORM_seed_1_1790609429,DQN_UNIFORM,1,2627,139072,3.90,0,0.0100,0.03826,188.8
DQN_UNIFORM_seed_1_1790609429,DQN_UNIFORM,1,2628,139158,8.40,1,0.0100,0.03424,188.9
DQN_UNIFORM_seed_1_1790609429,DQN_UNIFORM,1,2629,139208,3.90,0,0.0100,0.04656,189.0
DQN_UNIFORM_seed_1_1790609429,DQN_UNIFORM,1,2630,139330,12.90,2,0.0100,0.03734,189.1
DQN_UNIFORM_seed_1_1790609429,DQN_UNIFORM,1,2631,139380,3.90,0,0.0100,0.04237,189.2
DQN_UNIFORM_seed_1_1790609429,DQN_UNIFORM,1,2632,139430,3.90,0,0.0100,0.04332,189.3
DQN_UNIFORM_seed_1_1790609429,DQN_UNIFORM,1,2633,139552,12.90,2,0.0100,0.04071,189.5
DQN_UNIFORM_seed_1_1790609429,DQN_UNIFORM,1,2634,139638,8.40,1,0.0100,0.02965,189.6
DQN_UNIFORM_seed_1_1790609429,DQN_UNIFORM,1,2635,140063,50.40,10,0.0100,0.03886,190.3
DQN_UNIFORM_seed_1_1790609429,DQN_UNIFORM,1,2636,140150,8.50,1,0.0100,0.04317,190.5
DQN_UNIFORM_seed_1_1790609429,DQN_UNIFORM,1,2637,140200,3.90,0,0.0100,0.05075,190.5
DQN_UNIFORM_seed_1_1790609429,DQN_UNIFORM,1,2638,140286,8.40,1,0.0100,0.04422,190.7
DQN_UNIFORM_seed_1_1790609429,DQN_UNIFORM,1,2639,140375,8.70,1,0.0100,0.04213,190.8
DQN_UNIFORM_seed_1_1790609429,DQN_UNIFORM,1,2640,140434,4.80,0,0.0100,0.04090,190.9
DQN_UNIFORM_seed_1_1790609429,DQN_UNIFORM,1,2641,140484,3.90,0,0.0100,0.03727,190.9
DQN_UNIFORM_seed_1_1790609429,DQN_UNIFORM,1,2642,140534,3.90,0,0.0100,0.04432,191.0
DQN_UNIFORM_seed_1_1790609429,DQN_UNIFORM,1,2643,140620,8.40,1,0.0100,0.04706,191.1
DQN_UNIFORM_seed_1_1790609429,DQN_UNIFORM,1,2644,140670,3.90,0,0.0100,0.03865,191.2
DQN_UNIFORM_seed_1_1790609429,DQN_UNIFORM,1,2645,140756,8.40,1,0.0100,0.04997,191.3
DQN_UNIFORM_seed_1_1790609429,DQN_UNIFORM,1,2646,140806,3.90,0,0.0100,0.04258,191.4
DQN_UNIFORM_seed_1_1790609429,DQN_UNIFORM,1,2647,140928,12.90,2,0.0100,0.04730,191.6
DQN_UNIFORM_seed_1_1790609429,DQN_UNIFORM,1,2648,141050,12.90,2,0.0100,0.04788,191.8
DQN_UNIFORM_seed_1_1790609429,DQN_UNIFORM,1,2649,141148,10.50,2,0.0100,0.04747,191.9
DQN_UNIFORM_seed_1_1790609429,DQN_UNIFORM,1,2650,141240,9.00,1,0.0100,0.03683,192.0
DQN_UNIFORM_seed_1_1790609429,DQN_UNIFORM,1,2651,141301,5.00,1,0.0100,0.05626,192.1
DQN_UNIFORM_seed_1_1790609429,DQN_UNIFORM,1,2652,141398,9.50,2,0.0100,0.04043,192.2
DQN_UNIFORM_seed_1_1790609429,DQN_UNIFORM,1,2653,141484,8.40,1,0.0100,0.04510,192.4
DQN_UNIFORM_seed_1_1790609429,DQN_UNIFORM,1,2654,141553,6.70,1,0.0100,0.04249,192.5
DQN_UNIFORM_seed_1_1790609429,DQN_UNIFORM,1,2655,141653,10.70,2,0.0100,0.04058,192.6
DQN_UNIFORM_seed_1_1790609429,DQN_UNIFORM,1,2656,141739,8.40,1,0.0100,0.03714,192.7
DQN_UNIFORM_seed_1_1790609429,DQN_UNIFORM,1,2657,141789,3.90,0,0.0100,0.03879,192.8
DQN_UNIFORM_seed_1_1790609429,DQN_UNIFORM,1,2658,141875,8.40,1,0.0100,0.04929,192.9
DQN_UNIFORM_seed_1_1790609429,DQN_UNIFORM,1,2659,141932,4.60,0,0.0100,0.04631,193.0
DQN_UNIFORM_seed_1_1790609429,DQN_UNIFORM,1,2660,141982,3.90,0,0.0100,0.04313,193.1
DQN_UNIFORM_seed_1_1790609429,DQN_UNIFORM,1,2661,142032,0.30,0,0.0100,0.04652,193.2
DQN_UNIFORM_seed_1_1790609429,DQN_UNIFORM,1,2662,142267,26.90,5,0.0100,0.05304,193.5
DQN_UNIFORM_seed_1_1790609429,DQN_UNIFORM,1,2663,142328,5.00,1,0.0100,0.05945,193.6
DQN_UNIFORM_seed_1_1790609429,DQN_UNIFORM,1,2664,142389,5.00,1,0.0100,0.05068,193.7
DQN_UNIFORM_seed_1_1790609429,DQN_UNIFORM,1,2665,142439,-3.30,0,0.0100,0.04810,193.7
DQN_UNIFORM_seed_1_1790609429,DQN_UNIFORM,1,2666,142525,8.40,1,0.0100,0.06108,193.9
DQN_UNIFORM_seed_1_1790609429,DQN_UNIFORM,1,2667,142611,8.40,1,0.0100,0.06340,194.0
DQN_UNIFORM_seed_1_1790609429,DQN_UNIFORM,1,2668,142661,3.90,0,0.0100,0.05506,194.1
DQN_UNIFORM_seed_1_1790609429,DQN_UNIFORM,1,2669,142758,9.50,2,0.0100,0.05323,194.2
DQN_UNIFORM_seed_1_1790609429,DQN_UNIFORM,1,2670,142808,3.90,0,0.0100,0.04773,194.3
DQN_UNIFORM_seed_1_1790609429,DQN_UNIFORM,1,2671,142877,6.70,1,0.0100,0.06163,194.4
DQN_UNIFORM_seed_1_1790609429,DQN_UNIFORM,1,2672,142927,3.90,0,0.0100,0.04368,194.4
DQN_UNIFORM_seed_1_1790609429,DQN_UNIFORM,1,2673,142977,3.90,0,0.0100,0.05020,194.5
DQN_UNIFORM_seed_1_1790609429,DQN_UNIFORM,1,2674,143063,8.40,1,0.0100,0.06023,194.6
DQN_UNIFORM_seed_1_1790609429,DQN_UNIFORM,1,2675,143113,3.90,0,0.0100,0.05237,194.7
DQN_UNIFORM_seed_1_1790609429,DQN_UNIFORM,1,2676,143163,3.90,0,0.0100,0.05571,194.8
DQN_UNIFORM_seed_1_1790609429,DQN_UNIFORM,1,2677,143285,12.90,2,0.0100,0.05132,194.9
DQN_UNIFORM_seed_1_1790609429,DQN_UNIFORM,1,2678,143347,6.00,1,0.0100,0.06095,195.0
DQN_UNIFORM_seed_1_1790609429,DQN_UNIFORM,1,2679,143397,1.50,0,0.0100,0.04758,195.1
DQN_UNIFORM_seed_1_1790609429,DQN_UNIFORM,1,2680,143447,3.90,0,0.0100,0.05481,195.2
DQN_UNIFORM_seed_1_1790609429,DQN_UNIFORM,1,2681,143497,3.90,0,0.0100,0.05739,195.3
DQN_UNIFORM_seed_1_1790609429,DQN_UNIFORM,1,2682,143553,4.50,0,0.0100,0.05550,195.3
DQN_UNIFORM_seed_1_1790609429,DQN_UNIFORM,1,2683,143603,3.90,0,0.0100,0.05967,195.4
DQN_UNIFORM_seed_1_1790609429,DQN_UNIFORM,1,2684,143673,6.80,1,0.0100,0.04670,195.5
DQN_UNIFORM_seed_1_1790609429,DQN_UNIFORM,1,2685,143723,3.90,0,0.0100,0.06477,195.6
DQN_UNIFORM_seed_1_1790609429,DQN_UNIFORM,1,2686,143773,3.90,0,0.0100,0.05020,195.6
DQN_UNIFORM_seed_1_1790609429,DQN_UNIFORM,1,2687,143859,8.40,1,0.0100,0.04711,195.8
DQN_UNIFORM_seed_1_1790609429,DQN_UNIFORM,1,2688,143909,3.90,0,0.0100,0.06145,195.8
DQN_UNIFORM_seed_1_1790609429,DQN_UNIFORM,1,2689,143959,2.70,0,0.0100,0.05264,195.9
DQN_UNIFORM_seed_1_1790609429,DQN_UNIFORM,1,2690,144009,3.90,0,0.0100,0.05142,196.0
DQN_UNIFORM_seed_1_1790609429,DQN_UNIFORM,1,2691,144114,11.20,2,0.0100,0.05415,196.1
DQN_UNIFORM_seed_1_1790609429,DQN_UNIFORM,1,2692,144164,3.90,0,0.0100,0.05519,196.2
DQN_UNIFORM_seed_1_1790609429,DQN_UNIFORM,1,2693,144214,3.90,0,0.0100,0.05773,196.3
DQN_UNIFORM_seed_1_1790609429,DQN_UNIFORM,1,2694,144350,15.20,3,0.0100,0.05620,196.5
DQN_UNIFORM_seed_1_1790609429,DQN_UNIFORM,1,2695,144436,8.40,1,0.0100,0.06214,196.6
DQN_UNIFORM_seed_1_1790609429,DQN_UNIFORM,1,2696,144503,6.50,1,0.0100,0.05499,196.7
DQN_UNIFORM_seed_1_1790609429,DQN_UNIFORM,1,2697,144553,3.90,0,0.0100,0.04148,196.8
DQN_UNIFORM_seed_1_1790609429,DQN_UNIFORM,1,2698,144603,3.90,0,0.0100,0.06363,196.8
DQN_UNIFORM_seed_1_1790609429,DQN_UNIFORM,1,2699,144653,3.90,0,0.0100,0.06327,196.9
DQN_UNIFORM_seed_1_1790609429,DQN_UNIFORM,1,2700,144888,26.90,5,0.0100,0.04588,197.2
DQN_UNIFORM_seed_1_1790609429,DQN_UNIFORM,1,2701,144938,3.90,0,0.0100,0.04332,197.3
DQN_UNIFORM_seed_1_1790609429,DQN_UNIFORM,1,2702,144988,3.90,0,0.0100,0.05885,197.4
DQN_UNIFORM_seed_1_1790609429,DQN_UNIFORM,1,2703,145038,3.90,0,0.0100,0.05030,197.7
DQN_UNIFORM_seed_1_1790609429,DQN_UNIFORM,1,2704,145124,8.40,1,0.0100,0.05582,197.8
DQN_UNIFORM_seed_1_1790609429,DQN_UNIFORM,1,2705,145174,3.90,0,0.0100,0.05081,197.9
DQN_UNIFORM_seed_1_1790609429,DQN_UNIFORM,1,2706,145224,3.90,0,0.0100,0.06000,198.0
DQN_UNIFORM_seed_1_1790609429,DQN_UNIFORM,1,2707,145284,4.90,0,0.0100,0.06439,198.1
DQN_UNIFORM_seed_1_1790609429,DQN_UNIFORM,1,2708,145339,4.40,0,0.0100,0.06063,198.1
DQN_UNIFORM_seed_1_1790609429,DQN_UNIFORM,1,2709,145461,12.90,2,0.0100,0.05775,198.3
DQN_UNIFORM_seed_1_1790609429,DQN_UNIFORM,1,2710,145595,15.00,3,0.0100,0.05432,198.5
DQN_UNIFORM_seed_1_1790609429,DQN_UNIFORM,1,2711,145645,-4.50,0,0.0100,0.03522,198.6
DQN_UNIFORM_seed_1_1790609429,DQN_UNIFORM,1,2712,145731,8.40,1,0.0100,0.04577,198.7
DQN_UNIFORM_seed_1_1790609429,DQN_UNIFORM,1,2713,145863,13.90,2,0.0100,0.05326,198.9
DQN_UNIFORM_seed_1_1790609429,DQN_UNIFORM,1,2714,145953,8.80,1,0.0100,0.05403,199.0
DQN_UNIFORM_seed_1_1790609429,DQN_UNIFORM,1,2715,146039,8.40,1,0.0100,0.04972,199.2
DQN_UNIFORM_seed_1_1790609429,DQN_UNIFORM,1,2716,146089,3.90,0,0.0100,0.06096,199.2
DQN_UNIFORM_seed_1_1790609429,DQN_UNIFORM,1,2717,146175,8.40,1,0.0100,0.06421,199.4
DQN_UNIFORM_seed_1_1790609429,DQN_UNIFORM,1,2718,146225,3.90,0,0.0100,0.06576,199.4
DQN_UNIFORM_seed_1_1790609429,DQN_UNIFORM,1,2719,146398,18.90,3,0.0100,0.05595,199.7
DQN_UNIFORM_seed_1_1790609429,DQN_UNIFORM,1,2720,146448,-2.70,0,0.0100,0.04921,199.7
DQN_UNIFORM_seed_1_1790609429,DQN_UNIFORM,1,2721,146570,12.90,2,0.0100,0.04841,199.9
DQN_UNIFORM_seed_1_1790609429,DQN_UNIFORM,1,2722,146676,11.30,2,0.0100,0.05072,200.1
DQN_UNIFORM_seed_1_1790609429,DQN_UNIFORM,1,2723,146762,8.40,1,0.0100,0.04532,200.2
DQN_UNIFORM_seed_1_1790609429,DQN_UNIFORM,1,2724,146848,8.40,1,0.0100,0.05500,200.3
DQN_UNIFORM_seed_1_1790609429,DQN_UNIFORM,1,2725,146934,8.40,1,0.0100,0.05408,200.4
DQN_UNIFORM_seed_1_1790609429,DQN_UNIFORM,1,2726,147020,8.40,1,0.0100,0.06403,200.6
DQN_UNIFORM_seed_1_1790609429,DQN_UNIFORM,1,2727,147121,10.80,2,0.0100,0.06139,200.7
DQN_UNIFORM_seed_1_1790609429,DQN_UNIFORM,1,2728,147243,12.90,2,0.0100,0.05686,200.9
DQN_UNIFORM_seed_1_1790609429,DQN_UNIFORM,1,2729,147329,8.40,1,0.0100,0.05475,201.0
DQN_UNIFORM_seed_1_1790609429,DQN_UNIFORM,1,2730,147500,18.70,3,0.0100,0.05486,201.3
DQN_UNIFORM_seed_1_1790609429,DQN_UNIFORM,1,2731,147586,8.40,1,0.0100,0.05699,201.4
DQN_UNIFORM_seed_1_1790609429,DQN_UNIFORM,1,2732,147636,3.90,0,0.0100,0.06396,201.5
DQN_UNIFORM_seed_1_1790609429,DQN_UNIFORM,1,2733,147702,6.40,1,0.0100,0.06202,201.6
DQN_UNIFORM_seed_1_1790609429,DQN_UNIFORM,1,2734,147901,22.40,4,0.0100,0.06069,201.8
DQN_UNIFORM_seed_1_1790609429,DQN_UNIFORM,1,2735,147951,3.90,0,0.0100,0.05756,201.9
DQN_UNIFORM_seed_1_1790609429,DQN_UNIFORM,1,2736,148037,8.40,1,0.0100,0.06256,202.0
DQN_UNIFORM_seed_1_1790609429,DQN_UNIFORM,1,2737,148123,8.40,1,0.0100,0.05944,202.2
DQN_UNIFORM_seed_1_1790609429,DQN_UNIFORM,1,2738,148179,4.50,0,0.0100,0.05750,202.2
DQN_UNIFORM_seed_1_1790609429,DQN_UNIFORM,1,2739,148265,8.40,1,0.0100,0.07552,202.4
DQN_UNIFORM_seed_1_1790609429,DQN_UNIFORM,1,2740,148351,8.40,1,0.0100,0.07972,202.5
DQN_UNIFORM_seed_1_1790609429,DQN_UNIFORM,1,2741,148663,36.40,7,0.0100,0.05724,202.9
DQN_UNIFORM_seed_1_1790609429,DQN_UNIFORM,1,2742,148749,8.40,1,0.0100,0.05992,203.1
DQN_UNIFORM_seed_1_1790609429,DQN_UNIFORM,1,2743,148839,8.80,1,0.0100,0.05690,203.2
DQN_UNIFORM_seed_1_1790609429,DQN_UNIFORM,1,2744,148925,8.40,1,0.0100,0.07408,203.3
DQN_UNIFORM_seed_1_1790609429,DQN_UNIFORM,1,2745,148984,4.80,0,0.0100,0.07649,203.4
DQN_UNIFORM_seed_1_1790609429,DQN_UNIFORM,1,2746,149070,8.40,1,0.0100,0.08189,203.5
DQN_UNIFORM_seed_1_1790609429,DQN_UNIFORM,1,2747,149156,7.20,1,0.0100,0.08172,203.7
DQN_UNIFORM_seed_1_1790609429,DQN_UNIFORM,1,2748,149242,8.40,1,0.0100,0.07066,203.8
DQN_UNIFORM_seed_1_1790609429,DQN_UNIFORM,1,2749,149329,8.50,1,0.0100,0.07733,203.9
DQN_UNIFORM_seed_1_1790609429,DQN_UNIFORM,1,2750,149415,8.40,1,0.0100,0.07758,204.0
DQN_UNIFORM_seed_1_1790609429,DQN_UNIFORM,1,2751,149501,8.40,1,0.0100,0.06957,204.1
DQN_UNIFORM_seed_1_1790609429,DQN_UNIFORM,1,2752,149749,29.10,6,0.0100,0.06702,204.5
DQN_UNIFORM_seed_1_1790609429,DQN_UNIFORM,1,2753,149835,8.40,1,0.0100,0.06278,204.6
DQN_UNIFORM_seed_1_1790609429,DQN_UNIFORM,1,2754,150007,18.80,3,0.0100,0.06119,205.1
DQN_UNIFORM_seed_1_1790609429,DQN_UNIFORM,1,2755,150096,8.70,1,0.0100,0.07163,205.2
DQN_UNIFORM_seed_1_1790609429,DQN_UNIFORM,1,2756,150146,3.90,0,0.0100,0.08816,205.3
DQN_UNIFORM_seed_1_1790609429,DQN_UNIFORM,1,2757,150232,8.40,1,0.0100,0.07006,205.4
DQN_UNIFORM_seed_1_1790609429,DQN_UNIFORM,1,2758,150318,8.40,1,0.0100,0.06840,205.5
DQN_UNIFORM_seed_1_1790609429,DQN_UNIFORM,1,2759,150666,40.90,8,0.0100,0.06843,206.0
DQN_UNIFORM_seed_1_1790609429,DQN_UNIFORM,1,2760,150752,8.40,1,0.0100,0.06551,206.1
DQN_UNIFORM_seed_1_1790609429,DQN_UNIFORM,1,2761,150838,8.40,1,0.0100,0.07193,206.3
DQN_UNIFORM_seed_1_1790609429,DQN_UNIFORM,1,2762,150897,4.80,0,0.0100,0.07272,206.3
DQN_UNIFORM_seed_1_1790609429,DQN_UNIFORM,1,2763,151060,17.90,3,0.0100,0.07343,206.6
DQN_UNIFORM_seed_1_1790609429,DQN_UNIFORM,1,2764,151270,23.50,4,0.0100,0.06805,206.9
DQN_UNIFORM_seed_1_1790609429,DQN_UNIFORM,1,2765,151582,36.40,7,0.0100,0.06760,207.3
DQN_UNIFORM_seed_1_1790609429,DQN_UNIFORM,1,2766,151632,3.90,0,0.0100,0.05152,207.4
DQN_UNIFORM_seed_1_1790609429,DQN_UNIFORM,1,2767,151718,8.40,1,0.0100,0.07066,207.5
DQN_UNIFORM_seed_1_1790609429,DQN_UNIFORM,1,2768,151917,22.40,4,0.0100,0.06272,207.8
DQN_UNIFORM_seed_1_1790609429,DQN_UNIFORM,1,2769,152193,31.90,6,0.0100,0.06705,208.2
DQN_UNIFORM_seed_1_1790609429,DQN_UNIFORM,1,2770,152279,8.40,1,0.0100,0.05399,208.3
DQN_UNIFORM_seed_1_1790609429,DQN_UNIFORM,1,2771,152478,22.40,4,0.0100,0.07211,208.6
DQN_UNIFORM_seed_1_1790609429,DQN_UNIFORM,1,2772,152564,8.40,1,0.0100,0.07439,208.8
DQN_UNIFORM_seed_1_1790609429,DQN_UNIFORM,1,2773,152686,12.90,2,0.0100,0.06360,208.9
DQN_UNIFORM_seed_1_1790609429,DQN_UNIFORM,1,2774,152885,22.40,4,0.0100,0.06518,209.2
DQN_UNIFORM_seed_1_1790609429,DQN_UNIFORM,1,2775,152971,8.40,1,0.0100,0.05749,209.4
DQN_UNIFORM_seed_1_1790609429,DQN_UNIFORM,1,2776,153093,12.90,2,0.0100,0.06162,209.5
DQN_UNIFORM_seed_1_1790609429,DQN_UNIFORM,1,2777,153215,12.90,2,0.0100,0.07239,209.7
DQN_UNIFORM_seed_1_1790609429,DQN_UNIFORM,1,2778,153351,15.20,3,0.0100,0.07031,209.9
DQN_UNIFORM_seed_1_1790609429,DQN_UNIFORM,1,2779,153437,8.40,1,0.0100,0.06465,210.0
DQN_UNIFORM_seed_1_1790609429,DQN_UNIFORM,1,2780,153536,10.60,2,0.0100,0.05974,210.2
DQN_UNIFORM_seed_1_1790609429,DQN_UNIFORM,1,2781,153658,12.90,2,0.0100,0.09467,210.3
DQN_UNIFORM_seed_1_1790609429,DQN_UNIFORM,1,2782,153821,17.90,3,0.0100,0.07285,210.6
DQN_UNIFORM_seed_1_1790609429,DQN_UNIFORM,1,2783,153907,8.40,1,0.0100,0.06282,210.7
DQN_UNIFORM_seed_1_1790609429,DQN_UNIFORM,1,2784,154106,22.40,4,0.0100,0.08166,211.0
DQN_UNIFORM_seed_1_1790609429,DQN_UNIFORM,1,2785,154228,12.90,2,0.0100,0.08380,211.2
DQN_UNIFORM_seed_1_1790609429,DQN_UNIFORM,1,2786,154298,6.80,1,0.0100,0.08302,211.3
DQN_UNIFORM_seed_1_1790609429,DQN_UNIFORM,1,2787,154367,6.70,1,0.0100,0.06289,211.4
DQN_UNIFORM_seed_1_1790609429,DQN_UNIFORM,1,2788,154530,17.90,3,0.0100,0.08201,211.6
DQN_UNIFORM_seed_1_1790609429,DQN_UNIFORM,1,2789,154616,8.40,1,0.0100,0.06695,211.7
DQN_UNIFORM_seed_1_1790609429,DQN_UNIFORM,1,2790,154702,8.40,1,0.0100,0.05829,211.8
DQN_UNIFORM_seed_1_1790609429,DQN_UNIFORM,1,2791,154788,8.40,1,0.0100,0.06958,212.0
DQN_UNIFORM_seed_1_1790609429,DQN_UNIFORM,1,2792,154910,12.90,2,0.0100,0.06805,212.1
DQN_UNIFORM_seed_1_1790609429,DQN_UNIFORM,1,2793,154964,4.30,0,0.0100,0.05306,212.2
DQN_UNIFORM_seed_1_1790609429,DQN_UNIFORM,1,2794,155014,0.30,0,0.0100,0.07193,212.6
DQN_UNIFORM_seed_1_1790609429,DQN_UNIFORM,1,2795,155100,8.40,1,0.0100,0.07442,212.8
DQN_UNIFORM_seed_1_1790609429,DQN_UNIFORM,1,2796,155640,64.60,13,0.0100,0.08425,213.5
DQN_UNIFORM_seed_1_1790609429,DQN_UNIFORM,1,2797,155690,3.90,0,0.0100,0.06148,213.6
DQN_UNIFORM_seed_1_1790609429,DQN_UNIFORM,1,2798,155786,9.40,1,0.0100,0.08605,213.8
DQN_UNIFORM_seed_1_1790609429,DQN_UNIFORM,1,2799,155880,9.20,1,0.0100,0.07530,213.9
DQN_UNIFORM_seed_1_1790609429,DQN_UNIFORM,1,2800,156002,12.90,2,0.0100,0.08891,214.1
DQN_UNIFORM_seed_1_1790609429,DQN_UNIFORM,1,2801,156124,12.90,2,0.0100,0.07259,214.2
DQN_UNIFORM_seed_1_1790609429,DQN_UNIFORM,1,2802,156287,17.90,3,0.0100,0.06774,214.5
DQN_UNIFORM_seed_1_1790609429,DQN_UNIFORM,1,2803,156373,8.40,1,0.0100,0.07464,214.6
DQN_UNIFORM_seed_1_1790609429,DQN_UNIFORM,1,2804,156660,33.00,6,0.0100,0.07497,215.0
DQN_UNIFORM_seed_1_1790609429,DQN_UNIFORM,1,2805,156861,22.60,4,0.0100,0.07152,215.3
DQN_UNIFORM_seed_1_1790609429,DQN_UNIFORM,1,2806,156983,12.90,2,0.0100,0.06423,215.5
DQN_UNIFORM_seed_1_1790609429,DQN_UNIFORM,1,2807,157105,12.90,2,0.0100,0.08590,215.7
DQN_UNIFORM_seed_1_1790609429,DQN_UNIFORM,1,2808,157340,26.90,5,0.0100,0.07563,216.0
DQN_UNIFORM_seed_1_1790609429,DQN_UNIFORM,1,2809,157394,4.30,0,0.0100,0.06306,216.1
DQN_UNIFORM_seed_1_1790609429,DQN_UNIFORM,1,2810,157534,15.60,3,0.0100,0.07106,216.3
DQN_UNIFORM_seed_1_1790609429,DQN_UNIFORM,1,2811,157620,8.40,1,0.0100,0.07238,216.4
DQN_UNIFORM_seed_1_1790609429,DQN_UNIFORM,1,2812,157742,12.90,2,0.0100,0.06906,216.6
DQN_UNIFORM_seed_1_1790609429,DQN_UNIFORM,1,2813,157864,12.90,2,0.0100,0.06731,216.7
DQN_UNIFORM_seed_1_1790609429,DQN_UNIFORM,1,2814,157999,15.10,3,0.0100,0.07203,216.9
DQN_UNIFORM_seed_1_1790609429,DQN_UNIFORM,1,2815,158198,22.40,4,0.0100,0.08148,217.2
DQN_UNIFORM_seed_1_1790609429,DQN_UNIFORM,1,2816,158433,26.90,5,0.0100,0.07288,217.6
DQN_UNIFORM_seed_1_1790609429,DQN_UNIFORM,1,2817,158519,8.40,1,0.0100,0.06344,217.7
DQN_UNIFORM_seed_1_1790609429,DQN_UNIFORM,1,2818,158641,12.90,2,0.0100,0.06509,217.9
DQN_UNIFORM_seed_1_1790609429,DQN_UNIFORM,1,2819,158840,22.40,4,0.0100,0.07343,218.1
DQN_UNIFORM_seed_1_1790609429,DQN_UNIFORM,1,2820,158926,8.40,1,0.0100,0.06637,218.3
DQN_UNIFORM_seed_1_1790609429,DQN_UNIFORM,1,2821,159012,8.40,1,0.0100,0.06766,218.4
DQN_UNIFORM_seed_1_1790609429,DQN_UNIFORM,1,2822,159134,12.90,2,0.0100,0.07217,218.6
DQN_UNIFORM_seed_1_1790609429,DQN_UNIFORM,1,2823,159227,9.10,1,0.0100,0.08652,218.7
DQN_UNIFORM_seed_1_1790609429,DQN_UNIFORM,1,2824,159281,4.30,0,0.0100,0.07094,218.8
DQN_UNIFORM_seed_1_1790609429,DQN_UNIFORM,1,2825,159336,4.40,0,0.0100,0.08191,218.9
DQN_UNIFORM_seed_1_1790609429,DQN_UNIFORM,1,2826,159442,11.30,2,0.0100,0.08808,219.0
DQN_UNIFORM_seed_1_1790609429,DQN_UNIFORM,1,2827,159528,8.40,1,0.0100,0.07563,219.1
DQN_UNIFORM_seed_1_1790609429,DQN_UNIFORM,1,2828,159584,4.50,0,0.0100,0.07350,219.2
DQN_UNIFORM_seed_1_1790609429,DQN_UNIFORM,1,2829,159706,12.90,2,0.0100,0.06631,219.4
DQN_UNIFORM_seed_1_1790609429,DQN_UNIFORM,1,2830,159828,12.90,2,0.0100,0.07203,219.6
DQN_UNIFORM_seed_1_1790609429,DQN_UNIFORM,1,2831,159914,8.40,1,0.0100,0.08320,219.7
DQN_UNIFORM_seed_1_1790609429,DQN_UNIFORM,1,2832,160000,8.40,1,0.0100,0.07220,219.8
DQN_UNIFORM_seed_1_1790609429,DQN_UNIFORM,1,2833,160087,8.50,1,0.0100,0.07766,220.2
DQN_UNIFORM_seed_1_1790609429,DQN_UNIFORM,1,2834,160209,12.90,2,0.0100,0.07845,220.3
DQN_UNIFORM_seed_1_1790609429,DQN_UNIFORM,1,2835,160264,4.40,0,0.0100,0.07778,220.4
DQN_UNIFORM_seed_1_1790609429,DQN_UNIFORM,1,2836,160463,22.40,4,0.0100,0.07256,220.7
DQN_UNIFORM_seed_1_1790609429,DQN_UNIFORM,1,2837,160567,11.10,2,0.0100,0.07541,220.9
DQN_UNIFORM_seed_1_1790609429,DQN_UNIFORM,1,2838,160689,12.90,2,0.0100,0.06308,221.0
DQN_UNIFORM_seed_1_1790609429,DQN_UNIFORM,1,2839,160888,22.40,4,0.0100,0.06870,221.3
DQN_UNIFORM_seed_1_1790609429,DQN_UNIFORM,1,2840,161087,22.40,4,0.0100,0.07268,221.6
DQN_UNIFORM_seed_1_1790609429,DQN_UNIFORM,1,2841,161209,12.90,2,0.0100,0.06715,221.8
DQN_UNIFORM_seed_1_1790609429,DQN_UNIFORM,1,2842,161331,12.90,2,0.0100,0.07164,222.0
DQN_UNIFORM_seed_1_1790609429,DQN_UNIFORM,1,2843,161453,12.90,2,0.0100,0.06367,222.1
DQN_UNIFORM_seed_1_1790609429,DQN_UNIFORM,1,2844,161539,8.40,1,0.0100,0.07451,222.3
DQN_UNIFORM_seed_1_1790609429,DQN_UNIFORM,1,2845,161702,17.90,3,0.0100,0.06950,222.5
DQN_UNIFORM_seed_1_1790609429,DQN_UNIFORM,1,2846,161825,13.00,2,0.0100,0.06656,222.7
DQN_UNIFORM_seed_1_1790609429,DQN_UNIFORM,1,2847,161911,8.40,1,0.0100,0.06608,222.8
DQN_UNIFORM_seed_1_1790609429,DQN_UNIFORM,1,2848,162116,23.00,4,0.0100,0.07090,223.1
DQN_UNIFORM_seed_1_1790609429,DQN_UNIFORM,1,2849,162202,8.40,1,0.0100,0.08759,223.2
DQN_UNIFORM_seed_1_1790609429,DQN_UNIFORM,1,2850,162326,13.10,2,0.0100,0.06936,223.5
DQN_UNIFORM_seed_1_1790609429,DQN_UNIFORM,1,2851,162413,8.50,1,0.0100,0.06804,223.7
DQN_UNIFORM_seed_1_1790609429,DQN_UNIFORM,1,2852,162506,9.10,1,0.0100,0.07305,223.8
DQN_UNIFORM_seed_1_1790609429,DQN_UNIFORM,1,2853,162592,8.40,1,0.0100,0.07266,224.0
DQN_UNIFORM_seed_1_1790609429,DQN_UNIFORM,1,2854,162678,8.40,1,0.0100,0.07243,224.1
DQN_UNIFORM_seed_1_1790609429,DQN_UNIFORM,1,2855,163026,40.90,8,0.0100,0.07368,224.6
DQN_UNIFORM_seed_1_1790609429,DQN_UNIFORM,1,2856,163112,8.40,1,0.0100,0.07089,224.8
DQN_UNIFORM_seed_1_1790609429,DQN_UNIFORM,1,2857,163198,8.40,1,0.0100,0.07831,224.9
DQN_UNIFORM_seed_1_1790609429,DQN_UNIFORM,1,2858,163284,8.40,1,0.0100,0.07066,225.0
DQN_UNIFORM_seed_1_1790609429,DQN_UNIFORM,1,2859,163447,17.90,3,0.0100,0.07052,225.3
DQN_UNIFORM_seed_1_1790609429,DQN_UNIFORM,1,2860,163569,12.90,2,0.0100,0.08004,225.4
DQN_UNIFORM_seed_1_1790609429,DQN_UNIFORM,1,2861,163655,8.40,1,0.0100,0.07383,225.6
DQN_UNIFORM_seed_1_1790609429,DQN_UNIFORM,1,2862,163741,8.40,1,0.0100,0.06686,225.7
DQN_UNIFORM_seed_1_1790609429,DQN_UNIFORM,1,2863,163940,22.40,4,0.0100,0.07719,226.0
DQN_UNIFORM_seed_1_1790609429,DQN_UNIFORM,1,2864,164103,17.90,3,0.0100,0.09094,226.2
DQN_UNIFORM_seed_1_1790609429,DQN_UNIFORM,1,2865,164189,8.40,1,0.0100,0.10210,226.3
DQN_UNIFORM_seed_1_1790609429,DQN_UNIFORM,1,2866,164424,26.90,5,0.0100,0.07943,226.7
DQN_UNIFORM_seed_1_1790609429,DQN_UNIFORM,1,2867,164510,8.40,1,0.0100,0.09374,226.8
DQN_UNIFORM_seed_1_1790609429,DQN_UNIFORM,1,2868,164750,27.40,5,0.0100,0.07341,227.2
DQN_UNIFORM_seed_1_1790609429,DQN_UNIFORM,1,2869,164985,26.90,5,0.0100,0.06991,227.5
DQN_UNIFORM_seed_1_1790609429,DQN_UNIFORM,1,2870,165071,8.40,1,0.0100,0.09264,227.8
DQN_UNIFORM_seed_1_1790609429,DQN_UNIFORM,1,2871,165193,12.90,2,0.0100,0.08171,228.0
DQN_UNIFORM_seed_1_1790609429,DQN_UNIFORM,1,2872,165356,17.90,3,0.0100,0.08451,228.2
DQN_UNIFORM_seed_1_1790609429,DQN_UNIFORM,1,2873,165479,13.00,2,0.0100,0.10505,228.4
DQN_UNIFORM_seed_1_1790609429,DQN_UNIFORM,1,2874,165905,50.50,10,0.0100,0.08665,229.1
DQN_UNIFORM_seed_1_1790609429,DQN_UNIFORM,1,2875,166104,22.40,4,0.0100,0.09194,229.4
DQN_UNIFORM_seed_1_1790609429,DQN_UNIFORM,1,2876,166226,12.90,2,0.0100,0.08250,229.6
DQN_UNIFORM_seed_1_1790609429,DQN_UNIFORM,1,2877,166312,8.40,1,0.0100,0.08602,229.7
DQN_UNIFORM_seed_1_1790609429,DQN_UNIFORM,1,2878,166511,22.40,4,0.0100,0.08128,230.0
DQN_UNIFORM_seed_1_1790609429,DQN_UNIFORM,1,2879,166674,17.90,3,0.0100,0.07981,230.2
DQN_UNIFORM_seed_1_1790609429,DQN_UNIFORM,1,2880,166760,8.40,1,0.0100,0.07576,230.3
DQN_UNIFORM_seed_1_1790609429,DQN_UNIFORM,1,2881,166846,8.40,1,0.0100,0.08614,230.5
DQN_UNIFORM_seed_1_1790609429,DQN_UNIFORM,1,2882,166932,8.40,1,0.0100,0.08408,230.6
DQN_UNIFORM_seed_1_1790609429,DQN_UNIFORM,1,2883,167095,17.90,3,0.0100,0.08283,230.8
DQN_UNIFORM_seed_1_1790609429,DQN_UNIFORM,1,2884,167217,12.90,2,0.0100,0.09885,231.0
DQN_UNIFORM_seed_1_1790609429,DQN_UNIFORM,1,2885,167283,6.40,1,0.0100,0.11493,231.1
DQN_UNIFORM_seed_1_1790609429,DQN_UNIFORM,1,2886,167595,36.40,7,0.0100,0.09244,231.5
DQN_UNIFORM_seed_1_1790609429,DQN_UNIFORM,1,2887,167794,22.40,4,0.0100,0.08522,231.8
DQN_UNIFORM_seed_1_1790609429,DQN_UNIFORM,1,2888,167934,15.60,3,0.0100,0.09691,232.0
DQN_UNIFORM_seed_1_1790609429,DQN_UNIFORM,1,2889,168133,22.40,4,0.0100,0.07462,232.3
DQN_UNIFORM_seed_1_1790609429,DQN_UNIFORM,1,2890,168256,13.00,2,0.0100,0.07060,232.5
DQN_UNIFORM_seed_1_1790609429,DQN_UNIFORM,1,2891,168419,17.90,3,0.0100,0.08529,232.7
DQN_UNIFORM_seed_1_1790609429,DQN_UNIFORM,1,2892,168654,26.90,5,0.0100,0.09241,233.1
DQN_UNIFORM_seed_1_1790609429,DQN_UNIFORM,1,2893,168708,4.30,0,0.0100,0.08109,233.2
DQN_UNIFORM_seed_1_1790609429,DQN_UNIFORM,1,2894,168794,8.40,1,0.0100,0.07485,233.3
DQN_UNIFORM_seed_1_1790609429,DQN_UNIFORM,1,2895,168880,8.40,1,0.0100,0.10539,233.4
DQN_UNIFORM_seed_1_1790609429,DQN_UNIFORM,1,2896,168966,8.40,1,0.0100,0.09290,233.5
DQN_UNIFORM_seed_1_1790609429,DQN_UNIFORM,1,2897,169278,36.40,7,0.0100,0.08223,234.0
DQN_UNIFORM_seed_1_1790609429,DQN_UNIFORM,1,2898,169400,12.90,2,0.0100,0.07732,234.2
DQN_UNIFORM_seed_1_1790609429,DQN_UNIFORM,1,2899,169825,50.40,10,0.0100,0.07946,234.8
DQN_UNIFORM_seed_1_1790609429,DQN_UNIFORM,1,2900,169911,8.40,1,0.0100,0.07774,234.9
DQN_UNIFORM_seed_1_1790609429,DQN_UNIFORM,1,2901,169997,8.40,1,0.0100,0.07905,235.1
DQN_UNIFORM_seed_1_1790609429,DQN_UNIFORM,1,2902,170057,4.90,0,0.0100,0.08494,235.8
DQN_UNIFORM_seed_1_1790609429,DQN_UNIFORM,1,2903,170292,26.90,5,0.0100,0.08485,236.2
DQN_UNIFORM_seed_1_1790609429,DQN_UNIFORM,1,2904,170378,8.40,1,0.0100,0.08792,236.3
DQN_UNIFORM_seed_1_1790609429,DQN_UNIFORM,1,2905,170464,8.40,1,0.0100,0.07412,236.4
DQN_UNIFORM_seed_1_1790609429,DQN_UNIFORM,1,2906,170588,13.10,2,0.0100,0.10986,236.6
DQN_UNIFORM_seed_1_1790609429,DQN_UNIFORM,1,2907,170827,27.30,5,0.0100,0.08582,237.0
DQN_UNIFORM_seed_1_1790609429,DQN_UNIFORM,1,2908,171062,26.90,5,0.0100,0.07702,237.3
DQN_UNIFORM_seed_1_1790609429,DQN_UNIFORM,1,2909,171148,8.40,1,0.0100,0.08435,237.4
DQN_UNIFORM_seed_1_1790609429,DQN_UNIFORM,1,2910,171270,12.90,2,0.0100,0.08426,237.6
DQN_UNIFORM_seed_1_1790609429,DQN_UNIFORM,1,2911,171397,13.40,2,0.0100,0.08827,237.8
DQN_UNIFORM_seed_1_1790609429,DQN_UNIFORM,1,2912,171644,28.10,6,0.0100,0.09116,238.1
DQN_UNIFORM_seed_1_1790609429,DQN_UNIFORM,1,2913,171843,22.40,4,0.0100,0.09986,238.4
DQN_UNIFORM_seed_1_1790609429,DQN_UNIFORM,1,2914,172078,26.90,5,0.0100,0.09327,238.8
DQN_UNIFORM_seed_1_1790609429,DQN_UNIFORM,1,2915,172164,8.40,1,0.0100,0.08721,238.9
DQN_UNIFORM_seed_1_1790609429,DQN_UNIFORM,1,2916,172250,8.40,1,0.0100,0.07426,239.0
DQN_UNIFORM_seed_1_1790609429,DQN_UNIFORM,1,2917,172336,8.40,1,0.0100,0.07192,239.2
DQN_UNIFORM_seed_1_1790609429,DQN_UNIFORM,1,2918,172422,8.40,1,0.0100,0.08082,239.3
DQN_UNIFORM_seed_1_1790609429,DQN_UNIFORM,1,2919,172657,26.90,5,0.0100,0.09899,239.6
DQN_UNIFORM_seed_1_1790609429,DQN_UNIFORM,1,2920,172743,8.40,1,0.0100,0.07936,239.7
DQN_UNIFORM_seed_1_1790609429,DQN_UNIFORM,1,2921,172806,6.10,1,0.0100,0.07185,239.8
DQN_UNIFORM_seed_1_1790609429,DQN_UNIFORM,1,2922,173457,78.40,16,0.0100,0.08621,240.8
DQN_UNIFORM_seed_1_1790609429,DQN_UNIFORM,1,2923,173620,17.90,3,0.0100,0.08789,241.0
DQN_UNIFORM_seed_1_1790609429,DQN_UNIFORM,1,2924,173839,25.30,5,0.0100,0.07773,241.3
DQN_UNIFORM_seed_1_1790609429,DQN_UNIFORM,1,2925,174038,22.40,4,0.0100,0.08455,241.6
DQN_UNIFORM_seed_1_1790609429,DQN_UNIFORM,1,2926,174201,17.90,3,0.0100,0.08464,241.9
DQN_UNIFORM_seed_1_1790609429,DQN_UNIFORM,1,2927,174302,10.80,2,0.0100,0.07392,242.0
DQN_UNIFORM_seed_1_1790609429,DQN_UNIFORM,1,2928,174424,12.90,2,0.0100,0.08913,242.2
DQN_UNIFORM_seed_1_1790609429,DQN_UNIFORM,1,2929,174587,17.90,3,0.0100,0.08599,242.4
DQN_UNIFORM_seed_1_1790609429,DQN_UNIFORM,1,2930,174709,12.90,2,0.0100,0.08307,242.6
DQN_UNIFORM_seed_1_1790609429,DQN_UNIFORM,1,2931,174944,26.90,5,0.0100,0.07716,243.0
DQN_UNIFORM_seed_1_1790609429,DQN_UNIFORM,1,2932,175296,41.30,8,0.0100,0.07706,243.9
DQN_UNIFORM_seed_1_1790609429,DQN_UNIFORM,1,2933,175495,22.40,4,0.0100,0.08377,244.2
DQN_UNIFORM_seed_1_1790609429,DQN_UNIFORM,1,2934,175745,29.30,6,0.0100,0.09079,244.5
DQN_UNIFORM_seed_1_1790609429,DQN_UNIFORM,1,2935,175831,8.40,1,0.0100,0.08062,244.7
DQN_UNIFORM_seed_1_1790609429,DQN_UNIFORM,1,2936,175917,8.40,1,0.0100,0.07189,244.8
DQN_UNIFORM_seed_1_1790609429,DQN_UNIFORM,1,2937,176116,22.40,4,0.0100,0.07468,245.1
DQN_UNIFORM_seed_1_1790609429,DQN_UNIFORM,1,2938,176206,8.80,1,0.0100,0.08398,245.2
DQN_UNIFORM_seed_1_1790609429,DQN_UNIFORM,1,2939,176405,22.40,4,0.0100,0.08695,245.5
DQN_UNIFORM_seed_1_1790609429,DQN_UNIFORM,1,2940,176530,13.20,2,0.0100,0.09088,245.7
DQN_UNIFORM_seed_1_1790609429,DQN_UNIFORM,1,2941,176617,8.50,1,0.0100,0.08212,245.8
DQN_UNIFORM_seed_1_1790609429,DQN_UNIFORM,1,2942,176703,8.40,1,0.0100,0.09486,245.9
DQN_UNIFORM_seed_1_1790609429,DQN_UNIFORM,1,2943,177021,37.00,7,0.0100,0.08282,246.4
DQN_UNIFORM_seed_1_1790609429,DQN_UNIFORM,1,2944,177353,39.30,8,0.0100,0.08885,246.9
DQN_UNIFORM_seed_1_1790609429,DQN_UNIFORM,1,2945,177439,8.40,1,0.0100,0.07869,247.0
DQN_UNIFORM_seed_1_1790609429,DQN_UNIFORM,1,2946,177674,26.90,5,0.0100,0.07823,247.4
DQN_UNIFORM_seed_1_1790609429,DQN_UNIFORM,1,2947,177841,18.30,3,0.0100,0.07439,247.6
DQN_UNIFORM_seed_1_1790609429,DQN_UNIFORM,1,2948,177898,4.60,0,0.0100,0.09329,247.7
DQN_UNIFORM_seed_1_1790609429,DQN_UNIFORM,1,2949,178114,25.00,5,0.0100,0.08645,248.0
DQN_UNIFORM_seed_1_1790609429,DQN_UNIFORM,1,2950,178200,8.40,1,0.0100,0.09415,248.1
DQN_UNIFORM_seed_1_1790609429,DQN_UNIFORM,1,2951,178435,26.90,5,0.0100,0.08523,248.5
DQN_UNIFORM_seed_1_1790609429,DQN_UNIFORM,1,2952,178617,20.70,4,0.0100,0.08755,248.7
DQN_UNIFORM_seed_1_1790609429,DQN_UNIFORM,1,2953,178684,6.50,1,0.0100,0.08381,248.8
DQN_UNIFORM_seed_1_1790609429,DQN_UNIFORM,1,2954,178775,8.90,1,0.0100,0.07654,249.0
DQN_UNIFORM_seed_1_1790609429,DQN_UNIFORM,1,2955,178861,8.40,1,0.0100,0.07879,249.1
DQN_UNIFORM_seed_1_1790609429,DQN_UNIFORM,1,2956,179209,40.90,8,0.0100,0.07966,249.6
DQN_UNIFORM_seed_1_1790609429,DQN_UNIFORM,1,2957,179331,12.90,2,0.0100,0.08439,249.8
DQN_UNIFORM_seed_1_1790609429,DQN_UNIFORM,1,2958,179417,8.40,1,0.0100,0.06690,249.9
DQN_UNIFORM_seed_1_1790609429,DQN_UNIFORM,1,2959,179539,12.90,2,0.0100,0.06966,250.1
DQN_UNIFORM_seed_1_1790609429,DQN_UNIFORM,1,2960,179589,3.90,0,0.0100,0.08909,250.2
DQN_UNIFORM_seed_1_1790609429,DQN_UNIFORM,1,2961,179639,3.90,0,0.0100,0.07278,250.3
DQN_UNIFORM_seed_1_1790609429,DQN_UNIFORM,1,2962,179725,8.40,1,0.0100,0.09370,250.4
DQN_UNIFORM_seed_1_1790609429,DQN_UNIFORM,1,2963,179811,8.40,1,0.0100,0.08024,250.5
DQN_UNIFORM_seed_1_1790609429,DQN_UNIFORM,1,2964,179897,8.40,1,0.0100,0.08519,250.6
DQN_UNIFORM_seed_1_1790609429,DQN_UNIFORM,1,2965,180019,12.90,2,0.0100,0.07928,251.3
DQN_UNIFORM_seed_1_1790609429,DQN_UNIFORM,1,2966,180141,12.90,2,0.0100,0.07749,251.5
DQN_UNIFORM_seed_1_1790609429,DQN_UNIFORM,1,2967,180234,9.10,1,0.0100,0.07832,251.6
DQN_UNIFORM_seed_1_1790609429,DQN_UNIFORM,1,2968,180320,8.40,1,0.0100,0.08984,251.7
DQN_UNIFORM_seed_1_1790609429,DQN_UNIFORM,1,2969,180560,27.40,5,0.0100,0.08146,252.1
DQN_UNIFORM_seed_1_1790609429,DQN_UNIFORM,1,2970,180614,4.30,0,0.0100,0.06966,252.2
DQN_UNIFORM_seed_1_1790609429,DQN_UNIFORM,1,2971,180709,9.30,1,0.0100,0.08455,252.3
DQN_UNIFORM_seed_1_1790609429,DQN_UNIFORM,1,2972,181188,57.60,12,0.0100,0.09311,253.0
DQN_UNIFORM_seed_1_1790609429,DQN_UNIFORM,1,2973,181310,12.90,2,0.0100,0.08602,253.2
DQN_UNIFORM_seed_1_1790609429,DQN_UNIFORM,1,2974,181403,9.10,1,0.0100,0.10800,253.4
DQN_UNIFORM_seed_1_1790609429,DQN_UNIFORM,1,2975,181489,8.40,1,0.0100,0.08401,253.5
DQN_UNIFORM_seed_1_1790609429,DQN_UNIFORM,1,2976,181611,12.90,2,0.0100,0.09386,253.7
DQN_UNIFORM_seed_1_1790609429,DQN_UNIFORM,1,2977,181713,10.90,2,0.0100,0.07563,253.8
DQN_UNIFORM_seed_1_1790609429,DQN_UNIFORM,1,2978,181836,13.00,2,0.0100,0.08206,254.0
DQN_UNIFORM_seed_1_1790609429,DQN_UNIFORM,1,2979,181922,8.40,1,0.0100,0.06922,254.1
DQN_UNIFORM_seed_1_1790609429,DQN_UNIFORM,1,2980,181972,3.90,0,0.0100,0.09431,254.2
DQN_UNIFORM_seed_1_1790609429,DQN_UNIFORM,1,2981,182171,22.40,4,0.0100,0.07762,254.5
DQN_UNIFORM_seed_1_1790609429,DQN_UNIFORM,1,2982,182370,22.40,4,0.0100,0.07885,254.8
DQN_UNIFORM_seed_1_1790609429,DQN_UNIFORM,1,2983,182456,6.60,1,0.0100,0.08697,254.9
DQN_UNIFORM_seed_1_1790609429,DQN_UNIFORM,1,2984,182542,8.40,1,0.0100,0.07767,255.0
DQN_UNIFORM_seed_1_1790609429,DQN_UNIFORM,1,2985,182818,31.90,6,0.0100,0.07506,255.4
DQN_UNIFORM_seed_1_1790609429,DQN_UNIFORM,1,2986,182904,8.40,1,0.0100,0.07385,255.6
DQN_UNIFORM_seed_1_1790609429,DQN_UNIFORM,1,2987,182992,8.60,1,0.0100,0.07904,255.7
DQN_UNIFORM_seed_1_1790609429,DQN_UNIFORM,1,2988,183453,54.90,11,0.0100,0.09141,256.4
DQN_UNIFORM_seed_1_1790609429,DQN_UNIFORM,1,2989,183519,6.40,1,0.0100,0.08013,256.5
DQN_UNIFORM_seed_1_1790609429,DQN_UNIFORM,1,2990,183575,4.50,0,0.0100,0.09933,256.6
DQN_UNIFORM_seed_1_1790609429,DQN_UNIFORM,1,2991,183678,11.00,2,0.0100,0.07208,256.7
DQN_UNIFORM_seed_1_1790609429,DQN_UNIFORM,1,2992,183841,17.90,3,0.0100,0.08831,257.0
DQN_UNIFORM_seed_1_1790609429,DQN_UNIFORM,1,2993,183897,4.50,0,0.0100,0.06943,257.1
DQN_UNIFORM_seed_1_1790609429,DQN_UNIFORM,1,2994,184096,22.40,4,0.0100,0.07620,257.3
DQN_UNIFORM_seed_1_1790609429,DQN_UNIFORM,1,2995,184194,10.50,2,0.0100,0.08828,257.5
DQN_UNIFORM_seed_1_1790609429,DQN_UNIFORM,1,2996,184280,8.40,1,0.0100,0.10631,257.6
DQN_UNIFORM_seed_1_1790609429,DQN_UNIFORM,1,2997,184519,27.30,5,0.0100,0.09450,258.0
DQN_UNIFORM_seed_1_1790609429,DQN_UNIFORM,1,2998,184605,8.40,1,0.0100,0.08740,258.1
DQN_UNIFORM_seed_1_1790609429,DQN_UNIFORM,1,2999,184768,17.90,3,0.0100,0.07229,258.3
DQN_UNIFORM_seed_1_1790609429,DQN_UNIFORM,1,3000,184943,19.10,4,0.0100,0.09078,258.6
DQN_UNIFORM_seed_1_1790609429,DQN_UNIFORM,1,3001,185255,36.40,7,0.0100,0.08931,259.5
DQN_UNIFORM_seed_1_1790609429,DQN_UNIFORM,1,3002,185459,22.90,4,0.0100,0.10144,259.8
DQN_UNIFORM_seed_1_1790609429,DQN_UNIFORM,1,3003,185585,13.30,2,0.0100,0.10297,260.0
DQN_UNIFORM_seed_1_1790609429,DQN_UNIFORM,1,3004,185725,15.60,3,0.0100,0.10584,260.2
DQN_UNIFORM_seed_1_1790609429,DQN_UNIFORM,1,3005,185847,12.90,2,0.0100,0.11196,260.4
DQN_UNIFORM_seed_1_1790609429,DQN_UNIFORM,1,3006,186046,22.40,4,0.0100,0.08595,260.7
DQN_UNIFORM_seed_1_1790609429,DQN_UNIFORM,1,3007,186223,20.20,4,0.0100,0.08845,260.9
DQN_UNIFORM_seed_1_1790609429,DQN_UNIFORM,1,3008,186458,26.90,5,0.0100,0.08399,261.3
DQN_UNIFORM_seed_1_1790609429,DQN_UNIFORM,1,3009,186544,8.40,1,0.0100,0.08289,261.4
DQN_UNIFORM_seed_1_1790609429,DQN_UNIFORM,1,3010,186666,12.90,2,0.0100,0.09091,261.6
DQN_UNIFORM_seed_1_1790609429,DQN_UNIFORM,1,3011,186726,4.90,0,0.0100,0.10675,261.7
DQN_UNIFORM_seed_1_1790609429,DQN_UNIFORM,1,3012,186850,13.10,2,0.0100,0.10778,261.8
DQN_UNIFORM_seed_1_1790609429,DQN_UNIFORM,1,3013,186909,4.80,0,0.0100,0.07763,261.9
DQN_UNIFORM_seed_1_1790609429,DQN_UNIFORM,1,3014,186995,8.40,1,0.0100,0.06984,262.1
DQN_UNIFORM_seed_1_1790609429,DQN_UNIFORM,1,3015,187117,12.90,2,0.0100,0.09119,262.2
DQN_UNIFORM_seed_1_1790609429,DQN_UNIFORM,1,3016,187239,12.90,2,0.0100,0.08772,262.4
DQN_UNIFORM_seed_1_1790609429,DQN_UNIFORM,1,3017,187664,50.40,10,0.0100,0.08514,263.0
DQN_UNIFORM_seed_1_1790609429,DQN_UNIFORM,1,3018,187750,8.40,1,0.0100,0.08129,263.2
DQN_UNIFORM_seed_1_1790609429,DQN_UNIFORM,1,3019,188063,36.50,7,0.0100,0.08690,263.6
DQN_UNIFORM_seed_1_1790609429,DQN_UNIFORM,1,3020,188357,34.60,7,0.0100,0.10525,264.1
DQN_UNIFORM_seed_1_1790609429,DQN_UNIFORM,1,3021,188443,8.40,1,0.0100,0.08934,264.2
DQN_UNIFORM_seed_1_1790609429,DQN_UNIFORM,1,3022,188802,42.00,8,0.0100,0.09642,264.7
DQN_UNIFORM_seed_1_1790609429,DQN_UNIFORM,1,3023,189037,26.90,5,0.0100,0.09089,265.1
DQN_UNIFORM_seed_1_1790609429,DQN_UNIFORM,1,3024,189100,6.10,1,0.0100,0.08389,265.2
DQN_UNIFORM_seed_1_1790609429,DQN_UNIFORM,1,3025,189222,12.90,2,0.0100,0.08220,265.4
DQN_UNIFORM_seed_1_1790609429,DQN_UNIFORM,1,3026,189385,17.90,3,0.0100,0.09676,265.6
DQN_UNIFORM_seed_1_1790609429,DQN_UNIFORM,1,3027,189620,26.90,5,0.0100,0.08518,265.9
DQN_UNIFORM_seed_1_1790609429,DQN_UNIFORM,1,3028,189706,8.40,1,0.0100,0.07398,266.1
DQN_UNIFORM_seed_1_1790609429,DQN_UNIFORM,1,3029,189828,12.90,2,0.0100,0.09958,266.3
DQN_UNIFORM_seed_1_1790609429,DQN_UNIFORM,1,3030,189878,3.90,0,0.0100,0.07026,266.3
DQN_UNIFORM_seed_1_1790609429,DQN_UNIFORM,1,3031,190077,22.40,4,0.0100,0.08554,267.4
DQN_UNIFORM_seed_1_1790609429,DQN_UNIFORM,1,3032,190291,24.80,5,0.0100,0.08981,267.7
DQN_UNIFORM_seed_1_1790609429,DQN_UNIFORM,1,3033,190353,6.00,1,0.0100,0.09081,267.8
DQN_UNIFORM_seed_1_1790609429,DQN_UNIFORM,1,3034,190439,8.40,1,0.0100,0.07501,267.9
DQN_UNIFORM_seed_1_1790609429,DQN_UNIFORM,1,3035,190525,8.40,1,0.0100,0.08413,268.1
DQN_UNIFORM_seed_1_1790609429,DQN_UNIFORM,1,3036,190760,26.90,5,0.0100,0.08155,268.4
DQN_UNIFORM_seed_1_1790609429,DQN_UNIFORM,1,3037,191108,40.90,8,0.0100,0.08894,268.9
DQN_UNIFORM_seed_1_1790609429,DQN_UNIFORM,1,3038,191271,17.90,3,0.0100,0.11236,269.2
DQN_UNIFORM_seed_1_1790609429,DQN_UNIFORM,1,3039,191514,27.70,5,0.0100,0.08483,269.6
DQN_UNIFORM_seed_1_1790609429,DQN_UNIFORM,1,3040,191564,3.90,0,0.0100,0.09724,269.6
DQN_UNIFORM_seed_1_1790609429,DQN_UNIFORM,1,3041,191989,50.40,10,0.0100,0.09226,270.3
DQN_UNIFORM_seed_1_1790609429,DQN_UNIFORM,1,3042,192224,26.90,5,0.0100,0.08235,270.6
DQN_UNIFORM_seed_1_1790609429,DQN_UNIFORM,1,3043,192423,22.40,4,0.0100,0.07597,270.9
DQN_UNIFORM_seed_1_1790609429,DQN_UNIFORM,1,3044,192699,31.90,6,0.0100,0.08008,271.3
DQN_UNIFORM_seed_1_1790609429,DQN_UNIFORM,1,3045,192862,17.90,3,0.0100,0.08232,271.6
DQN_UNIFORM_seed_1_1790609429,DQN_UNIFORM,1,3046,192984,12.90,2,0.0100,0.06936,271.7
DQN_UNIFORM_seed_1_1790609429,DQN_UNIFORM,1,3047,193040,4.50,0,0.0100,0.08759,271.8
DQN_UNIFORM_seed_1_1790609429,DQN_UNIFORM,1,3048,193352,36.40,7,0.0100,0.08586,272.3
DQN_UNIFORM_seed_1_1790609429,DQN_UNIFORM,1,3049,193816,55.20,11,0.0100,0.09337,273.0
DQN_UNIFORM_seed_1_1790609429,DQN_UNIFORM,1,3050,194051,26.90,5,0.0100,0.08047,273.3
DQN_UNIFORM_seed_1_1790609429,DQN_UNIFORM,1,3051,194120,6.70,1,0.0100,0.08759,273.4
DQN_UNIFORM_seed_1_1790609429,DQN_UNIFORM,1,3052,194432,36.40,7,0.0100,0.09394,273.9
DQN_UNIFORM_seed_1_1790609429,DQN_UNIFORM,1,3053,194554,12.90,2,0.0100,0.08746,274.1
DQN_UNIFORM_seed_1_1790609429,DQN_UNIFORM,1,3054,194676,12.90,2,0.0100,0.09770,274.3
DQN_UNIFORM_seed_1_1790609429,DQN_UNIFORM,1,3055,195024,40.90,8,0.0100,0.08811,275.1
DQN_UNIFORM_seed_1_1790609429,DQN_UNIFORM,1,3056,195372,40.90,8,0.0100,0.09218,275.6
DQN_UNIFORM_seed_1_1790609429,DQN_UNIFORM,1,3057,195494,12.90,2,0.0100,0.09978,275.8
DQN_UNIFORM_seed_1_1790609429,DQN_UNIFORM,1,3058,195693,22.40,4,0.0100,0.08266,276.1
DQN_UNIFORM_seed_1_1790609429,DQN_UNIFORM,1,3059,195928,26.90,5,0.0100,0.09228,276.5
DQN_UNIFORM_seed_1_1790609429,DQN_UNIFORM,1,3060,196628,85.10,18,0.0100,0.09159,277.5
DQN_UNIFORM_seed_1_1790609429,DQN_UNIFORM,1,3061,196750,12.90,2,0.0100,0.10634,277.7
DQN_UNIFORM_seed_1_1790609429,DQN_UNIFORM,1,3062,196836,8.40,1,0.0100,0.07032,277.9
DQN_UNIFORM_seed_1_1790609429,DQN_UNIFORM,1,3063,197239,48.20,10,0.0100,0.08797,278.4
DQN_UNIFORM_seed_1_1790609429,DQN_UNIFORM,1,3064,197341,10.90,2,0.0100,0.10614,278.6
DQN_UNIFORM_seed_1_1790609429,DQN_UNIFORM,1,3065,197666,38.60,8,0.0100,0.09697,279.1
DQN_UNIFORM_seed_1_1790609429,DQN_UNIFORM,1,3066,197752,8.40,1,0.0100,0.09396,279.2
DQN_UNIFORM_seed_1_1790609429,DQN_UNIFORM,1,3067,198141,45.90,9,0.0100,0.09836,279.8
DQN_UNIFORM_seed_1_1790609429,DQN_UNIFORM,1,3068,198617,57.30,12,0.0100,0.09762,280.5
DQN_UNIFORM_seed_1_1790609429,DQN_UNIFORM,1,3069,198870,29.60,6,0.0100,0.09874,280.9
DQN_UNIFORM_seed_1_1790609429,DQN_UNIFORM,1,3070,199182,36.40,7,0.0100,0.10688,281.3
DQN_UNIFORM_seed_1_1790609429,DQN_UNIFORM,1,3071,199304,12.90,2,0.0100,0.10802,281.5
DQN_UNIFORM_seed_1_1790609429,DQN_UNIFORM,1,3072,199390,8.40,1,0.0100,0.10632,281.6
DQN_UNIFORM_seed_1_1790609429,DQN_UNIFORM,1,3073,199589,22.40,4,0.0100,0.11213,281.9
DQN_UNIFORM_seed_1_1790609429,DQN_UNIFORM,1,3074,199788,22.40,4,0.0100,0.09620,282.2
