run_id,method,seed,episode,step,ep_reward,score,epsilon,loss,wall_time
DQN_PER_seed_2_1790610661,DQN_PER,2,1,50,-7.50,0,0.9990,0.00000,0.0
DQN_PER_seed_2_1790610661,DQN_PER,2,2,100,-8.10,0,0.9980,0.00000,0.0
DQN_PER_seed_2_1790610661,DQN_PER,2,3,150,-8.10,0,0.9970,0.00000,0.0
DQN_PER_seed_2_1790610661,DQN_PER,2,4,200,-7.50,0,0.9960,0.00000,0.0
DQN_PER_seed_2_1790610661,DQN_PER,2,5,250,-8.70,0,0.9950,0.00000,0.0
DQN_PER_seed_2_1790610661,DQN_PER,2,6,300,-8.70,0,0.9941,0.00000,0.0
DQN_PER_seed_2_1790610661,DQN_PER,2,7,350,-8.70,0,0.9931,0.00000,0.0
DQN_PER_seed_2_1790610661,DQN_PER,2,8,400,-6.30,0,0.9921,0.00000,0.0
DQN_PER_seed_2_1790610661,DQN_PER,2,9,450,-8.10,0,0.9911,0.00000,0.0
DQN_PER_seed_2_1790610661,DQN_PER,2,10,500,-6.30,0,0.9901,0.00000,0.0
DQN_PER_seed_2_1790610661,DQN_PER,2,11,550,-7.50,0,0.9891,0.00000,0.0
DQN_PER_seed_2_1790610661,DQN_PER,2,12,600,-8.70,0,0.9881,0.00000,0.0
DQN_PER_seed_2_1790610661,DQN_PER,2,13,650,-8.10,0,0.9871,0.00000,0.0
DQN_PER_seed_2_1790610661,DQN_PER,2,14,700,-8.10,0,0.9861,0.00000,0.0
DQN_PER_seed_2_1790610661,DQN_PER,2,15,750,-8.10,0,0.9851,0.00000,0.0
DQN_PER_seed_2_1790610661,DQN_PER,2,16,800,-6.90,0,0.9842,0.00000,0.0
DQN_PER_seed_2_1790610661,DQN_PER,2,17,850,-6.30,0,0.9832,0.00000,0.0
DQN_PER_seed_2_1790610661,DQN_PER,2,18,900,-8.10,0,0.9822,0.00000,0.0
DQN_PER_seed_2_1790610661,DQN_PER,2,19,950,-7.50,0,0.9812,0.00000,0.0
DQN_PER_seed_2_1790610661,DQN_PER,2,20,1000,-4.50,0,0.9802,0.00000,0.0
DQN_PER_seed_2_1790610661,DQN_PER,2,21,1050,-8.10,0,0.9792,0.00000,0.0
DQN_PER_seed_2_1790610661,DQN_PER,2,22,1100,-6.30,0,0.9782,0.00000,0.0
DQN_PER_seed_2_1790610661,DQN_PER,2,23,1150,-7.50,0,0.9772,0.00000,0.0
DQN_PER_seed_2_1790610661,DQN_PER,2,24,1200,-7.50,0,0.9762,0.00000,0.0
DQN_PER_seed_2_1790610661,DQN_PER,2,25,1250,-8.10,0,0.9752,0.00000,0.0
DQN_PER_seed_2_1790610661,DQN_PER,2,26,1300,-8.10,0,0.9743,0.00000,0.0
DQN_PER_seed_2_1790610661,DQN_PER,2,27,1350,-8.10,0,0.9733,0.00000,0.0
DQN_PER_seed_2_1790610661,DQN_PER,2,28,1400,-8.10,0,0.9723,0.00000,0.0
DQN_PER_seed_2_1790610661,DQN_PER,2,29,1450,-7.50,0,0.9713,0.00000,0.0
DQN_PER_seed_2_1790610661,DQN_PER,2,30,1500,-7.50,0,0.9703,0.00000,0.0
DQN_PER_seed_2_1790610661,DQN_PER,2,31,1550,-8.10,0,0.9693,0.00000,0.0
DQN_PER_seed_2_1790610661,DQN_PER,2,32,1600,-3.90,0,0.9683,0.00000,0.0
DQN_PER_seed_2_1790610661,DQN_PER,2,33,1650,-6.30,0,0.9673,0.00000,0.0
DQN_PER_seed_2_1790610661,DQN_PER,2,34,1700,-7.50,0,0.9663,0.00000,0.0
DQN_PER_seed_2_1790610661,DQN_PER,2,35,1750,-6.30,0,0.9654,0.00000,0.0
DQN_PER_seed_2_1790610661,DQN_PER,2,36,1800,-7.50,0,0.9644,0.00000,0.0
DQN_PER_seed_2_1790610661,DQN_PER,2,37,1850,-9.30,0,0.9634,0.00000,0.0
DQN_PER_seed_2_1790610661,DQN_PER,2,38,1900,-8.10,0,0.9624,0.00000,0.0
DQN_PER_seed_2_1790610661,DQN_PER,2,39,1950,-7.50,0,0.9614,0.00000,0.0
DQN_PER_seed_2_1790610661,DQN_PER,2,40,2000,-6.90,0,0.9604,0.10016,0.0
DQN_PER_seed_2_1790610661,DQN_PER,2,41,2050,-6.30,0,0.9594,0.03099,0.1
DQN_PER_seed_2_1790610661,DQN_PER,2,42,2100,-8.10,0,0.9584,0.01537,0.2
DQN_PER_seed_2_1790610661,DQN_PER,2,43,2150,-7.50,0,0.9574,0.01433,0.2
DQN_PER_seed_2_1790610661,DQN_PER,2,44,2200,-8.10,0,0.9564,0.01218,0.3
DQN_PER_seed_2_1790610661,DQN_PER,2,45,2250,-8.10,0,0.9555,0.00974,0.4
DQN_PER_seed_2_1790610661,DQN_PER,2,46,2300,-6.30,0,0.9545,0.00851,0.4
DQN_PER_seed_2_1790610661,DQN_PER,2,47,2350,-8.10,0,0.9535,0.00929,0.5
DQN_PER_seed_2_1790610661,DQN_PER,2,48,2400,-7.50,0,0.9525,0.00824,0.6
DQN_PER_seed_2_1790610661,DQN_PER,2,49,2450,-6.90,0,0.9515,0.00719,0.6
DQN_PER_seed_2_1790610661,DQN_PER,2,50,2500,-8.10,0,0.9505,0.00741,0.7
DQN_PER_seed_2_1790610661,DQN_PER,2,51,2550,-6.30,0,0.9495,0.00714,0.7
DQN_PER_seed_2_1790610661,DQN_PER,2,52,2600,-4.50,0,0.9485,0.00638,0.8
DQN_PER_seed_2_1790610661,DQN_PER,2,53,2650,-5.70,0,0.9475,0.00733,0.9
DQN_PER_seed_2_1790610661,DQN_PER,2,54,2700,-5.70,0,0.9465,0.00668,0.9
DQN_PER_seed_2_1790610661,DQN_PER,2,55,2750,-7.50,0,0.9456,0.00650,1.0
DQN_PER_seed_2_1790610661,DQN_PER,2,56,2800,-5.10,0,0.9446,0.00652,1.1
DQN_PER_seed_2_1790610661,DQN_PER,2,57,2850,-8.10,0,0.9436,0.00639,1.1
DQN_PER_seed_2_1790610661,DQN_PER,2,58,2900,-8.10,0,0.9426,0.00636,1.2
DQN_PER_seed_2_1790610661,DQN_PER,2,59,2950,-7.50,0,0.9416,0.00591,1.3
DQN_PER_seed_2_1790610661,DQN_PER,2,60,3000,-6.30,0,0.9406,0.00545,1.3
DQN_PER_seed_2_1790610661,DQN_PER,2,61,3050,-8.10,0,0.9396,0.01023,1.4
DQN_PER_seed_2_1790610661,DQN_PER,2,62,3100,-6.90,0,0.9386,0.00625,1.5
DQN_PER_seed_2_1790610661,DQN_PER,2,63,3150,-8.70,0,0.9376,0.00572,1.5
DQN_PER_seed_2_1790610661,DQN_PER,2,64,3200,-8.10,0,0.9366,0.00504,1.6
DQN_PER_seed_2_1790610661,DQN_PER,2,65,3250,-8.10,0,0.9356,0.00464,1.6
DQN_PER_seed_2_1790610661,DQN_PER,2,66,3300,-6.30,0,0.9347,0.00441,1.7
DQN_PER_seed_2_1790610661,DQN_PER,2,67,3350,-8.10,0,0.9337,0.00430,1.8
DQN_PER_seed_2_1790610661,DQN_PER,2,68,3400,-7.50,0,0.9327,0.00371,1.8
DQN_PER_seed_2_1790610661,DQN_PER,2,69,3450,-6.30,0,0.9317,0.00381,1.9
DQN_PER_seed_2_1790610661,DQN_PER,2,70,3500,-6.30,0,0.9307,0.00345,2.0
DQN_PER_seed_2_1790610661,DQN_PER,2,71,3550,-7.50,0,0.9297,0.00375,2.0
DQN_PER_seed_2_1790610661,DQN_PER,2,72,3600,-8.10,0,0.9287,0.00332,2.1
DQN_PER_seed_2_1790610661,DQN_PER,2,73,3650,-7.50,0,0.9277,0.00343,2.2
DQN_PER_seed_2_1790610661,DQN_PER,2,74,3700,-6.90,0,0.9267,0.00344,2.2
DQN_PER_seed_2_1790610661,DQN_PER,2,75,3750,-0.30,0,0.9257,0.00323,2.3
DQN_PER_seed_2_1790610661,DQN_PER,2,76,3800,-6.90,0,0.9248,0.00316,2.3
DQN_PER_seed_2_1790610661,DQN_PER,2,77,3850,-5.70,0,0.9238,0.00283,2.4
DQN_PER_seed_2_1790610661,DQN_PER,2,78,3900,-8.10,0,0.9228,0.00281,2.5
DQN_PER_seed_2_1790610661,DQN_PER,2,79,3950,-8.70,0,0.9218,0.00261,2.5
DQN_PER_seed_2_1790610661,DQN_PER,2,80,4000,-8.10,0,0.9208,0.00289,2.6
DQN_PER_seed_2_1790610661,DQN_PER,2,81,4050,-8.10,0,0.9198,0.01317,2.7
DQN_PER_seed_2_1790610661,DQN_PER,2,82,4100,-6.30,0,0.9188,0.00780,2.7
DQN_PER_seed_2_1790610661,DQN_PER,2,83,4150,-4.50,0,0.9178,0.00645,2.8
DQN_PER_seed_2_1790610661,DQN_PER,2,84,4200,-8.10,0,0.9168,0.00695,2.9
DQN_PER_seed_2_1790610661,DQN_PER,2,85,4250,-7.50,0,0.9159,0.00696,2.9
DQN_PER_seed_2_1790610661,DQN_PER,2,86,4300,-6.30,0,0.9149,0.00664,3.0
DQN_PER_seed_2_1790610661,DQN_PER,2,87,4350,-7.50,0,0.9139,0.00605,3.1
DQN_PER_seed_2_1790610661,DQN_PER,2,88,4400,-7.50,0,0.9129,0.00639,3.1
DQN_PER_seed_2_1790610661,DQN_PER,2,89,4450,-7.50,0,0.9119,0.00599,3.2
DQN_PER_seed_2_1790610661,DQN_PER,2,90,4500,-8.10,0,0.9109,0.00572,3.2
DQN_PER_seed_2_1790610661,DQN_PER,2,91,4550,-6.90,0,0.9099,0.00626,3.3
DQN_PER_seed_2_1790610661,DQN_PER,2,92,4600,-7.50,0,0.9089,0.00541,3.4
DQN_PER_seed_2_1790610661,DQN_PER,2,93,4650,-8.70,0,0.9079,0.00530,3.4
DQN_PER_seed_2_1790610661,DQN_PER,2,94,4700,-6.30,0,0.9069,0.00564,3.5
DQN_PER_seed_2_1790610661,DQN_PER,2,95,4750,-7.50,0,0.9060,0.00521,3.6
DQN_PER_seed_2_1790610661,DQN_PER,2,96,4800,-8.70,0,0.9050,0.00532,3.6
DQN_PER_seed_2_1790610661,DQN_PER,2,97,4850,-7.50,0,0.9040,0.00543,3.7
DQN_PER_seed_2_1790610661,DQN_PER,2,98,4900,-7.50,0,0.9030,0.00497,3.8
DQN_PER_seed_2_1790610661,DQN_PER,2,99,4950,-6.30,0,0.9020,0.00488,3.8
DQN_PER_seed_2_1790610661,DQN_PER,2,100,5000,-8.10,0,0.9010,0.00446,3.9
DQN_PER_seed_2_1790610661,DQN_PER,2,101,5050,-7.50,0,0.9000,0.01255,4.0
DQN_PER_seed_2_1790610661,DQN_PER,2,102,5100,-6.90,0,0.8990,0.00738,4.1
DQN_PER_seed_2_1790610661,DQN_PER,2,103,5150,-8.70,0,0.8980,0.00696,4.2
DQN_PER_seed_2_1790610661,DQN_PER,2,104,5200,-8.10,0,0.8970,0.00691,4.2
DQN_PER_seed_2_1790610661,DQN_PER,2,105,5250,-6.90,0,0.8961,0.00727,4.3
DQN_PER_seed_2_1790610661,DQN_PER,2,106,5300,-6.90,0,0.8951,0.00631,4.4
DQN_PER_seed_2_1790610661,DQN_PER,2,107,5350,-6.90,0,0.8941,0.00635,4.4
DQN_PER_seed_2_1790610661,DQN_PER,2,108,5400,-8.70,0,0.8931,0.00648,4.5
DQN_PER_seed_2_1790610661,DQN_PER,2,109,5450,-6.90,0,0.8921,0.00592,4.6
DQN_PER_seed_2_1790610661,DQN_PER,2,110,5500,-5.10,0,0.8911,0.00703,4.6
DQN_PER_seed_2_1790610661,DQN_PER,2,111,5550,-6.90,0,0.8901,0.00655,4.7
DQN_PER_seed_2_1790610661,DQN_PER,2,112,5600,-6.30,0,0.8891,0.00588,4.8
DQN_PER_seed_2_1790610661,DQN_PER,2,113,5650,-4.50,0,0.8881,0.00606,4.8
DQN_PER_seed_2_1790610661,DQN_PER,2,114,5700,-7.50,0,0.8871,0.00586,4.9
DQN_PER_seed_2_1790610661,DQN_PER,2,115,5750,-5.70,0,0.8861,0.00555,4.9
DQN_PER_seed_2_1790610661,DQN_PER,2,116,5800,-8.10,0,0.8852,0.00569,5.0
DQN_PER_seed_2_1790610661,DQN_PER,2,117,5850,-7.50,0,0.8842,0.00528,5.1
DQN_PER_seed_2_1790610661,DQN_PER,2,118,5900,-6.90,0,0.8832,0.00579,5.1
DQN_PER_seed_2_1790610661,DQN_PER,2,119,5950,-6.30,0,0.8822,0.00482,5.2
DQN_PER_seed_2_1790610661,DQN_PER,2,120,6000,-6.90,0,0.8812,0.00487,5.3
DQN_PER_seed_2_1790610661,DQN_PER,2,121,6050,-6.90,0,0.8802,0.01080,5.3
DQN_PER_seed_2_1790610661,DQN_PER,2,122,6100,-7.50,0,0.8792,0.00502,5.4
DQN_PER_seed_2_1790610661,DQN_PER,2,123,6150,-7.50,0,0.8782,0.00487,5.5
DQN_PER_seed_2_1790610661,DQN_PER,2,124,6200,-2.70,0,0.8772,0.00520,5.5
DQN_PER_seed_2_1790610661,DQN_PER,2,125,6250,-3.90,0,0.8762,0.00388,5.6
DQN_PER_seed_2_1790610661,DQN_PER,2,126,6300,-8.10,0,0.8753,0.00477,5.7
DQN_PER_seed_2_1790610661,DQN_PER,2,127,6350,-6.30,0,0.8743,0.00405,5.7
DQN_PER_seed_2_1790610661,DQN_PER,2,128,6400,-8.70,0,0.8733,0.00400,5.8
DQN_PER_seed_2_1790610661,DQN_PER,2,129,6450,-8.10,0,0.8723,0.00352,5.8
DQN_PER_seed_2_1790610661,DQN_PER,2,130,6500,-7.50,0,0.8713,0.00367,5.9
DQN_PER_seed_2_1790610661,DQN_PER,2,131,6550,-6.90,0,0.8703,0.00387,6.0
DQN_PER_seed_2_1790610661,DQN_PER,2,132,6600,-5.10,0,0.8693,0.00336,6.0
DQN_PER_seed_2_1790610661,DQN_PER,2,133,6650,-8.10,0,0.8683,0.00465,6.1
DQN_PER_seed_2_1790610661,DQN_PER,2,134,6700,-7.50,0,0.8673,0.00338,6.2
DQN_PER_seed_2_1790610661,DQN_PER,2,135,6750,-8.70,0,0.8663,0.00314,6.2
DQN_PER_seed_2_1790610661,DQN_PER,2,136,6800,-7.50,0,0.8654,0.00282,6.3
DQN_PER_seed_2_1790610661,DQN_PER,2,137,6850,-4.50,0,0.8644,0.00353,6.4
DQN_PER_seed_2_1790610661,DQN_PER,2,138,6900,-6.90,0,0.8634,0.00382,6.4
DQN_PER_seed_2_1790610661,DQN_PER,2,139,6950,-7.50,0,0.8624,0.00316,6.5
DQN_PER_seed_2_1790610661,DQN_PER,2,140,7000,-7.50,0,0.8614,0.00365,6.6
DQN_PER_seed_2_1790610661,DQN_PER,2,141,7050,-2.70,0,0.8604,0.01280,6.6
DQN_PER_seed_2_1790610661,DQN_PER,2,142,7100,-6.30,0,0.8594,0.00383,6.7
DQN_PER_seed_2_1790610661,DQN_PER,2,143,7150,-6.90,0,0.8584,0.00333,6.7
DQN_PER_seed_2_1790610661,DQN_PER,2,144,7200,-6.90,0,0.8574,0.00344,6.8
DQN_PER_seed_2_1790610661,DQN_PER,2,145,7250,-8.70,0,0.8565,0.00397,6.9
DQN_PER_seed_2_1790610661,DQN_PER,2,146,7300,-8.10,0,0.8555,0.00358,6.9
DQN_PER_seed_2_1790610661,DQN_PER,2,147,7350,-6.90,0,0.8545,0.00295,7.0
DQN_PER_seed_2_1790610661,DQN_PER,2,148,7400,-7.50,0,0.8535,0.00334,7.1
DQN_PER_seed_2_1790610661,DQN_PER,2,149,7450,-7.50,0,0.8525,0.00337,7.1
DQN_PER_seed_2_1790610661,DQN_PER,2,150,7500,-6.90,0,0.8515,0.00304,7.2
DQN_PER_seed_2_1790610661,DQN_PER,2,151,7550,-6.30,0,0.8505,0.00270,7.3
DQN_PER_seed_2_1790610661,DQN_PER,2,152,7600,-7.50,0,0.8495,0.00264,7.3
DQN_PER_seed_2_1790610661,DQN_PER,2,153,7650,-6.30,0,0.8485,0.00276,7.4
DQN_PER_seed_2_1790610661,DQN_PER,2,154,7700,-5.70,0,0.8475,0.00287,7.5
DQN_PER_seed_2_1790610661,DQN_PER,2,155,7750,-6.90,0,0.8466,0.00308,7.5
DQN_PER_seed_2_1790610661,DQN_PER,2,156,7800,-5.10,0,0.8456,0.00265,7.6
DQN_PER_seed_2_1790610661,DQN_PER,2,157,7850,-8.10,0,0.8446,0.00286,7.6
DQN_PER_seed_2_1790610661,DQN_PER,2,158,7900,-6.30,0,0.8436,0.00243,7.7
DQN_PER_seed_2_1790610661,DQN_PER,2,159,7950,-3.90,0,0.8426,0.00263,7.8
DQN_PER_seed_2_1790610661,DQN_PER,2,160,8000,-8.10,0,0.8416,0.00256,7.8
DQN_PER_seed_2_1790610661,DQN_PER,2,161,8050,-8.10,0,0.8406,0.00655,7.9
DQN_PER_seed_2_1790610661,DQN_PER,2,162,8100,-5.10,0,0.8396,0.00224,8.0
DQN_PER_seed_2_1790610661,DQN_PER,2,163,8150,-6.90,0,0.8386,0.00228,8.0
DQN_PER_seed_2_1790610661,DQN_PER,2,164,8200,-8.10,0,0.8376,0.00216,8.1
DQN_PER_seed_2_1790610661,DQN_PER,2,165,8250,-7.50,0,0.8367,0.00182,8.2
DQN_PER_seed_2_1790610661,DQN_PER,2,166,8300,-6.90,0,0.8357,0.00204,8.2
DQN_PER_seed_2_1790610661,DQN_PER,2,167,8350,-7.50,0,0.8347,0.00207,8.3
DQN_PER_seed_2_1790610661,DQN_PER,2,168,8400,-6.30,0,0.8337,0.00204,8.4
DQN_PER_seed_2_1790610661,DQN_PER,2,169,8450,-8.70,0,0.8327,0.00163,8.4
DQN_PER_seed_2_1790610661,DQN_PER,2,170,8500,-8.70,0,0.8317,0.00173,8.5
DQN_PER_seed_2_1790610661,DQN_PER,2,171,8550,-7.50,0,0.8307,0.00252,8.5
DQN_PER_seed_2_1790610661,DQN_PER,2,172,8600,-7.50,0,0.8297,0.00166,8.6
DQN_PER_seed_2_1790610661,DQN_PER,2,173,8650,-6.90,0,0.8287,0.00169,8.7
DQN_PER_seed_2_1790610661,DQN_PER,2,174,8700,-6.90,0,0.8277,0.00181,8.7
DQN_PER_seed_2_1790610661,DQN_PER,2,175,8750,-4.50,0,0.8267,0.00170,8.8
DQN_PER_seed_2_1790610661,DQN_PER,2,176,8800,-8.10,0,0.8258,0.00194,8.9
DQN_PER_seed_2_1790610661,DQN_PER,2,177,8850,-8.10,0,0.8248,0.00161,8.9
DQN_PER_seed_2_1790610661,DQN_PER,2,178,8900,-7.50,0,0.8238,0.00159,9.0
DQN_PER_seed_2_1790610661,DQN_PER,2,179,8950,-6.30,0,0.8228,0.00199,9.1
DQN_PER_seed_2_1790610661,DQN_PER,2,180,9000,-6.90,0,0.8218,0.00151,9.1
DQN_PER_seed_2_1790610661,DQN_PER,2,181,9050,-3.90,0,0.8208,0.00528,9.2
DQN_PER_seed_2_1790610661,DQN_PER,2,182,9100,-7.50,0,0.8198,0.00212,9.3
DQN_PER_seed_2_1790610661,DQN_PER,2,183,9150,-6.30,0,0.8188,0.00187,9.3
DQN_PER_seed_2_1790610661,DQN_PER,2,184,9200,-8.70,0,0.8178,0.00153,9.4
DQN_PER_seed_2_1790610661,DQN_PER,2,185,9250,-6.30,0,0.8168,0.00193,9.5
DQN_PER_seed_2_1790610661,DQN_PER,2,186,9300,-7.50,0,0.8159,0.00174,9.5
DQN_PER_seed_2_1790610661,DQN_PER,2,187,9350,-8.70,0,0.8149,0.00210,9.6
DQN_PER_seed_2_1790610661,DQN_PER,2,188,9400,-6.30,0,0.8139,0.00157,9.6
DQN_PER_seed_2_1790610661,DQN_PER,2,189,9450,-5.70,0,0.8129,0.00159,9.7
DQN_PER_seed_2_1790610661,DQN_PER,2,190,9500,-3.30,0,0.8119,0.00166,9.8
DQN_PER_seed_2_1790610661,DQN_PER,2,191,9550,-8.70,0,0.8109,0.00196,9.8
DQN_PER_seed_2_1790610661,DQN_PER,2,192,9600,-8.10,0,0.8099,0.00204,9.9
DQN_PER_seed_2_1790610661,DQN_PER,2,193,9650,-5.70,0,0.8089,0.00116,10.0
DQN_PER_seed_2_1790610661,DQN_PER,2,194,9700,-6.30,0,0.8079,0.00155,10.0
DQN_PER_seed_2_1790610661,DQN_PER,2,195,9750,-7.50,0,0.8070,0.00141,10.1
DQN_PER_seed_2_1790610661,DQN_PER,2,196,9800,-8.10,0,0.8060,0.00156,10.2
DQN_PER_seed_2_1790610661,DQN_PER,2,197,9850,-4.50,0,0.8050,0.00139,10.2
DQN_PER_seed_2_1790610661,DQN_PER,2,198,9900,-6.30,0,0.8040,0.00172,10.3
DQN_PER_seed_2_1790610661,DQN_PER,2,199,9950,-8.10,0,0.8030,0.00174,10.4
DQN_PER_seed_2_1790610661,DQN_PER,2,200,10000,-6.90,0,0.8020,0.00167,10.4
DQN_PER_seed_2_1790610661,DQN_PER,2,201,10050,-8.10,0,0.8010,0.00567,10.6
DQN_PER_seed_2_1790610661,DQN_PER,2,202,10100,-7.50,0,0.8000,0.00188,10.6
DQN_PER_seed_2_1790610661,DQN_PER,2,203,10150,-6.30,0,0.7990,0.00168,10.7
DQN_PER_seed_2_1790610661,DQN_PER,2,204,10200,-7.50,0,0.7980,0.00135,10.8
DQN_PER_seed_2_1790610661,DQN_PER,2,205,10250,-6.30,0,0.7971,0.00153,10.8
DQN_PER_seed_2_1790610661,DQN_PER,2,206,10300,-6.90,0,0.7961,0.00150,10.9
DQN_PER_seed_2_1790610661,DQN_PER,2,207,10350,-8.70,0,0.7951,0.00145,11.0
DQN_PER_seed_2_1790610661,DQN_PER,2,208,10400,-8.70,0,0.7941,0.00142,11.0
DQN_PER_seed_2_1790610661,DQN_PER,2,209,10450,-7.50,0,0.7931,0.00126,11.1
DQN_PER_seed_2_1790610661,DQN_PER,2,210,10500,-7.50,0,0.7921,0.00153,11.2
DQN_PER_seed_2_1790610661,DQN_PER,2,211,10550,-8.10,0,0.7911,0.00138,11.2
DQN_PER_seed_2_1790610661,DQN_PER,2,212,10600,-8.10,0,0.7901,0.00173,11.3
DQN_PER_seed_2_1790610661,DQN_PER,2,213,10650,-8.10,0,0.7891,0.00140,11.3
DQN_PER_seed_2_1790610661,DQN_PER,2,214,10700,-2.70,0,0.7881,0.00154,11.4
DQN_PER_seed_2_1790610661,DQN_PER,2,215,10750,-6.90,0,0.7872,0.00150,11.5
DQN_PER_seed_2_1790610661,DQN_PER,2,216,10800,-3.30,0,0.7862,0.00161,11.5
DQN_PER_seed_2_1790610661,DQN_PER,2,217,10850,-5.10,0,0.7852,0.00207,11.6
DQN_PER_seed_2_1790610661,DQN_PER,2,218,10900,-8.10,0,0.7842,0.00203,11.7
DQN_PER_seed_2_1790610661,DQN_PER,2,219,10950,-7.50,0,0.7832,0.00173,11.7
DQN_PER_seed_2_1790610661,DQN_PER,2,220,11000,-8.10,0,0.7822,0.00164,11.8
DQN_PER_seed_2_1790610661,DQN_PER,2,221,11050,-6.90,0,0.7812,0.00634,11.9
DQN_PER_seed_2_1790610661,DQN_PER,2,222,11100,-6.90,0,0.7802,0.00201,11.9
DQN_PER_seed_2_1790610661,DQN_PER,2,223,11150,-8.70,0,0.7792,0.00178,12.0
DQN_PER_seed_2_1790610661,DQN_PER,2,224,11200,-6.90,0,0.7782,0.00145,12.1
DQN_PER_seed_2_1790610661,DQN_PER,2,225,11250,-8.70,0,0.7772,0.00136,12.1
DQN_PER_seed_2_1790610661,DQN_PER,2,226,11300,-6.90,0,0.7763,0.00184,12.2
DQN_PER_seed_2_1790610661,DQN_PER,2,227,11350,-7.50,0,0.7753,0.00234,12.3
DQN_PER_seed_2_1790610661,DQN_PER,2,228,11400,-7.50,0,0.7743,0.00205,12.3
DQN_PER_seed_2_1790610661,DQN_PER,2,229,11450,-7.50,0,0.7733,0.00245,12.4
DQN_PER_seed_2_1790610661,DQN_PER,2,230,11500,-7.50,0,0.7723,0.00219,12.4
DQN_PER_seed_2_1790610661,DQN_PER,2,231,11550,-6.90,0,0.7713,0.00181,12.5
DQN_PER_seed_2_1790610661,DQN_PER,2,232,11600,-7.50,0,0.7703,0.00273,12.6
DQN_PER_seed_2_1790610661,DQN_PER,2,233,11650,-6.90,0,0.7693,0.00212,12.7
DQN_PER_seed_2_1790610661,DQN_PER,2,234,11700,-8.70,0,0.7683,0.00159,12.7
DQN_PER_seed_2_1790610661,DQN_PER,2,235,11750,-7.50,0,0.7673,0.00166,12.8
DQN_PER_seed_2_1790610661,DQN_PER,2,236,11800,-8.70,0,0.7664,0.00170,12.9
DQN_PER_seed_2_1790610661,DQN_PER,2,237,11850,-8.10,0,0.7654,0.00168,12.9
DQN_PER_seed_2_1790610661,DQN_PER,2,238,11900,-8.70,0,0.7644,0.00159,13.0
DQN_PER_seed_2_1790610661,DQN_PER,2,239,11950,-6.30,0,0.7634,0.00155,13.1
DQN_PER_seed_2_1790610661,DQN_PER,2,240,12000,-7.50,0,0.7624,0.00155,13.1
DQN_PER_seed_2_1790610661,DQN_PER,2,241,12050,-7.50,0,0.7614,0.00595,13.2
DQN_PER_seed_2_1790610661,DQN_PER,2,242,12100,-6.90,0,0.7604,0.00153,13.3
DQN_PER_seed_2_1790610661,DQN_PER,2,243,12150,-7.50,0,0.7594,0.00213,13.3
DQN_PER_seed_2_1790610661,DQN_PER,2,244,12200,-8.10,0,0.7584,0.00178,13.4
DQN_PER_seed_2_1790610661,DQN_PER,2,245,12250,-7.50,0,0.7574,0.00160,13.4
DQN_PER_seed_2_1790610661,DQN_PER,2,246,12300,-8.10,0,0.7565,0.00174,13.5
DQN_PER_seed_2_1790610661,DQN_PER,2,247,12350,-4.50,0,0.7555,0.00170,13.6
DQN_PER_seed_2_1790610661,DQN_PER,2,248,12400,-6.90,0,0.7545,0.00285,13.6
DQN_PER_seed_2_1790610661,DQN_PER,2,249,12450,-6.90,0,0.7535,0.00274,13.7
DQN_PER_seed_2_1790610661,DQN_PER,2,250,12500,-6.30,0,0.7525,0.00228,13.8
DQN_PER_seed_2_1790610661,DQN_PER,2,251,12550,-6.30,0,0.7515,0.00210,13.8
DQN_PER_seed_2_1790610661,DQN_PER,2,252,12600,-8.10,0,0.7505,0.00211,13.9
DQN_PER_seed_2_1790610661,DQN_PER,2,253,12650,-7.50,0,0.7495,0.00180,14.0
DQN_PER_seed_2_1790610661,DQN_PER,2,254,12700,-4.50,0,0.7485,0.00203,14.0
DQN_PER_seed_2_1790610661,DQN_PER,2,255,12750,-6.90,0,0.7475,0.00238,14.1
DQN_PER_seed_2_1790610661,DQN_PER,2,256,12800,-3.90,0,0.7466,0.00266,14.2
DQN_PER_seed_2_1790610661,DQN_PER,2,257,12850,-6.30,0,0.7456,0.00269,14.2
DQN_PER_seed_2_1790610661,DQN_PER,2,258,12900,-8.10,0,0.7446,0.00195,14.3
DQN_PER_seed_2_1790610661,DQN_PER,2,259,12950,-8.10,0,0.7436,0.00179,14.4
DQN_PER_seed_2_1790610661,DQN_PER,2,260,13000,-8.10,0,0.7426,0.00181,14.4
DQN_PER_seed_2_1790610661,DQN_PER,2,261,13050,-6.30,0,0.7416,0.00486,14.5
DQN_PER_seed_2_1790610661,DQN_PER,2,262,13100,-6.90,0,0.7406,0.00379,14.6
DQN_PER_seed_2_1790610661,DQN_PER,2,263,13150,-5.70,0,0.7396,0.00219,14.6
DQN_PER_seed_2_1790610661,DQN_PER,2,264,13200,-6.90,0,0.7386,0.00169,14.7
DQN_PER_seed_2_1790610661,DQN_PER,2,265,13250,-6.90,0,0.7376,0.00158,14.8
DQN_PER_seed_2_1790610661,DQN_PER,2,266,13300,-7.50,0,0.7367,0.00217,14.8
DQN_PER_seed_2_1790610661,DQN_PER,2,267,13350,-5.70,0,0.7357,0.00228,14.9
DQN_PER_seed_2_1790610661,DQN_PER,2,268,13400,-7.50,0,0.7347,0.00185,14.9
DQN_PER_seed_2_1790610661,DQN_PER,2,269,13450,-2.10,0,0.7337,0.00154,15.0
DQN_PER_seed_2_1790610661,DQN_PER,2,270,13500,-7.50,0,0.7327,0.00145,15.1
DQN_PER_seed_2_1790610661,DQN_PER,2,271,13550,-7.50,0,0.7317,0.00161,15.1
DQN_PER_seed_2_1790610661,DQN_PER,2,272,13600,-6.30,0,0.7307,0.00219,15.2
DQN_PER_seed_2_1790610661,DQN_PER,2,273,13650,-8.70,0,0.7297,0.00237,15.3
DQN_PER_seed_2_1790610661,DQN_PER,2,274,13700,-8.10,0,0.7287,0.00197,15.3
DQN_PER_seed_2_1790610661,DQN_PER,2,275,13750,-7.50,0,0.7278,0.00184,15.4
DQN_PER_seed_2_1790610661,DQN_PER,2,276,13800,-6.90,0,0.7268,0.00210,15.5
DQN_PER_seed_2_1790610661,DQN_PER,2,277,13850,-0.90,0,0.7258,0.00271,15.5
DQN_PER_seed_2_1790610661,DQN_PER,2,278,13900,-5.70,0,0.7248,0.00179,15.6
DQN_PER_seed_2_1790610661,DQN_PER,2,279,13950,-5.70,0,0.7238,0.00152,15.7
DQN_PER_seed_2_1790610661,DQN_PER,2,280,14000,-8.10,0,0.7228,0.00179,15.7
DQN_PER_seed_2_1790610661,DQN_PER,2,281,14050,-1.50,0,0.7218,0.00724,15.8
DQN_PER_seed_2_1790610661,DQN_PER,2,282,14100,-8.10,0,0.7208,0.00272,15.9
DQN_PER_seed_2_1790610661,DQN_PER,2,283,14150,-5.10,0,0.7198,0.00186,15.9
DQN_PER_seed_2_1790610661,DQN_PER,2,284,14200,-7.50,0,0.7188,0.00260,16.0
DQN_PER_seed_2_1790610661,DQN_PER,2,285,14250,-7.50,0,0.7179,0.00182,16.0
DQN_PER_seed_2_1790610661,DQN_PER,2,286,14300,-5.10,0,0.7169,0.00159,16.1
DQN_PER_seed_2_1790610661,DQN_PER,2,287,14350,-6.30,0,0.7159,0.00150,16.2
DQN_PER_seed_2_1790610661,DQN_PER,2,288,14400,-6.90,0,0.7149,0.00164,16.2
DQN_PER_seed_2_1790610661,DQN_PER,2,289,14450,-6.90,0,0.7139,0.00234,16.3
DQN_PER_seed_2_1790610661,DQN_PER,2,290,14500,-8.10,0,0.7129,0.00201,16.4
DQN_PER_seed_2_1790610661,DQN_PER,2,291,14550,-5.70,0,0.7119,0.00156,16.4
DQN_PER_seed_2_1790610661,DQN_PER,2,292,14600,-7.50,0,0.7109,0.00147,16.5
DQN_PER_seed_2_1790610661,DQN_PER,2,293,14650,-6.90,0,0.7099,0.00185,16.6
DQN_PER_seed_2_1790610661,DQN_PER,2,294,14700,-7.50,0,0.7089,0.00169,16.6
DQN_PER_seed_2_1790610661,DQN_PER,2,295,14750,-2.70,0,0.7080,0.00228,16.7
DQN_PER_seed_2_1790610661,DQN_PER,2,296,14800,-3.30,0,0.7070,0.00226,16.8
DQN_PER_seed_2_1790610661,DQN_PER,2,297,14850,-5.70,0,0.7060,0.00193,16.8
DQN_PER_seed_2_1790610661,DQN_PER,2,298,14900,-6.90,0,0.7050,0.00223,16.9
DQN_PER_seed_2_1790610661,DQN_PER,2,299,14950,-6.30,0,0.7040,0.00161,17.0
DQN_PER_seed_2_1790610661,DQN_PER,2,300,15000,-6.90,0,0.7030,0.00151,17.0
DQN_PER_seed_2_1790610661,DQN_PER,2,301,15050,-6.90,0,0.7020,0.00824,17.2
DQN_PER_seed_2_1790610661,DQN_PER,2,302,15100,-6.30,0,0.7010,0.00338,17.3
DQN_PER_seed_2_1790610661,DQN_PER,2,303,15150,-7.50,0,0.7000,0.00191,17.3
DQN_PER_seed_2_1790610661,DQN_PER,2,304,15200,-6.90,0,0.6990,0.00190,17.4
DQN_PER_seed_2_1790610661,DQN_PER,2,305,15250,-7.50,0,0.6981,0.00177,17.4
DQN_PER_seed_2_1790610661,DQN_PER,2,306,15300,0.30,0,0.6971,0.00385,17.5
DQN_PER_seed_2_1790610661,DQN_PER,2,307,15350,-8.70,0,0.6961,0.00217,17.6
DQN_PER_seed_2_1790610661,DQN_PER,2,308,15400,-3.90,0,0.6951,0.00146,17.6
DQN_PER_seed_2_1790610661,DQN_PER,2,309,15450,-5.70,0,0.6941,0.00166,17.7
DQN_PER_seed_2_1790610661,DQN_PER,2,310,15500,-8.10,0,0.6931,0.00164,17.8
DQN_PER_seed_2_1790610661,DQN_PER,2,311,15550,-4.50,0,0.6921,0.00187,17.8
DQN_PER_seed_2_1790610661,DQN_PER,2,312,15600,-8.10,0,0.6911,0.00252,17.9
DQN_PER_seed_2_1790610661,DQN_PER,2,313,15650,-6.90,0,0.6901,0.00363,18.0
DQN_PER_seed_2_1790610661,DQN_PER,2,314,15700,-1.50,0,0.6891,0.00166,18.0
DQN_PER_seed_2_1790610661,DQN_PER,2,315,15750,-8.70,0,0.6882,0.00151,18.1
DQN_PER_seed_2_1790610661,DQN_PER,2,316,15800,-5.70,0,0.6872,0.00139,18.2
DQN_PER_seed_2_1790610661,DQN_PER,2,317,15850,-4.50,0,0.6862,0.00164,18.2
DQN_PER_seed_2_1790610661,DQN_PER,2,318,15900,-6.30,0,0.6852,0.00190,18.3
DQN_PER_seed_2_1790610661,DQN_PER,2,319,15950,-5.10,0,0.6842,0.00191,18.4
DQN_PER_seed_2_1790610661,DQN_PER,2,320,16000,-5.10,0,0.6832,0.00142,18.4
DQN_PER_seed_2_1790610661,DQN_PER,2,321,16050,-7.50,0,0.6822,0.00383,18.5
DQN_PER_seed_2_1790610661,DQN_PER,2,322,16100,-6.30,0,0.6812,0.00344,18.6
DQN_PER_seed_2_1790610661,DQN_PER,2,323,16150,-4.50,0,0.6802,0.00264,18.6
DQN_PER_seed_2_1790610661,DQN_PER,2,324,16200,-6.90,0,0.6792,0.00269,18.7
DQN_PER_seed_2_1790610661,DQN_PER,2,325,16250,-8.10,0,0.6783,0.00238,18.7
DQN_PER_seed_2_1790610661,DQN_PER,2,326,16300,-6.90,0,0.6773,0.00211,18.8
DQN_PER_seed_2_1790610661,DQN_PER,2,327,16350,-5.70,0,0.6763,0.00250,18.9
DQN_PER_seed_2_1790610661,DQN_PER,2,328,16400,-4.50,0,0.6753,0.00208,18.9
DQN_PER_seed_2_1790610661,DQN_PER,2,329,16450,-7.50,0,0.6743,0.00492,19.0
DQN_PER_seed_2_1790610661,DQN_PER,2,330,16500,-6.90,0,0.6733,0.00186,19.1
DQN_PER_seed_2_1790610661,DQN_PER,2,331,16550,2.10,0,0.6723,0.00186,19.1
DQN_PER_seed_2_1790610661,DQN_PER,2,332,16600,-5.70,0,0.6713,0.00202,19.2
DQN_PER_seed_2_1790610661,DQN_PER,2,333,16650,-2.70,0,0.6703,0.00154,19.3
DQN_PER_seed_2_1790610661,DQN_PER,2,334,16700,-7.50,0,0.6693,0.00200,19.3
DQN_PER_seed_2_1790610661,DQN_PER,2,335,16750,-7.50,0,0.6683,0.00216,19.4
DQN_PER_seed_2_1790610661,DQN_PER,2,336,16800,-7.50,0,0.6674,0.00277,19.5
DQN_PER_seed_2_1790610661,DQN_PER,2,337,16850,-6.90,0,0.6664,0.00431,19.5
DQN_PER_seed_2_1790610661,DQN_PER,2,338,16900,-5.70,0,0.6654,0.00213,19.6
DQN_PER_seed_2_1790610661,DQN_PER,2,339,16950,-8.10,0,0.6644,0.00227,19.7
DQN_PER_seed_2_1790610661,DQN_PER,2,340,17000,-3.30,0,0.6634,0.00157,19.7
DQN_PER_seed_2_1790610661,DQN_PER,2,341,17050,-7.50,0,0.6624,0.00571,19.8
DQN_PER_seed_2_1790610661,DQN_PER,2,342,17100,-5.70,0,0.6614,0.00255,19.9
DQN_PER_seed_2_1790610661,DQN_PER,2,343,17150,-4.50,0,0.6604,0.00205,19.9
DQN_PER_seed_2_1790610661,DQN_PER,2,344,17200,-3.30,0,0.6594,0.00231,20.0
DQN_PER_seed_2_1790610661,DQN_PER,2,345,17250,-5.70,0,0.6584,0.00257,20.1
DQN_PER_seed_2_1790610661,DQN_PER,2,346,17300,-7.50,0,0.6575,0.00285,20.1
DQN_PER_seed_2_1790610661,DQN_PER,2,347,17350,-6.30,0,0.6565,0.00226,20.2
DQN_PER_seed_2_1790610661,DQN_PER,2,348,17400,-6.30,0,0.6555,0.00416,20.2
DQN_PER_seed_2_1790610661,DQN_PER,2,349,17450,-8.10,0,0.6545,0.00196,20.3
DQN_PER_seed_2_1790610661,DQN_PER,2,350,17500,-5.10,0,0.6535,0.00235,20.4
DQN_PER_seed_2_1790610661,DQN_PER,2,351,17550,-3.30,0,0.6525,0.00349,20.4
DQN_PER_seed_2_1790610661,DQN_PER,2,352,17600,-6.30,0,0.6515,0.00204,20.5
DQN_PER_seed_2_1790610661,DQN_PER,2,353,17650,-6.90,0,0.6505,0.00246,20.6
DQN_PER_seed_2_1790610661,DQN_PER,2,354,17700,-7.50,0,0.6495,0.00210,20.6
DQN_PER_seed_2_1790610661,DQN_PER,2,355,17750,-6.90,0,0.6485,0.00226,20.7
DQN_PER_seed_2_1790610661,DQN_PER,2,356,17800,-5.70,0,0.6476,0.00184,20.8
DQN_PER_seed_2_1790610661,DQN_PER,2,357,17850,-5.70,0,0.6466,0.00164,20.8
DQN_PER_seed_2_1790610661,DQN_PER,2,358,17900,-4.50,0,0.6456,0.00233,20.9
DQN_PER_seed_2_1790610661,DQN_PER,2,359,17950,-6.30,0,0.6446,0.00431,21.0
DQN_PER_seed_2_1790610661,DQN_PER,2,360,18000,-8.10,0,0.6436,0.00469,21.0
DQN_PER_seed_2_1790610661,DQN_PER,2,361,18050,-8.10,0,0.6426,0.00575,21.1
DQN_PER_seed_2_1790610661,DQN_PER,2,362,18100,-7.50,0,0.6416,0.00233,21.2
DQN_PER_seed_2_1790610661,DQN_PER,2,363,18150,-6.30,0,0.6406,0.00213,21.2
DQN_PER_seed_2_1790610661,DQN_PER,2,364,18200,-4.50,0,0.6396,0.00249,21.3
DQN_PER_seed_2_1790610661,DQN_PER,2,365,18250,-7.50,0,0.6386,0.00217,21.4
DQN_PER_seed_2_1790610661,DQN_PER,2,366,18300,-0.90,0,0.6377,0.00231,21.4
DQN_PER_seed_2_1790610661,DQN_PER,2,367,18350,-8.10,0,0.6367,0.00279,21.5
DQN_PER_seed_2_1790610661,DQN_PER,2,368,18400,-3.30,0,0.6357,0.00261,21.6
DQN_PER_seed_2_1790610661,DQN_PER,2,369,18450,-6.30,0,0.6347,0.00279,21.6
DQN_PER_seed_2_1790610661,DQN_PER,2,370,18500,-6.90,0,0.6337,0.00261,21.7
DQN_PER_seed_2_1790610661,DQN_PER,2,371,18550,-6.90,0,0.6327,0.00250,21.7
DQN_PER_seed_2_1790610661,DQN_PER,2,372,18600,-6.30,0,0.6317,0.00388,21.8
DQN_PER_seed_2_1790610661,DQN_PER,2,373,18650,-5.10,0,0.6307,0.00255,21.9
DQN_PER_seed_2_1790610661,DQN_PER,2,374,18700,-5.70,0,0.6297,0.00195,21.9
DQN_PER_seed_2_1790610661,DQN_PER,2,375,18750,-6.90,0,0.6288,0.00347,22.0
DQN_PER_seed_2_1790610661,DQN_PER,2,376,18800,-4.50,0,0.6278,0.00221,22.1
DQN_PER_seed_2_1790610661,DQN_PER,2,377,18850,-2.10,0,0.6268,0.00226,22.1
DQN_PER_seed_2_1790610661,DQN_PER,2,378,18900,-1.50,0,0.6258,0.00217,22.2
DQN_PER_seed_2_1790610661,DQN_PER,2,379,18950,0.90,0,0.6248,0.00182,22.3
DQN_PER_seed_2_1790610661,DQN_PER,2,380,19000,-6.90,0,0.6238,0.00211,22.3
DQN_PER_seed_2_1790610661,DQN_PER,2,381,19050,-5.70,0,0.6228,0.00426,22.4
DQN_PER_seed_2_1790610661,DQN_PER,2,382,19100,-8.10,0,0.6218,0.00312,22.5
DQN_PER_seed_2_1790610661,DQN_PER,2,383,19150,-6.30,0,0.6208,0.00267,22.5
DQN_PER_seed_2_1790610661,DQN_PER,2,384,19200,-5.10,0,0.6198,0.00278,22.6
DQN_PER_seed_2_1790610661,DQN_PER,2,385,19250,-5.70,0,0.6189,0.00361,22.7
DQN_PER_seed_2_1790610661,DQN_PER,2,386,19300,-7.50,0,0.6179,0.00290,22.7
DQN_PER_seed_2_1790610661,DQN_PER,2,387,19350,-6.30,0,0.6169,0.00316,22.8
DQN_PER_seed_2_1790610661,DQN_PER,2,388,19400,-5.70,0,0.6159,0.00432,22.9
DQN_PER_seed_2_1790610661,DQN_PER,2,389,19450,-5.70,0,0.6149,0.00266,22.9
DQN_PER_seed_2_1790610661,DQN_PER,2,390,19500,-6.30,0,0.6139,0.00215,23.0
DQN_PER_seed_2_1790610661,DQN_PER,2,391,19550,-6.30,0,0.6129,0.00258,23.1
DQN_PER_seed_2_1790610661,DQN_PER,2,392,19600,-6.90,0,0.6119,0.00321,23.1
DQN_PER_seed_2_1790610661,DQN_PER,2,393,19650,-6.30,0,0.6109,0.00224,23.2
DQN_PER_seed_2_1790610661,DQN_PER,2,394,19700,-8.10,0,0.6099,0.00261,23.3
DQN_PER_seed_2_1790610661,DQN_PER,2,395,19750,-8.10,0,0.6089,0.00260,23.3
DQN_PER_seed_2_1790610661,DQN_PER,2,396,19800,-7.50,0,0.6080,0.00281,23.4
DQN_PER_seed_2_1790610661,DQN_PER,2,397,19850,-8.10,0,0.6070,0.00212,23.5
DQN_PER_seed_2_1790610661,DQN_PER,2,398,19900,-5.10,0,0.6060,0.00365,23.5
DQN_PER_seed_2_1790610661,DQN_PER,2,399,19950,-8.10,0,0.6050,0.00243,23.6
DQN_PER_seed_2_1790610661,DQN_PER,2,400,20000,-6.30,0,0.6040,0.00868,23.6
DQN_PER_seed_2_1790610661,DQN_PER,2,401,20050,-6.90,0,0.6030,0.01099,23.8
DQN_PER_seed_2_1790610661,DQN_PER,2,402,20100,-5.70,0,0.6020,0.00458,23.9
DQN_PER_seed_2_1790610661,DQN_PER,2,403,20150,-4.50,0,0.6010,0.00410,23.9
DQN_PER_seed_2_1790610661,DQN_PER,2,404,20200,-8.10,0,0.6000,0.00353,24.0
DQN_PER_seed_2_1790610661,DQN_PER,2,405,20252,4.10,0,0.5990,0.00320,24.1
DQN_PER_seed_2_1790610661,DQN_PER,2,406,20302,-3.90,0,0.5980,0.00424,24.1
DQN_PER_seed_2_1790610661,DQN_PER,2,407,20352,-3.90,0,0.5970,0.00374,24.2
DQN_PER_seed_2_1790610661,DQN_PER,2,408,20402,-6.90,0,0.5960,0.00463,24.3
DQN_PER_seed_2_1790610661,DQN_PER,2,409,20452,-4.50,0,0.5951,0.00431,24.3
DQN_PER_seed_2_1790610661,DQN_PER,2,410,20502,-5.70,0,0.5941,0.00460,24.4
DQN_PER_seed_2_1790610661,DQN_PER,2,411,20552,-6.90,0,0.5931,0.00364,24.5
DQN_PER_seed_2_1790610661,DQN_PER,2,412,20602,-6.30,0,0.5921,0.00296,24.5
DQN_PER_seed_2_1790610661,DQN_PER,2,413,20652,-5.70,0,0.5911,0.00367,24.6
DQN_PER_seed_2_1790610661,DQN_PER,2,414,20702,-6.90,0,0.5901,0.00410,24.7
DQN_PER_seed_2_1790610661,DQN_PER,2,415,20752,-1.50,0,0.5891,0.00402,24.7
DQN_PER_seed_2_1790610661,DQN_PER,2,416,20802,-4.50,0,0.5881,0.00392,24.8
DQN_PER_seed_2_1790610661,DQN_PER,2,417,20852,-5.10,0,0.5871,0.00325,24.9
DQN_PER_seed_2_1790610661,DQN_PER,2,418,20902,-3.30,0,0.5861,0.00269,24.9
DQN_PER_seed_2_1790610661,DQN_PER,2,419,20952,-7.50,0,0.5852,0.00385,25.0
DQN_PER_seed_2_1790610661,DQN_PER,2,420,21002,-8.10,0,0.5842,0.00406,25.1
DQN_PER_seed_2_1790610661,DQN_PER,2,421,21052,-6.90,0,0.5832,0.00983,25.1
DQN_PER_seed_2_1790610661,DQN_PER,2,422,21102,-7.50,0,0.5822,0.00816,25.2
DQN_PER_seed_2_1790610661,DQN_PER,2,423,21152,-4.50,0,0.5812,0.00391,25.2
DQN_PER_seed_2_1790610661,DQN_PER,2,424,21202,-6.30,0,0.5802,0.00288,25.3
DQN_PER_seed_2_1790610661,DQN_PER,2,425,21252,-7.50,0,0.5792,0.00288,25.4
DQN_PER_seed_2_1790610661,DQN_PER,2,426,21302,-5.10,0,0.5782,0.00298,25.4
DQN_PER_seed_2_1790610661,DQN_PER,2,427,21352,-6.30,0,0.5772,0.00299,25.5
DQN_PER_seed_2_1790610661,DQN_PER,2,428,21402,-8.70,0,0.5762,0.00329,25.6
DQN_PER_seed_2_1790610661,DQN_PER,2,429,21452,-6.90,0,0.5753,0.00444,25.6
DQN_PER_seed_2_1790610661,DQN_PER,2,430,21502,-5.10,0,0.5743,0.00247,25.7
DQN_PER_seed_2_1790610661,DQN_PER,2,431,21552,-6.90,0,0.5733,0.00488,25.8
DQN_PER_seed_2_1790610661,DQN_PER,2,432,21602,-5.10,0,0.5723,0.00346,25.8
DQN_PER_seed_2_1790610661,DQN_PER,2,433,21652,-5.70,0,0.5713,0.00251,25.9
DQN_PER_seed_2_1790610661,DQN_PER,2,434,21702,-5.70,0,0.5703,0.00311,26.0
DQN_PER_seed_2_1790610661,DQN_PER,2,435,21752,-5.10,0,0.5693,0.00267,26.0
DQN_PER_seed_2_1790610661,DQN_PER,2,436,21802,-7.50,0,0.5683,0.00302,26.1
DQN_PER_seed_2_1790610661,DQN_PER,2,437,21852,-7.50,0,0.5673,0.00341,26.2
DQN_PER_seed_2_1790610661,DQN_PER,2,438,21902,-4.50,0,0.5663,0.00270,26.2
DQN_PER_seed_2_1790610661,DQN_PER,2,439,21952,-3.30,0,0.5654,0.00304,26.3
DQN_PER_seed_2_1790610661,DQN_PER,2,440,22002,-5.70,0,0.5644,0.00360,26.4
DQN_PER_seed_2_1790610661,DQN_PER,2,441,22052,-7.50,0,0.5634,0.00606,26.4
DQN_PER_seed_2_1790610661,DQN_PER,2,442,22102,-3.30,0,0.5624,0.00310,26.5
DQN_PER_seed_2_1790610661,DQN_PER,2,443,22152,-5.70,0,0.5614,0.00348,26.6
DQN_PER_seed_2_1790610661,DQN_PER,2,444,22202,-5.70,0,0.5604,0.00658,26.6
DQN_PER_seed_2_1790610661,DQN_PER,2,445,22252,-8.10,0,0.5594,0.00421,26.7
DQN_PER_seed_2_1790610661,DQN_PER,2,446,22302,-7.50,0,0.5584,0.00318,26.8
DQN_PER_seed_2_1790610661,DQN_PER,2,447,22352,-5.10,0,0.5574,0.00344,26.8
DQN_PER_seed_2_1790610661,DQN_PER,2,448,22402,-6.90,0,0.5564,0.00426,26.9
DQN_PER_seed_2_1790610661,DQN_PER,2,449,22452,-6.30,0,0.5555,0.00667,27.0
DQN_PER_seed_2_1790610661,DQN_PER,2,450,22502,-6.30,0,0.5545,0.00381,27.0
DQN_PER_seed_2_1790610661,DQN_PER,2,451,22552,-7.50,0,0.5535,0.00291,27.1
DQN_PER_seed_2_1790610661,DQN_PER,2,452,22602,-3.30,0,0.5525,0.00337,27.1
DQN_PER_seed_2_1790610661,DQN_PER,2,453,22652,-6.90,0,0.5515,0.00292,27.2
DQN_PER_seed_2_1790610661,DQN_PER,2,454,22702,-6.30,0,0.5505,0.00645,27.3
DQN_PER_seed_2_1790610661,DQN_PER,2,455,22752,-6.30,0,0.5495,0.00362,27.3
DQN_PER_seed_2_1790610661,DQN_PER,2,456,22802,-8.70,0,0.5485,0.00378,27.4
DQN_PER_seed_2_1790610661,DQN_PER,2,457,22852,-2.10,0,0.5475,0.00328,27.5
DQN_PER_seed_2_1790610661,DQN_PER,2,458,22902,1.50,0,0.5465,0.00222,27.5
DQN_PER_seed_2_1790610661,DQN_PER,2,459,22952,-3.90,0,0.5456,0.00307,27.6
DQN_PER_seed_2_1790610661,DQN_PER,2,460,23002,-6.90,0,0.5446,0.00320,27.7
DQN_PER_seed_2_1790610661,DQN_PER,2,461,23052,-0.90,0,0.5436,0.00603,27.7
DQN_PER_seed_2_1790610661,DQN_PER,2,462,23102,-5.70,0,0.5426,0.00463,27.8
DQN_PER_seed_2_1790610661,DQN_PER,2,463,23152,-5.10,0,0.5416,0.00518,27.9
DQN_PER_seed_2_1790610661,DQN_PER,2,464,23202,-5.70,0,0.5406,0.00346,27.9
DQN_PER_seed_2_1790610661,DQN_PER,2,465,23252,-3.90,0,0.5396,0.00463,28.0
DQN_PER_seed_2_1790610661,DQN_PER,2,466,23302,-7.50,0,0.5386,0.00493,28.1
DQN_PER_seed_2_1790610661,DQN_PER,2,467,23352,-6.30,0,0.5376,0.00358,28.1
DQN_PER_seed_2_1790610661,DQN_PER,2,468,23402,-1.50,0,0.5366,0.00377,28.2
DQN_PER_seed_2_1790610661,DQN_PER,2,469,23452,-5.70,0,0.5357,0.00333,28.3
DQN_PER_seed_2_1790610661,DQN_PER,2,470,23502,-4.50,0,0.5347,0.00408,28.3
DQN_PER_seed_2_1790610661,DQN_PER,2,471,23552,-6.90,0,0.5337,0.00517,28.4
DQN_PER_seed_2_1790610661,DQN_PER,2,472,23602,-8.10,0,0.5327,0.01508,28.5
DQN_PER_seed_2_1790610661,DQN_PER,2,473,23652,-7.50,0,0.5317,0.00678,28.5
DQN_PER_seed_2_1790610661,DQN_PER,2,474,23702,-3.90,0,0.5307,0.00324,28.6
DQN_PER_seed_2_1790610661,DQN_PER,2,475,23752,-7.50,0,0.5297,0.00523,28.7
DQN_PER_seed_2_1790610661,DQN_PER,2,476,23802,-3.90,0,0.5287,0.00757,28.7
DQN_PER_seed_2_1790610661,DQN_PER,2,477,23852,-8.10,0,0.5277,0.00507,28.8
DQN_PER_seed_2_1790610661,DQN_PER,2,478,23902,0.30,0,0.5267,0.00292,28.9
DQN_PER_seed_2_1790610661,DQN_PER,2,479,23952,-2.70,0,0.5258,0.00302,28.9
DQN_PER_seed_2_1790610661,DQN_PER,2,480,24002,-5.10,0,0.5248,0.00359,29.0
DQN_PER_seed_2_1790610661,DQN_PER,2,481,24052,-6.90,0,0.5238,0.00614,29.1
DQN_PER_seed_2_1790610661,DQN_PER,2,482,24102,-7.50,0,0.5228,0.01287,29.1
DQN_PER_seed_2_1790610661,DQN_PER,2,483,24152,-6.30,0,0.5218,0.00340,29.2
DQN_PER_seed_2_1790610661,DQN_PER,2,484,24202,-3.90,0,0.5208,0.00271,29.3
DQN_PER_seed_2_1790610661,DQN_PER,2,485,24252,-5.70,0,0.5198,0.00405,29.3
DQN_PER_seed_2_1790610661,DQN_PER,2,486,24302,-5.70,0,0.5188,0.00348,29.4
DQN_PER_seed_2_1790610661,DQN_PER,2,487,24352,-4.50,0,0.5178,0.00250,29.5
DQN_PER_seed_2_1790610661,DQN_PER,2,488,24402,-8.10,0,0.5168,0.00290,29.5
DQN_PER_seed_2_1790610661,DQN_PER,2,489,24452,-6.30,0,0.5159,0.00280,29.6
DQN_PER_seed_2_1790610661,DQN_PER,2,490,24502,-2.70,0,0.5149,0.00258,29.7
DQN_PER_seed_2_1790610661,DQN_PER,2,491,24552,-5.70,0,0.5139,0.00281,29.7
DQN_PER_seed_2_1790610661,DQN_PER,2,492,24602,-7.50,0,0.5129,0.00299,29.8
DQN_PER_seed_2_1790610661,DQN_PER,2,493,24652,-5.70,0,0.5119,0.00310,29.8
DQN_PER_seed_2_1790610661,DQN_PER,2,494,24702,-5.70,0,0.5109,0.00352,29.9
DQN_PER_seed_2_1790610661,DQN_PER,2,495,24752,-7.50,0,0.5099,0.00324,30.0
DQN_PER_seed_2_1790610661,DQN_PER,2,496,24802,-2.70,0,0.5089,0.00260,30.0
DQN_PER_seed_2_1790610661,DQN_PER,2,497,24852,-7.50,0,0.5079,0.00391,30.1
DQN_PER_seed_2_1790610661,DQN_PER,2,498,24902,-2.70,0,0.5069,0.00354,30.2
DQN_PER_seed_2_1790610661,DQN_PER,2,499,24952,-4.50,0,0.5060,0.00311,30.2
DQN_PER_seed_2_1790610661,DQN_PER,2,500,25002,-5.10,0,0.5050,0.00472,30.4
DQN_PER_seed_2_1790610661,DQN_PER,2,501,25052,-6.30,0,0.5040,0.00555,30.5
DQN_PER_seed_2_1790610661,DQN_PER,2,502,25102,-5.70,0,0.5030,0.00355,30.5
DQN_PER_seed_2_1790610661,DQN_PER,2,503,25152,-3.90,0,0.5020,0.00325,30.6
DQN_PER_seed_2_1790610661,DQN_PER,2,504,25202,-7.50,0,0.5010,0.00300,30.7
DQN_PER_seed_2_1790610661,DQN_PER,2,505,25252,-6.30,0,0.5000,0.00420,30.7
DQN_PER_seed_2_1790610661,DQN_PER,2,506,25302,-6.90,0,0.4990,0.00245,30.8
DQN_PER_seed_2_1790610661,DQN_PER,2,507,25352,-7.50,0,0.4980,0.00273,30.9
DQN_PER_seed_2_1790610661,DQN_PER,2,508,25402,-7.50,0,0.4970,0.00381,30.9
DQN_PER_seed_2_1790610661,DQN_PER,2,509,25452,-2.70,0,0.4961,0.00343,31.0
DQN_PER_seed_2_1790610661,DQN_PER,2,510,25502,-0.90,0,0.4951,0.00356,31.1
DQN_PER_seed_2_1790610661,DQN_PER,2,511,25552,-5.10,0,0.4941,0.00719,31.1
DQN_PER_seed_2_1790610661,DQN_PER,2,512,25602,-5.70,0,0.4931,0.00484,31.2
DQN_PER_seed_2_1790610661,DQN_PER,2,513,25652,-8.10,0,0.4921,0.00249,31.3
DQN_PER_seed_2_1790610661,DQN_PER,2,514,25702,-7.50,0,0.4911,0.00279,31.3
DQN_PER_seed_2_1790610661,DQN_PER,2,515,25752,-5.70,0,0.4901,0.00292,31.4
DQN_PER_seed_2_1790610661,DQN_PER,2,516,25802,-0.90,0,0.4891,0.00269,31.5
DQN_PER_seed_2_1790610661,DQN_PER,2,517,25852,-0.90,0,0.4881,0.00393,31.5
DQN_PER_seed_2_1790610661,DQN_PER,2,518,25902,-4.50,0,0.4871,0.00628,31.6
DQN_PER_seed_2_1790610661,DQN_PER,2,519,25952,-4.50,0,0.4862,0.00423,31.6
DQN_PER_seed_2_1790610661,DQN_PER,2,520,26002,-5.70,0,0.4852,0.00361,31.7
DQN_PER_seed_2_1790610661,DQN_PER,2,521,26052,-7.50,0,0.4842,0.00809,31.8
DQN_PER_seed_2_1790610661,DQN_PER,2,522,26102,-5.70,0,0.4832,0.00944,31.8
DQN_PER_seed_2_1790610661,DQN_PER,2,523,26152,-2.10,0,0.4822,0.00330,31.9
DQN_PER_seed_2_1790610661,DQN_PER,2,524,26202,-7.50,0,0.4812,0.00699,32.0
DQN_PER_seed_2_1790610661,DQN_PER,2,525,26252,-1.50,0,0.4802,0.00504,32.0
DQN_PER_seed_2_1790610661,DQN_PER,2,526,26302,-6.30,0,0.4792,0.00401,32.1
DQN_PER_seed_2_1790610661,DQN_PER,2,527,26352,-5.10,0,0.4782,0.00258,32.2
DQN_PER_seed_2_1790610661,DQN_PER,2,528,26402,-5.10,0,0.4772,0.00386,32.2
DQN_PER_seed_2_1790610661,DQN_PER,2,529,26452,-6.90,0,0.4763,0.00364,32.3
DQN_PER_seed_2_1790610661,DQN_PER,2,530,26502,-6.90,0,0.4753,0.00242,32.4
DQN_PER_seed_2_1790610661,DQN_PER,2,531,26552,3.90,0,0.4743,0.00235,32.4
DQN_PER_seed_2_1790610661,DQN_PER,2,532,26602,-3.30,0,0.4733,0.00399,32.5
DQN_PER_seed_2_1790610661,DQN_PER,2,533,26652,-7.50,0,0.4723,0.00421,32.6
DQN_PER_seed_2_1790610661,DQN_PER,2,534,26702,-5.70,0,0.4713,0.00408,32.6
DQN_PER_seed_2_1790610661,DQN_PER,2,535,26752,3.90,0,0.4703,0.00376,32.7
DQN_PER_seed_2_1790610661,DQN_PER,2,536,26802,-5.10,0,0.4693,0.00474,32.8
DQN_PER_seed_2_1790610661,DQN_PER,2,537,26852,-7.50,0,0.4683,0.00647,32.8
DQN_PER_seed_2_1790610661,DQN_PER,2,538,26902,-2.70,0,0.4673,0.00285,32.9
DQN_PER_seed_2_1790610661,DQN_PER,2,539,26952,3.30,0,0.4664,0.00309,33.0
DQN_PER_seed_2_1790610661,DQN_PER,2,540,27002,-7.50,0,0.4654,0.00378,33.0
DQN_PER_seed_2_1790610661,DQN_PER,2,541,27052,0.90,0,0.4644,0.00899,33.1
DQN_PER_seed_2_1790610661,DQN_PER,2,542,27102,3.90,0,0.4634,0.00511,33.2
DQN_PER_seed_2_1790610661,DQN_PER,2,543,27152,-2.70,0,0.4624,0.00785,33.2
DQN_PER_seed_2_1790610661,DQN_PER,2,544,27202,-6.90,0,0.4614,0.00471,33.3
DQN_PER_seed_2_1790610661,DQN_PER,2,545,27252,-5.10,0,0.4604,0.00537,33.4
DQN_PER_seed_2_1790610661,DQN_PER,2,546,27302,-7.50,0,0.4594,0.00690,33.4
DQN_PER_seed_2_1790610661,DQN_PER,2,547,27352,-1.50,0,0.4584,0.00494,33.5
DQN_PER_seed_2_1790610661,DQN_PER,2,548,27402,-2.10,0,0.4574,0.00395,33.6
DQN_PER_seed_2_1790610661,DQN_PER,2,549,27452,-8.10,0,0.4565,0.00936,33.6
DQN_PER_seed_2_1790610661,DQN_PER,2,550,27502,-6.30,0,0.4555,0.00456,33.7
DQN_PER_seed_2_1790610661,DQN_PER,2,551,27552,-6.90,0,0.4545,0.00469,33.8
DQN_PER_seed_2_1790610661,DQN_PER,2,552,27602,-5.10,0,0.4535,0.00338,33.8
DQN_PER_seed_2_1790610661,DQN_PER,2,553,27652,-5.70,0,0.4525,0.00301,33.9
DQN_PER_seed_2_1790610661,DQN_PER,2,554,27702,-4.50,0,0.4515,0.00720,34.0
DQN_PER_seed_2_1790610661,DQN_PER,2,555,27752,-6.30,0,0.4505,0.00584,34.0
DQN_PER_seed_2_1790610661,DQN_PER,2,556,27802,-4.50,0,0.4495,0.00332,34.1
DQN_PER_seed_2_1790610661,DQN_PER,2,557,27852,-2.70,0,0.4485,0.00372,34.2
DQN_PER_seed_2_1790610661,DQN_PER,2,558,27902,-4.50,0,0.4475,0.00501,34.2
DQN_PER_seed_2_1790610661,DQN_PER,2,559,27952,-3.90,0,0.4466,0.00340,34.3
DQN_PER_seed_2_1790610661,DQN_PER,2,560,28002,3.90,0,0.4456,0.00419,34.4
DQN_PER_seed_2_1790610661,DQN_PER,2,561,28052,-6.30,0,0.4446,0.00818,34.4
DQN_PER_seed_2_1790610661,DQN_PER,2,562,28102,-8.10,0,0.4436,0.00546,34.5
DQN_PER_seed_2_1790610661,DQN_PER,2,563,28152,-2.70,0,0.4426,0.01027,34.6
DQN_PER_seed_2_1790610661,DQN_PER,2,564,28202,-3.30,0,0.4416,0.00519,34.6
DQN_PER_seed_2_1790610661,DQN_PER,2,565,28252,-3.30,0,0.4406,0.00408,34.7
DQN_PER_seed_2_1790610661,DQN_PER,2,566,28302,-5.10,0,0.4396,0.00357,34.8
DQN_PER_seed_2_1790610661,DQN_PER,2,567,28352,-3.90,0,0.4386,0.00439,34.8
DQN_PER_seed_2_1790610661,DQN_PER,2,568,28402,-1.50,0,0.4376,0.00388,34.9
DQN_PER_seed_2_1790610661,DQN_PER,2,569,28452,-4.50,0,0.4367,0.00456,35.0
DQN_PER_seed_2_1790610661,DQN_PER,2,570,28502,-8.10,0,0.4357,0.00436,35.0
DQN_PER_seed_2_1790610661,DQN_PER,2,571,28552,-6.30,0,0.4347,0.00411,35.1
DQN_PER_seed_2_1790610661,DQN_PER,2,572,28602,-6.30,0,0.4337,0.00702,35.2
DQN_PER_seed_2_1790610661,DQN_PER,2,573,28652,-7.50,0,0.4327,0.00559,35.2
DQN_PER_seed_2_1790610661,DQN_PER,2,574,28702,3.90,0,0.4317,0.00410,35.3
DQN_PER_seed_2_1790610661,DQN_PER,2,575,28752,-6.30,0,0.4307,0.00390,35.4
DQN_PER_seed_2_1790610661,DQN_PER,2,576,28802,-7.50,0,0.4297,0.00358,35.4
DQN_PER_seed_2_1790610661,DQN_PER,2,577,28852,-8.10,0,0.4287,0.00403,35.5
DQN_PER_seed_2_1790610661,DQN_PER,2,578,28902,-0.90,0,0.4277,0.00333,35.6
DQN_PER_seed_2_1790610661,DQN_PER,2,579,28952,2.70,0,0.4268,0.00610,35.6
DQN_PER_seed_2_1790610661,DQN_PER,2,580,29002,-7.50,0,0.4258,0.00594,35.7
DQN_PER_seed_2_1790610661,DQN_PER,2,581,29052,-7.50,0,0.4248,0.01061,35.8
DQN_PER_seed_2_1790610661,DQN_PER,2,582,29102,-6.30,0,0.4238,0.00889,35.8
DQN_PER_seed_2_1790610661,DQN_PER,2,583,29152,-5.10,0,0.4228,0.00527,35.9
DQN_PER_seed_2_1790610661,DQN_PER,2,584,29202,-3.90,0,0.4218,0.00387,36.0
DQN_PER_seed_2_1790610661,DQN_PER,2,585,29252,-7.50,0,0.4208,0.00451,36.0
DQN_PER_seed_2_1790610661,DQN_PER,2,586,29302,-6.90,0,0.4198,0.00348,36.1
DQN_PER_seed_2_1790610661,DQN_PER,2,587,29352,1.50,0,0.4188,0.00428,36.1
DQN_PER_seed_2_1790610661,DQN_PER,2,588,29402,-5.10,0,0.4178,0.00563,36.2
DQN_PER_seed_2_1790610661,DQN_PER,2,589,29452,-8.10,0,0.4169,0.00430,36.3
DQN_PER_seed_2_1790610661,DQN_PER,2,590,29502,-7.50,0,0.4159,0.00449,36.3
DQN_PER_seed_2_1790610661,DQN_PER,2,591,29552,-0.90,0,0.4149,0.00391,36.4
DQN_PER_seed_2_1790610661,DQN_PER,2,592,29602,-7.50,0,0.4139,0.00485,36.5
DQN_PER_seed_2_1790610661,DQN_PER,2,593,29652,-6.90,0,0.4129,0.00391,36.5
DQN_PER_seed_2_1790610661,DQN_PER,2,594,29702,-7.50,0,0.4119,0.00474,36.6
DQN_PER_seed_2_1790610661,DQN_PER,2,595,29752,-7.50,0,0.4109,0.00419,36.7
DQN_PER_seed_2_1790610661,DQN_PER,2,596,29802,-6.90,0,0.4099,0.00324,36.7
DQN_PER_seed_2_1790610661,DQN_PER,2,597,29852,-8.10,0,0.4089,0.00458,36.8
DQN_PER_seed_2_1790610661,DQN_PER,2,598,29902,-5.70,0,0.4079,0.00363,36.9
DQN_PER_seed_2_1790610661,DQN_PER,2,599,29952,-6.90,0,0.4070,0.00376,36.9
DQN_PER_seed_2_1790610661,DQN_PER,2,600,30002,-0.30,0,0.4060,0.00431,37.1
DQN_PER_seed_2_1790610661,DQN_PER,2,601,30052,-8.10,0,0.4050,0.00870,37.2
DQN_PER_seed_2_1790610661,DQN_PER,2,602,30102,-8.10,0,0.4040,0.00566,37.2
DQN_PER_seed_2_1790610661,DQN_PER,2,603,30152,-6.90,0,0.4030,0.00431,37.3
DQN_PER_seed_2_1790610661,DQN_PER,2,604,30202,-5.70,0,0.4020,0.00541,37.4
DQN_PER_seed_2_1790610661,DQN_PER,2,605,30252,-5.10,0,0.4010,0.00502,37.4
DQN_PER_seed_2_1790610661,DQN_PER,2,606,30302,-7.50,0,0.4000,0.00405,37.5
DQN_PER_seed_2_1790610661,DQN_PER,2,607,30352,-6.90,0,0.3990,0.00672,37.6
DQN_PER_seed_2_1790610661,DQN_PER,2,608,30402,-6.90,0,0.3980,0.00436,37.6
DQN_PER_seed_2_1790610661,DQN_PER,2,609,30452,-3.30,0,0.3971,0.00472,37.7
DQN_PER_seed_2_1790610661,DQN_PER,2,610,30502,-7.50,0,0.3961,0.00730,37.8
DQN_PER_seed_2_1790610661,DQN_PER,2,611,30552,3.30,0,0.3951,0.00602,37.8
DQN_PER_seed_2_1790610661,DQN_PER,2,612,30602,-5.70,0,0.3941,0.00373,37.9
DQN_PER_seed_2_1790610661,DQN_PER,2,613,30652,-5.70,0,0.3931,0.00347,38.0
DQN_PER_seed_2_1790610661,DQN_PER,2,614,30702,-7.50,0,0.3921,0.00436,38.0
DQN_PER_seed_2_1790610661,DQN_PER,2,615,30752,-5.10,0,0.3911,0.00516,38.1
DQN_PER_seed_2_1790610661,DQN_PER,2,616,30802,-7.50,0,0.3901,0.00407,38.2
DQN_PER_seed_2_1790610661,DQN_PER,2,617,30852,-7.50,0,0.3891,0.00455,38.2
DQN_PER_seed_2_1790610661,DQN_PER,2,618,30902,-7.50,0,0.3881,0.00420,38.3
DQN_PER_seed_2_1790610661,DQN_PER,2,619,30952,-8.10,0,0.3872,0.00306,38.4
DQN_PER_seed_2_1790610661,DQN_PER,2,620,31002,-6.90,0,0.3862,0.00361,38.4
DQN_PER_seed_2_1790610661,DQN_PER,2,621,31052,-5.10,0,0.3852,0.00526,38.5
DQN_PER_seed_2_1790610661,DQN_PER,2,622,31102,-7.50,0,0.3842,0.00562,38.6
DQN_PER_seed_2_1790610661,DQN_PER,2,623,31152,3.90,0,0.3832,0.00622,38.6
DQN_PER_seed_2_1790610661,DQN_PER,2,624,31202,-7.50,0,0.3822,0.00476,38.7
DQN_PER_seed_2_1790610661,DQN_PER,2,625,31252,-7.50,0,0.3812,0.00486,38.8
DQN_PER_seed_2_1790610661,DQN_PER,2,626,31302,3.90,0,0.3802,0.00382,38.8
DQN_PER_seed_2_1790610661,DQN_PER,2,627,31352,-6.30,0,0.3792,0.00493,38.9
DQN_PER_seed_2_1790610661,DQN_PER,2,628,31402,3.90,0,0.3782,0.00773,39.0
DQN_PER_seed_2_1790610661,DQN_PER,2,629,31452,-3.30,0,0.3773,0.00862,39.0
DQN_PER_seed_2_1790610661,DQN_PER,2,630,31502,3.90,0,0.3763,0.00664,39.1
DQN_PER_seed_2_1790610661,DQN_PER,2,631,31552,-5.10,0,0.3753,0.00594,39.2
DQN_PER_seed_2_1790610661,DQN_PER,2,632,31602,-7.50,0,0.3743,0.00412,39.2
DQN_PER_seed_2_1790610661,DQN_PER,2,633,31652,-8.70,0,0.3733,0.00401,39.3
DQN_PER_seed_2_1790610661,DQN_PER,2,634,31702,-8.70,0,0.3723,0.00415,39.4
DQN_PER_seed_2_1790610661,DQN_PER,2,635,31752,-6.30,0,0.3713,0.00345,39.4
DQN_PER_seed_2_1790610661,DQN_PER,2,636,31802,-5.70,0,0.3703,0.00425,39.5
DQN_PER_seed_2_1790610661,DQN_PER,2,637,31852,-7.50,0,0.3693,0.00758,39.6
DQN_PER_seed_2_1790610661,DQN_PER,2,638,31902,-3.30,0,0.3683,0.00657,39.6
DQN_PER_seed_2_1790610661,DQN_PER,2,639,31952,-6.90,0,0.3674,0.00457,39.7
DQN_PER_seed_2_1790610661,DQN_PER,2,640,32002,-5.70,0,0.3664,0.00484,39.8
DQN_PER_seed_2_1790610661,DQN_PER,2,641,32052,-5.70,0,0.3654,0.00594,39.8
DQN_PER_seed_2_1790610661,DQN_PER,2,642,32102,-8.10,0,0.3644,0.00391,39.9
DQN_PER_seed_2_1790610661,DQN_PER,2,643,32152,-8.10,0,0.3634,0.00507,40.0
DQN_PER_seed_2_1790610661,DQN_PER,2,644,32202,-7.50,0,0.3624,0.00485,40.0
DQN_PER_seed_2_1790610661,DQN_PER,2,645,32252,-4.50,0,0.3614,0.00546,40.1
DQN_PER_seed_2_1790610661,DQN_PER,2,646,32302,-4.50,0,0.3604,0.00560,40.2
DQN_PER_seed_2_1790610661,DQN_PER,2,647,32352,1.50,0,0.3594,0.00549,40.2
DQN_PER_seed_2_1790610661,DQN_PER,2,648,32402,-7.50,0,0.3584,0.00425,40.3
DQN_PER_seed_2_1790610661,DQN_PER,2,649,32452,-7.50,0,0.3575,0.00571,40.4
DQN_PER_seed_2_1790610661,DQN_PER,2,650,32502,-7.50,0,0.3565,0.00475,40.4
DQN_PER_seed_2_1790610661,DQN_PER,2,651,32552,-7.50,0,0.3555,0.00447,40.5
DQN_PER_seed_2_1790610661,DQN_PER,2,652,32602,-6.30,0,0.3545,0.00434,40.6
DQN_PER_seed_2_1790610661,DQN_PER,2,653,32652,-6.90,0,0.3535,0.00426,40.6
DQN_PER_seed_2_1790610661,DQN_PER,2,654,32702,3.90,0,0.3525,0.00478,40.7
DQN_PER_seed_2_1790610661,DQN_PER,2,655,32752,-1.50,0,0.3515,0.00466,40.8
DQN_PER_seed_2_1790610661,DQN_PER,2,656,32802,-5.70,0,0.3505,0.00489,40.8
DQN_PER_seed_2_1790610661,DQN_PER,2,657,32852,-6.30,0,0.3495,0.00423,40.9
DQN_PER_seed_2_1790610661,DQN_PER,2,658,32902,-8.10,0,0.3485,0.00479,41.0
DQN_PER_seed_2_1790610661,DQN_PER,2,659,32952,2.10,0,0.3476,0.00410,41.0
DQN_PER_seed_2_1790610661,DQN_PER,2,660,33002,-5.10,0,0.3466,0.00548,41.1
DQN_PER_seed_2_1790610661,DQN_PER,2,661,33052,-5.10,0,0.3456,0.00501,41.2
DQN_PER_seed_2_1790610661,DQN_PER,2,662,33102,-8.10,0,0.3446,0.00407,41.2
DQN_PER_seed_2_1790610661,DQN_PER,2,663,33152,-2.10,0,0.3436,0.00429,41.3
DQN_PER_seed_2_1790610661,DQN_PER,2,664,33202,-4.50,0,0.3426,0.00385,41.4
DQN_PER_seed_2_1790610661,DQN_PER,2,665,33252,1.50,0,0.3416,0.00418,41.4
DQN_PER_seed_2_1790610661,DQN_PER,2,666,33302,3.90,0,0.3406,0.00376,41.5
DQN_PER_seed_2_1790610661,DQN_PER,2,667,33352,-1.50,0,0.3396,0.00437,41.6
DQN_PER_seed_2_1790610661,DQN_PER,2,668,33402,3.90,0,0.3386,0.00386,41.6
DQN_PER_seed_2_1790610661,DQN_PER,2,669,33452,-1.50,0,0.3377,0.00334,41.7
DQN_PER_seed_2_1790610661,DQN_PER,2,670,33502,-5.10,0,0.3367,0.00529,41.8
DQN_PER_seed_2_1790610661,DQN_PER,2,671,33552,-7.50,0,0.3357,0.00707,41.8
DQN_PER_seed_2_1790610661,DQN_PER,2,672,33602,-5.10,0,0.3347,0.00413,41.9
DQN_PER_seed_2_1790610661,DQN_PER,2,673,33652,-6.30,0,0.3337,0.00436,42.0
DQN_PER_seed_2_1790610661,DQN_PER,2,674,33702,-3.90,0,0.3327,0.00499,42.0
DQN_PER_seed_2_1790610661,DQN_PER,2,675,33752,3.90,0,0.3317,0.00364,42.1
DQN_PER_seed_2_1790610661,DQN_PER,2,676,33802,3.90,0,0.3307,0.00386,42.2
DQN_PER_seed_2_1790610661,DQN_PER,2,677,33852,-4.50,0,0.3297,0.00496,42.2
DQN_PER_seed_2_1790610661,DQN_PER,2,678,33902,-5.70,0,0.3287,0.00367,42.3
DQN_PER_seed_2_1790610661,DQN_PER,2,679,33952,3.90,0,0.3278,0.00486,42.4
DQN_PER_seed_2_1790610661,DQN_PER,2,680,34002,3.90,0,0.3268,0.00535,42.4
DQN_PER_seed_2_1790610661,DQN_PER,2,681,34052,3.90,0,0.3258,0.00403,42.5
DQN_PER_seed_2_1790610661,DQN_PER,2,682,34102,-3.90,0,0.3248,0.00389,42.6
DQN_PER_seed_2_1790610661,DQN_PER,2,683,34152,-0.30,0,0.3238,0.00292,42.6
DQN_PER_seed_2_1790610661,DQN_PER,2,684,34202,3.90,0,0.3228,0.00373,42.7
DQN_PER_seed_2_1790610661,DQN_PER,2,685,34252,-5.10,0,0.3218,0.00404,42.8
DQN_PER_seed_2_1790610661,DQN_PER,2,686,34302,-7.50,0,0.3208,0.00338,42.8
DQN_PER_seed_2_1790610661,DQN_PER,2,687,34352,-6.90,0,0.3198,0.00376,42.9
DQN_PER_seed_2_1790610661,DQN_PER,2,688,34402,3.90,0,0.3188,0.00340,43.0
DQN_PER_seed_2_1790610661,DQN_PER,2,689,34452,1.50,0,0.3179,0.00403,43.0
DQN_PER_seed_2_1790610661,DQN_PER,2,690,34502,-2.10,0,0.3169,0.00382,43.1
DQN_PER_seed_2_1790610661,DQN_PER,2,691,34552,-1.50,0,0.3159,0.00343,43.2
DQN_PER_seed_2_1790610661,DQN_PER,2,692,34602,3.90,0,0.3149,0.00268,43.2
DQN_PER_seed_2_1790610661,DQN_PER,2,693,34652,3.90,0,0.3139,0.00483,43.3
DQN_PER_seed_2_1790610661,DQN_PER,2,694,34702,-2.10,0,0.3129,0.00321,43.4
DQN_PER_seed_2_1790610661,DQN_PER,2,695,34752,-2.70,0,0.3119,0.00293,43.4
DQN_PER_seed_2_1790610661,DQN_PER,2,696,34802,3.90,0,0.3109,0.00335,43.5
DQN_PER_seed_2_1790610661,DQN_PER,2,697,34852,-0.90,0,0.3099,0.00442,43.6
DQN_PER_seed_2_1790610661,DQN_PER,2,698,34902,-6.30,0,0.3089,0.00413,43.6
DQN_PER_seed_2_1790610661,DQN_PER,2,699,34952,-5.10,0,0.3080,0.00341,43.7
DQN_PER_seed_2_1790610661,DQN_PER,2,700,35002,3.90,0,0.3070,0.00332,43.9
DQN_PER_seed_2_1790610661,DQN_PER,2,701,35052,0.30,0,0.3060,0.00457,43.9
DQN_PER_seed_2_1790610661,DQN_PER,2,702,35102,0.90,0,0.3050,0.00723,44.0
DQN_PER_seed_2_1790610661,DQN_PER,2,703,35152,-3.30,0,0.3040,0.00691,44.1
DQN_PER_seed_2_1790610661,DQN_PER,2,704,35202,-5.10,0,0.3030,0.00365,44.1
DQN_PER_seed_2_1790610661,DQN_PER,2,705,35252,-4.50,0,0.3020,0.00297,44.2
DQN_PER_seed_2_1790610661,DQN_PER,2,706,35302,0.90,0,0.3010,0.00396,44.3
DQN_PER_seed_2_1790610661,DQN_PER,2,707,35352,-5.10,0,0.3000,0.00424,44.3
DQN_PER_seed_2_1790610661,DQN_PER,2,708,35402,-0.90,0,0.2990,0.00427,44.4
DQN_PER_seed_2_1790610661,DQN_PER,2,709,35452,-4.50,0,0.2981,0.00392,44.5
DQN_PER_seed_2_1790610661,DQN_PER,2,710,35502,-5.10,0,0.2971,0.00359,44.5
DQN_PER_seed_2_1790610661,DQN_PER,2,711,35552,-3.90,0,0.2961,0.00381,44.6
DQN_PER_seed_2_1790610661,DQN_PER,2,712,35602,-6.30,0,0.2951,0.00308,44.7
DQN_PER_seed_2_1790610661,DQN_PER,2,713,35652,-7.50,0,0.2941,0.00304,44.7
DQN_PER_seed_2_1790610661,DQN_PER,2,714,35702,-2.70,0,0.2931,0.00329,44.8
DQN_PER_seed_2_1790610661,DQN_PER,2,715,35752,-6.90,0,0.2921,0.00356,44.9
DQN_PER_seed_2_1790610661,DQN_PER,2,716,35802,-0.30,0,0.2911,0.00412,44.9
DQN_PER_seed_2_1790610661,DQN_PER,2,717,35852,3.90,0,0.2901,0.00446,45.0
DQN_PER_seed_2_1790610661,DQN_PER,2,718,35902,3.90,0,0.2891,0.00309,45.1
DQN_PER_seed_2_1790610661,DQN_PER,2,719,35952,2.70,0,0.2882,0.00350,45.1
DQN_PER_seed_2_1790610661,DQN_PER,2,720,36002,-6.30,0,0.2872,0.00475,45.2
DQN_PER_seed_2_1790610661,DQN_PER,2,721,36052,-3.30,0,0.2862,0.00677,45.3
DQN_PER_seed_2_1790610661,DQN_PER,2,722,36102,-3.90,0,0.2852,0.00532,45.3
DQN_PER_seed_2_1790610661,DQN_PER,2,723,36152,-2.70,0,0.2842,0.00394,45.4
DQN_PER_seed_2_1790610661,DQN_PER,2,724,36202,-6.30,0,0.2832,0.00515,45.5
DQN_PER_seed_2_1790610661,DQN_PER,2,725,36252,-0.30,0,0.2822,0.00308,45.5
DQN_PER_seed_2_1790610661,DQN_PER,2,726,36302,-5.70,0,0.2812,0.00317,45.6
DQN_PER_seed_2_1790610661,DQN_PER,2,727,36352,-4.50,0,0.2802,0.00505,45.7
DQN_PER_seed_2_1790610661,DQN_PER,2,728,36402,-5.10,0,0.2792,0.00452,45.7
DQN_PER_seed_2_1790610661,DQN_PER,2,729,36452,-2.10,0,0.2783,0.00416,45.8
DQN_PER_seed_2_1790610661,DQN_PER,2,730,36502,0.90,0,0.2773,0.00285,45.9
DQN_PER_seed_2_1790610661,DQN_PER,2,731,36552,-1.50,0,0.2763,0.00374,45.9
DQN_PER_seed_2_1790610661,DQN_PER,2,732,36602,-6.30,0,0.2753,0.00372,46.0
DQN_PER_seed_2_1790610661,DQN_PER,2,733,36652,1.50,0,0.2743,0.00379,46.1
DQN_PER_seed_2_1790610661,DQN_PER,2,734,36702,-0.90,0,0.2733,0.00316,46.1
DQN_PER_seed_2_1790610661,DQN_PER,2,735,36752,0.90,0,0.2723,0.00411,46.2
DQN_PER_seed_2_1790610661,DQN_PER,2,736,36802,-5.10,0,0.2713,0.00252,46.3
DQN_PER_seed_2_1790610661,DQN_PER,2,737,36852,-5.10,0,0.2703,0.00355,46.3
DQN_PER_seed_2_1790610661,DQN_PER,2,738,36902,-3.30,0,0.2693,0.00271,46.4
DQN_PER_seed_2_1790610661,DQN_PER,2,739,36952,3.90,0,0.2684,0.00378,46.5
DQN_PER_seed_2_1790610661,DQN_PER,2,740,37002,-4.50,0,0.2674,0.00322,46.5
DQN_PER_seed_2_1790610661,DQN_PER,2,741,37052,3.90,0,0.2664,0.00603,46.6
DQN_PER_seed_2_1790610661,DQN_PER,2,742,37102,-3.30,0,0.2654,0.00452,46.7
DQN_PER_seed_2_1790610661,DQN_PER,2,743,37152,3.90,0,0.2644,0.00381,46.7
DQN_PER_seed_2_1790610661,DQN_PER,2,744,37202,-3.30,0,0.2634,0.00297,46.8
DQN_PER_seed_2_1790610661,DQN_PER,2,745,37252,-5.70,0,0.2624,0.00376,46.9
DQN_PER_seed_2_1790610661,DQN_PER,2,746,37302,3.90,0,0.2614,0.00388,46.9
DQN_PER_seed_2_1790610661,DQN_PER,2,747,37352,-2.70,0,0.2604,0.00294,47.0
DQN_PER_seed_2_1790610661,DQN_PER,2,748,37402,-3.90,0,0.2594,0.00282,47.1
DQN_PER_seed_2_1790610661,DQN_PER,2,749,37452,-5.70,0,0.2585,0.00359,47.1
DQN_PER_seed_2_1790610661,DQN_PER,2,750,37502,-0.30,0,0.2575,0.00289,47.2
DQN_PER_seed_2_1790610661,DQN_PER,2,751,37552,-6.30,0,0.2565,0.00320,47.3
DQN_PER_seed_2_1790610661,DQN_PER,2,752,37602,-5.10,0,0.2555,0.00387,47.3
DQN_PER_seed_2_1790610661,DQN_PER,2,753,37652,3.90,0,0.2545,0.00369,47.4
DQN_PER_seed_2_1790610661,DQN_PER,2,754,37702,-4.50,0,0.2535,0.00310,47.5
DQN_PER_seed_2_1790610661,DQN_PER,2,755,37752,-2.70,0,0.2525,0.00252,47.5
DQN_PER_seed_2_1790610661,DQN_PER,2,756,37802,2.10,0,0.2515,0.00270,47.6
DQN_PER_seed_2_1790610661,DQN_PER,2,757,37852,-6.90,0,0.2505,0.00444,47.7
DQN_PER_seed_2_1790610661,DQN_PER,2,758,37902,-8.10,0,0.2495,0.00364,47.7
DQN_PER_seed_2_1790610661,DQN_PER,2,759,37952,3.90,0,0.2486,0.00386,47.8
DQN_PER_seed_2_1790610661,DQN_PER,2,760,38002,3.90,0,0.2476,0.00344,47.9
DQN_PER_seed_2_1790610661,DQN_PER,2,761,38052,3.90,0,0.2466,0.00582,47.9
DQN_PER_seed_2_1790610661,DQN_PER,2,762,38102,0.30,0,0.2456,0.00475,48.0
DQN_PER_seed_2_1790610661,DQN_PER,2,763,38152,0.90,0,0.2446,0.00467,48.1
DQN_PER_seed_2_1790610661,DQN_PER,2,764,38202,-5.10,0,0.2436,0.00382,48.1
DQN_PER_seed_2_1790610661,DQN_PER,2,765,38252,-6.30,0,0.2426,0.00357,48.2
DQN_PER_seed_2_1790610661,DQN_PER,2,766,38302,-3.90,0,0.2416,0.00365,48.3
DQN_PER_seed_2_1790610661,DQN_PER,2,767,38352,-3.30,0,0.2406,0.00359,48.3
DQN_PER_seed_2_1790610661,DQN_PER,2,768,38402,-5.70,0,0.2396,0.00321,48.4
DQN_PER_seed_2_1790610661,DQN_PER,2,769,38452,-1.50,0,0.2387,0.00467,48.5
DQN_PER_seed_2_1790610661,DQN_PER,2,770,38502,-4.50,0,0.2377,0.00268,48.5
DQN_PER_seed_2_1790610661,DQN_PER,2,771,38552,-0.90,0,0.2367,0.00266,48.6
DQN_PER_seed_2_1790610661,DQN_PER,2,772,38602,3.90,0,0.2357,0.00282,48.7
DQN_PER_seed_2_1790610661,DQN_PER,2,773,38652,-3.30,0,0.2347,0.00253,48.7
DQN_PER_seed_2_1790610661,DQN_PER,2,774,38702,-3.90,0,0.2337,0.00299,48.8
DQN_PER_seed_2_1790610661,DQN_PER,2,775,38752,-5.10,0,0.2327,0.00581,48.9
DQN_PER_seed_2_1790610661,DQN_PER,2,776,38802,-4.50,0,0.2317,0.00389,48.9
DQN_PER_seed_2_1790610661,DQN_PER,2,777,38852,-3.90,0,0.2307,0.00336,49.0
DQN_PER_seed_2_1790610661,DQN_PER,2,778,38902,2.10,0,0.2297,0.00266,49.1
DQN_PER_seed_2_1790610661,DQN_PER,2,779,38952,3.90,0,0.2288,0.00398,49.1
DQN_PER_seed_2_1790610661,DQN_PER,2,780,39002,-4.50,0,0.2278,0.00452,49.2
DQN_PER_seed_2_1790610661,DQN_PER,2,781,39052,-2.70,0,0.2268,0.00385,49.3
DQN_PER_seed_2_1790610661,DQN_PER,2,782,39102,3.90,0,0.2258,0.00374,49.3
DQN_PER_seed_2_1790610661,DQN_PER,2,783,39152,3.90,0,0.2248,0.00304,49.4
DQN_PER_seed_2_1790610661,DQN_PER,2,784,39202,0.90,0,0.2238,0.00285,49.5
DQN_PER_seed_2_1790610661,DQN_PER,2,785,39252,2.10,0,0.2228,0.00257,49.5
DQN_PER_seed_2_1790610661,DQN_PER,2,786,39302,3.90,0,0.2218,0.00282,49.6
DQN_PER_seed_2_1790610661,DQN_PER,2,787,39352,-3.90,0,0.2208,0.00284,49.7
DQN_PER_seed_2_1790610661,DQN_PER,2,788,39402,1.50,0,0.2198,0.00509,49.7
DQN_PER_seed_2_1790610661,DQN_PER,2,789,39452,3.90,0,0.2189,0.00317,49.8
DQN_PER_seed_2_1790610661,DQN_PER,2,790,39502,3.30,0,0.2179,0.00305,49.9
DQN_PER_seed_2_1790610661,DQN_PER,2,791,39552,-3.90,0,0.2169,0.00310,49.9
DQN_PER_seed_2_1790610661,DQN_PER,2,792,39602,-0.30,0,0.2159,0.00369,50.0
DQN_PER_seed_2_1790610661,DQN_PER,2,793,39652,-1.50,0,0.2149,0.00373,50.1
DQN_PER_seed_2_1790610661,DQN_PER,2,794,39702,-3.30,0,0.2139,0.00297,50.1
DQN_PER_seed_2_1790610661,DQN_PER,2,795,39752,0.90,0,0.2129,0.00420,50.2
DQN_PER_seed_2_1790610661,DQN_PER,2,796,39802,3.90,0,0.2119,0.00460,50.3
DQN_PER_seed_2_1790610661,DQN_PER,2,797,39852,-0.30,0,0.2109,0.00252,50.3
DQN_PER_seed_2_1790610661,DQN_PER,2,798,39902,-3.90,0,0.2099,0.00224,50.4
DQN_PER_seed_2_1790610661,DQN_PER,2,799,39952,0.90,0,0.2090,0.00275,50.5
DQN_PER_seed_2_1790610661,DQN_PER,2,800,40002,-0.90,0,0.2080,0.00255,50.6
DQN_PER_seed_2_1790610661,DQN_PER,2,801,40052,3.90,0,0.2070,0.00379,50.7
DQN_PER_seed_2_1790610661,DQN_PER,2,802,40102,3.90,0,0.2060,0.00379,50.8
DQN_PER_seed_2_1790610661,DQN_PER,2,803,40152,3.90,0,0.2050,0.00375,50.8
DQN_PER_seed_2_1790610661,DQN_PER,2,804,40202,3.90,0,0.2040,0.00265,50.9
DQN_PER_seed_2_1790610661,DQN_PER,2,805,40252,3.90,0,0.2030,0.00279,51.0
DQN_PER_seed_2_1790610661,DQN_PER,2,806,40302,-2.70,0,0.2020,0.00331,51.0
DQN_PER_seed_2_1790610661,DQN_PER,2,807,40352,0.30,0,0.2010,0.00362,51.1
DQN_PER_seed_2_1790610661,DQN_PER,2,808,40402,3.90,0,0.2000,0.00450,51.2
DQN_PER_seed_2_1790610661,DQN_PER,2,809,40452,-2.10,0,0.1991,0.00507,51.2
DQN_PER_seed_2_1790610661,DQN_PER,2,810,40502,1.50,0,0.1981,0.00644,51.3
DQN_PER_seed_2_1790610661,DQN_PER,2,811,40552,3.90,0,0.1971,0.00852,51.4
DQN_PER_seed_2_1790610661,DQN_PER,2,812,40602,-5.10,0,0.1961,0.00360,51.4
DQN_PER_seed_2_1790610661,DQN_PER,2,813,40652,-0.30,0,0.1951,0.00265,51.5
DQN_PER_seed_2_1790610661,DQN_PER,2,814,40702,2.70,0,0.1941,0.00253,51.6
DQN_PER_seed_2_1790610661,DQN_PER,2,815,40752,3.90,0,0.1931,0.00248,51.6
DQN_PER_seed_2_1790610661,DQN_PER,2,816,40802,-0.90,0,0.1921,0.00290,51.7
DQN_PER_seed_2_1790610661,DQN_PER,2,817,40852,0.30,0,0.1911,0.00243,51.8
DQN_PER_seed_2_1790610661,DQN_PER,2,818,40902,3.90,0,0.1901,0.00268,51.8
DQN_PER_seed_2_1790610661,DQN_PER,2,819,40952,3.90,0,0.1892,0.00327,51.9
DQN_PER_seed_2_1790610661,DQN_PER,2,820,41002,3.90,0,0.1882,0.00259,52.0
DQN_PER_seed_2_1790610661,DQN_PER,2,821,41052,-0.30,0,0.1872,0.00401,52.0
DQN_PER_seed_2_1790610661,DQN_PER,2,822,41102,3.90,0,0.1862,0.00393,52.1
DQN_PER_seed_2_1790610661,DQN_PER,2,823,41152,3.90,0,0.1852,0.00339,52.2
DQN_PER_seed_2_1790610661,DQN_PER,2,824,41202,3.90,0,0.1842,0.00327,52.2
DQN_PER_seed_2_1790610661,DQN_PER,2,825,41252,-2.70,0,0.1832,0.00499,52.3
DQN_PER_seed_2_1790610661,DQN_PER,2,826,41302,-3.90,0,0.1822,0.00299,52.4
DQN_PER_seed_2_1790610661,DQN_PER,2,827,41352,3.90,0,0.1812,0.00340,52.4
DQN_PER_seed_2_1790610661,DQN_PER,2,828,41402,3.90,0,0.1802,0.00359,52.5
DQN_PER_seed_2_1790610661,DQN_PER,2,829,41452,3.90,0,0.1793,0.00246,52.6
DQN_PER_seed_2_1790610661,DQN_PER,2,830,41502,3.90,0,0.1783,0.00271,52.6
DQN_PER_seed_2_1790610661,DQN_PER,2,831,41552,-4.50,0,0.1773,0.00277,52.7
DQN_PER_seed_2_1790610661,DQN_PER,2,832,41602,3.90,0,0.1763,0.00287,52.8
DQN_PER_seed_2_1790610661,DQN_PER,2,833,41652,3.90,0,0.1753,0.00435,52.9
DQN_PER_seed_2_1790610661,DQN_PER,2,834,41702,3.90,0,0.1743,0.00371,52.9
DQN_PER_seed_2_1790610661,DQN_PER,2,835,41752,0.30,0,0.1733,0.00293,53.0
DQN_PER_seed_2_1790610661,DQN_PER,2,836,41802,3.90,0,0.1723,0.00343,53.1
DQN_PER_seed_2_1790610661,DQN_PER,2,837,41852,3.90,0,0.1713,0.00336,53.1
DQN_PER_seed_2_1790610661,DQN_PER,2,838,41902,3.90,0,0.1703,0.00404,53.2
DQN_PER_seed_2_1790610661,DQN_PER,2,839,41952,3.90,0,0.1694,0.00386,53.3
DQN_PER_seed_2_1790610661,DQN_PER,2,840,42002,3.90,0,0.1684,0.00380,53.3
DQN_PER_seed_2_1790610661,DQN_PER,2,841,42052,3.90,0,0.1674,0.00523,53.4
DQN_PER_seed_2_1790610661,DQN_PER,2,842,42102,3.90,0,0.1664,0.01441,53.5
DQN_PER_seed_2_1790610661,DQN_PER,2,843,42152,3.90,0,0.1654,0.01353,53.5
DQN_PER_seed_2_1790610661,DQN_PER,2,844,42202,3.90,0,0.1644,0.00363,53.6
DQN_PER_seed_2_1790610661,DQN_PER,2,845,42252,3.90,0,0.1634,0.00262,53.7
DQN_PER_seed_2_1790610661,DQN_PER,2,846,42302,3.90,0,0.1624,0.00260,53.7
DQN_PER_seed_2_1790610661,DQN_PER,2,847,42352,-4.50,0,0.1614,0.00315,53.8
DQN_PER_seed_2_1790610661,DQN_PER,2,848,42402,3.90,0,0.1604,0.00248,53.9
DQN_PER_seed_2_1790610661,DQN_PER,2,849,42452,2.10,0,0.1595,0.00249,53.9
DQN_PER_seed_2_1790610661,DQN_PER,2,850,42502,3.90,0,0.1585,0.00259,54.0
DQN_PER_seed_2_1790610661,DQN_PER,2,851,42552,-2.10,0,0.1575,0.00435,54.1
DQN_PER_seed_2_1790610661,DQN_PER,2,852,42602,-2.10,0,0.1565,0.00233,54.1
DQN_PER_seed_2_1790610661,DQN_PER,2,853,42652,3.90,0,0.1555,0.00266,54.2
DQN_PER_seed_2_1790610661,DQN_PER,2,854,42702,3.90,0,0.1545,0.00271,54.3
DQN_PER_seed_2_1790610661,DQN_PER,2,855,42752,3.90,0,0.1535,0.00236,54.3
DQN_PER_seed_2_1790610661,DQN_PER,2,856,42802,3.90,0,0.1525,0.00262,54.4
DQN_PER_seed_2_1790610661,DQN_PER,2,857,42852,3.90,0,0.1515,0.00276,54.5
DQN_PER_seed_2_1790610661,DQN_PER,2,858,42902,3.90,0,0.1505,0.00273,54.5
DQN_PER_seed_2_1790610661,DQN_PER,2,859,42952,3.90,0,0.1496,0.00263,54.6
DQN_PER_seed_2_1790610661,DQN_PER,2,860,43002,-0.30,0,0.1486,0.00285,54.7
DQN_PER_seed_2_1790610661,DQN_PER,2,861,43052,3.90,0,0.1476,0.00591,54.7
DQN_PER_seed_2_1790610661,DQN_PER,2,862,43102,3.90,0,0.1466,0.00353,54.8
DQN_PER_seed_2_1790610661,DQN_PER,2,863,43152,3.90,0,0.1456,0.00272,54.9
DQN_PER_seed_2_1790610661,DQN_PER,2,864,43202,3.90,0,0.1446,0.00346,54.9
DQN_PER_seed_2_1790610661,DQN_PER,2,865,43252,3.90,0,0.1436,0.00376,55.0
DQN_PER_seed_2_1790610661,DQN_PER,2,866,43302,3.90,0,0.1426,0.00316,55.1
DQN_PER_seed_2_1790610661,DQN_PER,2,867,43352,3.90,0,0.1416,0.00248,55.1
DQN_PER_seed_2_1790610661,DQN_PER,2,868,43402,3.90,0,0.1406,0.00266,55.2
DQN_PER_seed_2_1790610661,DQN_PER,2,869,43452,0.90,0,0.1397,0.00303,55.3
DQN_PER_seed_2_1790610661,DQN_PER,2,870,43502,3.90,0,0.1387,0.00251,55.4
DQN_PER_seed_2_1790610661,DQN_PER,2,871,43552,3.90,0,0.1377,0.00247,55.4
DQN_PER_seed_2_1790610661,DQN_PER,2,872,43602,2.10,0,0.1367,0.00307,55.5
DQN_PER_seed_2_1790610661,DQN_PER,2,873,43652,3.90,0,0.1357,0.00284,55.6
DQN_PER_seed_2_1790610661,DQN_PER,2,874,43702,3.90,0,0.1347,0.00338,55.6
DQN_PER_seed_2_1790610661,DQN_PER,2,875,43752,3.90,0,0.1337,0.00385,55.7
DQN_PER_seed_2_1790610661,DQN_PER,2,876,43802,0.30,0,0.1327,0.00346,55.8
DQN_PER_seed_2_1790610661,DQN_PER,2,877,43852,3.90,0,0.1317,0.00260,55.8
DQN_PER_seed_2_1790610661,DQN_PER,2,878,43902,3.90,0,0.1307,0.00280,55.9
DQN_PER_seed_2_1790610661,DQN_PER,2,879,43952,0.30,0,0.1298,0.00425,56.0
DQN_PER_seed_2_1790610661,DQN_PER,2,880,44002,3.90,0,0.1288,0.00273,56.0
DQN_PER_seed_2_1790610661,DQN_PER,2,881,44052,3.90,0,0.1278,0.00508,56.1
DQN_PER_seed_2_1790610661,DQN_PER,2,882,44102,-2.10,0,0.1268,0.00298,56.2
DQN_PER_seed_2_1790610661,DQN_PER,2,883,44152,3.90,0,0.1258,0.00408,56.2
DQN_PER_seed_2_1790610661,DQN_PER,2,884,44202,3.90,0,0.1248,0.00556,56.3
DQN_PER_seed_2_1790610661,DQN_PER,2,885,44252,3.90,0,0.1238,0.00304,56.4
DQN_PER_seed_2_1790610661,DQN_PER,2,886,44302,3.90,0,0.1228,0.00438,56.4
DQN_PER_seed_2_1790610661,DQN_PER,2,887,44352,3.90,0,0.1218,0.00293,56.5
DQN_PER_seed_2_1790610661,DQN_PER,2,888,44402,3.90,0,0.1208,0.00273,56.6
DQN_PER_seed_2_1790610661,DQN_PER,2,889,44452,3.90,0,0.1199,0.00347,56.6
DQN_PER_seed_2_1790610661,DQN_PER,2,890,44502,3.90,0,0.1189,0.00246,56.7
DQN_PER_seed_2_1790610661,DQN_PER,2,891,44552,3.90,0,0.1179,0.00319,56.8
DQN_PER_seed_2_1790610661,DQN_PER,2,892,44602,3.90,0,0.1169,0.00255,56.8
DQN_PER_seed_2_1790610661,DQN_PER,2,893,44652,3.90,0,0.1159,0.00259,56.9
DQN_PER_seed_2_1790610661,DQN_PER,2,894,44702,3.90,0,0.1149,0.00242,57.0
DQN_PER_seed_2_1790610661,DQN_PER,2,895,44752,3.90,0,0.1139,0.00247,57.0
DQN_PER_seed_2_1790610661,DQN_PER,2,896,44802,3.90,0,0.1129,0.00323,57.1
DQN_PER_seed_2_1790610661,DQN_PER,2,897,44852,3.90,0,0.1119,0.00232,57.2
DQN_PER_seed_2_1790610661,DQN_PER,2,898,44902,3.90,0,0.1109,0.00242,57.2
DQN_PER_seed_2_1790610661,DQN_PER,2,899,44952,3.90,0,0.1100,0.00333,57.3
DQN_PER_seed_2_1790610661,DQN_PER,2,900,45002,3.90,0,0.1090,0.00420,57.5
DQN_PER_seed_2_1790610661,DQN_PER,2,901,45052,3.90,0,0.1080,0.00623,57.5
DQN_PER_seed_2_1790610661,DQN_PER,2,902,45102,-4.50,0,0.1070,0.00405,57.6
DQN_PER_seed_2_1790610661,DQN_PER,2,903,45152,3.90,0,0.1060,0.00262,57.7
DQN_PER_seed_2_1790610661,DQN_PER,2,904,45202,3.90,0,0.1050,0.00300,57.7
DQN_PER_seed_2_1790610661,DQN_PER,2,905,45252,3.90,0,0.1040,0.00285,57.8
DQN_PER_seed_2_1790610661,DQN_PER,2,906,45302,3.90,0,0.1030,0.00316,57.9
DQN_PER_seed_2_1790610661,DQN_PER,2,907,45354,4.10,0,0.1020,0.00254,57.9
DQN_PER_seed_2_1790610661,DQN_PER,2,908,45404,-0.90,0,0.1010,0.00240,58.0
DQN_PER_seed_2_1790610661,DQN_PER,2,909,45454,3.90,0,0.1000,0.00301,58.1
DQN_PER_seed_2_1790610661,DQN_PER,2,910,45509,4.40,0,0.0989,0.00484,58.2
DQN_PER_seed_2_1790610661,DQN_PER,2,911,45559,3.90,0,0.0979,0.00229,58.2
DQN_PER_seed_2_1790610661,DQN_PER,2,912,45609,3.90,0,0.0969,0.00275,58.3
DQN_PER_seed_2_1790610661,DQN_PER,2,913,45659,3.90,0,0.0960,0.00277,58.4
DQN_PER_seed_2_1790610661,DQN_PER,2,914,45709,3.90,0,0.0950,0.00274,58.4
DQN_PER_seed_2_1790610661,DQN_PER,2,915,45759,3.90,0,0.0940,0.00217,58.5
DQN_PER_seed_2_1790610661,DQN_PER,2,916,45810,4.00,0,0.0930,0.00246,58.6
DQN_PER_seed_2_1790610661,DQN_PER,2,917,45860,3.90,0,0.0920,0.00247,58.6
DQN_PER_seed_2_1790610661,DQN_PER,2,918,45910,3.90,0,0.0910,0.00287,58.7
DQN_PER_seed_2_1790610661,DQN_PER,2,919,45960,1.50,0,0.0900,0.00291,58.8
DQN_PER_seed_2_1790610661,DQN_PER,2,920,46010,3.90,0,0.0890,0.00473,58.8
DQN_PER_seed_2_1790610661,DQN_PER,2,921,46060,3.90,0,0.0880,0.01220,58.9
DQN_PER_seed_2_1790610661,DQN_PER,2,922,46110,3.90,0,0.0870,0.00459,59.0
DQN_PER_seed_2_1790610661,DQN_PER,2,923,46161,4.00,0,0.0860,0.00333,59.0
DQN_PER_seed_2_1790610661,DQN_PER,2,924,46211,3.90,0,0.0850,0.00277,59.1
DQN_PER_seed_2_1790610661,DQN_PER,2,925,46261,3.90,0,0.0840,0.00284,59.2
DQN_PER_seed_2_1790610661,DQN_PER,2,926,46311,3.90,0,0.0830,0.00269,59.2
DQN_PER_seed_2_1790610661,DQN_PER,2,927,46361,3.90,0,0.0821,0.00237,59.3
DQN_PER_seed_2_1790610661,DQN_PER,2,928,46411,3.90,0,0.0811,0.00249,59.4
DQN_PER_seed_2_1790610661,DQN_PER,2,929,46461,-6.90,0,0.0801,0.00218,59.4
DQN_PER_seed_2_1790610661,DQN_PER,2,930,46511,3.90,0,0.0791,0.00267,59.5
DQN_PER_seed_2_1790610661,DQN_PER,2,931,46561,3.90,0,0.0781,0.00214,59.6
DQN_PER_seed_2_1790610661,DQN_PER,2,932,46611,3.90,0,0.0771,0.00275,59.7
DQN_PER_seed_2_1790610661,DQN_PER,2,933,46661,3.90,0,0.0761,0.00274,59.7
DQN_PER_seed_2_1790610661,DQN_PER,2,934,46711,3.90,0,0.0751,0.00279,59.8
DQN_PER_seed_2_1790610661,DQN_PER,2,935,46761,1.50,0,0.0741,0.00200,59.9
DQN_PER_seed_2_1790610661,DQN_PER,2,936,46811,3.90,0,0.0731,0.00289,59.9
DQN_PER_seed_2_1790610661,DQN_PER,2,937,46862,4.00,0,0.0721,0.00322,60.0
DQN_PER_seed_2_1790610661,DQN_PER,2,938,46912,3.90,0,0.0711,0.00367,60.1
DQN_PER_seed_2_1790610661,DQN_PER,2,939,46962,3.90,0,0.0702,0.00578,60.1
DQN_PER_seed_2_1790610661,DQN_PER,2,940,47012,3.90,0,0.0692,0.00396,60.2
DQN_PER_seed_2_1790610661,DQN_PER,2,941,47062,3.90,0,0.0682,0.00497,60.3
DQN_PER_seed_2_1790610661,DQN_PER,2,942,47112,3.90,0,0.0672,0.00303,60.3
DQN_PER_seed_2_1790610661,DQN_PER,2,943,47170,4.70,0,0.0660,0.00404,60.4
DQN_PER_seed_2_1790610661,DQN_PER,2,944,47220,3.90,0,0.0650,0.00487,60.5
DQN_PER_seed_2_1790610661,DQN_PER,2,945,47270,3.90,0,0.0641,0.00250,60.6
DQN_PER_seed_2_1790610661,DQN_PER,2,946,47320,3.90,0,0.0631,0.00323,60.6
DQN_PER_seed_2_1790610661,DQN_PER,2,947,47370,3.90,0,0.0621,0.00217,60.7
DQN_PER_seed_2_1790610661,DQN_PER,2,948,47420,3.90,0,0.0611,0.00231,60.8
DQN_PER_seed_2_1790610661,DQN_PER,2,949,47470,3.90,0,0.0601,0.00207,60.8
DQN_PER_seed_2_1790610661,DQN_PER,2,950,47521,4.00,0,0.0591,0.00262,60.9
DQN_PER_seed_2_1790610661,DQN_PER,2,951,47571,3.90,0,0.0581,0.00256,61.0
DQN_PER_seed_2_1790610661,DQN_PER,2,952,47621,3.90,0,0.0571,0.00258,61.0
DQN_PER_seed_2_1790610661,DQN_PER,2,953,47671,3.90,0,0.0561,0.00365,61.1
DQN_PER_seed_2_1790610661,DQN_PER,2,954,47721,3.90,0,0.0551,0.00328,61.2
DQN_PER_seed_2_1790610661,DQN_PER,2,955,47771,3.90,0,0.0541,0.00217,61.2
DQN_PER_seed_2_1790610661,DQN_PER,2,956,47821,3.90,0,0.0531,0.00194,61.3
DQN_PER_seed_2_1790610661,DQN_PER,2,957,47871,3.90,0,0.0522,0.00204,61.4
DQN_PER_seed_2_1790610661,DQN_PER,2,958,47921,3.90,0,0.0512,0.00198,61.4
DQN_PER_seed_2_1790610661,DQN_PER,2,959,47981,4.90,0,0.0500,0.00230,61.5
DQN_PER_seed_2_1790610661,DQN_PER,2,960,48031,3.90,0,0.0490,0.00386,61.6
DQN_PER_seed_2_1790610661,DQN_PER,2,961,48081,3.90,0,0.0480,0.00550,61.7
DQN_PER_seed_2_1790610661,DQN_PER,2,962,48133,4.10,0,0.0470,0.00441,61.7
DQN_PER_seed_2_1790610661,DQN_PER,2,963,48183,3.90,0,0.0460,0.00307,61.8
DQN_PER_seed_2_1790610661,DQN_PER,2,964,48233,3.90,0,0.0450,0.00285,61.9
DQN_PER_seed_2_1790610661,DQN_PER,2,965,48283,3.90,0,0.0440,0.00275,61.9
DQN_PER_seed_2_1790610661,DQN_PER,2,966,48333,3.90,0,0.0430,0.00419,62.0
DQN_PER_seed_2_1790610661,DQN_PER,2,967,48383,3.90,0,0.0420,0.00302,62.1
DQN_PER_seed_2_1790610661,DQN_PER,2,968,48433,3.90,0,0.0410,0.00244,62.1
DQN_PER_seed_2_1790610661,DQN_PER,2,969,48487,4.30,0,0.0400,0.00312,62.2
DQN_PER_seed_2_1790610661,DQN_PER,2,970,48537,3.90,0,0.0390,0.00313,62.3
DQN_PER_seed_2_1790610661,DQN_PER,2,971,48587,3.90,0,0.0380,0.00278,62.3
DQN_PER_seed_2_1790610661,DQN_PER,2,972,48637,3.90,0,0.0370,0.00318,62.4
DQN_PER_seed_2_1790610661,DQN_PER,2,973,48687,3.90,0,0.0360,0.00252,62.5
DQN_PER_seed_2_1790610661,DQN_PER,2,974,48737,3.90,0,0.0350,0.00252,62.6
DQN_PER_seed_2_1790610661,DQN_PER,2,975,48788,4.00,0,0.0340,0.00290,62.6
DQN_PER_seed_2_1790610661,DQN_PER,2,976,48838,3.90,0,0.0330,0.00251,62.7
DQN_PER_seed_2_1790610661,DQN_PER,2,977,48888,3.90,0,0.0320,0.00312,62.8
DQN_PER_seed_2_1790610661,DQN_PER,2,978,48938,3.90,0,0.0310,0.00279,62.8
DQN_PER_seed_2_1790610661,DQN_PER,2,979,48988,3.90,0,0.0300,0.00251,62.9
DQN_PER_seed_2_1790610661,DQN_PER,2,980,49038,3.90,0,0.0290,0.00632,63.0
DQN_PER_seed_2_1790610661,DQN_PER,2,981,49089,4.00,0,0.0280,0.00424,63.0
DQN_PER_seed_2_1790610661,DQN_PER,2,982,49139,3.90,0,0.0270,0.00295,63.1
DQN_PER_seed_2_1790610661,DQN_PER,2,983,49189,3.90,0,0.0261,0.00252,63.2
DQN_PER_seed_2_1790610661,DQN_PER,2,984,49239,3.90,0,0.0251,0.00264,63.2
DQN_PER_seed_2_1790610661,DQN_PER,2,985,49289,3.90,0,0.0241,0.00293,63.3
DQN_PER_seed_2_1790610661,DQN_PER,2,986,49339,3.90,0,0.0231,0.00316,63.4
DQN_PER_seed_2_1790610661,DQN_PER,2,987,49389,3.90,0,0.0221,0.00242,63.4
DQN_PER_seed_2_1790610661,DQN_PER,2,988,49445,4.50,0,0.0210,0.00233,63.5
DQN_PER_seed_2_1790610661,DQN_PER,2,989,49495,3.90,0,0.0200,0.00198,63.6
DQN_PER_seed_2_1790610661,DQN_PER,2,990,49545,3.90,0,0.0190,0.00301,63.7
DQN_PER_seed_2_1790610661,DQN_PER,2,991,49595,3.90,0,0.0180,0.00248,63.7
DQN_PER_seed_2_1790610661,DQN_PER,2,992,49645,3.90,0,0.0170,0.00293,63.8
DQN_PER_seed_2_1790610661,DQN_PER,2,993,49695,3.90,0,0.0160,0.00331,63.9
DQN_PER_seed_2_1790610661,DQN_PER,2,994,49752,4.60,0,0.0149,0.00656,63.9
DQN_PER_seed_2_1790610661,DQN_PER,2,995,49802,3.90,0,0.0139,0.00514,64.0
DQN_PER_seed_2_1790610661,DQN_PER,2,996,49852,3.90,0,0.0129,0.00418,64.1
DQN_PER_seed_2_1790610661,DQN_PER,2,997,49902,3.90,0,0.0119,0.00258,64.2
DQN_PER_seed_2_1790610661,DQN_PER,2,998,49952,3.90,0,0.0110,0.00239,64.2
DQN_PER_seed_2_1790610661,DQN_PER,2,999,50002,3.90,0,0.0100,0.00183,64.4
DQN_PER_seed_2_1790610661,DQN_PER,2,1000,50052,3.90,0,0.0100,0.00354,64.4
DQN_PER_seed_2_1790610661,DQN_PER,2,1001,50102,3.90,0,0.0100,0.00250,64.5
DQN_PER_seed_2_1790610661,DQN_PER,2,1002,50152,3.90,0,0.0100,0.00252,64.6
DQN_PER_seed_2_1790610661,DQN_PER,2,1003,50202,3.90,0,0.0100,0.00263,64.7
DQN_PER_seed_2_1790610661,DQN_PER,2,1004,50252,3.90,0,0.0100,0.00322,64.7
DQN_PER_seed_2_1790610661,DQN_PER,2,1005,50309,4.60,0,0.0100,0.00219,64.8
DQN_PER_seed_2_1790610661,DQN_PER,2,1006,50359,3.90,0,0.0100,0.00212,64.9
DQN_PER_seed_2_1790610661,DQN_PER,2,1007,50417,4.70,0,0.0100,0.00239,64.9
DQN_PER_seed_2_1790610661,DQN_PER,2,1008,50467,3.90,0,0.0100,0.00226,65.0
DQN_PER_seed_2_1790610661,DQN_PER,2,1009,50517,3.90,0,0.0100,0.00219,65.1
DQN_PER_seed_2_1790610661,DQN_PER,2,1010,50567,3.90,0,0.0100,0.00225,65.2
DQN_PER_seed_2_1790610661,DQN_PER,2,1011,50618,4.00,0,0.0100,0.00232,65.2
DQN_PER_seed_2_1790610661,DQN_PER,2,1012,50668,3.90,0,0.0100,0.00257,65.3
DQN_PER_seed_2_1790610661,DQN_PER,2,1013,50718,3.90,0,0.0100,0.00349,65.4
DQN_PER_seed_2_1790610661,DQN_PER,2,1014,50768,3.90,0,0.0100,0.00298,65.4
DQN_PER_seed_2_1790610661,DQN_PER,2,1015,50818,3.90,0,0.0100,0.00209,65.5
DQN_PER_seed_2_1790610661,DQN_PER,2,1016,50868,3.90,0,0.0100,0.00197,65.6
DQN_PER_seed_2_1790610661,DQN_PER,2,1017,50922,4.30,0,0.0100,0.00299,65.6
DQN_PER_seed_2_1790610661,DQN_PER,2,1018,50972,3.90,0,0.0100,0.00338,65.7
DQN_PER_seed_2_1790610661,DQN_PER,2,1019,51022,3.90,0,0.0100,0.00469,65.8
DQN_PER_seed_2_1790610661,DQN_PER,2,1020,51077,4.40,0,0.0100,0.00259,65.9
DQN_PER_seed_2_1790610661,DQN_PER,2,1021,51127,3.90,0,0.0100,0.00285,65.9
DQN_PER_seed_2_1790610661,DQN_PER,2,1022,51177,3.90,0,0.0100,0.00307,66.0
DQN_PER_seed_2_1790610661,DQN_PER,2,1023,51227,3.90,0,0.0100,0.00340,66.1
DQN_PER_seed_2_1790610661,DQN_PER,2,1024,51281,4.30,0,0.0100,0.00439,66.1
DQN_PER_seed_2_1790610661,DQN_PER,2,1025,51331,3.90,0,0.0100,0.00216,66.2
DQN_PER_seed_2_1790610661,DQN_PER,2,1026,51381,3.90,0,0.0100,0.00208,66.3
DQN_PER_seed_2_1790610661,DQN_PER,2,1027,51431,3.90,0,0.0100,0.00311,66.3
DQN_PER_seed_2_1790610661,DQN_PER,2,1028,51481,3.90,0,0.0100,0.00301,66.4
DQN_PER_seed_2_1790610661,DQN_PER,2,1029,51531,3.90,0,0.0100,0.00220,66.5
DQN_PER_seed_2_1790610661,DQN_PER,2,1030,51581,3.90,0,0.0100,0.00201,66.5
DQN_PER_seed_2_1790610661,DQN_PER,2,1031,51629,3.70,0,0.0100,0.00202,66.6
DQN_PER_seed_2_1790610661,DQN_PER,2,1032,51682,4.20,0,0.0100,0.00204,66.7
DQN_PER_seed_2_1790610661,DQN_PER,2,1033,51732,3.90,0,0.0100,0.00212,66.8
DQN_PER_seed_2_1790610661,DQN_PER,2,1034,51782,3.90,0,0.0100,0.00370,66.8
DQN_PER_seed_2_1790610661,DQN_PER,2,1035,51841,4.80,0,0.0100,0.00220,66.9
DQN_PER_seed_2_1790610661,DQN_PER,2,1036,51891,3.90,0,0.0100,0.00290,67.0
DQN_PER_seed_2_1790610661,DQN_PER,2,1037,51941,3.90,0,0.0100,0.00234,67.0
DQN_PER_seed_2_1790610661,DQN_PER,2,1038,51991,3.90,0,0.0100,0.00227,67.1
DQN_PER_seed_2_1790610661,DQN_PER,2,1039,52044,4.20,0,0.0100,0.00333,67.2
DQN_PER_seed_2_1790610661,DQN_PER,2,1040,52094,3.90,0,0.0100,0.00273,67.2
DQN_PER_seed_2_1790610661,DQN_PER,2,1041,52144,3.90,0,0.0100,0.00381,67.3
DQN_PER_seed_2_1790610661,DQN_PER,2,1042,52194,3.90,0,0.0100,0.00214,67.4
DQN_PER_seed_2_1790610661,DQN_PER,2,1043,52244,3.90,0,0.0100,0.00239,67.5
DQN_PER_seed_2_1790610661,DQN_PER,2,1044,52294,3.90,0,0.0100,0.00208,67.5
DQN_PER_seed_2_1790610661,DQN_PER,2,1045,52344,3.90,0,0.0100,0.00235,67.6
DQN_PER_seed_2_1790610661,DQN_PER,2,1046,52396,4.10,0,0.0100,0.00339,67.7
DQN_PER_seed_2_1790610661,DQN_PER,2,1047,52446,3.90,0,0.0100,0.00257,67.7
DQN_PER_seed_2_1790610661,DQN_PER,2,1048,52496,3.90,0,0.0100,0.00228,67.8
DQN_PER_seed_2_1790610661,DQN_PER,2,1049,52546,3.90,0,0.0100,0.00222,67.9
DQN_PER_seed_2_1790610661,DQN_PER,2,1050,52596,3.90,0,0.0100,0.00245,67.9
DQN_PER_seed_2_1790610661,DQN_PER,2,1051,52646,3.90,0,0.0100,0.00177,68.0
DQN_PER_seed_2_1790610661,DQN_PER,2,1052,52699,4.20,0,0.0100,0.00198,68.1
DQN_PER_seed_2_1790610661,DQN_PER,2,1053,52749,3.90,0,0.0100,0.00165,68.1
DQN_PER_seed_2_1790610661,DQN_PER,2,1054,52799,3.90,0,0.0100,0.00201,68.2
DQN_PER_seed_2_1790610661,DQN_PER,2,1055,52849,3.90,0,0.0100,0.00214,68.3
DQN_PER_seed_2_1790610661,DQN_PER,2,1056,52899,3.90,0,0.0100,0.00240,68.4
DQN_PER_seed_2_1790610661,DQN_PER,2,1057,52949,3.90,0,0.0100,0.00255,68.4
DQN_PER_seed_2_1790610661,DQN_PER,2,1058,52999,3.90,0,0.0100,0.00213,68.5
DQN_PER_seed_2_1790610661,DQN_PER,2,1059,53049,3.90,0,0.0100,0.00292,68.6
DQN_PER_seed_2_1790610661,DQN_PER,2,1060,53105,4.50,0,0.0100,0.00333,68.6
DQN_PER_seed_2_1790610661,DQN_PER,2,1061,53155,3.90,0,0.0100,0.00636,68.7
DQN_PER_seed_2_1790610661,DQN_PER,2,1062,53205,3.90,0,0.0100,0.00351,68.8
DQN_PER_seed_2_1790610661,DQN_PER,2,1063,53255,3.90,0,0.0100,0.00294,68.8
DQN_PER_seed_2_1790610661,DQN_PER,2,1064,53305,3.90,0,0.0100,0.00164,68.9
DQN_PER_seed_2_1790610661,DQN_PER,2,1065,53354,3.80,0,0.0100,0.00206,69.0
DQN_PER_seed_2_1790610661,DQN_PER,2,1066,53404,3.90,0,0.0100,0.00163,69.0
DQN_PER_seed_2_1790610661,DQN_PER,2,1067,53454,3.90,0,0.0100,0.00223,69.1
DQN_PER_seed_2_1790610661,DQN_PER,2,1068,53504,3.90,0,0.0100,0.00326,69.2
DQN_PER_seed_2_1790610661,DQN_PER,2,1069,53554,3.90,0,0.0100,0.00343,69.3
DQN_PER_seed_2_1790610661,DQN_PER,2,1070,53604,3.90,0,0.0100,0.00230,69.3
DQN_PER_seed_2_1790610661,DQN_PER,2,1071,53654,3.90,0,0.0100,0.00221,69.4
DQN_PER_seed_2_1790610661,DQN_PER,2,1072,53704,3.90,0,0.0100,0.00197,69.5
DQN_PER_seed_2_1790610661,DQN_PER,2,1073,53754,3.90,0,0.0100,0.00149,69.5
DQN_PER_seed_2_1790610661,DQN_PER,2,1074,53804,3.90,0,0.0100,0.00159,69.6
DQN_PER_seed_2_1790610661,DQN_PER,2,1075,53852,3.70,0,0.0100,0.00212,69.7
DQN_PER_seed_2_1790610661,DQN_PER,2,1076,53902,3.90,0,0.0100,0.00356,69.7
DQN_PER_seed_2_1790610661,DQN_PER,2,1077,53952,3.90,0,0.0100,0.00285,69.8
DQN_PER_seed_2_1790610661,DQN_PER,2,1078,54002,3.90,0,0.0100,0.00187,69.9
DQN_PER_seed_2_1790610661,DQN_PER,2,1079,54060,4.70,0,0.0100,0.00192,69.9
DQN_PER_seed_2_1790610661,DQN_PER,2,1080,54110,3.90,0,0.0100,0.00208,70.0
DQN_PER_seed_2_1790610661,DQN_PER,2,1081,54169,4.80,0,0.0100,0.00298,70.1
DQN_PER_seed_2_1790610661,DQN_PER,2,1082,54221,4.10,0,0.0100,0.00240,70.2
DQN_PER_seed_2_1790610661,DQN_PER,2,1083,54271,3.90,0,0.0100,0.00167,70.2
DQN_PER_seed_2_1790610661,DQN_PER,2,1084,54321,3.90,0,0.0100,0.00145,70.3
DQN_PER_seed_2_1790610661,DQN_PER,2,1085,54371,3.90,0,0.0100,0.00222,70.4
DQN_PER_seed_2_1790610661,DQN_PER,2,1086,54421,3.90,0,0.0100,0.00174,70.4
DQN_PER_seed_2_1790610661,DQN_PER,2,1087,54471,3.90,0,0.0100,0.00305,70.5
DQN_PER_seed_2_1790610661,DQN_PER,2,1088,54521,3.90,0,0.0100,0.00375,70.6
DQN_PER_seed_2_1790610661,DQN_PER,2,1089,54571,3.90,0,0.0100,0.00181,70.7
DQN_PER_seed_2_1790610661,DQN_PER,2,1090,54621,3.90,0,0.0100,0.00197,70.7
DQN_PER_seed_2_1790610661,DQN_PER,2,1091,54671,3.90,0,0.0100,0.00161,70.8
DQN_PER_seed_2_1790610661,DQN_PER,2,1092,54721,3.90,0,0.0100,0.00198,70.9
DQN_PER_seed_2_1790610661,DQN_PER,2,1093,54771,3.90,0,0.0100,0.00321,70.9
DQN_PER_seed_2_1790610661,DQN_PER,2,1094,54821,3.90,0,0.0100,0.00314,71.0
DQN_PER_seed_2_1790610661,DQN_PER,2,1095,54871,3.90,0,0.0100,0.00223,71.1
DQN_PER_seed_2_1790610661,DQN_PER,2,1096,54921,3.90,0,0.0100,0.00196,71.1
DQN_PER_seed_2_1790610661,DQN_PER,2,1097,54977,4.50,0,0.0100,0.00224,71.2
DQN_PER_seed_2_1790610661,DQN_PER,2,1098,55027,3.90,0,0.0100,0.00272,71.4
DQN_PER_seed_2_1790610661,DQN_PER,2,1099,55077,3.90,0,0.0100,0.00206,71.4
DQN_PER_seed_2_1790610661,DQN_PER,2,1100,55131,4.30,0,0.0100,0.00178,71.5
DQN_PER_seed_2_1790610661,DQN_PER,2,1101,55181,3.90,0,0.0100,0.00234,71.6
DQN_PER_seed_2_1790610661,DQN_PER,2,1102,55231,3.90,0,0.0100,0.00223,71.7
DQN_PER_seed_2_1790610661,DQN_PER,2,1103,55287,4.50,0,0.0100,0.00203,71.7
DQN_PER_seed_2_1790610661,DQN_PER,2,1104,55335,3.70,0,0.0100,0.00198,71.8
DQN_PER_seed_2_1790610661,DQN_PER,2,1105,55385,3.90,0,0.0100,0.00167,71.9
DQN_PER_seed_2_1790610661,DQN_PER,2,1106,55441,4.50,0,0.0100,0.00227,71.9
DQN_PER_seed_2_1790610661,DQN_PER,2,1107,55495,4.30,0,0.0100,0.00303,72.0
DQN_PER_seed_2_1790610661,DQN_PER,2,1108,55545,3.90,0,0.0100,0.00434,72.1
DQN_PER_seed_2_1790610661,DQN_PER,2,1109,55596,4.00,0,0.0100,0.00244,72.2
DQN_PER_seed_2_1790610661,DQN_PER,2,1110,55646,3.90,0,0.0100,0.00261,72.2
DQN_PER_seed_2_1790610661,DQN_PER,2,1111,55696,3.90,0,0.0100,0.00194,72.3
DQN_PER_seed_2_1790610661,DQN_PER,2,1112,55746,3.90,0,0.0100,0.00269,72.4
DQN_PER_seed_2_1790610661,DQN_PER,2,1113,55796,3.90,0,0.0100,0.00134,72.4
DQN_PER_seed_2_1790610661,DQN_PER,2,1114,55846,3.90,0,0.0100,0.00189,72.5
DQN_PER_seed_2_1790610661,DQN_PER,2,1115,55903,4.60,0,0.0100,0.00283,72.6
DQN_PER_seed_2_1790610661,DQN_PER,2,1116,55953,3.90,0,0.0100,0.00164,72.7
DQN_PER_seed_2_1790610661,DQN_PER,2,1117,56003,3.90,0,0.0100,0.00177,72.8
DQN_PER_seed_2_1790610661,DQN_PER,2,1118,56056,4.20,0,0.0100,0.00420,72.8
DQN_PER_seed_2_1790610661,DQN_PER,2,1119,56106,3.90,0,0.0100,0.00357,72.9
DQN_PER_seed_2_1790610661,DQN_PER,2,1120,56156,3.90,0,0.0100,0.00288,73.0
DQN_PER_seed_2_1790610661,DQN_PER,2,1121,56206,3.90,0,0.0100,0.00297,73.0
DQN_PER_seed_2_1790610661,DQN_PER,2,1122,56256,3.90,0,0.0100,0.00315,73.1
DQN_PER_seed_2_1790610661,DQN_PER,2,1123,56306,3.90,0,0.0100,0.00195,73.2
DQN_PER_seed_2_1790610661,DQN_PER,2,1124,56360,4.30,0,0.0100,0.00218,73.2
DQN_PER_seed_2_1790610661,DQN_PER,2,1125,56410,3.90,0,0.0100,0.00289,73.3
DQN_PER_seed_2_1790610661,DQN_PER,2,1126,56460,3.90,0,0.0100,0.00206,73.4
DQN_PER_seed_2_1790610661,DQN_PER,2,1127,56510,3.90,0,0.0100,0.00213,73.5
DQN_PER_seed_2_1790610661,DQN_PER,2,1128,56568,4.70,0,0.0100,0.00171,73.5
DQN_PER_seed_2_1790610661,DQN_PER,2,1129,56618,3.90,0,0.0100,0.00192,73.6
DQN_PER_seed_2_1790610661,DQN_PER,2,1130,56668,3.90,0,0.0100,0.00190,73.7
DQN_PER_seed_2_1790610661,DQN_PER,2,1131,56718,3.90,0,0.0100,0.00288,73.7
DQN_PER_seed_2_1790610661,DQN_PER,2,1132,56768,3.90,0,0.0100,0.00204,73.8
DQN_PER_seed_2_1790610661,DQN_PER,2,1133,56818,3.90,0,0.0100,0.00300,73.9
DQN_PER_seed_2_1790610661,DQN_PER,2,1134,56868,3.90,0,0.0100,0.00535,74.0
DQN_PER_seed_2_1790610661,DQN_PER,2,1135,56918,3.90,0,0.0100,0.00260,74.0
DQN_PER_seed_2_1790610661,DQN_PER,2,1136,56968,3.90,0,0.0100,0.00198,74.1
DQN_PER_seed_2_1790610661,DQN_PER,2,1137,57018,3.90,0,0.0100,0.00296,74.2
DQN_PER_seed_2_1790610661,DQN_PER,2,1138,57072,4.30,0,0.0100,0.00308,74.2
DQN_PER_seed_2_1790610661,DQN_PER,2,1139,57122,3.90,0,0.0100,0.00263,74.3
DQN_PER_seed_2_1790610661,DQN_PER,2,1140,57172,3.90,0,0.0100,0.00189,74.4
DQN_PER_seed_2_1790610661,DQN_PER,2,1141,57222,3.90,0,0.0100,0.00194,74.4
DQN_PER_seed_2_1790610661,DQN_PER,2,1142,57272,3.90,0,0.0100,0.00200,74.5
DQN_PER_seed_2_1790610661,DQN_PER,2,1143,57322,3.90,0,0.0100,0.00207,74.6
DQN_PER_seed_2_1790610661,DQN_PER,2,1144,57372,3.90,0,0.0100,0.00209,74.7
DQN_PER_seed_2_1790610661,DQN_PER,2,1145,57422,3.90,0,0.0100,0.00277,74.7
DQN_PER_seed_2_1790610661,DQN_PER,2,1146,57472,3.90,0,0.0100,0.00184,74.8
DQN_PER_seed_2_1790610661,DQN_PER,2,1147,57522,3.90,0,0.0100,0.00177,74.9
DQN_PER_seed_2_1790610661,DQN_PER,2,1148,57572,3.90,0,0.0100,0.00173,74.9
DQN_PER_seed_2_1790610661,DQN_PER,2,1149,57622,3.90,0,0.0100,0.00221,75.0
DQN_PER_seed_2_1790610661,DQN_PER,2,1150,57672,3.90,0,0.0100,0.00175,75.1
DQN_PER_seed_2_1790610661,DQN_PER,2,1151,57722,3.90,0,0.0100,0.00215,75.1
DQN_PER_seed_2_1790610661,DQN_PER,2,1152,57772,3.90,0,0.0100,0.00185,75.2
DQN_PER_seed_2_1790610661,DQN_PER,2,1153,57822,3.90,0,0.0100,0.00279,75.3
DQN_PER_seed_2_1790610661,DQN_PER,2,1154,57872,3.90,0,0.0100,0.00422,75.3
DQN_PER_seed_2_1790610661,DQN_PER,2,1155,57922,3.90,0,0.0100,0.00276,75.4
DQN_PER_seed_2_1790610661,DQN_PER,2,1156,57972,3.90,0,0.0100,0.00172,75.5
DQN_PER_seed_2_1790610661,DQN_PER,2,1157,58022,3.90,0,0.0100,0.00206,75.6
DQN_PER_seed_2_1790610661,DQN_PER,2,1158,58072,3.90,0,0.0100,0.00287,75.6
DQN_PER_seed_2_1790610661,DQN_PER,2,1159,58122,3.90,0,0.0100,0.00237,75.7
DQN_PER_seed_2_1790610661,DQN_PER,2,1160,58172,3.90,0,0.0100,0.00203,75.8
DQN_PER_seed_2_1790610661,DQN_PER,2,1161,58222,3.90,0,0.0100,0.00171,75.8
DQN_PER_seed_2_1790610661,DQN_PER,2,1162,58272,3.90,0,0.0100,0.00178,75.9
DQN_PER_seed_2_1790610661,DQN_PER,2,1163,58322,3.90,0,0.0100,0.00196,76.0
DQN_PER_seed_2_1790610661,DQN_PER,2,1164,58372,3.90,0,0.0100,0.00198,76.0
DQN_PER_seed_2_1790610661,DQN_PER,2,1165,58422,3.90,0,0.0100,0.00386,76.1
DQN_PER_seed_2_1790610661,DQN_PER,2,1166,58472,3.90,0,0.0100,0.00290,76.2
DQN_PER_seed_2_1790610661,DQN_PER,2,1167,58527,4.40,0,0.0100,0.00187,76.3
DQN_PER_seed_2_1790610661,DQN_PER,2,1168,58577,3.90,0,0.0100,0.00157,76.3
DQN_PER_seed_2_1790610661,DQN_PER,2,1169,58627,3.90,0,0.0100,0.00188,76.4
DQN_PER_seed_2_1790610661,DQN_PER,2,1170,58677,3.90,0,0.0100,0.00206,76.5
DQN_PER_seed_2_1790610661,DQN_PER,2,1171,58727,3.90,0,0.0100,0.00134,76.5
DQN_PER_seed_2_1790610661,DQN_PER,2,1172,58777,3.90,0,0.0100,0.00203,76.6
DQN_PER_seed_2_1790610661,DQN_PER,2,1173,58827,3.90,0,0.0100,0.00176,76.7
DQN_PER_seed_2_1790610661,DQN_PER,2,1174,58877,3.90,0,0.0100,0.00167,76.7
DQN_PER_seed_2_1790610661,DQN_PER,2,1175,58927,3.90,0,0.0100,0.00186,76.8
DQN_PER_seed_2_1790610661,DQN_PER,2,1176,58977,3.90,0,0.0100,0.00208,76.9
DQN_PER_seed_2_1790610661,DQN_PER,2,1177,59027,3.90,0,0.0100,0.00317,77.0
DQN_PER_seed_2_1790610661,DQN_PER,2,1178,59077,3.90,0,0.0100,0.00853,77.0
DQN_PER_seed_2_1790610661,DQN_PER,2,1179,59127,3.90,0,0.0100,0.00396,77.1
DQN_PER_seed_2_1790610661,DQN_PER,2,1180,59177,3.90,0,0.0100,0.00243,77.2
DQN_PER_seed_2_1790610661,DQN_PER,2,1181,59235,4.70,0,0.0100,0.00236,77.2
DQN_PER_seed_2_1790610661,DQN_PER,2,1182,59285,3.90,0,0.0100,0.00167,77.3
DQN_PER_seed_2_1790610661,DQN_PER,2,1183,59335,3.90,0,0.0100,0.00217,77.4
DQN_PER_seed_2_1790610661,DQN_PER,2,1184,59385,3.90,0,0.0100,0.00276,77.5
DQN_PER_seed_2_1790610661,DQN_PER,2,1185,59435,3.90,0,0.0100,0.00152,77.5
DQN_PER_seed_2_1790610661,DQN_PER,2,1186,59485,0.30,0,0.0100,0.00175,77.6
DQN_PER_seed_2_1790610661,DQN_PER,2,1187,59541,4.50,0,0.0100,0.00145,77.7
DQN_PER_seed_2_1790610661,DQN_PER,2,1188,59591,3.90,0,0.0100,0.00425,77.7
DQN_PER_seed_2_1790610661,DQN_PER,2,1189,59641,3.90,0,0.0100,0.00199,77.8
DQN_PER_seed_2_1790610661,DQN_PER,2,1190,59691,3.90,0,0.0100,0.00204,77.9
DQN_PER_seed_2_1790610661,DQN_PER,2,1191,59740,3.80,0,0.0100,0.00149,78.0
DQN_PER_seed_2_1790610661,DQN_PER,2,1192,59790,3.90,0,0.0100,0.00157,78.0
DQN_PER_seed_2_1790610661,DQN_PER,2,1193,59847,4.60,0,0.0100,0.00289,78.1
DQN_PER_seed_2_1790610661,DQN_PER,2,1194,59897,3.90,0,0.0100,0.00204,78.2
DQN_PER_seed_2_1790610661,DQN_PER,2,1195,59947,3.90,0,0.0100,0.00154,78.2
DQN_PER_seed_2_1790610661,DQN_PER,2,1196,59997,3.90,0,0.0100,0.00205,78.3
DQN_PER_seed_2_1790610661,DQN_PER,2,1197,60047,3.90,0,0.0100,0.00232,78.5
DQN_PER_seed_2_1790610661,DQN_PER,2,1198,60097,3.90,0,0.0100,0.00196,78.5
DQN_PER_seed_2_1790610661,DQN_PER,2,1199,60147,3.90,0,0.0100,0.00237,78.6
DQN_PER_seed_2_1790610661,DQN_PER,2,1200,60197,3.90,0,0.0100,0.00184,78.7
DQN_PER_seed_2_1790610661,DQN_PER,2,1201,60247,3.90,0,0.0100,0.00203,78.7
DQN_PER_seed_2_1790610661,DQN_PER,2,1202,60297,3.90,0,0.0100,0.00179,78.8
DQN_PER_seed_2_1790610661,DQN_PER,2,1203,60347,3.90,0,0.0100,0.00180,78.9
DQN_PER_seed_2_1790610661,DQN_PER,2,1204,60397,3.90,0,0.0100,0.00180,79.0
DQN_PER_seed_2_1790610661,DQN_PER,2,1205,60446,3.80,0,0.0100,0.00159,79.0
DQN_PER_seed_2_1790610661,DQN_PER,2,1206,60503,4.60,0,0.0100,0.00163,79.1
DQN_PER_seed_2_1790610661,DQN_PER,2,1207,60553,3.90,0,0.0100,0.00187,79.2
DQN_PER_seed_2_1790610661,DQN_PER,2,1208,60599,3.50,0,0.0100,0.00279,79.2
DQN_PER_seed_2_1790610661,DQN_PER,2,1209,60649,3.90,0,0.0100,0.00206,79.3
DQN_PER_seed_2_1790610661,DQN_PER,2,1210,60699,3.90,0,0.0100,0.00168,79.4
DQN_PER_seed_2_1790610661,DQN_PER,2,1211,60749,3.90,0,0.0100,0.00191,79.5
DQN_PER_seed_2_1790610661,DQN_PER,2,1212,60799,3.90,0,0.0100,0.00191,79.5
DQN_PER_seed_2_1790610661,DQN_PER,2,1213,60849,3.90,0,0.0100,0.00292,79.6
DQN_PER_seed_2_1790610661,DQN_PER,2,1214,60899,3.90,0,0.0100,0.00343,79.7
DQN_PER_seed_2_1790610661,DQN_PER,2,1215,60960,5.00,1,0.0100,0.00182,79.7
DQN_PER_seed_2_1790610661,DQN_PER,2,1216,61015,4.40,0,0.0100,0.00224,79.8
DQN_PER_seed_2_1790610661,DQN_PER,2,1217,61065,3.90,0,0.0100,0.00256,79.9
DQN_PER_seed_2_1790610661,DQN_PER,2,1218,61115,3.90,0,0.0100,0.00169,80.0
DQN_PER_seed_2_1790610661,DQN_PER,2,1219,61165,3.90,0,0.0100,0.00296,80.0
DQN_PER_seed_2_1790610661,DQN_PER,2,1220,61215,3.90,0,0.0100,0.00233,80.1
DQN_PER_seed_2_1790610661,DQN_PER,2,1221,61265,3.90,0,0.0100,0.00173,80.2
DQN_PER_seed_2_1790610661,DQN_PER,2,1222,61315,3.90,0,0.0100,0.00234,80.2
DQN_PER_seed_2_1790610661,DQN_PER,2,1223,61374,4.80,0,0.0100,0.00226,80.3
DQN_PER_seed_2_1790610661,DQN_PER,2,1224,61424,3.90,0,0.0100,0.00318,80.4
DQN_PER_seed_2_1790610661,DQN_PER,2,1225,61474,3.90,0,0.0100,0.00245,80.5
DQN_PER_seed_2_1790610661,DQN_PER,2,1226,61524,3.90,0,0.0100,0.00154,80.5
DQN_PER_seed_2_1790610661,DQN_PER,2,1227,61574,3.90,0,0.0100,0.00176,80.6
DQN_PER_seed_2_1790610661,DQN_PER,2,1228,61624,3.90,0,0.0100,0.00202,80.7
DQN_PER_seed_2_1790610661,DQN_PER,2,1229,61674,3.90,0,0.0100,0.00255,80.7
DQN_PER_seed_2_1790610661,DQN_PER,2,1230,61730,4.50,0,0.0100,0.00399,80.8
DQN_PER_seed_2_1790610661,DQN_PER,2,1231,61780,3.90,0,0.0100,0.00315,80.9
DQN_PER_seed_2_1790610661,DQN_PER,2,1232,61830,3.90,0,0.0100,0.00297,81.0
DQN_PER_seed_2_1790610661,DQN_PER,2,1233,61888,4.70,0,0.0100,0.00182,81.0
DQN_PER_seed_2_1790610661,DQN_PER,2,1234,61944,4.50,0,0.0100,0.00194,81.1
DQN_PER_seed_2_1790610661,DQN_PER,2,1235,61998,4.30,0,0.0100,0.00183,81.2
DQN_PER_seed_2_1790610661,DQN_PER,2,1236,62054,4.50,0,0.0100,0.00194,81.3
DQN_PER_seed_2_1790610661,DQN_PER,2,1237,62104,3.90,0,0.0100,0.00146,81.3
DQN_PER_seed_2_1790610661,DQN_PER,2,1238,62154,3.90,0,0.0100,0.00171,81.4
DQN_PER_seed_2_1790610661,DQN_PER,2,1239,62206,4.10,0,0.0100,0.00180,81.5
DQN_PER_seed_2_1790610661,DQN_PER,2,1240,62256,3.90,0,0.0100,0.00157,81.6
DQN_PER_seed_2_1790610661,DQN_PER,2,1241,62306,3.90,0,0.0100,0.00231,81.6
DQN_PER_seed_2_1790610661,DQN_PER,2,1242,62356,3.90,0,0.0100,0.00196,81.7
DQN_PER_seed_2_1790610661,DQN_PER,2,1243,62406,3.90,0,0.0100,0.00191,81.8
DQN_PER_seed_2_1790610661,DQN_PER,2,1244,62456,3.90,0,0.0100,0.00150,81.8
DQN_PER_seed_2_1790610661,DQN_PER,2,1245,62506,3.90,0,0.0100,0.00161,81.9
DQN_PER_seed_2_1790610661,DQN_PER,2,1246,62556,3.90,0,0.0100,0.00172,82.0
DQN_PER_seed_2_1790610661,DQN_PER,2,1247,62606,3.90,0,0.0100,0.00296,82.1
DQN_PER_seed_2_1790610661,DQN_PER,2,1248,62656,3.30,0,0.0100,0.00215,82.1
DQN_PER_seed_2_1790610661,DQN_PER,2,1249,62706,3.90,0,0.0100,0.00169,82.2
DQN_PER_seed_2_1790610661,DQN_PER,2,1250,62756,3.90,0,0.0100,0.00157,82.3
DQN_PER_seed_2_1790610661,DQN_PER,2,1251,62806,3.90,0,0.0100,0.00172,82.3
DQN_PER_seed_2_1790610661,DQN_PER,2,1252,62856,3.90,0,0.0100,0.00156,82.4
DQN_PER_seed_2_1790610661,DQN_PER,2,1253,62906,3.90,0,0.0100,0.00183,82.5
DQN_PER_seed_2_1790610661,DQN_PER,2,1254,62956,3.90,0,0.0100,0.00172,82.5
DQN_PER_seed_2_1790610661,DQN_PER,2,1255,63012,4.50,0,0.0100,0.00157,82.6
DQN_PER_seed_2_1790610661,DQN_PER,2,1256,63062,3.90,0,0.0100,0.00251,82.7
DQN_PER_seed_2_1790610661,DQN_PER,2,1257,63119,4.60,0,0.0100,0.00226,82.8
DQN_PER_seed_2_1790610661,DQN_PER,2,1258,63169,3.90,0,0.0100,0.00164,82.8
DQN_PER_seed_2_1790610661,DQN_PER,2,1259,63220,4.00,0,0.0100,0.00177,82.9
DQN_PER_seed_2_1790610661,DQN_PER,2,1260,63270,-0.30,0,0.0100,0.00183,83.0
DQN_PER_seed_2_1790610661,DQN_PER,2,1261,63320,3.90,0,0.0100,0.00166,83.1
DQN_PER_seed_2_1790610661,DQN_PER,2,1262,63378,4.70,0,0.0100,0.00164,83.1
DQN_PER_seed_2_1790610661,DQN_PER,2,1263,63434,4.50,0,0.0100,0.00250,83.2
DQN_PER_seed_2_1790610661,DQN_PER,2,1264,63494,4.90,0,0.0100,0.00261,83.3
DQN_PER_seed_2_1790610661,DQN_PER,2,1265,63544,3.90,0,0.0100,0.00213,83.4
DQN_PER_seed_2_1790610661,DQN_PER,2,1266,63594,3.90,0,0.0100,0.00420,83.4
DQN_PER_seed_2_1790610661,DQN_PER,2,1267,63644,3.90,0,0.0100,0.00221,83.5
DQN_PER_seed_2_1790610661,DQN_PER,2,1268,63694,3.90,0,0.0100,0.00165,83.6
DQN_PER_seed_2_1790610661,DQN_PER,2,1269,63747,4.20,0,0.0100,0.00210,83.7
DQN_PER_seed_2_1790610661,DQN_PER,2,1270,63797,3.90,0,0.0100,0.00182,83.7
DQN_PER_seed_2_1790610661,DQN_PER,2,1271,63847,3.90,0,0.0100,0.00167,83.8
DQN_PER_seed_2_1790610661,DQN_PER,2,1272,63897,3.90,0,0.0100,0.00130,83.9
DQN_PER_seed_2_1790610661,DQN_PER,2,1273,63947,3.90,0,0.0100,0.00159,83.9
DQN_PER_seed_2_1790610661,DQN_PER,2,1274,63997,3.90,0,0.0100,0.00200,84.0
DQN_PER_seed_2_1790610661,DQN_PER,2,1275,64054,4.60,0,0.0100,0.00329,84.1
DQN_PER_seed_2_1790610661,DQN_PER,2,1276,64104,3.90,0,0.0100,0.00372,84.2
DQN_PER_seed_2_1790610661,DQN_PER,2,1277,64154,3.90,0,0.0100,0.00311,84.2
DQN_PER_seed_2_1790610661,DQN_PER,2,1278,64211,4.60,0,0.0100,0.00199,84.3
DQN_PER_seed_2_1790610661,DQN_PER,2,1279,64261,3.90,0,0.0100,0.00163,84.4
DQN_PER_seed_2_1790610661,DQN_PER,2,1280,64311,3.90,0,0.0100,0.00162,84.5
DQN_PER_seed_2_1790610661,DQN_PER,2,1281,64369,4.70,0,0.0100,0.00213,84.5
DQN_PER_seed_2_1790610661,DQN_PER,2,1282,64423,4.30,0,0.0100,0.00190,84.6
DQN_PER_seed_2_1790610661,DQN_PER,2,1283,64473,3.90,0,0.0100,0.00164,84.7
DQN_PER_seed_2_1790610661,DQN_PER,2,1284,64527,4.30,0,0.0100,0.00144,84.8
DQN_PER_seed_2_1790610661,DQN_PER,2,1285,64577,3.90,0,0.0100,0.00121,84.8
DQN_PER_seed_2_1790610661,DQN_PER,2,1286,64627,3.90,0,0.0100,0.00229,84.9
DQN_PER_seed_2_1790610661,DQN_PER,2,1287,64681,4.30,0,0.0100,0.00300,85.0
DQN_PER_seed_2_1790610661,DQN_PER,2,1288,64731,3.90,0,0.0100,0.00288,85.1
DQN_PER_seed_2_1790610661,DQN_PER,2,1289,64781,3.90,0,0.0100,0.00190,85.1
DQN_PER_seed_2_1790610661,DQN_PER,2,1290,64831,3.90,0,0.0100,0.00164,85.2
DQN_PER_seed_2_1790610661,DQN_PER,2,1291,64881,3.90,0,0.0100,0.00166,85.3
DQN_PER_seed_2_1790610661,DQN_PER,2,1292,64931,3.90,0,0.0100,0.00148,85.3
DQN_PER_seed_2_1790610661,DQN_PER,2,1293,64981,3.90,0,0.0100,0.00214,85.4
DQN_PER_seed_2_1790610661,DQN_PER,2,1294,65031,3.90,0,0.0100,0.00263,85.6
DQN_PER_seed_2_1790610661,DQN_PER,2,1295,65082,4.00,0,0.0100,0.00366,85.6
DQN_PER_seed_2_1790610661,DQN_PER,2,1296,65135,4.20,0,0.0100,0.00229,85.7
DQN_PER_seed_2_1790610661,DQN_PER,2,1297,65187,4.10,0,0.0100,0.00215,85.8
DQN_PER_seed_2_1790610661,DQN_PER,2,1298,65242,4.40,0,0.0100,0.00148,85.9
DQN_PER_seed_2_1790610661,DQN_PER,2,1299,65292,3.90,0,0.0100,0.00209,85.9
DQN_PER_seed_2_1790610661,DQN_PER,2,1300,65344,4.10,0,0.0100,0.00183,86.0
DQN_PER_seed_2_1790610661,DQN_PER,2,1301,65394,3.90,0,0.0100,0.00192,86.1
DQN_PER_seed_2_1790610661,DQN_PER,2,1302,65445,4.00,0,0.0100,0.00151,86.2
DQN_PER_seed_2_1790610661,DQN_PER,2,1303,65496,4.00,0,0.0100,0.00373,86.2
DQN_PER_seed_2_1790610661,DQN_PER,2,1304,65546,3.90,0,0.0100,0.00375,86.3
DQN_PER_seed_2_1790610661,DQN_PER,2,1305,65596,3.90,0,0.0100,0.00275,86.4
DQN_PER_seed_2_1790610661,DQN_PER,2,1306,65646,3.90,0,0.0100,0.00140,86.4
DQN_PER_seed_2_1790610661,DQN_PER,2,1307,65697,4.00,0,0.0100,0.00139,86.5
DQN_PER_seed_2_1790610661,DQN_PER,2,1308,65747,3.90,0,0.0100,0.00133,86.6
DQN_PER_seed_2_1790610661,DQN_PER,2,1309,65797,3.90,0,0.0100,0.00179,86.7
DQN_PER_seed_2_1790610661,DQN_PER,2,1310,65847,3.90,0,0.0100,0.00172,86.7
DQN_PER_seed_2_1790610661,DQN_PER,2,1311,65903,4.50,0,0.0100,0.00168,86.8
DQN_PER_seed_2_1790610661,DQN_PER,2,1312,65953,3.90,0,0.0100,0.00120,86.9
DQN_PER_seed_2_1790610661,DQN_PER,2,1313,66001,3.70,0,0.0100,0.00122,86.9
DQN_PER_seed_2_1790610661,DQN_PER,2,1314,66051,3.90,0,0.0100,0.00197,87.0
DQN_PER_seed_2_1790610661,DQN_PER,2,1315,66106,4.40,0,0.0100,0.00129,87.1
DQN_PER_seed_2_1790610661,DQN_PER,2,1316,66160,4.30,0,0.0100,0.00157,87.2
DQN_PER_seed_2_1790610661,DQN_PER,2,1317,66216,4.50,0,0.0100,0.00149,87.3
DQN_PER_seed_2_1790610661,DQN_PER,2,1318,66271,4.40,0,0.0100,0.00158,87.3
DQN_PER_seed_2_1790610661,DQN_PER,2,1319,66323,4.10,0,0.0100,0.00139,87.4
DQN_PER_seed_2_1790610661,DQN_PER,2,1320,66381,4.70,0,0.0100,0.00578,87.5
DQN_PER_seed_2_1790610661,DQN_PER,2,1321,66432,4.00,0,0.0100,0.00363,87.6
DQN_PER_seed_2_1790610661,DQN_PER,2,1322,66490,4.70,0,0.0100,0.00154,87.6
DQN_PER_seed_2_1790610661,DQN_PER,2,1323,66540,3.90,0,0.0100,0.00139,87.7
DQN_PER_seed_2_1790610661,DQN_PER,2,1324,66590,3.90,0,0.0100,0.00354,87.8
DQN_PER_seed_2_1790610661,DQN_PER,2,1325,66641,4.00,0,0.0100,0.00261,87.9
DQN_PER_seed_2_1790610661,DQN_PER,2,1326,66691,3.90,0,0.0100,0.00162,87.9
DQN_PER_seed_2_1790610661,DQN_PER,2,1327,66741,3.90,0,0.0100,0.00130,88.0
DQN_PER_seed_2_1790610661,DQN_PER,2,1328,66791,3.90,0,0.0100,0.00164,88.1
DQN_PER_seed_2_1790610661,DQN_PER,2,1329,66848,4.60,0,0.0100,0.00168,88.2
DQN_PER_seed_2_1790610661,DQN_PER,2,1330,66907,4.80,0,0.0100,0.00147,88.2
DQN_PER_seed_2_1790610661,DQN_PER,2,1331,66957,3.90,0,0.0100,0.00136,88.3
DQN_PER_seed_2_1790610661,DQN_PER,2,1332,67007,3.90,0,0.0100,0.00260,88.4
DQN_PER_seed_2_1790610661,DQN_PER,2,1333,67057,3.90,0,0.0100,0.00315,88.4
DQN_PER_seed_2_1790610661,DQN_PER,2,1334,67107,3.90,0,0.0100,0.00134,88.5
DQN_PER_seed_2_1790610661,DQN_PER,2,1335,67157,3.90,0,0.0100,0.00191,88.6
DQN_PER_seed_2_1790610661,DQN_PER,2,1336,67207,3.90,0,0.0100,0.00164,88.7
DQN_PER_seed_2_1790610661,DQN_PER,2,1337,67257,3.90,0,0.0100,0.00175,88.7
DQN_PER_seed_2_1790610661,DQN_PER,2,1338,67307,3.90,0,0.0100,0.00211,88.8
DQN_PER_seed_2_1790610661,DQN_PER,2,1339,67357,3.90,0,0.0100,0.00190,88.9
DQN_PER_seed_2_1790610661,DQN_PER,2,1340,67411,4.30,0,0.0100,0.00147,89.0
DQN_PER_seed_2_1790610661,DQN_PER,2,1341,67467,4.50,0,0.0100,0.00130,89.0
DQN_PER_seed_2_1790610661,DQN_PER,2,1342,67517,3.90,0,0.0100,0.00159,89.1
DQN_PER_seed_2_1790610661,DQN_PER,2,1343,67572,4.40,0,0.0100,0.00126,89.2
DQN_PER_seed_2_1790610661,DQN_PER,2,1344,67629,4.60,0,0.0100,0.00173,89.3
DQN_PER_seed_2_1790610661,DQN_PER,2,1345,67679,3.90,0,0.0100,0.00339,89.3
DQN_PER_seed_2_1790610661,DQN_PER,2,1346,67734,4.40,0,0.0100,0.00209,89.4
DQN_PER_seed_2_1790610661,DQN_PER,2,1347,67784,3.90,0,0.0100,0.00411,89.5
DQN_PER_seed_2_1790610661,DQN_PER,2,1348,67834,3.90,0,0.0100,0.00517,89.6
DQN_PER_seed_2_1790610661,DQN_PER,2,1349,67892,4.70,0,0.0100,0.00462,89.6
DQN_PER_seed_2_1790610661,DQN_PER,2,1350,67942,3.90,0,0.0100,0.00176,89.7
DQN_PER_seed_2_1790610661,DQN_PER,2,1351,67992,3.90,0,0.0100,0.00180,89.8
DQN_PER_seed_2_1790610661,DQN_PER,2,1352,68042,3.90,0,0.0100,0.00234,89.8
DQN_PER_seed_2_1790610661,DQN_PER,2,1353,68094,4.10,0,0.0100,0.00143,89.9
DQN_PER_seed_2_1790610661,DQN_PER,2,1354,68146,4.10,0,0.0100,0.00189,90.0
DQN_PER_seed_2_1790610661,DQN_PER,2,1355,68196,3.90,0,0.0100,0.00265,90.1
DQN_PER_seed_2_1790610661,DQN_PER,2,1356,68246,-1.50,0,0.0100,0.00231,90.1
DQN_PER_seed_2_1790610661,DQN_PER,2,1357,68296,3.90,0,0.0100,0.00169,90.2
DQN_PER_seed_2_1790610661,DQN_PER,2,1358,68350,4.30,0,0.0100,0.00155,90.3
DQN_PER_seed_2_1790610661,DQN_PER,2,1359,68400,3.90,0,0.0100,0.00162,90.4
DQN_PER_seed_2_1790610661,DQN_PER,2,1360,68450,3.90,0,0.0100,0.00185,90.4
DQN_PER_seed_2_1790610661,DQN_PER,2,1361,68501,4.00,0,0.0100,0.00128,90.5
DQN_PER_seed_2_1790610661,DQN_PER,2,1362,68551,3.90,0,0.0100,0.00160,90.6
DQN_PER_seed_2_1790610661,DQN_PER,2,1363,68601,3.90,0,0.0100,0.00202,90.6
DQN_PER_seed_2_1790610661,DQN_PER,2,1364,68651,3.90,0,0.0100,0.00222,90.7
DQN_PER_seed_2_1790610661,DQN_PER,2,1365,68702,4.00,0,0.0100,0.00196,90.8
DQN_PER_seed_2_1790610661,DQN_PER,2,1366,68752,3.90,0,0.0100,0.00170,90.9
DQN_PER_seed_2_1790610661,DQN_PER,2,1367,68804,4.10,0,0.0100,0.00160,90.9
DQN_PER_seed_2_1790610661,DQN_PER,2,1368,68854,3.90,0,0.0100,0.00184,91.0
DQN_PER_seed_2_1790610661,DQN_PER,2,1369,68904,3.90,0,0.0100,0.00219,91.1
DQN_PER_seed_2_1790610661,DQN_PER,2,1370,68959,4.40,0,0.0100,0.00131,91.2
DQN_PER_seed_2_1790610661,DQN_PER,2,1371,69011,4.10,0,0.0100,0.00141,91.2
DQN_PER_seed_2_1790610661,DQN_PER,2,1372,69063,4.10,0,0.0100,0.00148,91.3
DQN_PER_seed_2_1790610661,DQN_PER,2,1373,69116,4.20,0,0.0100,0.00124,91.4
DQN_PER_seed_2_1790610661,DQN_PER,2,1374,69166,3.90,0,0.0100,0.00222,91.5
DQN_PER_seed_2_1790610661,DQN_PER,2,1375,69216,3.90,0,0.0100,0.00328,91.5
DQN_PER_seed_2_1790610661,DQN_PER,2,1376,69267,4.00,0,0.0100,0.00266,91.6
DQN_PER_seed_2_1790610661,DQN_PER,2,1377,69317,3.90,0,0.0100,0.00095,91.7
DQN_PER_seed_2_1790610661,DQN_PER,2,1378,69367,3.90,0,0.0100,0.00148,91.7
DQN_PER_seed_2_1790610661,DQN_PER,2,1379,69423,4.50,0,0.0100,0.00165,91.8
DQN_PER_seed_2_1790610661,DQN_PER,2,1380,69473,3.90,0,0.0100,0.00173,91.9
DQN_PER_seed_2_1790610661,DQN_PER,2,1381,69530,4.60,0,0.0100,0.00357,92.0
DQN_PER_seed_2_1790610661,DQN_PER,2,1382,69580,3.90,0,0.0100,0.00136,92.1
DQN_PER_seed_2_1790610661,DQN_PER,2,1383,69630,3.90,0,0.0100,0.00109,92.1
DQN_PER_seed_2_1790610661,DQN_PER,2,1384,69680,3.90,0,0.0100,0.00122,92.2
DQN_PER_seed_2_1790610661,DQN_PER,2,1385,69732,4.10,0,0.0100,0.00136,92.3
DQN_PER_seed_2_1790610661,DQN_PER,2,1386,69782,3.90,0,0.0100,0.00106,92.3
DQN_PER_seed_2_1790610661,DQN_PER,2,1387,69834,4.10,0,0.0100,0.00124,92.4
DQN_PER_seed_2_1790610661,DQN_PER,2,1388,69889,4.40,0,0.0100,0.00145,92.5
DQN_PER_seed_2_1790610661,DQN_PER,2,1389,69939,3.90,0,0.0100,0.00154,92.6
DQN_PER_seed_2_1790610661,DQN_PER,2,1390,69989,3.90,0,0.0100,0.00299,92.6
DQN_PER_seed_2_1790610661,DQN_PER,2,1391,70039,3.90,0,0.0100,0.00258,92.8
DQN_PER_seed_2_1790610661,DQN_PER,2,1392,70092,4.20,0,0.0100,0.00128,92.9
DQN_PER_seed_2_1790610661,DQN_PER,2,1393,70142,3.90,0,0.0100,0.00147,92.9
DQN_PER_seed_2_1790610661,DQN_PER,2,1394,70192,3.90,0,0.0100,0.00196,93.0
DQN_PER_seed_2_1790610661,DQN_PER,2,1395,70243,4.00,0,0.0100,0.00214,93.1
DQN_PER_seed_2_1790610661,DQN_PER,2,1396,70293,3.90,0,0.0100,0.00146,93.2
DQN_PER_seed_2_1790610661,DQN_PER,2,1397,70343,-2.10,0,0.0100,0.00129,93.2
DQN_PER_seed_2_1790610661,DQN_PER,2,1398,70394,4.00,0,0.0100,0.00169,93.3
DQN_PER_seed_2_1790610661,DQN_PER,2,1399,70444,3.90,0,0.0100,0.00202,93.4
DQN_PER_seed_2_1790610661,DQN_PER,2,1400,70494,3.90,0,0.0100,0.00181,93.4
DQN_PER_seed_2_1790610661,DQN_PER,2,1401,70544,3.90,0,0.0100,0.00113,93.5
DQN_PER_seed_2_1790610661,DQN_PER,2,1402,70594,3.90,0,0.0100,0.00115,93.6
DQN_PER_seed_2_1790610661,DQN_PER,2,1403,70647,4.20,0,0.0100,0.00159,93.7
DQN_PER_seed_2_1790610661,DQN_PER,2,1404,70697,3.90,0,0.0100,0.00190,93.7
DQN_PER_seed_2_1790610661,DQN_PER,2,1405,70747,3.90,0,0.0100,0.00119,93.8
DQN_PER_seed_2_1790610661,DQN_PER,2,1406,70803,4.50,0,0.0100,0.00110,93.9
DQN_PER_seed_2_1790610661,DQN_PER,2,1407,70853,3.90,0,0.0100,0.00116,94.0
DQN_PER_seed_2_1790610661,DQN_PER,2,1408,70904,4.00,0,0.0100,0.00100,94.0
DQN_PER_seed_2_1790610661,DQN_PER,2,1409,70954,3.90,0,0.0100,0.00156,94.1
DQN_PER_seed_2_1790610661,DQN_PER,2,1410,71004,3.90,0,0.0100,0.00132,94.2
DQN_PER_seed_2_1790610661,DQN_PER,2,1411,71061,4.60,0,0.0100,0.00152,94.3
DQN_PER_seed_2_1790610661,DQN_PER,2,1412,71111,-3.90,0,0.0100,0.00198,94.3
DQN_PER_seed_2_1790610661,DQN_PER,2,1413,71161,3.90,0,0.0100,0.00186,94.4
DQN_PER_seed_2_1790610661,DQN_PER,2,1414,71211,3.90,0,0.0100,0.00123,94.5
DQN_PER_seed_2_1790610661,DQN_PER,2,1415,71261,3.90,0,0.0100,0.00167,94.5
DQN_PER_seed_2_1790610661,DQN_PER,2,1416,71311,3.90,0,0.0100,0.00150,94.6
DQN_PER_seed_2_1790610661,DQN_PER,2,1417,71361,3.90,0,0.0100,0.00127,94.7
DQN_PER_seed_2_1790610661,DQN_PER,2,1418,71411,3.90,0,0.0100,0.00117,94.8
DQN_PER_seed_2_1790610661,DQN_PER,2,1419,71463,4.10,0,0.0100,0.00133,94.8
DQN_PER_seed_2_1790610661,DQN_PER,2,1420,71517,4.30,0,0.0100,0.00174,94.9
DQN_PER_seed_2_1790610661,DQN_PER,2,1421,71567,3.90,0,0.0100,0.00195,95.0
DQN_PER_seed_2_1790610661,DQN_PER,2,1422,71617,3.90,0,0.0100,0.00202,95.1
DQN_PER_seed_2_1790610661,DQN_PER,2,1423,71667,3.90,0,0.0100,0.00129,95.1
DQN_PER_seed_2_1790610661,DQN_PER,2,1424,71717,3.90,0,0.0100,0.00133,95.2
DQN_PER_seed_2_1790610661,DQN_PER,2,1425,71767,3.90,0,0.0100,0.00113,95.3
DQN_PER_seed_2_1790610661,DQN_PER,2,1426,71817,3.90,0,0.0100,0.00139,95.3
DQN_PER_seed_2_1790610661,DQN_PER,2,1427,71867,3.90,0,0.0100,0.00218,95.4
DQN_PER_seed_2_1790610661,DQN_PER,2,1428,71917,3.90,0,0.0100,0.00180,95.5
DQN_PER_seed_2_1790610661,DQN_PER,2,1429,71967,3.90,0,0.0100,0.00182,95.6
DQN_PER_seed_2_1790610661,DQN_PER,2,1430,72023,4.50,0,0.0100,0.00196,95.6
DQN_PER_seed_2_1790610661,DQN_PER,2,1431,72073,3.90,0,0.0100,0.00257,95.7
DQN_PER_seed_2_1790610661,DQN_PER,2,1432,72123,3.90,0,0.0100,0.00213,95.8
DQN_PER_seed_2_1790610661,DQN_PER,2,1433,72173,3.90,0,0.0100,0.00180,95.9
DQN_PER_seed_2_1790610661,DQN_PER,2,1434,72226,4.20,0,0.0100,0.00123,95.9
DQN_PER_seed_2_1790610661,DQN_PER,2,1435,72276,3.90,0,0.0100,0.00137,96.0
DQN_PER_seed_2_1790610661,DQN_PER,2,1436,72326,3.90,0,0.0100,0.00129,96.1
DQN_PER_seed_2_1790610661,DQN_PER,2,1437,72376,3.90,0,0.0100,0.00112,96.1
DQN_PER_seed_2_1790610661,DQN_PER,2,1438,72411,2.40,0,0.0100,0.00173,96.2
DQN_PER_seed_2_1790610661,DQN_PER,2,1439,72467,4.50,0,0.0100,0.00106,96.3
DQN_PER_seed_2_1790610661,DQN_PER,2,1440,72517,3.90,0,0.0100,0.00121,96.3
DQN_PER_seed_2_1790610661,DQN_PER,2,1441,72567,3.90,0,0.0100,0.00132,96.4
DQN_PER_seed_2_1790610661,DQN_PER,2,1442,72617,3.90,0,0.0100,0.00125,96.5
DQN_PER_seed_2_1790610661,DQN_PER,2,1443,72667,3.90,0,0.0100,0.00164,96.6
DQN_PER_seed_2_1790610661,DQN_PER,2,1444,72717,3.90,0,0.0100,0.00309,96.6
DQN_PER_seed_2_1790610661,DQN_PER,2,1445,72767,3.90,0,0.0100,0.00484,96.7
DQN_PER_seed_2_1790610661,DQN_PER,2,1446,72817,3.90,0,0.0100,0.00157,96.8
DQN_PER_seed_2_1790610661,DQN_PER,2,1447,72872,4.40,0,0.0100,0.00176,96.9
DQN_PER_seed_2_1790610661,DQN_PER,2,1448,72917,3.40,0,0.0100,0.00136,96.9
DQN_PER_seed_2_1790610661,DQN_PER,2,1449,72967,3.90,0,0.0100,0.00134,97.0
DQN_PER_seed_2_1790610661,DQN_PER,2,1450,73017,3.90,0,0.0100,0.00124,97.1
DQN_PER_seed_2_1790610661,DQN_PER,2,1451,73067,3.90,0,0.0100,0.00124,97.1
DQN_PER_seed_2_1790610661,DQN_PER,2,1452,73117,3.90,0,0.0100,0.00141,97.2
DQN_PER_seed_2_1790610661,DQN_PER,2,1453,73167,3.90,0,0.0100,0.00120,97.3
DQN_PER_seed_2_1790610661,DQN_PER,2,1454,73217,3.90,0,0.0100,0.00159,97.4
DQN_PER_seed_2_1790610661,DQN_PER,2,1455,73267,3.90,0,0.0100,0.00256,97.4
DQN_PER_seed_2_1790610661,DQN_PER,2,1456,73317,3.90,0,0.0100,0.00141,97.5
DQN_PER_seed_2_1790610661,DQN_PER,2,1457,73367,3.90,0,0.0100,0.00153,97.6
DQN_PER_seed_2_1790610661,DQN_PER,2,1458,73417,3.90,0,0.0100,0.00131,97.6
DQN_PER_seed_2_1790610661,DQN_PER,2,1459,73467,3.90,0,0.0100,0.00135,97.7
DQN_PER_seed_2_1790610661,DQN_PER,2,1460,73522,4.40,0,0.0100,0.00102,97.8
DQN_PER_seed_2_1790610661,DQN_PER,2,1461,73574,4.10,0,0.0100,0.00085,97.9
DQN_PER_seed_2_1790610661,DQN_PER,2,1462,73624,3.90,0,0.0100,0.00105,97.9
DQN_PER_seed_2_1790610661,DQN_PER,2,1463,73674,3.90,0,0.0100,0.00092,98.0
DQN_PER_seed_2_1790610661,DQN_PER,2,1464,73730,4.50,0,0.0100,0.00100,98.1
DQN_PER_seed_2_1790610661,DQN_PER,2,1465,73780,3.90,0,0.0100,0.00122,98.2
DQN_PER_seed_2_1790610661,DQN_PER,2,1466,73835,4.40,0,0.0100,0.00154,98.2
DQN_PER_seed_2_1790610661,DQN_PER,2,1467,73888,4.20,0,0.0100,0.00268,98.3
DQN_PER_seed_2_1790610661,DQN_PER,2,1468,73941,4.20,0,0.0100,0.00255,98.4
DQN_PER_seed_2_1790610661,DQN_PER,2,1469,73991,3.90,0,0.0100,0.00233,98.5
DQN_PER_seed_2_1790610661,DQN_PER,2,1470,74041,3.90,0,0.0100,0.00257,98.5
DQN_PER_seed_2_1790610661,DQN_PER,2,1471,74085,3.30,0,0.0100,0.00174,98.6
DQN_PER_seed_2_1790610661,DQN_PER,2,1472,74135,3.90,0,0.0100,0.00345,98.7
DQN_PER_seed_2_1790610661,DQN_PER,2,1473,74192,4.60,0,0.0100,0.00425,98.8
DQN_PER_seed_2_1790610661,DQN_PER,2,1474,74236,3.30,0,0.0100,0.00131,98.8
DQN_PER_seed_2_1790610661,DQN_PER,2,1475,74281,3.40,0,0.0100,0.00118,98.9
DQN_PER_seed_2_1790610661,DQN_PER,2,1476,74331,3.90,0,0.0100,0.00152,99.0
DQN_PER_seed_2_1790610661,DQN_PER,2,1477,74381,-0.90,0,0.0100,0.00153,99.0
DQN_PER_seed_2_1790610661,DQN_PER,2,1478,74412,2.00,0,0.0100,0.00113,99.1
DQN_PER_seed_2_1790610661,DQN_PER,2,1479,74467,4.40,0,0.0100,0.00126,99.1
DQN_PER_seed_2_1790610661,DQN_PER,2,1480,74517,-4.50,0,0.0100,0.00157,99.2
DQN_PER_seed_2_1790610661,DQN_PER,2,1481,74556,2.80,0,0.0100,0.00114,99.3
DQN_PER_seed_2_1790610661,DQN_PER,2,1482,74611,4.40,0,0.0100,0.00185,99.4
DQN_PER_seed_2_1790610661,DQN_PER,2,1483,74669,4.70,0,0.0100,0.00121,99.4
DQN_PER_seed_2_1790610661,DQN_PER,2,1484,74719,3.90,0,0.0100,0.00095,99.5
DQN_PER_seed_2_1790610661,DQN_PER,2,1485,74774,4.40,0,0.0100,0.00149,99.6
DQN_PER_seed_2_1790610661,DQN_PER,2,1486,74830,4.50,0,0.0100,0.00126,99.7
DQN_PER_seed_2_1790610661,DQN_PER,2,1487,74861,2.00,0,0.0100,0.00163,99.7
DQN_PER_seed_2_1790610661,DQN_PER,2,1488,74911,3.90,0,0.0100,0.00222,99.8
DQN_PER_seed_2_1790610661,DQN_PER,2,1489,74961,3.90,0,0.0100,0.00147,99.9
DQN_PER_seed_2_1790610661,DQN_PER,2,1490,75011,-3.30,0,0.0100,0.00151,100.0
DQN_PER_seed_2_1790610661,DQN_PER,2,1491,75060,3.80,0,0.0100,0.00169,100.1
DQN_PER_seed_2_1790610661,DQN_PER,2,1492,75118,4.70,0,0.0100,0.00135,100.2
DQN_PER_seed_2_1790610661,DQN_PER,2,1493,75168,3.90,0,0.0100,0.00146,100.3
DQN_PER_seed_2_1790610661,DQN_PER,2,1494,75218,3.90,0,0.0100,0.00150,100.3
DQN_PER_seed_2_1790610661,DQN_PER,2,1495,75274,4.50,0,0.0100,0.00307,100.4
DQN_PER_seed_2_1790610661,DQN_PER,2,1496,75326,4.10,0,0.0100,0.00253,100.5
DQN_PER_seed_2_1790610661,DQN_PER,2,1497,75380,4.30,0,0.0100,0.00206,100.6
DQN_PER_seed_2_1790610661,DQN_PER,2,1498,75430,3.90,0,0.0100,0.00154,100.6
DQN_PER_seed_2_1790610661,DQN_PER,2,1499,75467,2.60,0,0.0100,0.00137,100.7
DQN_PER_seed_2_1790610661,DQN_PER,2,1500,75506,2.80,0,0.0100,0.00207,100.7
DQN_PER_seed_2_1790610661,DQN_PER,2,1501,75556,3.90,0,0.0100,0.00102,100.8
DQN_PER_seed_2_1790610661,DQN_PER,2,1502,75606,3.90,0,0.0100,0.00180,100.9
DQN_PER_seed_2_1790610661,DQN_PER,2,1503,75664,4.70,0,0.0100,0.00151,101.0
DQN_PER_seed_2_1790610661,DQN_PER,2,1504,75695,2.00,0,0.0100,0.00159,101.0
DQN_PER_seed_2_1790610661,DQN_PER,2,1505,75753,4.70,0,0.0100,0.00095,101.1
DQN_PER_seed_2_1790610661,DQN_PER,2,1506,75790,2.60,0,0.0100,0.00139,101.2
DQN_PER_seed_2_1790610661,DQN_PER,2,1507,75840,3.90,0,0.0100,0.00142,101.2
DQN_PER_seed_2_1790610661,DQN_PER,2,1508,75871,2.00,0,0.0100,0.00125,101.3
DQN_PER_seed_2_1790610661,DQN_PER,2,1509,75921,3.90,0,0.0100,0.00147,101.3
DQN_PER_seed_2_1790610661,DQN_PER,2,1510,75966,3.40,0,0.0100,0.00124,101.4
DQN_PER_seed_2_1790610661,DQN_PER,2,1511,76021,4.40,0,0.0100,0.00149,101.5
DQN_PER_seed_2_1790610661,DQN_PER,2,1512,76073,4.10,0,0.0100,0.00246,101.6
DQN_PER_seed_2_1790610661,DQN_PER,2,1513,76130,4.60,0,0.0100,0.00237,101.6
DQN_PER_seed_2_1790610661,DQN_PER,2,1514,76189,4.80,0,0.0100,0.00143,101.7
DQN_PER_seed_2_1790610661,DQN_PER,2,1515,76247,4.70,0,0.0100,0.00109,101.8
DQN_PER_seed_2_1790610661,DQN_PER,2,1516,76300,4.20,0,0.0100,0.00182,101.9
DQN_PER_seed_2_1790610661,DQN_PER,2,1517,76357,4.60,0,0.0100,0.00181,102.0
DQN_PER_seed_2_1790610661,DQN_PER,2,1518,76408,4.00,0,0.0100,0.00294,102.1
DQN_PER_seed_2_1790610661,DQN_PER,2,1519,76458,3.90,0,0.0100,0.00280,102.1
DQN_PER_seed_2_1790610661,DQN_PER,2,1520,76508,3.90,0,0.0100,0.00262,102.2
DQN_PER_seed_2_1790610661,DQN_PER,2,1521,76558,3.90,0,0.0100,0.00198,102.3
DQN_PER_seed_2_1790610661,DQN_PER,2,1522,76609,4.00,0,0.0100,0.00155,102.3
DQN_PER_seed_2_1790610661,DQN_PER,2,1523,76666,4.60,0,0.0100,0.00122,102.4
DQN_PER_seed_2_1790610661,DQN_PER,2,1524,76716,3.90,0,0.0100,0.00096,102.5
DQN_PER_seed_2_1790610661,DQN_PER,2,1525,76767,4.00,0,0.0100,0.00144,102.6
DQN_PER_seed_2_1790610661,DQN_PER,2,1526,76817,3.90,0,0.0100,0.00157,102.7
DQN_PER_seed_2_1790610661,DQN_PER,2,1527,76874,4.60,0,0.0100,0.00132,102.7
DQN_PER_seed_2_1790610661,DQN_PER,2,1528,76932,4.70,0,0.0100,0.00149,102.8
DQN_PER_seed_2_1790610661,DQN_PER,2,1529,76988,4.50,0,0.0100,0.00141,102.9
DQN_PER_seed_2_1790610661,DQN_PER,2,1530,77038,0.30,0,0.0100,0.00267,103.0
DQN_PER_seed_2_1790610661,DQN_PER,2,1531,77094,4.50,0,0.0100,0.00151,103.1
DQN_PER_seed_2_1790610661,DQN_PER,2,1532,77144,3.90,0,0.0100,0.00136,103.1
DQN_PER_seed_2_1790610661,DQN_PER,2,1533,77197,4.20,0,0.0100,0.00144,103.2
DQN_PER_seed_2_1790610661,DQN_PER,2,1534,77247,3.90,0,0.0100,0.00165,103.3
DQN_PER_seed_2_1790610661,DQN_PER,2,1535,77297,3.90,0,0.0100,0.00224,103.4
DQN_PER_seed_2_1790610661,DQN_PER,2,1536,77347,3.90,0,0.0100,0.00125,103.4
DQN_PER_seed_2_1790610661,DQN_PER,2,1537,77397,3.90,0,0.0100,0.00237,103.5
DQN_PER_seed_2_1790610661,DQN_PER,2,1538,77447,3.90,0,0.0100,0.00147,103.6
DQN_PER_seed_2_1790610661,DQN_PER,2,1539,77497,3.90,0,0.0100,0.00133,103.6
DQN_PER_seed_2_1790610661,DQN_PER,2,1540,77547,3.90,0,0.0100,0.00137,103.7
DQN_PER_seed_2_1790610661,DQN_PER,2,1541,77604,4.60,0,0.0100,0.00255,103.8
DQN_PER_seed_2_1790610661,DQN_PER,2,1542,77654,3.90,0,0.0100,0.00237,103.9
DQN_PER_seed_2_1790610661,DQN_PER,2,1543,77704,-0.90,0,0.0100,0.00131,103.9
DQN_PER_seed_2_1790610661,DQN_PER,2,1544,77754,3.90,0,0.0100,0.00103,104.0
DQN_PER_seed_2_1790610661,DQN_PER,2,1545,77804,3.90,0,0.0100,0.00111,104.1
DQN_PER_seed_2_1790610661,DQN_PER,2,1546,77857,4.20,0,0.0100,0.00148,104.2
DQN_PER_seed_2_1790610661,DQN_PER,2,1547,77907,3.90,0,0.0100,0.00171,104.2
DQN_PER_seed_2_1790610661,DQN_PER,2,1548,77958,4.00,0,0.0100,0.00112,104.3
DQN_PER_seed_2_1790610661,DQN_PER,2,1549,78011,4.20,0,0.0100,0.00147,104.4
DQN_PER_seed_2_1790610661,DQN_PER,2,1550,78063,4.10,0,0.0100,0.00309,104.5
DQN_PER_seed_2_1790610661,DQN_PER,2,1551,78116,4.20,0,0.0100,0.00099,104.5
DQN_PER_seed_2_1790610661,DQN_PER,2,1552,78170,4.30,0,0.0100,0.00118,104.6
DQN_PER_seed_2_1790610661,DQN_PER,2,1553,78220,3.90,0,0.0100,0.00188,104.7
DQN_PER_seed_2_1790610661,DQN_PER,2,1554,78276,4.50,0,0.0100,0.00128,104.8
DQN_PER_seed_2_1790610661,DQN_PER,2,1555,78326,3.90,0,0.0100,0.00157,104.8
DQN_PER_seed_2_1790610661,DQN_PER,2,1556,78375,3.80,0,0.0100,0.00181,104.9
DQN_PER_seed_2_1790610661,DQN_PER,2,1557,78425,3.90,0,0.0100,0.00180,105.0
DQN_PER_seed_2_1790610661,DQN_PER,2,1558,78476,4.00,0,0.0100,0.00139,105.1
DQN_PER_seed_2_1790610661,DQN_PER,2,1559,78526,3.90,0,0.0100,0.00181,105.1
DQN_PER_seed_2_1790610661,DQN_PER,2,1560,78576,3.90,0,0.0100,0.00097,105.2
DQN_PER_seed_2_1790610661,DQN_PER,2,1561,78627,4.00,0,0.0100,0.00126,105.3
DQN_PER_seed_2_1790610661,DQN_PER,2,1562,78677,3.90,0,0.0100,0.00139,105.4
DQN_PER_seed_2_1790610661,DQN_PER,2,1563,78731,4.30,0,0.0100,0.00117,105.4
DQN_PER_seed_2_1790610661,DQN_PER,2,1564,78781,3.90,0,0.0100,0.00202,105.5
DQN_PER_seed_2_1790610661,DQN_PER,2,1565,78831,3.90,0,0.0100,0.00119,105.6
DQN_PER_seed_2_1790610661,DQN_PER,2,1566,78883,4.10,0,0.0100,0.00212,105.7
DQN_PER_seed_2_1790610661,DQN_PER,2,1567,78933,3.90,0,0.0100,0.00122,105.7
DQN_PER_seed_2_1790610661,DQN_PER,2,1568,78986,4.20,0,0.0100,0.00116,105.8
DQN_PER_seed_2_1790610661,DQN_PER,2,1569,79038,4.10,0,0.0100,0.00200,105.9
DQN_PER_seed_2_1790610661,DQN_PER,2,1570,79088,3.90,0,0.0100,0.00374,106.0
DQN_PER_seed_2_1790610661,DQN_PER,2,1571,79146,4.70,0,0.0100,0.00107,106.0
DQN_PER_seed_2_1790610661,DQN_PER,2,1572,79196,3.90,0,0.0100,0.00115,106.1
DQN_PER_seed_2_1790610661,DQN_PER,2,1573,79252,4.50,0,0.0100,0.00114,106.2
DQN_PER_seed_2_1790610661,DQN_PER,2,1574,79303,4.00,0,0.0100,0.00109,106.3
DQN_PER_seed_2_1790610661,DQN_PER,2,1575,79355,4.10,0,0.0100,0.00129,106.4
DQN_PER_seed_2_1790610661,DQN_PER,2,1576,79412,4.60,0,0.0100,0.00128,106.4
DQN_PER_seed_2_1790610661,DQN_PER,2,1577,79464,4.10,0,0.0100,0.00124,106.5
DQN_PER_seed_2_1790610661,DQN_PER,2,1578,79516,4.10,0,0.0100,0.00149,106.6
DQN_PER_seed_2_1790610661,DQN_PER,2,1579,79566,3.90,0,0.0100,0.00137,106.7
DQN_PER_seed_2_1790610661,DQN_PER,2,1580,79616,3.90,0,0.0100,0.00446,106.7
DQN_PER_seed_2_1790610661,DQN_PER,2,1581,79666,3.90,0,0.0100,0.00165,106.8
DQN_PER_seed_2_1790610661,DQN_PER,2,1582,79716,3.90,0,0.0100,0.00084,106.9
DQN_PER_seed_2_1790610661,DQN_PER,2,1583,79766,3.90,0,0.0100,0.00108,107.0
DQN_PER_seed_2_1790610661,DQN_PER,2,1584,79816,3.90,0,0.0100,0.00133,107.0
DQN_PER_seed_2_1790610661,DQN_PER,2,1585,79872,4.50,0,0.0100,0.00137,107.1
DQN_PER_seed_2_1790610661,DQN_PER,2,1586,79922,3.90,0,0.0100,0.00128,107.2
DQN_PER_seed_2_1790610661,DQN_PER,2,1587,79972,-3.30,0,0.0100,0.00162,107.3
DQN_PER_seed_2_1790610661,DQN_PER,2,1588,80027,4.40,0,0.0100,0.00384,107.4
DQN_PER_seed_2_1790610661,DQN_PER,2,1589,80077,3.90,0,0.0100,0.00340,107.5
DQN_PER_seed_2_1790610661,DQN_PER,2,1590,80127,3.90,0,0.0100,0.00136,107.6
DQN_PER_seed_2_1790610661,DQN_PER,2,1591,80178,4.00,0,0.0100,0.00145,107.6
DQN_PER_seed_2_1790610661,DQN_PER,2,1592,80230,4.10,0,0.0100,0.00150,107.7
DQN_PER_seed_2_1790610661,DQN_PER,2,1593,80284,4.30,0,0.0100,0.00143,107.8
DQN_PER_seed_2_1790610661,DQN_PER,2,1594,80334,3.90,0,0.0100,0.00124,107.9
DQN_PER_seed_2_1790610661,DQN_PER,2,1595,80388,4.30,0,0.0100,0.00228,107.9
DQN_PER_seed_2_1790610661,DQN_PER,2,1596,80440,4.10,0,0.0100,0.00253,108.0
DQN_PER_seed_2_1790610661,DQN_PER,2,1597,80492,4.10,0,0.0100,0.00154,108.1
DQN_PER_seed_2_1790610661,DQN_PER,2,1598,80546,4.30,0,0.0100,0.00288,108.2
DQN_PER_seed_2_1790610661,DQN_PER,2,1599,80597,4.00,0,0.0100,0.00198,108.2
DQN_PER_seed_2_1790610661,DQN_PER,2,1600,80652,4.40,0,0.0100,0.00227,108.3
DQN_PER_seed_2_1790610661,DQN_PER,2,1601,80710,4.70,0,0.0100,0.00141,108.4
DQN_PER_seed_2_1790610661,DQN_PER,2,1602,80760,3.90,0,0.0100,0.00185,108.5
DQN_PER_seed_2_1790610661,DQN_PER,2,1603,80810,3.90,0,0.0100,0.00136,108.6
DQN_PER_seed_2_1790610661,DQN_PER,2,1604,80860,3.90,0,0.0100,0.00134,108.6
DQN_PER_seed_2_1790610661,DQN_PER,2,1605,80910,3.90,0,0.0100,0.00131,108.7
DQN_PER_seed_2_1790610661,DQN_PER,2,1606,80960,3.90,0,0.0100,0.00117,108.8
DQN_PER_seed_2_1790610661,DQN_PER,2,1607,81010,3.90,0,0.0100,0.00143,108.8
DQN_PER_seed_2_1790610661,DQN_PER,2,1608,81069,4.80,0,0.0100,0.00160,108.9
DQN_PER_seed_2_1790610661,DQN_PER,2,1609,81124,4.40,0,0.0100,0.00330,109.0
DQN_PER_seed_2_1790610661,DQN_PER,2,1610,81174,3.90,0,0.0100,0.00149,109.1
DQN_PER_seed_2_1790610661,DQN_PER,2,1611,81224,3.90,0,0.0100,0.00189,109.2
DQN_PER_seed_2_1790610661,DQN_PER,2,1612,81276,4.10,0,0.0100,0.00171,109.2
DQN_PER_seed_2_1790610661,DQN_PER,2,1613,81326,3.90,0,0.0100,0.00164,109.3
DQN_PER_seed_2_1790610661,DQN_PER,2,1614,81376,3.90,0,0.0100,0.00156,109.4
DQN_PER_seed_2_1790610661,DQN_PER,2,1615,81426,3.90,0,0.0100,0.00153,109.5
DQN_PER_seed_2_1790610661,DQN_PER,2,1616,81481,4.40,0,0.0100,0.00139,109.5
DQN_PER_seed_2_1790610661,DQN_PER,2,1617,81532,4.00,0,0.0100,0.00107,109.6
DQN_PER_seed_2_1790610661,DQN_PER,2,1618,81586,4.30,0,0.0100,0.00162,109.7
DQN_PER_seed_2_1790610661,DQN_PER,2,1619,81636,3.90,0,0.0100,0.00145,109.8
DQN_PER_seed_2_1790610661,DQN_PER,2,1620,81686,3.90,0,0.0100,0.00109,109.8
DQN_PER_seed_2_1790610661,DQN_PER,2,1621,81744,4.70,0,0.0100,0.00151,109.9
DQN_PER_seed_2_1790610661,DQN_PER,2,1622,81803,4.80,0,0.0100,0.00153,110.0
DQN_PER_seed_2_1790610661,DQN_PER,2,1623,81853,3.90,0,0.0100,0.00128,110.1
DQN_PER_seed_2_1790610661,DQN_PER,2,1624,81910,4.60,0,0.0100,0.00172,110.2
DQN_PER_seed_2_1790610661,DQN_PER,2,1625,81965,4.40,0,0.0100,0.00195,110.2
DQN_PER_seed_2_1790610661,DQN_PER,2,1626,82023,4.70,0,0.0100,0.00126,110.3
DQN_PER_seed_2_1790610661,DQN_PER,2,1627,82074,4.00,0,0.0100,0.00124,110.4
DQN_PER_seed_2_1790610661,DQN_PER,2,1628,82124,3.90,0,0.0100,0.00104,110.5
DQN_PER_seed_2_1790610661,DQN_PER,2,1629,82181,4.60,0,0.0100,0.00117,110.6
DQN_PER_seed_2_1790610661,DQN_PER,2,1630,82238,4.60,0,0.0100,0.00127,110.6
DQN_PER_seed_2_1790610661,DQN_PER,2,1631,82288,3.90,0,0.0100,0.00249,110.7
DQN_PER_seed_2_1790610661,DQN_PER,2,1632,82345,4.60,0,0.0100,0.00233,110.8
DQN_PER_seed_2_1790610661,DQN_PER,2,1633,82396,4.00,0,0.0100,0.00099,110.9
DQN_PER_seed_2_1790610661,DQN_PER,2,1634,82446,3.90,0,0.0100,0.00128,110.9
DQN_PER_seed_2_1790610661,DQN_PER,2,1635,82505,4.80,0,0.0100,0.00107,111.0
DQN_PER_seed_2_1790610661,DQN_PER,2,1636,82559,4.30,0,0.0100,0.00103,111.1
DQN_PER_seed_2_1790610661,DQN_PER,2,1637,82609,3.90,0,0.0100,0.00130,111.2
DQN_PER_seed_2_1790610661,DQN_PER,2,1638,82664,4.40,0,0.0100,0.00113,111.3
DQN_PER_seed_2_1790610661,DQN_PER,2,1639,82714,3.90,0,0.0100,0.00106,111.3
DQN_PER_seed_2_1790610661,DQN_PER,2,1640,82764,3.90,0,0.0100,0.00203,111.4
DQN_PER_seed_2_1790610661,DQN_PER,2,1641,82814,3.90,0,0.0100,0.00165,111.5
DQN_PER_seed_2_1790610661,DQN_PER,2,1642,82864,3.90,0,0.0100,0.00200,111.6
DQN_PER_seed_2_1790610661,DQN_PER,2,1643,82914,3.90,0,0.0100,0.00139,111.6
DQN_PER_seed_2_1790610661,DQN_PER,2,1644,82967,4.20,0,0.0100,0.00113,111.7
DQN_PER_seed_2_1790610661,DQN_PER,2,1645,83018,4.00,0,0.0100,0.00179,111.8
DQN_PER_seed_2_1790610661,DQN_PER,2,1646,83074,4.50,0,0.0100,0.00109,111.9
DQN_PER_seed_2_1790610661,DQN_PER,2,1647,83124,3.90,0,0.0100,0.00105,111.9
DQN_PER_seed_2_1790610661,DQN_PER,2,1648,83174,3.90,0,0.0100,0.00118,112.0
DQN_PER_seed_2_1790610661,DQN_PER,2,1649,83230,4.50,0,0.0100,0.00119,112.1
DQN_PER_seed_2_1790610661,DQN_PER,2,1650,83280,-0.90,0,0.0100,0.00124,112.2
DQN_PER_seed_2_1790610661,DQN_PER,2,1651,83330,3.90,0,0.0100,0.00119,112.2
DQN_PER_seed_2_1790610661,DQN_PER,2,1652,83380,3.90,0,0.0100,0.00126,112.3
DQN_PER_seed_2_1790610661,DQN_PER,2,1653,83436,4.50,0,0.0100,0.00112,112.4
DQN_PER_seed_2_1790610661,DQN_PER,2,1654,83490,4.30,0,0.0100,0.00107,112.5
DQN_PER_seed_2_1790610661,DQN_PER,2,1655,83541,4.00,0,0.0100,0.00108,112.6
DQN_PER_seed_2_1790610661,DQN_PER,2,1656,83591,3.90,0,0.0100,0.00125,112.6
DQN_PER_seed_2_1790610661,DQN_PER,2,1657,83649,4.70,0,0.0100,0.00115,112.7
DQN_PER_seed_2_1790610661,DQN_PER,2,1658,83699,3.90,0,0.0100,0.00156,112.8
DQN_PER_seed_2_1790610661,DQN_PER,2,1659,83749,3.90,0,0.0100,0.00150,112.9
DQN_PER_seed_2_1790610661,DQN_PER,2,1660,83799,3.90,0,0.0100,0.00106,112.9
DQN_PER_seed_2_1790610661,DQN_PER,2,1661,83849,3.90,0,0.0100,0.00092,113.0
DQN_PER_seed_2_1790610661,DQN_PER,2,1662,83901,4.10,0,0.0100,0.00103,113.1
DQN_PER_seed_2_1790610661,DQN_PER,2,1663,83951,3.90,0,0.0100,0.00132,113.2
DQN_PER_seed_2_1790610661,DQN_PER,2,1664,84007,4.50,0,0.0100,0.00211,113.2
DQN_PER_seed_2_1790610661,DQN_PER,2,1665,84057,3.90,0,0.0100,0.00286,113.3
DQN_PER_seed_2_1790610661,DQN_PER,2,1666,84107,3.90,0,0.0100,0.00281,113.4
DQN_PER_seed_2_1790610661,DQN_PER,2,1667,84159,4.10,0,0.0100,0.00108,113.5
DQN_PER_seed_2_1790610661,DQN_PER,2,1668,84211,4.10,0,0.0100,0.00093,113.5
DQN_PER_seed_2_1790610661,DQN_PER,2,1669,84263,4.10,0,0.0100,0.00194,113.6
DQN_PER_seed_2_1790610661,DQN_PER,2,1670,84313,3.90,0,0.0100,0.00126,113.7
DQN_PER_seed_2_1790610661,DQN_PER,2,1671,84364,4.00,0,0.0100,0.00078,113.8
DQN_PER_seed_2_1790610661,DQN_PER,2,1672,84414,3.90,0,0.0100,0.00073,113.8
DQN_PER_seed_2_1790610661,DQN_PER,2,1673,84464,3.90,0,0.0100,0.00068,113.9
DQN_PER_seed_2_1790610661,DQN_PER,2,1674,84521,4.60,0,0.0100,0.00205,114.0
DQN_PER_seed_2_1790610661,DQN_PER,2,1675,84578,4.60,0,0.0100,0.00089,114.1
DQN_PER_seed_2_1790610661,DQN_PER,2,1676,84628,3.90,0,0.0100,0.00074,114.1
DQN_PER_seed_2_1790610661,DQN_PER,2,1677,84682,4.30,0,0.0100,0.00079,114.2
DQN_PER_seed_2_1790610661,DQN_PER,2,1678,84737,4.40,0,0.0100,0.00078,114.3
DQN_PER_seed_2_1790610661,DQN_PER,2,1679,84787,-4.50,0,0.0100,0.00104,114.4
DQN_PER_seed_2_1790610661,DQN_PER,2,1680,84837,3.90,0,0.0100,0.00104,114.4
DQN_PER_seed_2_1790610661,DQN_PER,2,1681,84887,3.90,0,0.0100,0.00184,114.5
DQN_PER_seed_2_1790610661,DQN_PER,2,1682,84937,3.90,0,0.0100,0.00139,114.6
DQN_PER_seed_2_1790610661,DQN_PER,2,1683,84994,4.60,0,0.0100,0.00076,114.7
DQN_PER_seed_2_1790610661,DQN_PER,2,1684,85044,3.90,0,0.0100,0.00086,114.8
DQN_PER_seed_2_1790610661,DQN_PER,2,1685,85094,3.90,0,0.0100,0.00061,114.9
DQN_PER_seed_2_1790610661,DQN_PER,2,1686,85149,4.40,0,0.0100,0.00074,115.0
DQN_PER_seed_2_1790610661,DQN_PER,2,1687,85199,3.90,0,0.0100,0.00064,115.1
DQN_PER_seed_2_1790610661,DQN_PER,2,1688,85252,4.20,0,0.0100,0.00117,115.1
DQN_PER_seed_2_1790610661,DQN_PER,2,1689,85303,4.00,0,0.0100,0.00099,115.2
DQN_PER_seed_2_1790610661,DQN_PER,2,1690,85353,3.90,0,0.0100,0.00106,115.3
DQN_PER_seed_2_1790610661,DQN_PER,2,1691,85407,4.30,0,0.0100,0.00148,115.4
DQN_PER_seed_2_1790610661,DQN_PER,2,1692,85457,3.90,0,0.0100,0.00124,115.4
DQN_PER_seed_2_1790610661,DQN_PER,2,1693,85515,4.70,0,0.0100,0.00093,115.5
DQN_PER_seed_2_1790610661,DQN_PER,2,1694,85565,3.90,0,0.0100,0.00104,115.6
DQN_PER_seed_2_1790610661,DQN_PER,2,1695,85615,3.90,0,0.0100,0.00129,115.7
DQN_PER_seed_2_1790610661,DQN_PER,2,1696,85665,3.90,0,0.0100,0.00085,115.7
DQN_PER_seed_2_1790610661,DQN_PER,2,1697,85715,3.90,0,0.0100,0.00149,115.8
DQN_PER_seed_2_1790610661,DQN_PER,2,1698,85768,4.20,0,0.0100,0.00099,115.9
DQN_PER_seed_2_1790610661,DQN_PER,2,1699,85827,4.80,0,0.0100,0.00099,116.0
DQN_PER_seed_2_1790610661,DQN_PER,2,1700,85877,3.90,0,0.0100,0.00107,116.1
DQN_PER_seed_2_1790610661,DQN_PER,2,1701,85934,4.60,0,0.0100,0.00058,116.1
DQN_PER_seed_2_1790610661,DQN_PER,2,1702,85984,3.90,0,0.0100,0.00092,116.2
DQN_PER_seed_2_1790610661,DQN_PER,2,1703,86034,3.90,0,0.0100,0.00133,116.3
DQN_PER_seed_2_1790610661,DQN_PER,2,1704,86084,3.90,0,0.0100,0.00132,116.4
DQN_PER_seed_2_1790610661,DQN_PER,2,1705,86138,4.30,0,0.0100,0.00083,116.4
DQN_PER_seed_2_1790610661,DQN_PER,2,1706,86194,4.50,0,0.0100,0.00081,116.5
DQN_PER_seed_2_1790610661,DQN_PER,2,1707,86244,3.90,0,0.0100,0.00113,116.6
DQN_PER_seed_2_1790610661,DQN_PER,2,1708,86300,4.50,0,0.0100,0.00137,116.7
DQN_PER_seed_2_1790610661,DQN_PER,2,1709,86350,3.90,0,0.0100,0.00201,116.8
DQN_PER_seed_2_1790610661,DQN_PER,2,1710,86400,3.90,0,0.0100,0.00485,116.8
DQN_PER_seed_2_1790610661,DQN_PER,2,1711,86450,3.90,0,0.0100,0.00120,116.9
DQN_PER_seed_2_1790610661,DQN_PER,2,1712,86507,4.60,0,0.0100,0.00075,117.0
DQN_PER_seed_2_1790610661,DQN_PER,2,1713,86557,-2.10,0,0.0100,0.00100,117.1
DQN_PER_seed_2_1790610661,DQN_PER,2,1714,86612,4.40,0,0.0100,0.00092,117.1
DQN_PER_seed_2_1790610661,DQN_PER,2,1715,86662,3.90,0,0.0100,0.00080,117.2
DQN_PER_seed_2_1790610661,DQN_PER,2,1716,86712,3.90,0,0.0100,0.00075,117.3
DQN_PER_seed_2_1790610661,DQN_PER,2,1717,86772,4.90,0,0.0100,0.00087,117.4
DQN_PER_seed_2_1790610661,DQN_PER,2,1718,86827,4.40,0,0.0100,0.00090,117.5
DQN_PER_seed_2_1790610661,DQN_PER,2,1719,86877,3.90,0,0.0100,0.00206,117.5
DQN_PER_seed_2_1790610661,DQN_PER,2,1720,86927,3.90,0,0.0100,0.00194,117.6
DQN_PER_seed_2_1790610661,DQN_PER,2,1721,86977,3.90,0,0.0100,0.00150,117.7
DQN_PER_seed_2_1790610661,DQN_PER,2,1722,87031,4.30,0,0.0100,0.00104,117.8
DQN_PER_seed_2_1790610661,DQN_PER,2,1723,87085,4.30,0,0.0100,0.00111,117.8
DQN_PER_seed_2_1790610661,DQN_PER,2,1724,87135,3.90,0,0.0100,0.00142,117.9
DQN_PER_seed_2_1790610661,DQN_PER,2,1725,87189,4.30,0,0.0100,0.00106,118.0
DQN_PER_seed_2_1790610661,DQN_PER,2,1726,87239,3.90,0,0.0100,0.00180,118.1
DQN_PER_seed_2_1790610661,DQN_PER,2,1727,87289,3.90,0,0.0100,0.00209,118.1
DQN_PER_seed_2_1790610661,DQN_PER,2,1728,87338,3.80,0,0.0100,0.00076,118.2
DQN_PER_seed_2_1790610661,DQN_PER,2,1729,87388,3.90,0,0.0100,0.00057,118.3
DQN_PER_seed_2_1790610661,DQN_PER,2,1730,87438,3.90,0,0.0100,0.00074,118.4
DQN_PER_seed_2_1790610661,DQN_PER,2,1731,87490,4.10,0,0.0100,0.00118,118.4
DQN_PER_seed_2_1790610661,DQN_PER,2,1732,87540,3.90,0,0.0100,0.00081,118.5
DQN_PER_seed_2_1790610661,DQN_PER,2,1733,87590,3.90,0,0.0100,0.00090,118.6
DQN_PER_seed_2_1790610661,DQN_PER,2,1734,87646,4.50,0,0.0100,0.00075,118.7
DQN_PER_seed_2_1790610661,DQN_PER,2,1735,87703,4.60,0,0.0100,0.00072,118.7
DQN_PER_seed_2_1790610661,DQN_PER,2,1736,87762,4.80,0,0.0100,0.00077,118.8
DQN_PER_seed_2_1790610661,DQN_PER,2,1737,87812,3.90,0,0.0100,0.00167,118.9
DQN_PER_seed_2_1790610661,DQN_PER,2,1738,87867,4.40,0,0.0100,0.00075,119.0
DQN_PER_seed_2_1790610661,DQN_PER,2,1739,87923,4.50,0,0.0100,0.00078,119.1
DQN_PER_seed_2_1790610661,DQN_PER,2,1740,87973,3.90,0,0.0100,0.00106,119.1
DQN_PER_seed_2_1790610661,DQN_PER,2,1741,88023,3.90,0,0.0100,0.00119,119.2
DQN_PER_seed_2_1790610661,DQN_PER,2,1742,88073,3.90,0,0.0100,0.00098,119.3
DQN_PER_seed_2_1790610661,DQN_PER,2,1743,88123,3.90,0,0.0100,0.00081,119.4
DQN_PER_seed_2_1790610661,DQN_PER,2,1744,88180,4.60,0,0.0100,0.00100,119.4
DQN_PER_seed_2_1790610661,DQN_PER,2,1745,88230,-2.10,0,0.0100,0.00078,119.5
DQN_PER_seed_2_1790610661,DQN_PER,2,1746,88280,3.90,0,0.0100,0.00083,119.6
DQN_PER_seed_2_1790610661,DQN_PER,2,1747,88330,-0.90,0,0.0100,0.00097,119.7
DQN_PER_seed_2_1790610661,DQN_PER,2,1748,88380,3.90,0,0.0100,0.00158,119.7
DQN_PER_seed_2_1790610661,DQN_PER,2,1749,88437,4.60,0,0.0100,0.00254,119.8
DQN_PER_seed_2_1790610661,DQN_PER,2,1750,88487,3.90,0,0.0100,0.00128,119.9
DQN_PER_seed_2_1790610661,DQN_PER,2,1751,88538,4.00,0,0.0100,0.00136,120.0
DQN_PER_seed_2_1790610661,DQN_PER,2,1752,88597,4.80,0,0.0100,0.00056,120.1
DQN_PER_seed_2_1790610661,DQN_PER,2,1753,88654,4.60,0,0.0100,0.00089,120.1
DQN_PER_seed_2_1790610661,DQN_PER,2,1754,88712,4.70,0,0.0100,0.00059,120.2
DQN_PER_seed_2_1790610661,DQN_PER,2,1755,88768,4.50,0,0.0100,0.00072,120.3
DQN_PER_seed_2_1790610661,DQN_PER,2,1756,88818,3.90,0,0.0100,0.00086,120.4
DQN_PER_seed_2_1790610661,DQN_PER,2,1757,88868,3.90,0,0.0100,0.00152,120.5
DQN_PER_seed_2_1790610661,DQN_PER,2,1758,88918,3.90,0,0.0100,0.00141,120.5
DQN_PER_seed_2_1790610661,DQN_PER,2,1759,88968,3.90,0,0.0100,0.00104,120.6
DQN_PER_seed_2_1790610661,DQN_PER,2,1760,89018,3.90,0,0.0100,0.00118,120.7
DQN_PER_seed_2_1790610661,DQN_PER,2,1761,89073,4.40,0,0.0100,0.00076,120.8
DQN_PER_seed_2_1790610661,DQN_PER,2,1762,89123,3.90,0,0.0100,0.00072,120.8
DQN_PER_seed_2_1790610661,DQN_PER,2,1763,89173,3.90,0,0.0100,0.00132,120.9
DQN_PER_seed_2_1790610661,DQN_PER,2,1764,89223,3.90,0,0.0100,0.00084,121.0
DQN_PER_seed_2_1790610661,DQN_PER,2,1765,89276,4.20,0,0.0100,0.00098,121.1
DQN_PER_seed_2_1790610661,DQN_PER,2,1766,89326,3.90,0,0.0100,0.00055,121.1
DQN_PER_seed_2_1790610661,DQN_PER,2,1767,89376,3.90,0,0.0100,0.00062,121.2
DQN_PER_seed_2_1790610661,DQN_PER,2,1768,89431,4.40,0,0.0100,0.00073,121.3
DQN_PER_seed_2_1790610661,DQN_PER,2,1769,89481,-3.30,0,0.0100,0.00072,121.4
DQN_PER_seed_2_1790610661,DQN_PER,2,1770,89531,3.90,0,0.0100,0.00122,121.4
DQN_PER_seed_2_1790610661,DQN_PER,2,1771,89581,3.90,0,0.0100,0.00292,121.5
DQN_PER_seed_2_1790610661,DQN_PER,2,1772,89635,4.30,0,0.0100,0.00268,121.6
DQN_PER_seed_2_1790610661,DQN_PER,2,1773,89685,3.90,0,0.0100,0.00105,121.7
DQN_PER_seed_2_1790610661,DQN_PER,2,1774,89735,3.90,0,0.0100,0.00069,121.7
DQN_PER_seed_2_1790610661,DQN_PER,2,1775,89785,3.90,0,0.0100,0.00064,121.8
DQN_PER_seed_2_1790610661,DQN_PER,2,1776,89843,4.70,0,0.0100,0.00106,121.9
DQN_PER_seed_2_1790610661,DQN_PER,2,1777,89893,3.90,0,0.0100,0.00080,122.0
DQN_PER_seed_2_1790610661,DQN_PER,2,1778,89943,3.90,0,0.0100,0.00072,122.0
DQN_PER_seed_2_1790610661,DQN_PER,2,1779,89993,3.90,0,0.0100,0.00257,122.1
DQN_PER_seed_2_1790610661,DQN_PER,2,1780,90043,3.90,0,0.0100,0.00114,122.3
DQN_PER_seed_2_1790610661,DQN_PER,2,1781,90093,3.90,0,0.0100,0.00070,122.4
DQN_PER_seed_2_1790610661,DQN_PER,2,1782,90143,3.90,0,0.0100,0.00102,122.4
DQN_PER_seed_2_1790610661,DQN_PER,2,1783,90196,4.20,0,0.0100,0.00076,122.5
DQN_PER_seed_2_1790610661,DQN_PER,2,1784,90249,4.20,0,0.0100,0.00183,122.6
DQN_PER_seed_2_1790610661,DQN_PER,2,1785,90299,3.90,0,0.0100,0.00149,122.7
DQN_PER_seed_2_1790610661,DQN_PER,2,1786,90349,3.90,0,0.0100,0.00202,122.7
DQN_PER_seed_2_1790610661,DQN_PER,2,1787,90399,3.90,0,0.0100,0.00129,122.8
DQN_PER_seed_2_1790610661,DQN_PER,2,1788,90449,3.90,0,0.0100,0.00085,122.9
DQN_PER_seed_2_1790610661,DQN_PER,2,1789,90499,3.90,0,0.0100,0.00068,123.0
DQN_PER_seed_2_1790610661,DQN_PER,2,1790,90549,3.90,0,0.0100,0.00110,123.0
DQN_PER_seed_2_1790610661,DQN_PER,2,1791,90599,3.90,0,0.0100,0.00099,123.1
DQN_PER_seed_2_1790610661,DQN_PER,2,1792,90649,3.90,0,0.0100,0.00071,123.2
DQN_PER_seed_2_1790610661,DQN_PER,2,1793,90699,3.90,0,0.0100,0.00063,123.3
DQN_PER_seed_2_1790610661,DQN_PER,2,1794,90754,4.40,0,0.0100,0.00073,123.3
DQN_PER_seed_2_1790610661,DQN_PER,2,1795,90804,3.90,0,0.0100,0.00081,123.4
DQN_PER_seed_2_1790610661,DQN_PER,2,1796,90854,3.90,0,0.0100,0.00074,123.5
DQN_PER_seed_2_1790610661,DQN_PER,2,1797,90904,3.90,0,0.0100,0.00102,123.6
DQN_PER_seed_2_1790610661,DQN_PER,2,1798,90954,3.90,0,0.0100,0.00211,123.6
DQN_PER_seed_2_1790610661,DQN_PER,2,1799,91004,3.90,0,0.0100,0.00063,123.7
DQN_PER_seed_2_1790610661,DQN_PER,2,1800,91057,4.20,0,0.0100,0.00062,123.8
DQN_PER_seed_2_1790610661,DQN_PER,2,1801,91110,4.20,0,0.0100,0.00055,123.9
DQN_PER_seed_2_1790610661,DQN_PER,2,1802,91160,3.90,0,0.0100,0.00057,123.9
DQN_PER_seed_2_1790610661,DQN_PER,2,1803,91210,3.90,0,0.0100,0.00066,124.0
DQN_PER_seed_2_1790610661,DQN_PER,2,1804,91260,3.90,0,0.0100,0.00086,124.1
DQN_PER_seed_2_1790610661,DQN_PER,2,1805,91310,3.90,0,0.0100,0.00096,124.2
DQN_PER_seed_2_1790610661,DQN_PER,2,1806,91360,3.90,0,0.0100,0.00195,124.2
DQN_PER_seed_2_1790610661,DQN_PER,2,1807,91410,3.90,0,0.0100,0.00158,124.3
DQN_PER_seed_2_1790610661,DQN_PER,2,1808,91460,3.90,0,0.0100,0.00088,124.4
DQN_PER_seed_2_1790610661,DQN_PER,2,1809,91510,3.90,0,0.0100,0.00083,124.5
DQN_PER_seed_2_1790610661,DQN_PER,2,1810,91566,4.50,0,0.0100,0.00091,124.5
DQN_PER_seed_2_1790610661,DQN_PER,2,1811,91618,4.10,0,0.0100,0.00105,124.6
DQN_PER_seed_2_1790610661,DQN_PER,2,1812,91668,3.90,0,0.0100,0.00087,124.7
DQN_PER_seed_2_1790610661,DQN_PER,2,1813,91718,3.90,0,0.0100,0.00091,124.8
DQN_PER_seed_2_1790610661,DQN_PER,2,1814,91771,4.20,0,0.0100,0.00068,124.8
DQN_PER_seed_2_1790610661,DQN_PER,2,1815,91821,3.90,0,0.0100,0.00114,124.9
DQN_PER_seed_2_1790610661,DQN_PER,2,1816,91878,4.60,0,0.0100,0.00056,125.0
DQN_PER_seed_2_1790610661,DQN_PER,2,1817,91928,3.90,0,0.0100,0.00056,125.1
DQN_PER_seed_2_1790610661,DQN_PER,2,1818,91978,3.90,0,0.0100,0.00096,125.2
DQN_PER_seed_2_1790610661,DQN_PER,2,1819,92028,3.90,0,0.0100,0.00090,125.2
DQN_PER_seed_2_1790610661,DQN_PER,2,1820,92078,3.90,0,0.0100,0.00080,125.3
DQN_PER_seed_2_1790610661,DQN_PER,2,1821,92134,4.50,0,0.0100,0.00060,125.4
DQN_PER_seed_2_1790610661,DQN_PER,2,1822,92190,4.50,0,0.0100,0.00080,125.5
DQN_PER_seed_2_1790610661,DQN_PER,2,1823,92240,3.90,0,0.0100,0.00067,125.5
DQN_PER_seed_2_1790610661,DQN_PER,2,1824,92290,3.90,0,0.0100,0.00066,125.6
DQN_PER_seed_2_1790610661,DQN_PER,2,1825,92340,3.90,0,0.0100,0.00115,125.7
DQN_PER_seed_2_1790610661,DQN_PER,2,1826,92390,3.90,0,0.0100,0.00111,125.8
DQN_PER_seed_2_1790610661,DQN_PER,2,1827,92440,3.90,0,0.0100,0.00099,125.8
DQN_PER_seed_2_1790610661,DQN_PER,2,1828,92490,3.90,0,0.0100,0.00089,125.9
DQN_PER_seed_2_1790610661,DQN_PER,2,1829,92540,3.90,0,0.0100,0.00079,126.0
DQN_PER_seed_2_1790610661,DQN_PER,2,1830,92598,4.70,0,0.0100,0.00057,126.1
DQN_PER_seed_2_1790610661,DQN_PER,2,1831,92648,3.90,0,0.0100,0.00053,126.1
DQN_PER_seed_2_1790610661,DQN_PER,2,1832,92698,3.90,0,0.0100,0.00054,126.2
DQN_PER_seed_2_1790610661,DQN_PER,2,1833,92748,3.90,0,0.0100,0.00088,126.3
DQN_PER_seed_2_1790610661,DQN_PER,2,1834,92802,4.30,0,0.0100,0.00058,126.4
DQN_PER_seed_2_1790610661,DQN_PER,2,1835,92860,4.70,0,0.0100,0.00080,126.5
DQN_PER_seed_2_1790610661,DQN_PER,2,1836,92910,3.90,0,0.0100,0.00079,126.5
DQN_PER_seed_2_1790610661,DQN_PER,2,1837,92960,3.90,0,0.0100,0.00068,126.6
DQN_PER_seed_2_1790610661,DQN_PER,2,1838,93014,4.30,0,0.0100,0.00056,126.7
DQN_PER_seed_2_1790610661,DQN_PER,2,1839,93064,3.90,0,0.0100,0.00060,126.8
DQN_PER_seed_2_1790610661,DQN_PER,2,1840,93118,4.30,0,0.0100,0.00073,126.8
DQN_PER_seed_2_1790610661,DQN_PER,2,1841,93173,4.40,0,0.0100,0.00068,126.9
DQN_PER_seed_2_1790610661,DQN_PER,2,1842,93227,4.30,0,0.0100,0.00070,127.0
DQN_PER_seed_2_1790610661,DQN_PER,2,1843,93283,4.50,0,0.0100,0.00058,127.1
DQN_PER_seed_2_1790610661,DQN_PER,2,1844,93333,3.90,0,0.0100,0.00082,127.1
DQN_PER_seed_2_1790610661,DQN_PER,2,1845,93389,4.50,0,0.0100,0.00067,127.2
DQN_PER_seed_2_1790610661,DQN_PER,2,1846,93443,4.30,0,0.0100,0.00079,127.3
DQN_PER_seed_2_1790610661,DQN_PER,2,1847,93499,4.50,0,0.0100,0.00107,127.4
DQN_PER_seed_2_1790610661,DQN_PER,2,1848,93549,3.90,0,0.0100,0.00086,127.5
DQN_PER_seed_2_1790610661,DQN_PER,2,1849,93599,3.90,0,0.0100,0.00064,127.5
DQN_PER_seed_2_1790610661,DQN_PER,2,1850,93658,4.80,0,0.0100,0.00073,127.6
DQN_PER_seed_2_1790610661,DQN_PER,2,1851,93717,4.80,0,0.0100,0.00051,127.7
DQN_PER_seed_2_1790610661,DQN_PER,2,1852,93767,3.90,0,0.0100,0.00087,127.8
DQN_PER_seed_2_1790610661,DQN_PER,2,1853,93821,4.30,0,0.0100,0.00125,127.9
DQN_PER_seed_2_1790610661,DQN_PER,2,1854,93871,3.90,0,0.0100,0.00099,127.9
DQN_PER_seed_2_1790610661,DQN_PER,2,1855,93930,4.80,0,0.0100,0.00066,128.0
DQN_PER_seed_2_1790610661,DQN_PER,2,1856,93983,4.20,0,0.0100,0.00057,128.1
DQN_PER_seed_2_1790610661,DQN_PER,2,1857,94040,4.60,0,0.0100,0.00066,128.2
DQN_PER_seed_2_1790610661,DQN_PER,2,1858,94092,4.10,0,0.0100,0.00088,128.3
DQN_PER_seed_2_1790610661,DQN_PER,2,1859,94148,4.50,0,0.0100,0.00146,128.4
DQN_PER_seed_2_1790610661,DQN_PER,2,1860,94198,3.90,0,0.0100,0.00086,128.4
DQN_PER_seed_2_1790610661,DQN_PER,2,1861,94251,4.20,0,0.0100,0.00079,128.5
DQN_PER_seed_2_1790610661,DQN_PER,2,1862,94304,4.20,0,0.0100,0.00100,128.6
DQN_PER_seed_2_1790610661,DQN_PER,2,1863,94354,3.90,0,0.0100,0.00084,128.7
DQN_PER_seed_2_1790610661,DQN_PER,2,1864,94409,4.40,0,0.0100,0.00095,128.7
DQN_PER_seed_2_1790610661,DQN_PER,2,1865,94459,3.90,0,0.0100,0.00082,128.8
DQN_PER_seed_2_1790610661,DQN_PER,2,1866,94509,3.90,0,0.0100,0.00076,128.9
DQN_PER_seed_2_1790610661,DQN_PER,2,1867,94559,3.90,0,0.0100,0.00100,129.0
DQN_PER_seed_2_1790610661,DQN_PER,2,1868,94609,3.90,0,0.0100,0.00128,129.0
DQN_PER_seed_2_1790610661,DQN_PER,2,1869,94669,4.90,0,0.0100,0.00095,129.1
DQN_PER_seed_2_1790610661,DQN_PER,2,1870,94729,4.90,0,0.0100,0.00073,129.2
DQN_PER_seed_2_1790610661,DQN_PER,2,1871,94779,3.90,0,0.0100,0.00058,129.3
DQN_PER_seed_2_1790610661,DQN_PER,2,1872,94829,3.90,0,0.0100,0.00064,129.4
DQN_PER_seed_2_1790610661,DQN_PER,2,1873,94887,4.70,0,0.0100,0.00074,129.4
DQN_PER_seed_2_1790610661,DQN_PER,2,1874,94937,3.90,0,0.0100,0.00089,129.5
DQN_PER_seed_2_1790610661,DQN_PER,2,1875,94987,3.90,0,0.0100,0.00140,129.6
DQN_PER_seed_2_1790610661,DQN_PER,2,1876,95037,3.90,0,0.0100,0.00098,129.7
DQN_PER_seed_2_1790610661,DQN_PER,2,1877,95087,3.90,0,0.0100,0.00068,129.8
DQN_PER_seed_2_1790610661,DQN_PER,2,1878,95137,3.90,0,0.0100,0.00076,129.9
DQN_PER_seed_2_1790610661,DQN_PER,2,1879,95187,3.90,0,0.0100,0.00056,129.9
DQN_PER_seed_2_1790610661,DQN_PER,2,1880,95237,3.90,0,0.0100,0.00067,130.0
DQN_PER_seed_2_1790610661,DQN_PER,2,1881,95287,3.90,0,0.0100,0.00069,130.1
DQN_PER_seed_2_1790610661,DQN_PER,2,1882,95337,3.90,0,0.0100,0.00055,130.2
DQN_PER_seed_2_1790610661,DQN_PER,2,1883,95387,-1.50,0,0.0100,0.00124,130.2
DQN_PER_seed_2_1790610661,DQN_PER,2,1884,95437,3.90,0,0.0100,0.00175,130.3
DQN_PER_seed_2_1790610661,DQN_PER,2,1885,95487,3.90,0,0.0100,0.00338,130.4
DQN_PER_seed_2_1790610661,DQN_PER,2,1886,95537,3.90,0,0.0100,0.00158,130.5
DQN_PER_seed_2_1790610661,DQN_PER,2,1887,95587,3.90,0,0.0100,0.00072,130.5
DQN_PER_seed_2_1790610661,DQN_PER,2,1888,95637,3.90,0,0.0100,0.00060,130.6
DQN_PER_seed_2_1790610661,DQN_PER,2,1889,95687,3.90,0,0.0100,0.00060,130.7
DQN_PER_seed_2_1790610661,DQN_PER,2,1890,95737,3.90,0,0.0100,0.00038,130.8
DQN_PER_seed_2_1790610661,DQN_PER,2,1891,95787,3.90,0,0.0100,0.00053,130.8
DQN_PER_seed_2_1790610661,DQN_PER,2,1892,95837,3.90,0,0.0100,0.00067,130.9
DQN_PER_seed_2_1790610661,DQN_PER,2,1893,95887,3.90,0,0.0100,0.00090,131.0
DQN_PER_seed_2_1790610661,DQN_PER,2,1894,95937,3.90,0,0.0100,0.00117,131.1
DQN_PER_seed_2_1790610661,DQN_PER,2,1895,95987,3.90,0,0.0100,0.00061,131.1
DQN_PER_seed_2_1790610661,DQN_PER,2,1896,96037,3.90,0,0.0100,0.00082,131.2
DQN_PER_seed_2_1790610661,DQN_PER,2,1897,96087,3.90,0,0.0100,0.00082,131.3
DQN_PER_seed_2_1790610661,DQN_PER,2,1898,96141,4.30,0,0.0100,0.00063,131.4
DQN_PER_seed_2_1790610661,DQN_PER,2,1899,96191,3.90,0,0.0100,0.00149,131.4
DQN_PER_seed_2_1790610661,DQN_PER,2,1900,96241,3.90,0,0.0100,0.00337,131.5
DQN_PER_seed_2_1790610661,DQN_PER,2,1901,96291,3.90,0,0.0100,0.00179,131.6
DQN_PER_seed_2_1790610661,DQN_PER,2,1902,96345,4.30,0,0.0100,0.00066,131.7
DQN_PER_seed_2_1790610661,DQN_PER,2,1903,96395,3.90,0,0.0100,0.00068,131.7
DQN_PER_seed_2_1790610661,DQN_PER,2,1904,96445,3.90,0,0.0100,0.00067,131.8
DQN_PER_seed_2_1790610661,DQN_PER,2,1905,96495,3.90,0,0.0100,0.00065,131.9
DQN_PER_seed_2_1790610661,DQN_PER,2,1906,96545,3.90,0,0.0100,0.00082,132.0
DQN_PER_seed_2_1790610661,DQN_PER,2,1907,96596,4.00,0,0.0100,0.00114,132.0
DQN_PER_seed_2_1790610661,DQN_PER,2,1908,96650,4.30,0,0.0100,0.00068,132.1
DQN_PER_seed_2_1790610661,DQN_PER,2,1909,96700,3.90,0,0.0100,0.00050,132.2
DQN_PER_seed_2_1790610661,DQN_PER,2,1910,96750,3.90,0,0.0100,0.00097,132.3
DQN_PER_seed_2_1790610661,DQN_PER,2,1911,96800,3.90,0,0.0100,0.00062,132.3
DQN_PER_seed_2_1790610661,DQN_PER,2,1912,96850,3.90,0,0.0100,0.00043,132.4
DQN_PER_seed_2_1790610661,DQN_PER,2,1913,96900,3.90,0,0.0100,0.00051,132.5
DQN_PER_seed_2_1790610661,DQN_PER,2,1914,96952,4.10,0,0.0100,0.00053,132.6
DQN_PER_seed_2_1790610661,DQN_PER,2,1915,97002,3.90,0,0.0100,0.00091,132.6
DQN_PER_seed_2_1790610661,DQN_PER,2,1916,97052,3.90,0,0.0100,0.00076,132.7
DQN_PER_seed_2_1790610661,DQN_PER,2,1917,97111,4.80,0,0.0100,0.00080,132.8
DQN_PER_seed_2_1790610661,DQN_PER,2,1918,97167,4.50,0,0.0100,0.00058,132.9
DQN_PER_seed_2_1790610661,DQN_PER,2,1919,97223,4.50,0,0.0100,0.00072,133.0
DQN_PER_seed_2_1790610661,DQN_PER,2,1920,97273,3.90,0,0.0100,0.00069,133.1
DQN_PER_seed_2_1790610661,DQN_PER,2,1921,97331,4.70,0,0.0100,0.00072,133.1
DQN_PER_seed_2_1790610661,DQN_PER,2,1922,97381,3.90,0,0.0100,0.00080,133.2
DQN_PER_seed_2_1790610661,DQN_PER,2,1923,97431,3.90,0,0.0100,0.00075,133.3
DQN_PER_seed_2_1790610661,DQN_PER,2,1924,97490,4.80,0,0.0100,0.00075,133.4
DQN_PER_seed_2_1790610661,DQN_PER,2,1925,97540,3.90,0,0.0100,0.00088,133.5
DQN_PER_seed_2_1790610661,DQN_PER,2,1926,97590,3.90,0,0.0100,0.00129,133.5
DQN_PER_seed_2_1790610661,DQN_PER,2,1927,97645,4.40,0,0.0100,0.00092,133.6
DQN_PER_seed_2_1790610661,DQN_PER,2,1928,97695,3.90,0,0.0100,0.00079,133.7
DQN_PER_seed_2_1790610661,DQN_PER,2,1929,97745,3.90,0,0.0100,0.00060,133.8
DQN_PER_seed_2_1790610661,DQN_PER,2,1930,97803,4.70,0,0.0100,0.00073,133.8
DQN_PER_seed_2_1790610661,DQN_PER,2,1931,97834,2.00,0,0.0100,0.00201,133.9
DQN_PER_seed_2_1790610661,DQN_PER,2,1932,97893,4.80,0,0.0100,0.00207,134.0
DQN_PER_seed_2_1790610661,DQN_PER,2,1933,97950,4.60,0,0.0100,0.00103,134.1
DQN_PER_seed_2_1790610661,DQN_PER,2,1934,98002,4.10,0,0.0100,0.00079,134.1
DQN_PER_seed_2_1790610661,DQN_PER,2,1935,98054,4.10,0,0.0100,0.00062,134.2
DQN_PER_seed_2_1790610661,DQN_PER,2,1936,98104,3.90,0,0.0100,0.00099,134.3
DQN_PER_seed_2_1790610661,DQN_PER,2,1937,98154,3.90,0,0.0100,0.00099,134.4
DQN_PER_seed_2_1790610661,DQN_PER,2,1938,98204,3.90,0,0.0100,0.00071,134.4
DQN_PER_seed_2_1790610661,DQN_PER,2,1939,98254,3.90,0,0.0100,0.00115,134.5
DQN_PER_seed_2_1790610661,DQN_PER,2,1940,98306,4.10,0,0.0100,0.00177,134.6
DQN_PER_seed_2_1790610661,DQN_PER,2,1941,98361,4.40,0,0.0100,0.00076,134.7
DQN_PER_seed_2_1790610661,DQN_PER,2,1942,98411,3.90,0,0.0100,0.00076,134.7
DQN_PER_seed_2_1790610661,DQN_PER,2,1943,98461,3.90,0,0.0100,0.00052,134.8
DQN_PER_seed_2_1790610661,DQN_PER,2,1944,98511,3.90,0,0.0100,0.00079,134.9
DQN_PER_seed_2_1790610661,DQN_PER,2,1945,98561,3.90,0,0.0100,0.00059,135.0
DQN_PER_seed_2_1790610661,DQN_PER,2,1946,98616,4.40,0,0.0100,0.00059,135.1
DQN_PER_seed_2_1790610661,DQN_PER,2,1947,98666,3.90,0,0.0100,0.00066,135.1
DQN_PER_seed_2_1790610661,DQN_PER,2,1948,98716,3.90,0,0.0100,0.00095,135.2
DQN_PER_seed_2_1790610661,DQN_PER,2,1949,98766,3.90,0,0.0100,0.00134,135.3
DQN_PER_seed_2_1790610661,DQN_PER,2,1950,98822,4.50,0,0.0100,0.00181,135.4
DQN_PER_seed_2_1790610661,DQN_PER,2,1951,98872,3.90,0,0.0100,0.00067,135.4
DQN_PER_seed_2_1790610661,DQN_PER,2,1952,98923,4.00,0,0.0100,0.00055,135.5
DQN_PER_seed_2_1790610661,DQN_PER,2,1953,98973,3.90,0,0.0100,0.00066,135.6
DQN_PER_seed_2_1790610661,DQN_PER,2,1954,99023,3.90,0,0.0100,0.00079,135.7
DQN_PER_seed_2_1790610661,DQN_PER,2,1955,99077,4.30,0,0.0100,0.00064,135.7
DQN_PER_seed_2_1790610661,DQN_PER,2,1956,99127,3.90,0,0.0100,0.00051,135.8
DQN_PER_seed_2_1790610661,DQN_PER,2,1957,99177,3.90,0,0.0100,0.00075,135.9
DQN_PER_seed_2_1790610661,DQN_PER,2,1958,99227,3.90,0,0.0100,0.00043,136.0
DQN_PER_seed_2_1790610661,DQN_PER,2,1959,99285,4.70,0,0.0100,0.00060,136.0
DQN_PER_seed_2_1790610661,DQN_PER,2,1960,99335,3.90,0,0.0100,0.00065,136.1
DQN_PER_seed_2_1790610661,DQN_PER,2,1961,99394,4.80,0,0.0100,0.00068,136.2
DQN_PER_seed_2_1790610661,DQN_PER,2,1962,99444,3.90,0,0.0100,0.00041,136.3
DQN_PER_seed_2_1790610661,DQN_PER,2,1963,99494,3.90,0,0.0100,0.00048,136.4
DQN_PER_seed_2_1790610661,DQN_PER,2,1964,99544,3.90,0,0.0100,0.00052,136.4
DQN_PER_seed_2_1790610661,DQN_PER,2,1965,99599,4.40,0,0.0100,0.00082,136.5
DQN_PER_seed_2_1790610661,DQN_PER,2,1966,99649,3.90,0,0.0100,0.00071,136.6
DQN_PER_seed_2_1790610661,DQN_PER,2,1967,99700,4.00,0,0.0100,0.00054,136.7
DQN_PER_seed_2_1790610661,DQN_PER,2,1968,99750,3.90,0,0.0100,0.00083,136.7
DQN_PER_seed_2_1790610661,DQN_PER,2,1969,99803,4.20,0,0.0100,0.00092,136.8
DQN_PER_seed_2_1790610661,DQN_PER,2,1970,99853,3.90,0,0.0100,0.00050,136.9
DQN_PER_seed_2_1790610661,DQN_PER,2,1971,99903,3.90,0,0.0100,0.00050,137.0
DQN_PER_seed_2_1790610661,DQN_PER,2,1972,99953,3.90,0,0.0100,0.00058,137.0
DQN_PER_seed_2_1790610661,DQN_PER,2,1973,100003,3.90,0,0.0100,0.00099,137.2
DQN_PER_seed_2_1790610661,DQN_PER,2,1974,100053,3.90,0,0.0100,0.00100,137.3
DQN_PER_seed_2_1790610661,DQN_PER,2,1975,100108,4.40,0,0.0100,0.00068,137.4
DQN_PER_seed_2_1790610661,DQN_PER,2,1976,100158,3.90,0,0.0100,0.00051,137.4
DQN_PER_seed_2_1790610661,DQN_PER,2,1977,100208,3.90,0,0.0100,0.00057,137.5
DQN_PER_seed_2_1790610661,DQN_PER,2,1978,100258,3.90,0,0.0100,0.00055,137.6
DQN_PER_seed_2_1790610661,DQN_PER,2,1979,100308,3.90,0,0.0100,0.00056,137.7
DQN_PER_seed_2_1790610661,DQN_PER,2,1980,100358,3.90,0,0.0100,0.00052,137.7
DQN_PER_seed_2_1790610661,DQN_PER,2,1981,100413,4.40,0,0.0100,0.00056,137.8
DQN_PER_seed_2_1790610661,DQN_PER,2,1982,100463,3.90,0,0.0100,0.00054,137.9
DQN_PER_seed_2_1790610661,DQN_PER,2,1983,100516,4.20,0,0.0100,0.00061,138.0
DQN_PER_seed_2_1790610661,DQN_PER,2,1984,100566,3.90,0,0.0100,0.00100,138.0
DQN_PER_seed_2_1790610661,DQN_PER,2,1985,100616,3.90,0,0.0100,0.00066,138.1
DQN_PER_seed_2_1790610661,DQN_PER,2,1986,100666,3.90,0,0.0100,0.00143,138.2
DQN_PER_seed_2_1790610661,DQN_PER,2,1987,100721,4.40,0,0.0100,0.00165,138.3
DQN_PER_seed_2_1790610661,DQN_PER,2,1988,100771,3.90,0,0.0100,0.00074,138.3
DQN_PER_seed_2_1790610661,DQN_PER,2,1989,100821,3.90,0,0.0100,0.00120,138.4
DQN_PER_seed_2_1790610661,DQN_PER,2,1990,100871,3.90,0,0.0100,0.00057,138.5
DQN_PER_seed_2_1790610661,DQN_PER,2,1991,100921,3.90,0,0.0100,0.00069,138.6
DQN_PER_seed_2_1790610661,DQN_PER,2,1992,100971,3.90,0,0.0100,0.00113,138.6
DQN_PER_seed_2_1790610661,DQN_PER,2,1993,101021,-4.50,0,0.0100,0.00090,138.7
DQN_PER_seed_2_1790610661,DQN_PER,2,1994,101071,3.90,0,0.0100,0.00072,138.8
DQN_PER_seed_2_1790610661,DQN_PER,2,1995,101121,3.90,0,0.0100,0.00080,138.9
DQN_PER_seed_2_1790610661,DQN_PER,2,1996,101174,4.20,0,0.0100,0.00060,138.9
DQN_PER_seed_2_1790610661,DQN_PER,2,1997,101224,3.90,0,0.0100,0.00047,139.0
DQN_PER_seed_2_1790610661,DQN_PER,2,1998,101280,4.50,0,0.0100,0.00086,139.1
DQN_PER_seed_2_1790610661,DQN_PER,2,1999,101330,3.90,0,0.0100,0.00073,139.2
DQN_PER_seed_2_1790610661,DQN_PER,2,2000,101388,4.70,0,0.0100,0.00076,139.3
DQN_PER_seed_2_1790610661,DQN_PER,2,2001,101445,4.60,0,0.0100,0.00060,139.3
DQN_PER_seed_2_1790610661,DQN_PER,2,2002,101500,4.40,0,0.0100,0.00086,139.4
DQN_PER_seed_2_1790610661,DQN_PER,2,2003,101551,4.00,0,0.0100,0.00059,139.5
DQN_PER_seed_2_1790610661,DQN_PER,2,2004,101601,3.90,0,0.0100,0.00072,139.6
DQN_PER_seed_2_1790610661,DQN_PER,2,2005,101656,4.40,0,0.0100,0.00052,139.7
DQN_PER_seed_2_1790610661,DQN_PER,2,2006,101706,3.90,0,0.0100,0.00077,139.7
DQN_PER_seed_2_1790610661,DQN_PER,2,2007,101743,2.60,0,0.0100,0.00067,139.8
DQN_PER_seed_2_1790610661,DQN_PER,2,2008,101793,3.90,0,0.0100,0.00088,139.9
DQN_PER_seed_2_1790610661,DQN_PER,2,2009,101851,4.70,0,0.0100,0.00061,139.9
DQN_PER_seed_2_1790610661,DQN_PER,2,2010,101901,3.90,0,0.0100,0.00068,140.0
DQN_PER_seed_2_1790610661,DQN_PER,2,2011,101956,4.40,0,0.0100,0.00049,140.1
DQN_PER_seed_2_1790610661,DQN_PER,2,2012,102006,3.90,0,0.0100,0.00054,140.2
DQN_PER_seed_2_1790610661,DQN_PER,2,2013,102056,3.90,0,0.0100,0.00059,140.3
DQN_PER_seed_2_1790610661,DQN_PER,2,2014,102108,4.10,0,0.0100,0.00086,140.3
DQN_PER_seed_2_1790610661,DQN_PER,2,2015,102158,3.90,0,0.0100,0.00059,140.4
DQN_PER_seed_2_1790610661,DQN_PER,2,2016,102208,3.90,0,0.0100,0.00082,140.5
DQN_PER_seed_2_1790610661,DQN_PER,2,2017,102258,3.90,0,0.0100,0.00111,140.6
DQN_PER_seed_2_1790610661,DQN_PER,2,2018,102308,3.90,0,0.0100,0.00074,140.6
DQN_PER_seed_2_1790610661,DQN_PER,2,2019,102358,3.90,0,0.0100,0.00068,140.7
DQN_PER_seed_2_1790610661,DQN_PER,2,2020,102408,3.90,0,0.0100,0.00048,140.8
DQN_PER_seed_2_1790610661,DQN_PER,2,2021,102458,3.90,0,0.0100,0.00054,140.8
DQN_PER_seed_2_1790610661,DQN_PER,2,2022,102508,3.90,0,0.0100,0.00060,140.9
DQN_PER_seed_2_1790610661,DQN_PER,2,2023,102558,3.90,0,0.0100,0.00055,141.0
DQN_PER_seed_2_1790610661,DQN_PER,2,2024,102609,4.00,0,0.0100,0.00067,141.1
DQN_PER_seed_2_1790610661,DQN_PER,2,2025,102669,4.90,0,0.0100,0.00049,141.2
DQN_PER_seed_2_1790610661,DQN_PER,2,2026,102719,3.90,0,0.0100,0.00062,141.2
DQN_PER_seed_2_1790610661,DQN_PER,2,2027,102773,4.30,0,0.0100,0.00049,141.3
DQN_PER_seed_2_1790610661,DQN_PER,2,2028,102823,3.90,0,0.0100,0.00051,141.4
DQN_PER_seed_2_1790610661,DQN_PER,2,2029,102877,4.30,0,0.0100,0.00059,141.5
DQN_PER_seed_2_1790610661,DQN_PER,2,2030,102927,3.90,0,0.0100,0.00079,141.5
DQN_PER_seed_2_1790610661,DQN_PER,2,2031,102983,4.50,0,0.0100,0.00056,141.6
DQN_PER_seed_2_1790610661,DQN_PER,2,2032,103033,3.90,0,0.0100,0.00042,141.7
DQN_PER_seed_2_1790610661,DQN_PER,2,2033,103083,3.90,0,0.0100,0.00046,141.8
DQN_PER_seed_2_1790610661,DQN_PER,2,2034,103133,3.90,0,0.0100,0.00039,141.8
DQN_PER_seed_2_1790610661,DQN_PER,2,2035,103166,2.20,0,0.0100,0.00041,141.9
DQN_PER_seed_2_1790610661,DQN_PER,2,2036,103217,4.00,0,0.0100,0.00054,142.0
DQN_PER_seed_2_1790610661,DQN_PER,2,2037,103267,3.90,0,0.0100,0.00050,142.0
DQN_PER_seed_2_1790610661,DQN_PER,2,2038,103323,4.50,0,0.0100,0.00054,142.1
DQN_PER_seed_2_1790610661,DQN_PER,2,2039,103373,3.90,0,0.0100,0.00067,142.2
DQN_PER_seed_2_1790610661,DQN_PER,2,2040,103430,4.60,0,0.0100,0.00083,142.3
DQN_PER_seed_2_1790610661,DQN_PER,2,2041,103484,4.30,0,0.0100,0.00070,142.4
DQN_PER_seed_2_1790610661,DQN_PER,2,2042,103543,4.80,0,0.0100,0.00076,142.5
DQN_PER_seed_2_1790610661,DQN_PER,2,2043,103593,3.90,0,0.0100,0.00052,142.5
DQN_PER_seed_2_1790610661,DQN_PER,2,2044,103651,4.70,0,0.0100,0.00070,142.6
DQN_PER_seed_2_1790610661,DQN_PER,2,2045,103701,3.90,0,0.0100,0.00059,142.7
DQN_PER_seed_2_1790610661,DQN_PER,2,2046,103757,4.50,0,0.0100,0.00046,142.8
DQN_PER_seed_2_1790610661,DQN_PER,2,2047,103807,3.90,0,0.0100,0.00065,142.8
DQN_PER_seed_2_1790610661,DQN_PER,2,2048,103863,4.50,0,0.0100,0.00074,142.9
DQN_PER_seed_2_1790610661,DQN_PER,2,2049,103916,4.20,0,0.0100,0.00070,143.0
DQN_PER_seed_2_1790610661,DQN_PER,2,2050,103967,4.00,0,0.0100,0.00082,143.1
DQN_PER_seed_2_1790610661,DQN_PER,2,2051,104017,3.90,0,0.0100,0.00065,143.2
DQN_PER_seed_2_1790610661,DQN_PER,2,2052,104067,3.90,0,0.0100,0.00064,143.2
DQN_PER_seed_2_1790610661,DQN_PER,2,2053,104119,4.10,0,0.0100,0.00070,143.3
DQN_PER_seed_2_1790610661,DQN_PER,2,2054,104169,3.90,0,0.0100,0.00051,143.4
DQN_PER_seed_2_1790610661,DQN_PER,2,2055,104219,3.90,0,0.0100,0.00109,143.5
DQN_PER_seed_2_1790610661,DQN_PER,2,2056,104276,4.60,0,0.0100,0.00135,143.5
DQN_PER_seed_2_1790610661,DQN_PER,2,2057,104333,4.60,0,0.0100,0.00075,143.6
DQN_PER_seed_2_1790610661,DQN_PER,2,2058,104383,3.90,0,0.0100,0.00049,143.7
DQN_PER_seed_2_1790610661,DQN_PER,2,2059,104433,3.90,0,0.0100,0.00045,143.8
DQN_PER_seed_2_1790610661,DQN_PER,2,2060,104483,3.90,0,0.0100,0.00058,143.9
DQN_PER_seed_2_1790610661,DQN_PER,2,2061,104536,4.20,0,0.0100,0.00041,143.9
DQN_PER_seed_2_1790610661,DQN_PER,2,2062,104586,3.90,0,0.0100,0.00039,144.0
DQN_PER_seed_2_1790610661,DQN_PER,2,2063,104636,3.90,0,0.0100,0.00053,144.1
DQN_PER_seed_2_1790610661,DQN_PER,2,2064,104686,3.90,0,0.0100,0.00054,144.1
DQN_PER_seed_2_1790610661,DQN_PER,2,2065,104738,4.10,0,0.0100,0.00059,144.2
DQN_PER_seed_2_1790610661,DQN_PER,2,2066,104788,3.90,0,0.0100,0.00053,144.3
DQN_PER_seed_2_1790610661,DQN_PER,2,2067,104838,3.90,0,0.0100,0.00041,144.4
DQN_PER_seed_2_1790610661,DQN_PER,2,2068,104897,4.80,0,0.0100,0.00066,144.5
DQN_PER_seed_2_1790610661,DQN_PER,2,2069,104952,4.40,0,0.0100,0.00334,144.5
DQN_PER_seed_2_1790610661,DQN_PER,2,2070,105002,3.90,0,0.0100,0.00164,144.7
DQN_PER_seed_2_1790610661,DQN_PER,2,2071,105055,4.20,0,0.0100,0.00092,144.8
DQN_PER_seed_2_1790610661,DQN_PER,2,2072,105112,4.60,0,0.0100,0.00045,144.9
DQN_PER_seed_2_1790610661,DQN_PER,2,2073,105163,4.00,0,0.0100,0.00031,144.9
DQN_PER_seed_2_1790610661,DQN_PER,2,2074,105214,4.00,0,0.0100,0.00049,145.0
DQN_PER_seed_2_1790610661,DQN_PER,2,2075,105264,3.90,0,0.0100,0.00078,145.1
DQN_PER_seed_2_1790610661,DQN_PER,2,2076,105316,4.10,0,0.0100,0.00047,145.2
DQN_PER_seed_2_1790610661,DQN_PER,2,2077,105366,-5.70,0,0.0100,0.00059,145.2
DQN_PER_seed_2_1790610661,DQN_PER,2,2078,105424,4.70,0,0.0100,0.00157,145.3
DQN_PER_seed_2_1790610661,DQN_PER,2,2079,105476,4.10,0,0.0100,0.00094,145.4
DQN_PER_seed_2_1790610661,DQN_PER,2,2080,105532,4.50,0,0.0100,0.00060,145.5
DQN_PER_seed_2_1790610661,DQN_PER,2,2081,105582,3.90,0,0.0100,0.00046,145.6
DQN_PER_seed_2_1790610661,DQN_PER,2,2082,105634,4.10,0,0.0100,0.00053,145.6
DQN_PER_seed_2_1790610661,DQN_PER,2,2083,105687,4.20,0,0.0100,0.00065,145.7
DQN_PER_seed_2_1790610661,DQN_PER,2,2084,105737,3.90,0,0.0100,0.00085,145.8
DQN_PER_seed_2_1790610661,DQN_PER,2,2085,105787,3.90,0,0.0100,0.00050,145.9
DQN_PER_seed_2_1790610661,DQN_PER,2,2086,105837,3.90,0,0.0100,0.00042,145.9
DQN_PER_seed_2_1790610661,DQN_PER,2,2087,105887,3.90,0,0.0100,0.00037,146.0
DQN_PER_seed_2_1790610661,DQN_PER,2,2088,105939,4.10,0,0.0100,0.00043,146.1
DQN_PER_seed_2_1790610661,DQN_PER,2,2089,105989,3.90,0,0.0100,0.00045,146.2
DQN_PER_seed_2_1790610661,DQN_PER,2,2090,106045,4.50,0,0.0100,0.00058,146.2
DQN_PER_seed_2_1790610661,DQN_PER,2,2091,106100,4.40,0,0.0100,0.00094,146.3
DQN_PER_seed_2_1790610661,DQN_PER,2,2092,106150,3.90,0,0.0100,0.00057,146.4
DQN_PER_seed_2_1790610661,DQN_PER,2,2093,106204,4.30,0,0.0100,0.00049,146.5
DQN_PER_seed_2_1790610661,DQN_PER,2,2094,106254,3.90,0,0.0100,0.00068,146.6
DQN_PER_seed_2_1790610661,DQN_PER,2,2095,106304,3.90,0,0.0100,0.00086,146.6
DQN_PER_seed_2_1790610661,DQN_PER,2,2096,106354,3.90,0,0.0100,0.00049,146.7
DQN_PER_seed_2_1790610661,DQN_PER,2,2097,106404,3.90,0,0.0100,0.00046,146.8
DQN_PER_seed_2_1790610661,DQN_PER,2,2098,106460,4.50,0,0.0100,0.00049,146.9
DQN_PER_seed_2_1790610661,DQN_PER,2,2099,106510,3.90,0,0.0100,0.00052,146.9
DQN_PER_seed_2_1790610661,DQN_PER,2,2100,106560,3.90,0,0.0100,0.00068,147.0
DQN_PER_seed_2_1790610661,DQN_PER,2,2101,106610,3.90,0,0.0100,0.00069,147.1
DQN_PER_seed_2_1790610661,DQN_PER,2,2102,106660,3.90,0,0.0100,0.00059,147.2
DQN_PER_seed_2_1790610661,DQN_PER,2,2103,106710,3.90,0,0.0100,0.00043,147.2
DQN_PER_seed_2_1790610661,DQN_PER,2,2104,106760,3.90,0,0.0100,0.00042,147.3
DQN_PER_seed_2_1790610661,DQN_PER,2,2105,106810,3.90,0,0.0100,0.00055,147.4
DQN_PER_seed_2_1790610661,DQN_PER,2,2106,106864,4.30,0,0.0100,0.00045,147.5
DQN_PER_seed_2_1790610661,DQN_PER,2,2107,106921,4.60,0,0.0100,0.00061,147.5
DQN_PER_seed_2_1790610661,DQN_PER,2,2108,106971,3.90,0,0.0100,0.00067,147.6
DQN_PER_seed_2_1790610661,DQN_PER,2,2109,107021,3.90,0,0.0100,0.00055,147.7
DQN_PER_seed_2_1790610661,DQN_PER,2,2110,107073,4.10,0,0.0100,0.00055,147.8
DQN_PER_seed_2_1790610661,DQN_PER,2,2111,107131,4.70,0,0.0100,0.00057,147.9
DQN_PER_seed_2_1790610661,DQN_PER,2,2112,107181,3.90,0,0.0100,0.00053,147.9
DQN_PER_seed_2_1790610661,DQN_PER,2,2113,107231,3.90,0,0.0100,0.00044,148.0
DQN_PER_seed_2_1790610661,DQN_PER,2,2114,107284,4.20,0,0.0100,0.00053,148.1
DQN_PER_seed_2_1790610661,DQN_PER,2,2115,107340,4.50,0,0.0100,0.00042,148.2
DQN_PER_seed_2_1790610661,DQN_PER,2,2116,107390,3.90,0,0.0100,0.00062,148.2
DQN_PER_seed_2_1790610661,DQN_PER,2,2117,107440,3.90,0,0.0100,0.00068,148.3
DQN_PER_seed_2_1790610661,DQN_PER,2,2118,107490,3.90,0,0.0100,0.00095,148.4
DQN_PER_seed_2_1790610661,DQN_PER,2,2119,107541,4.00,0,0.0100,0.00072,148.5
DQN_PER_seed_2_1790610661,DQN_PER,2,2120,107597,4.50,0,0.0100,0.00082,148.6
DQN_PER_seed_2_1790610661,DQN_PER,2,2121,107653,4.50,0,0.0100,0.00047,148.6
DQN_PER_seed_2_1790610661,DQN_PER,2,2122,107704,4.00,0,0.0100,0.00069,148.7
DQN_PER_seed_2_1790610661,DQN_PER,2,2123,107761,4.60,0,0.0100,0.00046,148.8
DQN_PER_seed_2_1790610661,DQN_PER,2,2124,107811,3.90,0,0.0100,0.00051,148.9
DQN_PER_seed_2_1790610661,DQN_PER,2,2125,107866,4.40,0,0.0100,0.00062,149.0
DQN_PER_seed_2_1790610661,DQN_PER,2,2126,107924,4.70,0,0.0100,0.00050,149.0
DQN_PER_seed_2_1790610661,DQN_PER,2,2127,107974,3.90,0,0.0100,0.00051,149.1
DQN_PER_seed_2_1790610661,DQN_PER,2,2128,108024,3.90,0,0.0100,0.00113,149.2
DQN_PER_seed_2_1790610661,DQN_PER,2,2129,108082,4.70,0,0.0100,0.00116,149.3
DQN_PER_seed_2_1790610661,DQN_PER,2,2130,108132,3.90,0,0.0100,0.00073,149.3
DQN_PER_seed_2_1790610661,DQN_PER,2,2131,108182,3.90,0,0.0100,0.00042,149.4
DQN_PER_seed_2_1790610661,DQN_PER,2,2132,108232,3.90,0,0.0100,0.00062,149.5
DQN_PER_seed_2_1790610661,DQN_PER,2,2133,108282,3.90,0,0.0100,0.00079,149.6
DQN_PER_seed_2_1790610661,DQN_PER,2,2134,108332,3.90,0,0.0100,0.00083,149.6
DQN_PER_seed_2_1790610661,DQN_PER,2,2135,108386,4.30,0,0.0100,0.00065,149.7
DQN_PER_seed_2_1790610661,DQN_PER,2,2136,108440,4.30,0,0.0100,0.00054,149.8
DQN_PER_seed_2_1790610661,DQN_PER,2,2137,108490,3.90,0,0.0100,0.00049,149.9
DQN_PER_seed_2_1790610661,DQN_PER,2,2138,108540,3.90,0,0.0100,0.00054,150.0
DQN_PER_seed_2_1790610661,DQN_PER,2,2139,108590,3.90,0,0.0100,0.00051,150.0
DQN_PER_seed_2_1790610661,DQN_PER,2,2140,108640,3.90,0,0.0100,0.00048,150.1
DQN_PER_seed_2_1790610661,DQN_PER,2,2141,108697,4.60,0,0.0100,0.00093,150.2
DQN_PER_seed_2_1790610661,DQN_PER,2,2142,108747,3.90,0,0.0100,0.00066,150.3
DQN_PER_seed_2_1790610661,DQN_PER,2,2143,108797,3.90,0,0.0100,0.00066,150.3
DQN_PER_seed_2_1790610661,DQN_PER,2,2144,108850,4.20,0,0.0100,0.00052,150.4
DQN_PER_seed_2_1790610661,DQN_PER,2,2145,108900,3.90,0,0.0100,0.00055,150.5
DQN_PER_seed_2_1790610661,DQN_PER,2,2146,108950,3.90,0,0.0100,0.00073,150.6
DQN_PER_seed_2_1790610661,DQN_PER,2,2147,109000,3.90,0,0.0100,0.00052,150.6
DQN_PER_seed_2_1790610661,DQN_PER,2,2148,109050,3.90,0,0.0100,0.00048,150.7
DQN_PER_seed_2_1790610661,DQN_PER,2,2149,109100,3.90,0,0.0100,0.00046,150.8
DQN_PER_seed_2_1790610661,DQN_PER,2,2150,109150,3.90,0,0.0100,0.00041,150.9
DQN_PER_seed_2_1790610661,DQN_PER,2,2151,109200,3.90,0,0.0100,0.00059,150.9
DQN_PER_seed_2_1790610661,DQN_PER,2,2152,109256,4.50,0,0.0100,0.00051,151.0
DQN_PER_seed_2_1790610661,DQN_PER,2,2153,109312,4.50,0,0.0100,0.00047,151.1
DQN_PER_seed_2_1790610661,DQN_PER,2,2154,109362,3.90,0,0.0100,0.00055,151.2
DQN_PER_seed_2_1790610661,DQN_PER,2,2155,109412,3.90,0,0.0100,0.00069,151.3
DQN_PER_seed_2_1790610661,DQN_PER,2,2156,109469,4.60,0,0.0100,0.00054,151.3
DQN_PER_seed_2_1790610661,DQN_PER,2,2157,109519,3.90,0,0.0100,0.00049,151.4
DQN_PER_seed_2_1790610661,DQN_PER,2,2158,109578,4.80,0,0.0100,0.00065,151.5
DQN_PER_seed_2_1790610661,DQN_PER,2,2159,109635,4.60,0,0.0100,0.00063,151.6
DQN_PER_seed_2_1790610661,DQN_PER,2,2160,109685,3.90,0,0.0100,0.00062,151.7
DQN_PER_seed_2_1790610661,DQN_PER,2,2161,109735,3.90,0,0.0100,0.00051,151.7
DQN_PER_seed_2_1790610661,DQN_PER,2,2162,109785,3.90,0,0.0100,0.00048,151.8
DQN_PER_seed_2_1790610661,DQN_PER,2,2163,109835,3.90,0,0.0100,0.00048,151.9
DQN_PER_seed_2_1790610661,DQN_PER,2,2164,109885,3.90,0,0.0100,0.00039,152.0
DQN_PER_seed_2_1790610661,DQN_PER,2,2165,109935,3.90,0,0.0100,0.00094,152.0
DQN_PER_seed_2_1790610661,DQN_PER,2,2166,109985,3.90,0,0.0100,0.00071,152.1
DQN_PER_seed_2_1790610661,DQN_PER,2,2167,110035,3.90,0,0.0100,0.00043,152.3
DQN_PER_seed_2_1790610661,DQN_PER,2,2168,110085,3.90,0,0.0100,0.00045,152.3
DQN_PER_seed_2_1790610661,DQN_PER,2,2169,110138,4.20,0,0.0100,0.00053,152.4
DQN_PER_seed_2_1790610661,DQN_PER,2,2170,110188,3.90,0,0.0100,0.00043,152.5
DQN_PER_seed_2_1790610661,DQN_PER,2,2171,110238,3.90,0,0.0100,0.00057,152.6
DQN_PER_seed_2_1790610661,DQN_PER,2,2172,110288,3.90,0,0.0100,0.00060,152.6
DQN_PER_seed_2_1790610661,DQN_PER,2,2173,110338,3.90,0,0.0100,0.00066,152.7
DQN_PER_seed_2_1790610661,DQN_PER,2,2174,110395,4.60,0,0.0100,0.00080,152.8
DQN_PER_seed_2_1790610661,DQN_PER,2,2175,110445,3.90,0,0.0100,0.00059,152.9
DQN_PER_seed_2_1790610661,DQN_PER,2,2176,110495,3.90,0,0.0100,0.00206,153.0
DQN_PER_seed_2_1790610661,DQN_PER,2,2177,110554,4.80,0,0.0100,0.00050,153.0
DQN_PER_seed_2_1790610661,DQN_PER,2,2178,110611,4.60,0,0.0100,0.00045,153.1
DQN_PER_seed_2_1790610661,DQN_PER,2,2179,110661,3.90,0,0.0100,0.00044,153.2
DQN_PER_seed_2_1790610661,DQN_PER,2,2180,110718,4.60,0,0.0100,0.00046,153.3
DQN_PER_seed_2_1790610661,DQN_PER,2,2181,110768,3.90,0,0.0100,0.00052,153.4
DQN_PER_seed_2_1790610661,DQN_PER,2,2182,110818,3.90,0,0.0100,0.00221,153.4
DQN_PER_seed_2_1790610661,DQN_PER,2,2183,110868,3.90,0,0.0100,0.00109,153.5
DQN_PER_seed_2_1790610661,DQN_PER,2,2184,110926,4.70,0,0.0100,0.00056,153.6
DQN_PER_seed_2_1790610661,DQN_PER,2,2185,110976,3.90,0,0.0100,0.00037,153.7
DQN_PER_seed_2_1790610661,DQN_PER,2,2186,111026,3.90,0,0.0100,0.00046,153.7
DQN_PER_seed_2_1790610661,DQN_PER,2,2187,111079,4.20,0,0.0100,0.00053,153.8
DQN_PER_seed_2_1790610661,DQN_PER,2,2188,111110,2.00,0,0.0100,0.00048,153.9
DQN_PER_seed_2_1790610661,DQN_PER,2,2189,111160,3.90,0,0.0100,0.00041,153.9
DQN_PER_seed_2_1790610661,DQN_PER,2,2190,111193,2.20,0,0.0100,0.00046,154.0
DQN_PER_seed_2_1790610661,DQN_PER,2,2191,111243,3.90,0,0.0100,0.00049,154.1
DQN_PER_seed_2_1790610661,DQN_PER,2,2192,111293,3.90,0,0.0100,0.00039,154.1
DQN_PER_seed_2_1790610661,DQN_PER,2,2193,111351,4.70,0,0.0100,0.00042,154.2
DQN_PER_seed_2_1790610661,DQN_PER,2,2194,111401,3.90,0,0.0100,0.00045,154.3
DQN_PER_seed_2_1790610661,DQN_PER,2,2195,111453,4.10,0,0.0100,0.00050,154.4
DQN_PER_seed_2_1790610661,DQN_PER,2,2196,111503,3.90,0,0.0100,0.00060,154.5
DQN_PER_seed_2_1790610661,DQN_PER,2,2197,111553,3.90,0,0.0100,0.00052,154.5
DQN_PER_seed_2_1790610661,DQN_PER,2,2198,111603,3.90,0,0.0100,0.00054,154.6
DQN_PER_seed_2_1790610661,DQN_PER,2,2199,111659,4.50,0,0.0100,0.00058,154.7
DQN_PER_seed_2_1790610661,DQN_PER,2,2200,111709,3.90,0,0.0100,0.00048,154.8
DQN_PER_seed_2_1790610661,DQN_PER,2,2201,111759,3.90,0,0.0100,0.00050,154.8
DQN_PER_seed_2_1790610661,DQN_PER,2,2202,111814,4.40,0,0.0100,0.00062,154.9
DQN_PER_seed_2_1790610661,DQN_PER,2,2203,111864,3.90,0,0.0100,0.00048,155.0
DQN_PER_seed_2_1790610661,DQN_PER,2,2204,111895,2.00,0,0.0100,0.00040,155.0
DQN_PER_seed_2_1790610661,DQN_PER,2,2205,111945,3.90,0,0.0100,0.00046,155.1
DQN_PER_seed_2_1790610661,DQN_PER,2,2206,111976,2.00,0,0.0100,0.00047,155.2
DQN_PER_seed_2_1790610661,DQN_PER,2,2207,112026,3.90,0,0.0100,0.00051,155.2
DQN_PER_seed_2_1790610661,DQN_PER,2,2208,112076,3.90,0,0.0100,0.00074,155.3
DQN_PER_seed_2_1790610661,DQN_PER,2,2209,112126,3.90,0,0.0100,0.00063,155.4
DQN_PER_seed_2_1790610661,DQN_PER,2,2210,112177,4.00,0,0.0100,0.00039,155.5
DQN_PER_seed_2_1790610661,DQN_PER,2,2211,112235,4.70,0,0.0100,0.00049,155.5
DQN_PER_seed_2_1790610661,DQN_PER,2,2212,112285,3.90,0,0.0100,0.00053,155.6
DQN_PER_seed_2_1790610661,DQN_PER,2,2213,112335,3.90,0,0.0100,0.00060,155.7
DQN_PER_seed_2_1790610661,DQN_PER,2,2214,112385,3.90,0,0.0100,0.00067,155.8
DQN_PER_seed_2_1790610661,DQN_PER,2,2215,112435,3.90,0,0.0100,0.00055,155.8
DQN_PER_seed_2_1790610661,DQN_PER,2,2216,112485,3.90,0,0.0100,0.00035,155.9
DQN_PER_seed_2_1790610661,DQN_PER,2,2217,112535,3.90,0,0.0100,0.00046,156.0
DQN_PER_seed_2_1790610661,DQN_PER,2,2218,112585,3.90,0,0.0100,0.00057,156.1
DQN_PER_seed_2_1790610661,DQN_PER,2,2219,112635,3.90,0,0.0100,0.00050,156.1
DQN_PER_seed_2_1790610661,DQN_PER,2,2220,112693,4.70,0,0.0100,0.00059,156.2
DQN_PER_seed_2_1790610661,DQN_PER,2,2221,112743,3.90,0,0.0100,0.00071,156.3
DQN_PER_seed_2_1790610661,DQN_PER,2,2222,112795,4.10,0,0.0100,0.00062,156.4
DQN_PER_seed_2_1790610661,DQN_PER,2,2223,112854,4.80,0,0.0100,0.00056,156.5
DQN_PER_seed_2_1790610661,DQN_PER,2,2224,112904,3.90,0,0.0100,0.00055,156.5
DQN_PER_seed_2_1790610661,DQN_PER,2,2225,112954,3.90,0,0.0100,0.00045,156.6
DQN_PER_seed_2_1790610661,DQN_PER,2,2226,113004,3.90,0,0.0100,0.00208,156.7
DQN_PER_seed_2_1790610661,DQN_PER,2,2227,113054,3.90,0,0.0100,0.00199,156.8
DQN_PER_seed_2_1790610661,DQN_PER,2,2228,113104,3.90,0,0.0100,0.00114,156.8
DQN_PER_seed_2_1790610661,DQN_PER,2,2229,113154,3.90,0,0.0100,0.00063,156.9
DQN_PER_seed_2_1790610661,DQN_PER,2,2230,113204,3.90,0,0.0100,0.00058,157.0
DQN_PER_seed_2_1790610661,DQN_PER,2,2231,113254,3.90,0,0.0100,0.00051,157.1
DQN_PER_seed_2_1790610661,DQN_PER,2,2232,113304,3.90,0,0.0100,0.00070,157.1
DQN_PER_seed_2_1790610661,DQN_PER,2,2233,113354,3.90,0,0.0100,0.00069,157.2
DQN_PER_seed_2_1790610661,DQN_PER,2,2234,113410,4.50,0,0.0100,0.00064,157.3
DQN_PER_seed_2_1790610661,DQN_PER,2,2235,113460,3.90,0,0.0100,0.00055,157.4
DQN_PER_seed_2_1790610661,DQN_PER,2,2236,113510,3.90,0,0.0100,0.00061,157.4
DQN_PER_seed_2_1790610661,DQN_PER,2,2237,113560,3.90,0,0.0100,0.00098,157.5
DQN_PER_seed_2_1790610661,DQN_PER,2,2238,113610,3.90,0,0.0100,0.00076,157.6
DQN_PER_seed_2_1790610661,DQN_PER,2,2239,113660,3.90,0,0.0100,0.00084,157.7
DQN_PER_seed_2_1790610661,DQN_PER,2,2240,113710,3.90,0,0.0100,0.00064,157.7
DQN_PER_seed_2_1790610661,DQN_PER,2,2241,113760,3.90,0,0.0100,0.00059,157.8
DQN_PER_seed_2_1790610661,DQN_PER,2,2242,113810,3.90,0,0.0100,0.00066,157.9
DQN_PER_seed_2_1790610661,DQN_PER,2,2243,113860,3.90,0,0.0100,0.00063,158.0
DQN_PER_seed_2_1790610661,DQN_PER,2,2244,113910,3.90,0,0.0100,0.00074,158.0
DQN_PER_seed_2_1790610661,DQN_PER,2,2245,113960,3.90,0,0.0100,0.00072,158.1
DQN_PER_seed_2_1790610661,DQN_PER,2,2246,114010,3.90,0,0.0100,0.00057,158.2
DQN_PER_seed_2_1790610661,DQN_PER,2,2247,114060,3.90,0,0.0100,0.00084,158.3
DQN_PER_seed_2_1790610661,DQN_PER,2,2248,114110,3.90,0,0.0100,0.00061,158.3
DQN_PER_seed_2_1790610661,DQN_PER,2,2249,114160,3.90,0,0.0100,0.00060,158.4
DQN_PER_seed_2_1790610661,DQN_PER,2,2250,114210,3.90,0,0.0100,0.00072,158.5
DQN_PER_seed_2_1790610661,DQN_PER,2,2251,114260,3.90,0,0.0100,0.00142,158.6
DQN_PER_seed_2_1790610661,DQN_PER,2,2252,114310,3.90,0,0.0100,0.00097,158.6
DQN_PER_seed_2_1790610661,DQN_PER,2,2253,114360,3.90,0,0.0100,0.00062,158.7
DQN_PER_seed_2_1790610661,DQN_PER,2,2254,114410,3.90,0,0.0100,0.00054,158.8
DQN_PER_seed_2_1790610661,DQN_PER,2,2255,114460,3.90,0,0.0100,0.00060,158.9
DQN_PER_seed_2_1790610661,DQN_PER,2,2256,114510,3.90,0,0.0100,0.00062,158.9
DQN_PER_seed_2_1790610661,DQN_PER,2,2257,114560,3.90,0,0.0100,0.00051,159.0
DQN_PER_seed_2_1790610661,DQN_PER,2,2258,114610,3.90,0,0.0100,0.00057,159.1
DQN_PER_seed_2_1790610661,DQN_PER,2,2259,114660,3.90,0,0.0100,0.00051,159.2
DQN_PER_seed_2_1790610661,DQN_PER,2,2260,114710,3.90,0,0.0100,0.00064,159.2
DQN_PER_seed_2_1790610661,DQN_PER,2,2261,114760,3.90,0,0.0100,0.00051,159.3
DQN_PER_seed_2_1790610661,DQN_PER,2,2262,114810,3.90,0,0.0100,0.00054,159.4
DQN_PER_seed_2_1790610661,DQN_PER,2,2263,114863,4.20,0,0.0100,0.00092,159.5
DQN_PER_seed_2_1790610661,DQN_PER,2,2264,114913,3.90,0,0.0100,0.00060,159.5
DQN_PER_seed_2_1790610661,DQN_PER,2,2265,114963,3.90,0,0.0100,0.00058,159.6
DQN_PER_seed_2_1790610661,DQN_PER,2,2266,115013,3.90,0,0.0100,0.00045,159.8
DQN_PER_seed_2_1790610661,DQN_PER,2,2267,115063,3.90,0,0.0100,0.00061,159.8
DQN_PER_seed_2_1790610661,DQN_PER,2,2268,115113,3.90,0,0.0100,0.00078,159.9
DQN_PER_seed_2_1790610661,DQN_PER,2,2269,115163,3.90,0,0.0100,0.00061,160.0
DQN_PER_seed_2_1790610661,DQN_PER,2,2270,115213,3.90,0,0.0100,0.00048,160.1
DQN_PER_seed_2_1790610661,DQN_PER,2,2271,115263,3.90,0,0.0100,0.00066,160.1
DQN_PER_seed_2_1790610661,DQN_PER,2,2272,115313,3.90,0,0.0100,0.00039,160.2
DQN_PER_seed_2_1790610661,DQN_PER,2,2273,115363,3.90,0,0.0100,0.00052,160.3
DQN_PER_seed_2_1790610661,DQN_PER,2,2274,115413,3.90,0,0.0100,0.00079,160.4
DQN_PER_seed_2_1790610661,DQN_PER,2,2275,115463,3.90,0,0.0100,0.00159,160.4
DQN_PER_seed_2_1790610661,DQN_PER,2,2276,115513,3.90,0,0.0100,0.00073,160.5
DQN_PER_seed_2_1790610661,DQN_PER,2,2277,115563,3.90,0,0.0100,0.00072,160.6
DQN_PER_seed_2_1790610661,DQN_PER,2,2278,115613,3.90,0,0.0100,0.00056,160.7
DQN_PER_seed_2_1790610661,DQN_PER,2,2279,115663,3.90,0,0.0100,0.00057,160.7
DQN_PER_seed_2_1790610661,DQN_PER,2,2280,115713,3.90,0,0.0100,0.00071,160.8
DQN_PER_seed_2_1790610661,DQN_PER,2,2281,115763,3.90,0,0.0100,0.00049,160.9
DQN_PER_seed_2_1790610661,DQN_PER,2,2282,115813,3.90,0,0.0100,0.00057,161.0
DQN_PER_seed_2_1790610661,DQN_PER,2,2283,115863,3.90,0,0.0100,0.00045,161.0
DQN_PER_seed_2_1790610661,DQN_PER,2,2284,115913,3.90,0,0.0100,0.00047,161.1
DQN_PER_seed_2_1790610661,DQN_PER,2,2285,115963,3.90,0,0.0100,0.00059,161.2
DQN_PER_seed_2_1790610661,DQN_PER,2,2286,116013,3.90,0,0.0100,0.00069,161.3
DQN_PER_seed_2_1790610661,DQN_PER,2,2287,116063,3.90,0,0.0100,0.00094,161.3
DQN_PER_seed_2_1790610661,DQN_PER,2,2288,116120,4.60,0,0.0100,0.00076,161.4
DQN_PER_seed_2_1790610661,DQN_PER,2,2289,116170,3.90,0,0.0100,0.00068,161.5
DQN_PER_seed_2_1790610661,DQN_PER,2,2290,116225,4.40,0,0.0100,0.00082,161.6
DQN_PER_seed_2_1790610661,DQN_PER,2,2291,116275,3.90,0,0.0100,0.00061,161.6
DQN_PER_seed_2_1790610661,DQN_PER,2,2292,116325,3.90,0,0.0100,0.00061,161.7
DQN_PER_seed_2_1790610661,DQN_PER,2,2293,116375,3.90,0,0.0100,0.00052,161.8
DQN_PER_seed_2_1790610661,DQN_PER,2,2294,116425,3.90,0,0.0100,0.00052,161.9
DQN_PER_seed_2_1790610661,DQN_PER,2,2295,116475,3.90,0,0.0100,0.00090,161.9
DQN_PER_seed_2_1790610661,DQN_PER,2,2296,116525,3.90,0,0.0100,0.00133,162.0
DQN_PER_seed_2_1790610661,DQN_PER,2,2297,116575,3.90,0,0.0100,0.00077,162.1
DQN_PER_seed_2_1790610661,DQN_PER,2,2298,116625,3.90,0,0.0100,0.00058,162.2
DQN_PER_seed_2_1790610661,DQN_PER,2,2299,116675,3.90,0,0.0100,0.00061,162.2
DQN_PER_seed_2_1790610661,DQN_PER,2,2300,116725,3.90,0,0.0100,0.00058,162.3
DQN_PER_seed_2_1790610661,DQN_PER,2,2301,116775,3.90,0,0.0100,0.00050,162.4
DQN_PER_seed_2_1790610661,DQN_PER,2,2302,116828,4.20,0,0.0100,0.00054,162.5
DQN_PER_seed_2_1790610661,DQN_PER,2,2303,116878,3.90,0,0.0100,0.00038,162.5
DQN_PER_seed_2_1790610661,DQN_PER,2,2304,116934,4.50,0,0.0100,0.00066,162.6
DQN_PER_seed_2_1790610661,DQN_PER,2,2305,116984,3.90,0,0.0100,0.00069,162.7
DQN_PER_seed_2_1790610661,DQN_PER,2,2306,117040,4.50,0,0.0100,0.00048,162.8
DQN_PER_seed_2_1790610661,DQN_PER,2,2307,117090,3.90,0,0.0100,0.00058,162.9
DQN_PER_seed_2_1790610661,DQN_PER,2,2308,117140,3.90,0,0.0100,0.00070,162.9
DQN_PER_seed_2_1790610661,DQN_PER,2,2309,117190,3.90,0,0.0100,0.00042,163.0
DQN_PER_seed_2_1790610661,DQN_PER,2,2310,117240,3.90,0,0.0100,0.00057,163.1
DQN_PER_seed_2_1790610661,DQN_PER,2,2311,117290,3.90,0,0.0100,0.00110,163.2
DQN_PER_seed_2_1790610661,DQN_PER,2,2312,117340,3.90,0,0.0100,0.00043,163.2
DQN_PER_seed_2_1790610661,DQN_PER,2,2313,117390,3.90,0,0.0100,0.00046,163.3
DQN_PER_seed_2_1790610661,DQN_PER,2,2314,117440,3.90,0,0.0100,0.00051,163.4
DQN_PER_seed_2_1790610661,DQN_PER,2,2315,117490,3.90,0,0.0100,0.00035,163.5
DQN_PER_seed_2_1790610661,DQN_PER,2,2316,117540,3.90,0,0.0100,0.00052,163.5
DQN_PER_seed_2_1790610661,DQN_PER,2,2317,117590,3.90,0,0.0100,0.00038,163.6
DQN_PER_seed_2_1790610661,DQN_PER,2,2318,117640,3.90,0,0.0100,0.00049,163.7
DQN_PER_seed_2_1790610661,DQN_PER,2,2319,117690,3.90,0,0.0100,0.00065,163.8
DQN_PER_seed_2_1790610661,DQN_PER,2,2320,117747,4.60,0,0.0100,0.00078,163.9
DQN_PER_seed_2_1790610661,DQN_PER,2,2321,117804,4.60,0,0.0100,0.00157,163.9
DQN_PER_seed_2_1790610661,DQN_PER,2,2322,117854,3.90,0,0.0100,0.00076,164.0
DQN_PER_seed_2_1790610661,DQN_PER,2,2323,117904,3.90,0,0.0100,0.00054,164.1
DQN_PER_seed_2_1790610661,DQN_PER,2,2324,117954,3.90,0,0.0100,0.00055,164.2
DQN_PER_seed_2_1790610661,DQN_PER,2,2325,118004,3.90,0,0.0100,0.00061,164.2
DQN_PER_seed_2_1790610661,DQN_PER,2,2326,118054,3.90,0,0.0100,0.00043,164.3
DQN_PER_seed_2_1790610661,DQN_PER,2,2327,118104,3.90,0,0.0100,0.00038,164.4
DQN_PER_seed_2_1790610661,DQN_PER,2,2328,118154,3.90,0,0.0100,0.00044,164.5
DQN_PER_seed_2_1790610661,DQN_PER,2,2329,118209,4.40,0,0.0100,0.00046,164.5
DQN_PER_seed_2_1790610661,DQN_PER,2,2330,118266,4.60,0,0.0100,0.00041,164.6
DQN_PER_seed_2_1790610661,DQN_PER,2,2331,118316,3.90,0,0.0100,0.00044,164.7
DQN_PER_seed_2_1790610661,DQN_PER,2,2332,118366,3.90,0,0.0100,0.00065,164.8
DQN_PER_seed_2_1790610661,DQN_PER,2,2333,118416,3.90,0,0.0100,0.00053,164.9
DQN_PER_seed_2_1790610661,DQN_PER,2,2334,118474,4.70,0,0.0100,0.00070,164.9
DQN_PER_seed_2_1790610661,DQN_PER,2,2335,118524,3.90,0,0.0100,0.00065,165.0
DQN_PER_seed_2_1790610661,DQN_PER,2,2336,118574,3.90,0,0.0100,0.00048,165.1
DQN_PER_seed_2_1790610661,DQN_PER,2,2337,118624,3.90,0,0.0100,0.00080,165.2
DQN_PER_seed_2_1790610661,DQN_PER,2,2338,118674,3.90,0,0.0100,0.00061,165.2
DQN_PER_seed_2_1790610661,DQN_PER,2,2339,118724,3.90,0,0.0100,0.00047,165.3
DQN_PER_seed_2_1790610661,DQN_PER,2,2340,118774,3.90,0,0.0100,0.00051,165.4
DQN_PER_seed_2_1790610661,DQN_PER,2,2341,118824,3.90,0,0.0100,0.00062,165.5
DQN_PER_seed_2_1790610661,DQN_PER,2,2342,118875,4.00,0,0.0100,0.00125,165.5
DQN_PER_seed_2_1790610661,DQN_PER,2,2343,118925,3.90,0,0.0100,0.00105,165.6
DQN_PER_seed_2_1790610661,DQN_PER,2,2344,118975,3.90,0,0.0100,0.00074,165.7
DQN_PER_seed_2_1790610661,DQN_PER,2,2345,119025,3.90,0,0.0100,0.00056,165.8
DQN_PER_seed_2_1790610661,DQN_PER,2,2346,119075,3.90,0,0.0100,0.00046,165.8
DQN_PER_seed_2_1790610661,DQN_PER,2,2347,119126,4.00,0,0.0100,0.00039,165.9
DQN_PER_seed_2_1790610661,DQN_PER,2,2348,119176,3.90,0,0.0100,0.00042,166.0
DQN_PER_seed_2_1790610661,DQN_PER,2,2349,119226,3.90,0,0.0100,0.00055,166.1
DQN_PER_seed_2_1790610661,DQN_PER,2,2350,119278,4.10,0,0.0100,0.00052,166.1
DQN_PER_seed_2_1790610661,DQN_PER,2,2351,119328,3.90,0,0.0100,0.00049,166.2
DQN_PER_seed_2_1790610661,DQN_PER,2,2352,119381,4.20,0,0.0100,0.00063,166.3
DQN_PER_seed_2_1790610661,DQN_PER,2,2353,119431,3.90,0,0.0100,0.00098,166.4
DQN_PER_seed_2_1790610661,DQN_PER,2,2354,119481,3.90,0,0.0100,0.00065,166.4
DQN_PER_seed_2_1790610661,DQN_PER,2,2355,119531,3.90,0,0.0100,0.00062,166.5
DQN_PER_seed_2_1790610661,DQN_PER,2,2356,119581,3.90,0,0.0100,0.00079,166.6
DQN_PER_seed_2_1790610661,DQN_PER,2,2357,119631,3.90,0,0.0100,0.00064,166.7
DQN_PER_seed_2_1790610661,DQN_PER,2,2358,119682,4.00,0,0.0100,0.00048,166.7
DQN_PER_seed_2_1790610661,DQN_PER,2,2359,119732,3.90,0,0.0100,0.00050,166.8
DQN_PER_seed_2_1790610661,DQN_PER,2,2360,119782,3.90,0,0.0100,0.00044,166.9
DQN_PER_seed_2_1790610661,DQN_PER,2,2361,119832,3.90,0,0.0100,0.00037,167.0
DQN_PER_seed_2_1790610661,DQN_PER,2,2362,119882,3.90,0,0.0100,0.00045,167.0
DQN_PER_seed_2_1790610661,DQN_PER,2,2363,119939,4.60,0,0.0100,0.00047,167.1
DQN_PER_seed_2_1790610661,DQN_PER,2,2364,119989,3.90,0,0.0100,0.00050,167.2
DQN_PER_seed_2_1790610661,DQN_PER,2,2365,120042,4.20,0,0.0100,0.00057,167.4
DQN_PER_seed_2_1790610661,DQN_PER,2,2366,120098,4.50,0,0.0100,0.00054,167.5
DQN_PER_seed_2_1790610661,DQN_PER,2,2367,120156,4.70,0,0.0100,0.00049,167.6
DQN_PER_seed_2_1790610661,DQN_PER,2,2368,120212,4.50,0,0.0100,0.00046,167.6
DQN_PER_seed_2_1790610661,DQN_PER,2,2369,120262,3.90,0,0.0100,0.00041,167.7
DQN_PER_seed_2_1790610661,DQN_PER,2,2370,120312,3.90,0,0.0100,0.00048,167.8
DQN_PER_seed_2_1790610661,DQN_PER,2,2371,120362,3.90,0,0.0100,0.00047,167.9
DQN_PER_seed_2_1790610661,DQN_PER,2,2372,120412,3.90,0,0.0100,0.00063,167.9
DQN_PER_seed_2_1790610661,DQN_PER,2,2373,120462,3.90,0,0.0100,0.00106,168.0
DQN_PER_seed_2_1790610661,DQN_PER,2,2374,120512,3.90,0,0.0100,0.00056,168.1
DQN_PER_seed_2_1790610661,DQN_PER,2,2375,120564,4.10,0,0.0100,0.00132,168.2
DQN_PER_seed_2_1790610661,DQN_PER,2,2376,120621,4.60,0,0.0100,0.00067,168.3
DQN_PER_seed_2_1790610661,DQN_PER,2,2377,120678,4.60,0,0.0100,0.00045,168.3
DQN_PER_seed_2_1790610661,DQN_PER,2,2378,120734,4.50,0,0.0100,0.00048,168.4
DQN_PER_seed_2_1790610661,DQN_PER,2,2379,120786,4.10,0,0.0100,0.00045,168.5
DQN_PER_seed_2_1790610661,DQN_PER,2,2380,120845,4.80,0,0.0100,0.00047,168.6
DQN_PER_seed_2_1790610661,DQN_PER,2,2381,120899,4.30,0,0.0100,0.00042,168.7
DQN_PER_seed_2_1790610661,DQN_PER,2,2382,120949,3.90,0,0.0100,0.00042,168.7
DQN_PER_seed_2_1790610661,DQN_PER,2,2383,120999,3.90,0,0.0100,0.00038,168.8
DQN_PER_seed_2_1790610661,DQN_PER,2,2384,121053,4.30,0,0.0100,0.00042,168.9
DQN_PER_seed_2_1790610661,DQN_PER,2,2385,121108,4.40,0,0.0100,0.00060,169.0
DQN_PER_seed_2_1790610661,DQN_PER,2,2386,121166,4.70,0,0.0100,0.00061,169.1
DQN_PER_seed_2_1790610661,DQN_PER,2,2387,121216,3.90,0,0.0100,0.00088,169.1
DQN_PER_seed_2_1790610661,DQN_PER,2,2388,121266,3.90,0,0.0100,0.00081,169.2
DQN_PER_seed_2_1790610661,DQN_PER,2,2389,121319,4.20,0,0.0100,0.00070,169.3
DQN_PER_seed_2_1790610661,DQN_PER,2,2390,121370,4.00,0,0.0100,0.00055,169.4
DQN_PER_seed_2_1790610661,DQN_PER,2,2391,121420,3.90,0,0.0100,0.00057,169.4
DQN_PER_seed_2_1790610661,DQN_PER,2,2392,121476,4.50,0,0.0100,0.00056,169.5
DQN_PER_seed_2_1790610661,DQN_PER,2,2393,121529,4.20,0,0.0100,0.00056,169.6
DQN_PER_seed_2_1790610661,DQN_PER,2,2394,121581,4.10,0,0.0100,0.00043,169.7
DQN_PER_seed_2_1790610661,DQN_PER,2,2395,121638,4.60,0,0.0100,0.00053,169.8
DQN_PER_seed_2_1790610661,DQN_PER,2,2396,121694,4.50,0,0.0100,0.00089,169.9
DQN_PER_seed_2_1790610661,DQN_PER,2,2397,121744,3.90,0,0.0100,0.00076,169.9
DQN_PER_seed_2_1790610661,DQN_PER,2,2398,121796,4.10,0,0.0100,0.00095,170.0
DQN_PER_seed_2_1790610661,DQN_PER,2,2399,121846,3.90,0,0.0100,0.00092,170.1
DQN_PER_seed_2_1790610661,DQN_PER,2,2400,121902,4.50,0,0.0100,0.00083,170.2
DQN_PER_seed_2_1790610661,DQN_PER,2,2401,121952,3.90,0,0.0100,0.00054,170.2
DQN_PER_seed_2_1790610661,DQN_PER,2,2402,122008,4.50,0,0.0100,0.00113,170.3
DQN_PER_seed_2_1790610661,DQN_PER,2,2403,122066,4.70,0,0.0100,0.00086,170.4
DQN_PER_seed_2_1790610661,DQN_PER,2,2404,122117,4.00,0,0.0100,0.00086,170.5
DQN_PER_seed_2_1790610661,DQN_PER,2,2405,122167,3.90,0,0.0100,0.00116,170.6
DQN_PER_seed_2_1790610661,DQN_PER,2,2406,122219,4.10,0,0.0100,0.00080,170.7
DQN_PER_seed_2_1790610661,DQN_PER,2,2407,122270,4.00,0,0.0100,0.00091,170.7
DQN_PER_seed_2_1790610661,DQN_PER,2,2408,122320,3.90,0,0.0100,0.00077,170.8
DQN_PER_seed_2_1790610661,DQN_PER,2,2409,122375,4.40,0,0.0100,0.00059,170.9
DQN_PER_seed_2_1790610661,DQN_PER,2,2410,122429,4.30,0,0.0100,0.00054,171.0
DQN_PER_seed_2_1790610661,DQN_PER,2,2411,122488,4.80,0,0.0100,0.00040,171.1
DQN_PER_seed_2_1790610661,DQN_PER,2,2412,122538,3.90,0,0.0100,0.00060,171.1
DQN_PER_seed_2_1790610661,DQN_PER,2,2413,122590,4.10,0,0.0100,0.00055,171.2
DQN_PER_seed_2_1790610661,DQN_PER,2,2414,122642,4.10,0,0.0100,0.00036,171.3
DQN_PER_seed_2_1790610661,DQN_PER,2,2415,122694,4.10,0,0.0100,0.00035,171.4
DQN_PER_seed_2_1790610661,DQN_PER,2,2416,122746,4.10,0,0.0100,0.00053,171.4
DQN_PER_seed_2_1790610661,DQN_PER,2,2417,122801,4.40,0,0.0100,0.00062,171.5
DQN_PER_seed_2_1790610661,DQN_PER,2,2418,122853,4.10,0,0.0100,0.00046,171.6
DQN_PER_seed_2_1790610661,DQN_PER,2,2419,122907,4.30,0,0.0100,0.00036,171.7
DQN_PER_seed_2_1790610661,DQN_PER,2,2420,122960,4.20,0,0.0100,0.00072,171.8
DQN_PER_seed_2_1790610661,DQN_PER,2,2421,123013,4.20,0,0.0100,0.00040,171.8
DQN_PER_seed_2_1790610661,DQN_PER,2,2422,123063,3.90,0,0.0100,0.00064,171.9
DQN_PER_seed_2_1790610661,DQN_PER,2,2423,123113,3.90,0,0.0100,0.00132,172.0
DQN_PER_seed_2_1790610661,DQN_PER,2,2424,123166,4.20,0,0.0100,0.00064,172.1
DQN_PER_seed_2_1790610661,DQN_PER,2,2425,123220,4.30,0,0.0100,0.00069,172.1
DQN_PER_seed_2_1790610661,DQN_PER,2,2426,123278,4.70,0,0.0100,0.00084,172.2
DQN_PER_seed_2_1790610661,DQN_PER,2,2427,123330,4.10,0,0.0100,0.00065,172.3
DQN_PER_seed_2_1790610661,DQN_PER,2,2428,123384,4.30,0,0.0100,0.00042,172.4
DQN_PER_seed_2_1790610661,DQN_PER,2,2429,123434,3.90,0,0.0100,0.00043,172.5
DQN_PER_seed_2_1790610661,DQN_PER,2,2430,123490,4.50,0,0.0100,0.00051,172.6
DQN_PER_seed_2_1790610661,DQN_PER,2,2431,123543,4.20,0,0.0100,0.00061,172.6
DQN_PER_seed_2_1790610661,DQN_PER,2,2432,123598,4.40,0,0.0100,0.00046,172.7
DQN_PER_seed_2_1790610661,DQN_PER,2,2433,123648,3.90,0,0.0100,0.00066,172.8
DQN_PER_seed_2_1790610661,DQN_PER,2,2434,123700,4.10,0,0.0100,0.00045,172.9
DQN_PER_seed_2_1790610661,DQN_PER,2,2435,123750,3.90,0,0.0100,0.00039,172.9
DQN_PER_seed_2_1790610661,DQN_PER,2,2436,123801,4.00,0,0.0100,0.00056,173.0
DQN_PER_seed_2_1790610661,DQN_PER,2,2437,123854,4.20,0,0.0100,0.00210,173.1
DQN_PER_seed_2_1790610661,DQN_PER,2,2438,123910,4.50,0,0.0100,0.00061,173.2
DQN_PER_seed_2_1790610661,DQN_PER,2,2439,123964,4.30,0,0.0100,0.00053,173.3
DQN_PER_seed_2_1790610661,DQN_PER,2,2440,124016,4.10,0,0.0100,0.00039,173.3
DQN_PER_seed_2_1790610661,DQN_PER,2,2441,124066,3.90,0,0.0100,0.00060,173.4
DQN_PER_seed_2_1790610661,DQN_PER,2,2442,124117,4.00,0,0.0100,0.00055,173.5
DQN_PER_seed_2_1790610661,DQN_PER,2,2443,124167,3.90,0,0.0100,0.00044,173.6
DQN_PER_seed_2_1790610661,DQN_PER,2,2444,124217,3.90,0,0.0100,0.00055,173.6
DQN_PER_seed_2_1790610661,DQN_PER,2,2445,124273,4.50,0,0.0100,0.00062,173.7
DQN_PER_seed_2_1790610661,DQN_PER,2,2446,124323,3.90,0,0.0100,0.00070,173.8
DQN_PER_seed_2_1790610661,DQN_PER,2,2447,124380,4.60,0,0.0100,0.00058,173.9
DQN_PER_seed_2_1790610661,DQN_PER,2,2448,124431,4.00,0,0.0100,0.00095,174.0
DQN_PER_seed_2_1790610661,DQN_PER,2,2449,124481,3.90,0,0.0100,0.00110,174.0
DQN_PER_seed_2_1790610661,DQN_PER,2,2450,124531,3.90,0,0.0100,0.00044,174.1
DQN_PER_seed_2_1790610661,DQN_PER,2,2451,124581,3.90,0,0.0100,0.00040,174.2
DQN_PER_seed_2_1790610661,DQN_PER,2,2452,124631,3.90,0,0.0100,0.00052,174.3
DQN_PER_seed_2_1790610661,DQN_PER,2,2453,124688,4.60,0,0.0100,0.00096,174.3
DQN_PER_seed_2_1790610661,DQN_PER,2,2454,124738,3.90,0,0.0100,0.00172,174.4
DQN_PER_seed_2_1790610661,DQN_PER,2,2455,124788,3.90,0,0.0100,0.00053,174.5
DQN_PER_seed_2_1790610661,DQN_PER,2,2456,124838,3.90,0,0.0100,0.00052,174.6
DQN_PER_seed_2_1790610661,DQN_PER,2,2457,124895,4.60,0,0.0100,0.00064,174.7
DQN_PER_seed_2_1790610661,DQN_PER,2,2458,124945,3.90,0,0.0100,0.00058,174.7
DQN_PER_seed_2_1790610661,DQN_PER,2,2459,125001,4.50,0,0.0100,0.00049,174.9
DQN_PER_seed_2_1790610661,DQN_PER,2,2460,125051,3.90,0,0.0100,0.00052,175.0
DQN_PER_seed_2_1790610661,DQN_PER,2,2461,125108,4.60,0,0.0100,0.00060,175.1
DQN_PER_seed_2_1790610661,DQN_PER,2,2462,125158,3.90,0,0.0100,0.00116,175.2
DQN_PER_seed_2_1790610661,DQN_PER,2,2463,125216,4.70,0,0.0100,0.00101,175.2
DQN_PER_seed_2_1790610661,DQN_PER,2,2464,125267,4.00,0,0.0100,0.00044,175.3
DQN_PER_seed_2_1790610661,DQN_PER,2,2465,125317,3.90,0,0.0100,0.00062,175.4
DQN_PER_seed_2_1790610661,DQN_PER,2,2466,125373,4.50,0,0.0100,0.00067,175.5
DQN_PER_seed_2_1790610661,DQN_PER,2,2467,125424,4.00,0,0.0100,0.00052,175.5
DQN_PER_seed_2_1790610661,DQN_PER,2,2468,125474,3.90,0,0.0100,0.00048,175.6
DQN_PER_seed_2_1790610661,DQN_PER,2,2469,125524,3.90,0,0.0100,0.00052,175.7
DQN_PER_seed_2_1790610661,DQN_PER,2,2470,125580,4.50,0,0.0100,0.00052,175.8
DQN_PER_seed_2_1790610661,DQN_PER,2,2471,125630,3.90,0,0.0100,0.00054,175.9
DQN_PER_seed_2_1790610661,DQN_PER,2,2472,125688,4.70,0,0.0100,0.00051,175.9
DQN_PER_seed_2_1790610661,DQN_PER,2,2473,125740,4.10,0,0.0100,0.00040,176.0
DQN_PER_seed_2_1790610661,DQN_PER,2,2474,125796,4.50,0,0.0100,0.00058,176.1
DQN_PER_seed_2_1790610661,DQN_PER,2,2475,125846,3.90,0,0.0100,0.00073,176.2
DQN_PER_seed_2_1790610661,DQN_PER,2,2476,125896,3.90,0,0.0100,0.00048,176.3
DQN_PER_seed_2_1790610661,DQN_PER,2,2477,125948,4.10,0,0.0100,0.00071,176.3
DQN_PER_seed_2_1790610661,DQN_PER,2,2478,126004,4.50,0,0.0100,0.00062,176.4
DQN_PER_seed_2_1790610661,DQN_PER,2,2479,126057,4.20,0,0.0100,0.00053,176.5
DQN_PER_seed_2_1790610661,DQN_PER,2,2480,126107,3.90,0,0.0100,0.00044,176.6
DQN_PER_seed_2_1790610661,DQN_PER,2,2481,126157,3.90,0,0.0100,0.00043,176.7
DQN_PER_seed_2_1790610661,DQN_PER,2,2482,126207,3.90,0,0.0100,0.00120,176.7
DQN_PER_seed_2_1790610661,DQN_PER,2,2483,126261,4.30,0,0.0100,0.00101,176.8
DQN_PER_seed_2_1790610661,DQN_PER,2,2484,126311,3.90,0,0.0100,0.00046,176.9
DQN_PER_seed_2_1790610661,DQN_PER,2,2485,126361,3.90,0,0.0100,0.00049,177.0
DQN_PER_seed_2_1790610661,DQN_PER,2,2486,126413,4.10,0,0.0100,0.00043,177.0
DQN_PER_seed_2_1790610661,DQN_PER,2,2487,126469,4.50,0,0.0100,0.00042,177.1
DQN_PER_seed_2_1790610661,DQN_PER,2,2488,126528,4.80,0,0.0100,0.00041,177.2
DQN_PER_seed_2_1790610661,DQN_PER,2,2489,126578,3.90,0,0.0100,0.00047,177.3
DQN_PER_seed_2_1790610661,DQN_PER,2,2490,126628,3.90,0,0.0100,0.00037,177.4
DQN_PER_seed_2_1790610661,DQN_PER,2,2491,126678,3.90,0,0.0100,0.00031,177.4
DQN_PER_seed_2_1790610661,DQN_PER,2,2492,126728,3.90,0,0.0100,0.00056,177.5
DQN_PER_seed_2_1790610661,DQN_PER,2,2493,126782,4.30,0,0.0100,0.00043,177.6
DQN_PER_seed_2_1790610661,DQN_PER,2,2494,126834,4.10,0,0.0100,0.00060,177.7
DQN_PER_seed_2_1790610661,DQN_PER,2,2495,126884,3.90,0,0.0100,0.00059,177.7
DQN_PER_seed_2_1790610661,DQN_PER,2,2496,126935,4.00,0,0.0100,0.00143,177.8
DQN_PER_seed_2_1790610661,DQN_PER,2,2497,126992,4.60,0,0.0100,0.00103,177.9
DQN_PER_seed_2_1790610661,DQN_PER,2,2498,127042,3.90,0,0.0100,0.00040,178.0
DQN_PER_seed_2_1790610661,DQN_PER,2,2499,127093,4.00,0,0.0100,0.00044,178.1
DQN_PER_seed_2_1790610661,DQN_PER,2,2500,127143,3.90,0,0.0100,0.00057,178.1
DQN_PER_seed_2_1790610661,DQN_PER,2,2501,127196,4.20,0,0.0100,0.00033,178.2
DQN_PER_seed_2_1790610661,DQN_PER,2,2502,127250,4.30,0,0.0100,0.00088,178.3
DQN_PER_seed_2_1790610661,DQN_PER,2,2503,127300,3.90,0,0.0100,0.00053,178.4
DQN_PER_seed_2_1790610661,DQN_PER,2,2504,127356,4.50,0,0.0100,0.00069,178.4
DQN_PER_seed_2_1790610661,DQN_PER,2,2505,127407,4.00,0,0.0100,0.00051,178.5
DQN_PER_seed_2_1790610661,DQN_PER,2,2506,127461,4.30,0,0.0100,0.00054,178.6
DQN_PER_seed_2_1790610661,DQN_PER,2,2507,127513,4.10,0,0.0100,0.00181,178.7
DQN_PER_seed_2_1790610661,DQN_PER,2,2508,127563,3.90,0,0.0100,0.00093,178.8
DQN_PER_seed_2_1790610661,DQN_PER,2,2509,127616,4.20,0,0.0100,0.00053,178.8
DQN_PER_seed_2_1790610661,DQN_PER,2,2510,127666,3.90,0,0.0100,0.00048,178.9
DQN_PER_seed_2_1790610661,DQN_PER,2,2511,127717,4.00,0,0.0100,0.00047,179.0
DQN_PER_seed_2_1790610661,DQN_PER,2,2512,127773,4.50,0,0.0100,0.00056,179.1
DQN_PER_seed_2_1790610661,DQN_PER,2,2513,127823,3.90,0,0.0100,0.00062,179.1
DQN_PER_seed_2_1790610661,DQN_PER,2,2514,127874,4.00,0,0.0100,0.00045,179.2
DQN_PER_seed_2_1790610661,DQN_PER,2,2515,127924,3.90,0,0.0100,0.00052,179.3
DQN_PER_seed_2_1790610661,DQN_PER,2,2516,127979,4.40,0,0.0100,0.00042,179.4
DQN_PER_seed_2_1790610661,DQN_PER,2,2517,128029,3.90,0,0.0100,0.00118,179.5
DQN_PER_seed_2_1790610661,DQN_PER,2,2518,128085,4.50,0,0.0100,0.00072,179.5
DQN_PER_seed_2_1790610661,DQN_PER,2,2519,128135,3.90,0,0.0100,0.00064,179.6
DQN_PER_seed_2_1790610661,DQN_PER,2,2520,128185,3.90,0,0.0100,0.00074,179.7
DQN_PER_seed_2_1790610661,DQN_PER,2,2521,128226,3.00,0,0.0100,0.00139,179.7
DQN_PER_seed_2_1790610661,DQN_PER,2,2522,128276,3.90,0,0.0100,0.00054,179.8
DQN_PER_seed_2_1790610661,DQN_PER,2,2523,128326,3.90,0,0.0100,0.00052,179.9
DQN_PER_seed_2_1790610661,DQN_PER,2,2524,128376,3.90,0,0.0100,0.00080,180.0
DQN_PER_seed_2_1790610661,DQN_PER,2,2525,128426,3.90,0,0.0100,0.00056,180.0
DQN_PER_seed_2_1790610661,DQN_PER,2,2526,128476,3.90,0,0.0100,0.00069,180.1
DQN_PER_seed_2_1790610661,DQN_PER,2,2527,128526,3.90,0,0.0100,0.00065,180.2
DQN_PER_seed_2_1790610661,DQN_PER,2,2528,128576,3.90,0,0.0100,0.00059,180.3
DQN_PER_seed_2_1790610661,DQN_PER,2,2529,128626,3.90,0,0.0100,0.00055,180.3
DQN_PER_seed_2_1790610661,DQN_PER,2,2530,128676,3.90,0,0.0100,0.00047,180.4
DQN_PER_seed_2_1790610661,DQN_PER,2,2531,128726,3.90,0,0.0100,0.00049,180.5
DQN_PER_seed_2_1790610661,DQN_PER,2,2532,128783,4.60,0,0.0100,0.00047,180.6
DQN_PER_seed_2_1790610661,DQN_PER,2,2533,128839,4.50,0,0.0100,0.00047,180.7
DQN_PER_seed_2_1790610661,DQN_PER,2,2534,128889,3.90,0,0.0100,0.00057,180.7
DQN_PER_seed_2_1790610661,DQN_PER,2,2535,128939,3.90,0,0.0100,0.00050,180.8
DQN_PER_seed_2_1790610661,DQN_PER,2,2536,128989,3.90,0,0.0100,0.00044,180.9
DQN_PER_seed_2_1790610661,DQN_PER,2,2537,129044,4.40,0,0.0100,0.00044,181.0
DQN_PER_seed_2_1790610661,DQN_PER,2,2538,129094,3.90,0,0.0100,0.00063,181.0
DQN_PER_seed_2_1790610661,DQN_PER,2,2539,129144,3.90,0,0.0100,0.00063,181.1
DQN_PER_seed_2_1790610661,DQN_PER,2,2540,129194,3.90,0,0.0100,0.00053,181.2
DQN_PER_seed_2_1790610661,DQN_PER,2,2541,129244,3.90,0,0.0100,0.00093,181.3
DQN_PER_seed_2_1790610661,DQN_PER,2,2542,129294,3.90,0,0.0100,0.00069,181.3
DQN_PER_seed_2_1790610661,DQN_PER,2,2543,129344,3.90,0,0.0100,0.00051,181.4
DQN_PER_seed_2_1790610661,DQN_PER,2,2544,129401,4.60,0,0.0100,0.00075,181.5
DQN_PER_seed_2_1790610661,DQN_PER,2,2545,129451,3.90,0,0.0100,0.00062,181.6
DQN_PER_seed_2_1790610661,DQN_PER,2,2546,129501,3.90,0,0.0100,0.00040,181.7
DQN_PER_seed_2_1790610661,DQN_PER,2,2547,129556,4.40,0,0.0100,0.00050,181.7
DQN_PER_seed_2_1790610661,DQN_PER,2,2548,129607,4.00,0,0.0100,0.00057,181.8
DQN_PER_seed_2_1790610661,DQN_PER,2,2549,129661,4.30,0,0.0100,0.00042,181.9
DQN_PER_seed_2_1790610661,DQN_PER,2,2550,129715,4.30,0,0.0100,0.00037,182.0
DQN_PER_seed_2_1790610661,DQN_PER,2,2551,129768,4.20,0,0.0100,0.00059,182.1
DQN_PER_seed_2_1790610661,DQN_PER,2,2552,129818,3.90,0,0.0100,0.00064,182.1
DQN_PER_seed_2_1790610661,DQN_PER,2,2553,129868,3.90,0,0.0100,0.00048,182.2
DQN_PER_seed_2_1790610661,DQN_PER,2,2554,129918,3.90,0,0.0100,0.00037,182.3
DQN_PER_seed_2_1790610661,DQN_PER,2,2555,129973,4.40,0,0.0100,0.00035,182.4
DQN_PER_seed_2_1790610661,DQN_PER,2,2556,130026,4.20,0,0.0100,0.00057,182.5
DQN_PER_seed_2_1790610661,DQN_PER,2,2557,130080,4.30,0,0.0100,0.00138,182.6
DQN_PER_seed_2_1790610661,DQN_PER,2,2558,130135,4.40,0,0.0100,0.00216,182.7
DQN_PER_seed_2_1790610661,DQN_PER,2,2559,130192,4.60,0,0.0100,0.00126,182.8
DQN_PER_seed_2_1790610661,DQN_PER,2,2560,130242,3.90,0,0.0100,0.00047,182.9
DQN_PER_seed_2_1790610661,DQN_PER,2,2561,130292,3.90,0,0.0100,0.00042,182.9
DQN_PER_seed_2_1790610661,DQN_PER,2,2562,130350,4.70,0,0.0100,0.00050,183.0
DQN_PER_seed_2_1790610661,DQN_PER,2,2563,130405,4.40,0,0.0100,0.00040,183.1
DQN_PER_seed_2_1790610661,DQN_PER,2,2564,130458,4.20,0,0.0100,0.00043,183.2
DQN_PER_seed_2_1790610661,DQN_PER,2,2565,130508,3.90,0,0.0100,0.00043,183.3
DQN_PER_seed_2_1790610661,DQN_PER,2,2566,130560,4.10,0,0.0100,0.00038,183.3
DQN_PER_seed_2_1790610661,DQN_PER,2,2567,130613,4.20,0,0.0100,0.00051,183.4
DQN_PER_seed_2_1790610661,DQN_PER,2,2568,130665,4.10,0,0.0100,0.00044,183.5
DQN_PER_seed_2_1790610661,DQN_PER,2,2569,130715,3.90,0,0.0100,0.00044,183.6
DQN_PER_seed_2_1790610661,DQN_PER,2,2570,130771,4.50,0,0.0100,0.00044,183.7
DQN_PER_seed_2_1790610661,DQN_PER,2,2571,130821,2.70,0,0.0100,0.00044,183.7
DQN_PER_seed_2_1790610661,DQN_PER,2,2572,130874,4.20,0,0.0100,0.00076,183.8
DQN_PER_seed_2_1790610661,DQN_PER,2,2573,130924,3.90,0,0.0100,0.00067,183.9
DQN_PER_seed_2_1790610661,DQN_PER,2,2574,130979,4.40,0,0.0100,0.00054,184.0
DQN_PER_seed_2_1790610661,DQN_PER,2,2575,131032,4.20,0,0.0100,0.00056,184.0
DQN_PER_seed_2_1790610661,DQN_PER,2,2576,131082,3.90,0,0.0100,0.00063,184.1
DQN_PER_seed_2_1790610661,DQN_PER,2,2577,131137,4.40,0,0.0100,0.00046,184.2
DQN_PER_seed_2_1790610661,DQN_PER,2,2578,131192,4.40,0,0.0100,0.00044,184.3
DQN_PER_seed_2_1790610661,DQN_PER,2,2579,131246,4.30,0,0.0100,0.00052,184.4
DQN_PER_seed_2_1790610661,DQN_PER,2,2580,131298,4.10,0,0.0100,0.00073,184.4
DQN_PER_seed_2_1790610661,DQN_PER,2,2581,131351,4.20,0,0.0100,0.00061,184.5
DQN_PER_seed_2_1790610661,DQN_PER,2,2582,131403,4.10,0,0.0100,0.00045,184.6
DQN_PER_seed_2_1790610661,DQN_PER,2,2583,131455,4.10,0,0.0100,0.00038,184.7
DQN_PER_seed_2_1790610661,DQN_PER,2,2584,131509,4.30,0,0.0100,0.00043,184.8
DQN_PER_seed_2_1790610661,DQN_PER,2,2585,131561,4.10,0,0.0100,0.00042,184.8
DQN_PER_seed_2_1790610661,DQN_PER,2,2586,131611,-4.50,0,0.0100,0.00047,184.9
DQN_PER_seed_2_1790610661,DQN_PER,2,2587,131664,4.20,0,0.0100,0.00049,185.0
DQN_PER_seed_2_1790610661,DQN_PER,2,2588,131719,4.40,0,0.0100,0.00046,185.1
DQN_PER_seed_2_1790610661,DQN_PER,2,2589,131773,4.30,0,0.0100,0.00044,185.2
DQN_PER_seed_2_1790610661,DQN_PER,2,2590,131825,4.10,0,0.0100,0.00052,185.2
DQN_PER_seed_2_1790610661,DQN_PER,2,2591,131877,4.10,0,0.0100,0.00046,185.3
DQN_PER_seed_2_1790610661,DQN_PER,2,2592,131930,4.20,0,0.0100,0.00058,185.4
DQN_PER_seed_2_1790610661,DQN_PER,2,2593,131980,3.90,0,0.0100,0.00080,185.5
DQN_PER_seed_2_1790610661,DQN_PER,2,2594,132030,3.90,0,0.0100,0.00044,185.5
DQN_PER_seed_2_1790610661,DQN_PER,2,2595,132080,3.90,0,0.0100,0.00053,185.6
DQN_PER_seed_2_1790610661,DQN_PER,2,2596,132132,4.10,0,0.0100,0.00057,185.7
DQN_PER_seed_2_1790610661,DQN_PER,2,2597,132188,4.50,0,0.0100,0.00055,185.8
DQN_PER_seed_2_1790610661,DQN_PER,2,2598,132240,4.10,0,0.0100,0.00052,185.9
DQN_PER_seed_2_1790610661,DQN_PER,2,2599,132290,1.50,0,0.0100,0.00048,185.9
DQN_PER_seed_2_1790610661,DQN_PER,2,2600,132346,4.50,0,0.0100,0.00045,186.0
DQN_PER_seed_2_1790610661,DQN_PER,2,2601,132400,4.30,0,0.0100,0.00077,186.1
DQN_PER_seed_2_1790610661,DQN_PER,2,2602,132450,3.90,0,0.0100,0.00060,186.2
DQN_PER_seed_2_1790610661,DQN_PER,2,2603,132500,3.30,0,0.0100,0.00118,186.2
DQN_PER_seed_2_1790610661,DQN_PER,2,2604,132550,3.90,0,0.0100,0.00095,186.3
DQN_PER_seed_2_1790610661,DQN_PER,2,2605,132608,4.70,0,0.0100,0.00080,186.4
DQN_PER_seed_2_1790610661,DQN_PER,2,2606,132658,2.10,0,0.0100,0.00099,186.5
DQN_PER_seed_2_1790610661,DQN_PER,2,2607,132716,4.70,0,0.0100,0.00057,186.6
DQN_PER_seed_2_1790610661,DQN_PER,2,2608,132775,4.80,0,0.0100,0.00084,186.7
DQN_PER_seed_2_1790610661,DQN_PER,2,2609,132826,4.00,0,0.0100,0.00081,186.7
DQN_PER_seed_2_1790610661,DQN_PER,2,2610,132878,4.10,0,0.0100,0.00071,186.8
DQN_PER_seed_2_1790610661,DQN_PER,2,2611,132932,4.30,0,0.0100,0.00053,186.9
DQN_PER_seed_2_1790610661,DQN_PER,2,2612,132986,4.30,0,0.0100,0.00053,187.0
DQN_PER_seed_2_1790610661,DQN_PER,2,2613,133036,3.90,0,0.0100,0.00061,187.0
DQN_PER_seed_2_1790610661,DQN_PER,2,2614,133094,4.70,0,0.0100,0.00055,187.1
DQN_PER_seed_2_1790610661,DQN_PER,2,2615,133150,4.50,0,0.0100,0.00047,187.2
DQN_PER_seed_2_1790610661,DQN_PER,2,2616,133200,3.90,0,0.0100,0.00070,187.3
DQN_PER_seed_2_1790610661,DQN_PER,2,2617,133250,2.70,0,0.0100,0.00048,187.4
DQN_PER_seed_2_1790610661,DQN_PER,2,2618,133307,4.60,0,0.0100,0.00047,187.5
DQN_PER_seed_2_1790610661,DQN_PER,2,2619,133357,-2.70,0,0.0100,0.00055,187.5
DQN_PER_seed_2_1790610661,DQN_PER,2,2620,133407,-0.30,0,0.0100,0.00045,187.6
DQN_PER_seed_2_1790610661,DQN_PER,2,2621,133462,4.40,0,0.0100,0.00072,187.7
DQN_PER_seed_2_1790610661,DQN_PER,2,2622,133512,3.30,0,0.0100,0.00089,187.8
DQN_PER_seed_2_1790610661,DQN_PER,2,2623,133562,3.90,0,0.0100,0.00099,187.8
DQN_PER_seed_2_1790610661,DQN_PER,2,2624,133612,3.90,0,0.0100,0.00094,187.9
DQN_PER_seed_2_1790610661,DQN_PER,2,2625,133668,4.50,0,0.0100,0.00046,188.0
DQN_PER_seed_2_1790610661,DQN_PER,2,2626,133724,4.50,0,0.0100,0.00052,188.1
DQN_PER_seed_2_1790610661,DQN_PER,2,2627,133774,3.90,0,0.0100,0.00051,188.2
DQN_PER_seed_2_1790610661,DQN_PER,2,2628,133826,4.10,0,0.0100,0.00042,188.2
DQN_PER_seed_2_1790610661,DQN_PER,2,2629,133880,4.30,0,0.0100,0.00042,188.3
DQN_PER_seed_2_1790610661,DQN_PER,2,2630,133930,3.90,0,0.0100,0.00035,188.4
DQN_PER_seed_2_1790610661,DQN_PER,2,2631,133980,3.90,0,0.0100,0.00042,188.5
DQN_PER_seed_2_1790610661,DQN_PER,2,2632,134030,3.90,0,0.0100,0.00053,188.5
DQN_PER_seed_2_1790610661,DQN_PER,2,2633,134087,4.60,0,0.0100,0.00052,188.6
DQN_PER_seed_2_1790610661,DQN_PER,2,2634,134137,3.90,0,0.0100,0.00042,188.7
DQN_PER_seed_2_1790610661,DQN_PER,2,2635,134187,3.90,0,0.0100,0.00049,188.8
DQN_PER_seed_2_1790610661,DQN_PER,2,2636,134240,4.20,0,0.0100,0.00061,188.9
DQN_PER_seed_2_1790610661,DQN_PER,2,2637,134296,4.50,0,0.0100,0.00033,188.9
DQN_PER_seed_2_1790610661,DQN_PER,2,2638,134354,4.70,0,0.0100,0.00040,189.0
DQN_PER_seed_2_1790610661,DQN_PER,2,2639,134409,4.40,0,0.0100,0.00047,189.1
DQN_PER_seed_2_1790610661,DQN_PER,2,2640,134466,4.60,0,0.0100,0.00062,189.2
DQN_PER_seed_2_1790610661,DQN_PER,2,2641,134522,4.50,0,0.0100,0.00041,189.3
DQN_PER_seed_2_1790610661,DQN_PER,2,2642,134580,4.70,0,0.0100,0.00064,189.4
DQN_PER_seed_2_1790610661,DQN_PER,2,2643,134632,4.10,0,0.0100,0.00057,189.4
DQN_PER_seed_2_1790610661,DQN_PER,2,2644,134685,4.20,0,0.0100,0.00041,189.5
DQN_PER_seed_2_1790610661,DQN_PER,2,2645,134741,4.50,0,0.0100,0.00044,189.6
DQN_PER_seed_2_1790610661,DQN_PER,2,2646,134791,3.90,0,0.0100,0.00044,189.7
DQN_PER_seed_2_1790610661,DQN_PER,2,2647,134842,4.00,0,0.0100,0.00065,189.8
DQN_PER_seed_2_1790610661,DQN_PER,2,2648,134895,4.20,0,0.0100,0.00049,189.8
DQN_PER_seed_2_1790610661,DQN_PER,2,2649,134953,4.70,0,0.0100,0.00042,189.9
DQN_PER_seed_2_1790610661,DQN_PER,2,2650,135009,4.50,0,0.0100,0.00042,190.1
DQN_PER_seed_2_1790610661,DQN_PER,2,2651,135064,4.40,0,0.0100,0.00042,190.2
DQN_PER_seed_2_1790610661,DQN_PER,2,2652,135118,4.30,0,0.0100,0.00049,190.3
DQN_PER_seed_2_1790610661,DQN_PER,2,2653,135172,4.30,0,0.0100,0.00071,190.4
DQN_PER_seed_2_1790610661,DQN_PER,2,2654,135227,4.40,0,0.0100,0.00102,190.4
DQN_PER_seed_2_1790610661,DQN_PER,2,2655,135283,4.50,0,0.0100,0.00053,190.5
DQN_PER_seed_2_1790610661,DQN_PER,2,2656,135333,3.90,0,0.0100,0.00044,190.6
DQN_PER_seed_2_1790610661,DQN_PER,2,2657,135391,4.70,0,0.0100,0.00075,190.7
DQN_PER_seed_2_1790610661,DQN_PER,2,2658,135448,4.60,0,0.0100,0.00055,190.8
DQN_PER_seed_2_1790610661,DQN_PER,2,2659,135505,4.60,0,0.0100,0.00046,190.8
DQN_PER_seed_2_1790610661,DQN_PER,2,2660,135558,4.20,0,0.0100,0.00034,190.9
DQN_PER_seed_2_1790610661,DQN_PER,2,2661,135608,3.90,0,0.0100,0.00049,191.0
DQN_PER_seed_2_1790610661,DQN_PER,2,2662,135664,4.50,0,0.0100,0.00047,191.1
DQN_PER_seed_2_1790610661,DQN_PER,2,2663,135714,3.90,0,0.0100,0.00052,191.2
DQN_PER_seed_2_1790610661,DQN_PER,2,2664,135764,3.90,0,0.0100,0.00059,191.2
DQN_PER_seed_2_1790610661,DQN_PER,2,2665,135814,3.90,0,0.0100,0.00065,191.3
DQN_PER_seed_2_1790610661,DQN_PER,2,2666,135868,4.30,0,0.0100,0.00045,191.4
DQN_PER_seed_2_1790610661,DQN_PER,2,2667,135919,4.00,0,0.0100,0.00059,191.5
DQN_PER_seed_2_1790610661,DQN_PER,2,2668,135973,4.30,0,0.0100,0.00060,191.5
DQN_PER_seed_2_1790610661,DQN_PER,2,2669,136023,3.90,0,0.0100,0.00040,191.6
DQN_PER_seed_2_1790610661,DQN_PER,2,2670,136082,4.80,0,0.0100,0.00032,191.7
DQN_PER_seed_2_1790610661,DQN_PER,2,2671,136132,3.90,0,0.0100,0.00059,191.8
DQN_PER_seed_2_1790610661,DQN_PER,2,2672,136182,3.90,0,0.0100,0.00042,191.9
DQN_PER_seed_2_1790610661,DQN_PER,2,2673,136238,4.50,0,0.0100,0.00040,191.9
DQN_PER_seed_2_1790610661,DQN_PER,2,2674,136291,4.20,0,0.0100,0.00036,192.0
DQN_PER_seed_2_1790610661,DQN_PER,2,2675,136348,4.60,0,0.0100,0.00167,192.1
DQN_PER_seed_2_1790610661,DQN_PER,2,2676,136404,4.50,0,0.0100,0.00065,192.2
DQN_PER_seed_2_1790610661,DQN_PER,2,2677,136462,4.70,0,0.0100,0.00036,192.3
DQN_PER_seed_2_1790610661,DQN_PER,2,2678,136515,4.20,0,0.0100,0.00046,192.4
DQN_PER_seed_2_1790610661,DQN_PER,2,2679,136573,4.70,0,0.0100,0.00090,192.4
DQN_PER_seed_2_1790610661,DQN_PER,2,2680,136631,4.70,0,0.0100,0.00069,192.5
DQN_PER_seed_2_1790610661,DQN_PER,2,2681,136681,-1.50,0,0.0100,0.00073,192.6
DQN_PER_seed_2_1790610661,DQN_PER,2,2682,136736,4.40,0,0.0100,0.00044,192.7
DQN_PER_seed_2_1790610661,DQN_PER,2,2683,136789,4.20,0,0.0100,0.00041,192.8
DQN_PER_seed_2_1790610661,DQN_PER,2,2684,136844,4.40,0,0.0100,0.00049,192.9
DQN_PER_seed_2_1790610661,DQN_PER,2,2685,136896,4.10,0,0.0100,0.00036,193.0
DQN_PER_seed_2_1790610661,DQN_PER,2,2686,136948,4.10,0,0.0100,0.00053,193.0
DQN_PER_seed_2_1790610661,DQN_PER,2,2687,137002,4.30,0,0.0100,0.00047,193.1
DQN_PER_seed_2_1790610661,DQN_PER,2,2688,137052,3.90,0,0.0100,0.00061,193.2
DQN_PER_seed_2_1790610661,DQN_PER,2,2689,137109,4.60,0,0.0100,0.00067,193.3
DQN_PER_seed_2_1790610661,DQN_PER,2,2690,137159,3.90,0,0.0100,0.00050,193.3
DQN_PER_seed_2_1790610661,DQN_PER,2,2691,137214,4.40,0,0.0100,0.00050,193.4
DQN_PER_seed_2_1790610661,DQN_PER,2,2692,137264,3.90,0,0.0100,0.00041,193.5
DQN_PER_seed_2_1790610661,DQN_PER,2,2693,137319,4.40,0,0.0100,0.00037,193.6
DQN_PER_seed_2_1790610661,DQN_PER,2,2694,137369,3.90,0,0.0100,0.00039,193.7
DQN_PER_seed_2_1790610661,DQN_PER,2,2695,137424,4.40,0,0.0100,0.00045,193.7
DQN_PER_seed_2_1790610661,DQN_PER,2,2696,137474,3.90,0,0.0100,0.00036,193.8
DQN_PER_seed_2_1790610661,DQN_PER,2,2697,137524,3.90,0,0.0100,0.00041,193.9
DQN_PER_seed_2_1790610661,DQN_PER,2,2698,137582,4.70,0,0.0100,0.00063,194.0
DQN_PER_seed_2_1790610661,DQN_PER,2,2699,137632,3.90,0,0.0100,0.00053,194.0
DQN_PER_seed_2_1790610661,DQN_PER,2,2700,137685,4.20,0,0.0100,0.00050,194.1
DQN_PER_seed_2_1790610661,DQN_PER,2,2701,137743,4.70,0,0.0100,0.00041,194.2
DQN_PER_seed_2_1790610661,DQN_PER,2,2702,137793,3.90,0,0.0100,0.00064,194.3
DQN_PER_seed_2_1790610661,DQN_PER,2,2703,137843,3.90,0,0.0100,0.00043,194.4
DQN_PER_seed_2_1790610661,DQN_PER,2,2704,137896,4.20,0,0.0100,0.00047,194.4
DQN_PER_seed_2_1790610661,DQN_PER,2,2705,137950,4.30,0,0.0100,0.00043,194.5
DQN_PER_seed_2_1790610661,DQN_PER,2,2706,138006,4.50,0,0.0100,0.00039,194.6
DQN_PER_seed_2_1790610661,DQN_PER,2,2707,138062,4.50,0,0.0100,0.00035,194.7
DQN_PER_seed_2_1790610661,DQN_PER,2,2708,138118,4.50,0,0.0100,0.00123,194.8
DQN_PER_seed_2_1790610661,DQN_PER,2,2709,138172,4.30,0,0.0100,0.00060,194.9
DQN_PER_seed_2_1790610661,DQN_PER,2,2710,138227,4.40,0,0.0100,0.00094,194.9
DQN_PER_seed_2_1790610661,DQN_PER,2,2711,138277,3.90,0,0.0100,0.00108,195.0
DQN_PER_seed_2_1790610661,DQN_PER,2,2712,138327,3.90,0,0.0100,0.00049,195.1
DQN_PER_seed_2_1790610661,DQN_PER,2,2713,138377,3.90,0,0.0100,0.00037,195.2
DQN_PER_seed_2_1790610661,DQN_PER,2,2714,138427,3.90,0,0.0100,0.00043,195.2
DQN_PER_seed_2_1790610661,DQN_PER,2,2715,138484,4.60,0,0.0100,0.00042,195.3
DQN_PER_seed_2_1790610661,DQN_PER,2,2716,138538,4.30,0,0.0100,0.00043,195.4
DQN_PER_seed_2_1790610661,DQN_PER,2,2717,138591,4.20,0,0.0100,0.00030,195.5
DQN_PER_seed_2_1790610661,DQN_PER,2,2718,138646,4.40,0,0.0100,0.00033,195.6
DQN_PER_seed_2_1790610661,DQN_PER,2,2719,138696,3.90,0,0.0100,0.00043,195.6
DQN_PER_seed_2_1790610661,DQN_PER,2,2720,138753,4.60,0,0.0100,0.00039,195.7
DQN_PER_seed_2_1790610661,DQN_PER,2,2721,138810,4.60,0,0.0100,0.00051,195.8
DQN_PER_seed_2_1790610661,DQN_PER,2,2722,138870,4.90,0,0.0100,0.00045,195.9
DQN_PER_seed_2_1790610661,DQN_PER,2,2723,138926,4.50,0,0.0100,0.00043,196.0
DQN_PER_seed_2_1790610661,DQN_PER,2,2724,138982,4.50,0,0.0100,0.00043,196.1
DQN_PER_seed_2_1790610661,DQN_PER,2,2725,139034,4.10,0,0.0100,0.00037,196.1
DQN_PER_seed_2_1790610661,DQN_PER,2,2726,139090,4.50,0,0.0100,0.00039,196.2
DQN_PER_seed_2_1790610661,DQN_PER,2,2727,139140,3.90,0,0.0100,0.00068,196.3
DQN_PER_seed_2_1790610661,DQN_PER,2,2728,139193,4.20,0,0.0100,0.00045,196.4
DQN_PER_seed_2_1790610661,DQN_PER,2,2729,139244,4.00,0,0.0100,0.00056,196.5
DQN_PER_seed_2_1790610661,DQN_PER,2,2730,139298,4.30,0,0.0100,0.00052,196.5
DQN_PER_seed_2_1790610661,DQN_PER,2,2731,139352,4.30,0,0.0100,0.00044,196.6
DQN_PER_seed_2_1790610661,DQN_PER,2,2732,139409,4.60,0,0.0100,0.00061,196.7
DQN_PER_seed_2_1790610661,DQN_PER,2,2733,139465,4.50,0,0.0100,0.00089,196.8
DQN_PER_seed_2_1790610661,DQN_PER,2,2734,139519,4.30,0,0.0100,0.00043,196.9
DQN_PER_seed_2_1790610661,DQN_PER,2,2735,139574,4.40,0,0.0100,0.00064,196.9
DQN_PER_seed_2_1790610661,DQN_PER,2,2736,139628,4.30,0,0.0100,0.00038,197.0
DQN_PER_seed_2_1790610661,DQN_PER,2,2737,139678,3.90,0,0.0100,0.00039,197.1
DQN_PER_seed_2_1790610661,DQN_PER,2,2738,139733,4.40,0,0.0100,0.00050,197.2
DQN_PER_seed_2_1790610661,DQN_PER,2,2739,139783,-3.30,0,0.0100,0.00030,197.3
DQN_PER_seed_2_1790610661,DQN_PER,2,2740,139841,4.70,0,0.0100,0.00034,197.3
DQN_PER_seed_2_1790610661,DQN_PER,2,2741,139894,4.20,0,0.0100,0.00029,197.4
DQN_PER_seed_2_1790610661,DQN_PER,2,2742,139951,4.60,0,0.0100,0.00031,197.5
DQN_PER_seed_2_1790610661,DQN_PER,2,2743,140006,4.40,0,0.0100,0.00064,197.7
DQN_PER_seed_2_1790610661,DQN_PER,2,2744,140057,4.00,0,0.0100,0.00089,197.8
DQN_PER_seed_2_1790610661,DQN_PER,2,2745,140114,4.60,0,0.0100,0.00073,197.8
DQN_PER_seed_2_1790610661,DQN_PER,2,2746,140164,3.90,0,0.0100,0.00279,197.9
DQN_PER_seed_2_1790610661,DQN_PER,2,2747,140214,3.90,0,0.0100,0.00086,198.0
DQN_PER_seed_2_1790610661,DQN_PER,2,2748,140269,4.40,0,0.0100,0.00041,198.1
DQN_PER_seed_2_1790610661,DQN_PER,2,2749,140324,4.40,0,0.0100,0.00038,198.2
DQN_PER_seed_2_1790610661,DQN_PER,2,2750,140378,4.30,0,0.0100,0.00043,198.2
DQN_PER_seed_2_1790610661,DQN_PER,2,2751,140434,4.50,0,0.0100,0.00038,198.3
DQN_PER_seed_2_1790610661,DQN_PER,2,2752,140490,4.50,0,0.0100,0.00036,198.4
DQN_PER_seed_2_1790610661,DQN_PER,2,2753,140540,3.90,0,0.0100,0.00034,198.5
DQN_PER_seed_2_1790610661,DQN_PER,2,2754,140592,4.10,0,0.0100,0.00043,198.6
DQN_PER_seed_2_1790610661,DQN_PER,2,2755,140648,4.50,0,0.0100,0.00035,198.6
DQN_PER_seed_2_1790610661,DQN_PER,2,2756,140698,3.90,0,0.0100,0.00031,198.7
DQN_PER_seed_2_1790610661,DQN_PER,2,2757,140748,3.90,0,0.0100,0.00036,198.8
DQN_PER_seed_2_1790610661,DQN_PER,2,2758,140801,4.20,0,0.0100,0.00040,198.9
DQN_PER_seed_2_1790610661,DQN_PER,2,2759,140857,4.50,0,0.0100,0.00067,199.0
DQN_PER_seed_2_1790610661,DQN_PER,2,2760,140907,-4.50,0,0.0100,0.00076,199.0
DQN_PER_seed_2_1790610661,DQN_PER,2,2761,140963,4.50,0,0.0100,0.00045,199.1
DQN_PER_seed_2_1790610661,DQN_PER,2,2762,141020,4.60,0,0.0100,0.00034,199.2
DQN_PER_seed_2_1790610661,DQN_PER,2,2763,141075,4.40,0,0.0100,0.00028,199.3
DQN_PER_seed_2_1790610661,DQN_PER,2,2764,141127,4.10,0,0.0100,0.00043,199.4
DQN_PER_seed_2_1790610661,DQN_PER,2,2765,141183,4.50,0,0.0100,0.00042,199.4
DQN_PER_seed_2_1790610661,DQN_PER,2,2766,141233,3.90,0,0.0100,0.00060,199.5
DQN_PER_seed_2_1790610661,DQN_PER,2,2767,141283,3.90,0,0.0100,0.00046,199.6
DQN_PER_seed_2_1790610661,DQN_PER,2,2768,141336,4.20,0,0.0100,0.00048,199.7
DQN_PER_seed_2_1790610661,DQN_PER,2,2769,141393,4.60,0,0.0100,0.00035,199.8
DQN_PER_seed_2_1790610661,DQN_PER,2,2770,141448,4.40,0,0.0100,0.00040,199.8
DQN_PER_seed_2_1790610661,DQN_PER,2,2771,141505,4.60,0,0.0100,0.00081,199.9
DQN_PER_seed_2_1790610661,DQN_PER,2,2772,141558,4.20,0,0.0100,0.00046,200.0
DQN_PER_seed_2_1790610661,DQN_PER,2,2773,141612,4.30,0,0.0100,0.00039,200.1
DQN_PER_seed_2_1790610661,DQN_PER,2,2774,141662,3.90,0,0.0100,0.00041,200.2
DQN_PER_seed_2_1790610661,DQN_PER,2,2775,141718,4.50,0,0.0100,0.00061,200.2
DQN_PER_seed_2_1790610661,DQN_PER,2,2776,141775,4.60,0,0.0100,0.00079,200.3
DQN_PER_seed_2_1790610661,DQN_PER,2,2777,141825,3.90,0,0.0100,0.00034,200.4
DQN_PER_seed_2_1790610661,DQN_PER,2,2778,141881,4.50,0,0.0100,0.00096,200.5
DQN_PER_seed_2_1790610661,DQN_PER,2,2779,141931,3.90,0,0.0100,0.00183,200.6
DQN_PER_seed_2_1790610661,DQN_PER,2,2780,141987,4.50,0,0.0100,0.00045,200.6
DQN_PER_seed_2_1790610661,DQN_PER,2,2781,142043,4.50,0,0.0100,0.00036,200.7
DQN_PER_seed_2_1790610661,DQN_PER,2,2782,142093,3.90,0,0.0100,0.00039,200.8
DQN_PER_seed_2_1790610661,DQN_PER,2,2783,142148,4.40,0,0.0100,0.00030,200.9
DQN_PER_seed_2_1790610661,DQN_PER,2,2784,142204,4.50,0,0.0100,0.00032,201.0
DQN_PER_seed_2_1790610661,DQN_PER,2,2785,142260,4.50,0,0.0100,0.00041,201.1
DQN_PER_seed_2_1790610661,DQN_PER,2,2786,142316,4.50,0,0.0100,0.00046,201.1
DQN_PER_seed_2_1790610661,DQN_PER,2,2787,142370,4.30,0,0.0100,0.00035,201.2
DQN_PER_seed_2_1790610661,DQN_PER,2,2788,142420,3.90,0,0.0100,0.00038,201.3
DQN_PER_seed_2_1790610661,DQN_PER,2,2789,142477,4.60,0,0.0100,0.00036,201.4
DQN_PER_seed_2_1790610661,DQN_PER,2,2790,142531,4.30,0,0.0100,0.00034,201.5
DQN_PER_seed_2_1790610661,DQN_PER,2,2791,142586,4.40,0,0.0100,0.00028,201.5
DQN_PER_seed_2_1790610661,DQN_PER,2,2792,142642,4.50,0,0.0100,0.00033,201.6
DQN_PER_seed_2_1790610661,DQN_PER,2,2793,142695,4.20,0,0.0100,0.00032,201.7
DQN_PER_seed_2_1790610661,DQN_PER,2,2794,142745,3.90,0,0.0100,0.00035,201.8
DQN_PER_seed_2_1790610661,DQN_PER,2,2795,142801,4.50,0,0.0100,0.00061,201.9
DQN_PER_seed_2_1790610661,DQN_PER,2,2796,142859,4.70,0,0.0100,0.00041,202.0
DQN_PER_seed_2_1790610661,DQN_PER,2,2797,142914,4.40,0,0.0100,0.00043,202.0
DQN_PER_seed_2_1790610661,DQN_PER,2,2798,142968,4.30,0,0.0100,0.00059,202.1
DQN_PER_seed_2_1790610661,DQN_PER,2,2799,143025,4.60,0,0.0100,0.00033,202.2
DQN_PER_seed_2_1790610661,DQN_PER,2,2800,143078,4.20,0,0.0100,0.00040,202.3
DQN_PER_seed_2_1790610661,DQN_PER,2,2801,143134,4.50,0,0.0100,0.00022,202.4
DQN_PER_seed_2_1790610661,DQN_PER,2,2802,143190,4.50,0,0.0100,0.00046,202.4
DQN_PER_seed_2_1790610661,DQN_PER,2,2803,143240,3.90,0,0.0100,0.00032,202.5
DQN_PER_seed_2_1790610661,DQN_PER,2,2804,143296,4.50,0,0.0100,0.00031,202.6
DQN_PER_seed_2_1790610661,DQN_PER,2,2805,143350,4.30,0,0.0100,0.00040,202.7
DQN_PER_seed_2_1790610661,DQN_PER,2,2806,143405,4.40,0,0.0100,0.00038,202.8
DQN_PER_seed_2_1790610661,DQN_PER,2,2807,143459,4.30,0,0.0100,0.00034,202.8
DQN_PER_seed_2_1790610661,DQN_PER,2,2808,143514,4.40,0,0.0100,0.00029,202.9
DQN_PER_seed_2_1790610661,DQN_PER,2,2809,143564,3.90,0,0.0100,0.00050,203.0
DQN_PER_seed_2_1790610661,DQN_PER,2,2810,143614,3.90,0,0.0100,0.00088,203.1
DQN_PER_seed_2_1790610661,DQN_PER,2,2811,143667,4.20,0,0.0100,0.00035,203.2
DQN_PER_seed_2_1790610661,DQN_PER,2,2812,143720,4.20,0,0.0100,0.00034,203.2
DQN_PER_seed_2_1790610661,DQN_PER,2,2813,143770,3.90,0,0.0100,0.00030,203.3
DQN_PER_seed_2_1790610661,DQN_PER,2,2814,143820,3.90,0,0.0100,0.00037,203.4
DQN_PER_seed_2_1790610661,DQN_PER,2,2815,143873,4.20,0,0.0100,0.00046,203.5
DQN_PER_seed_2_1790610661,DQN_PER,2,2816,143928,4.40,0,0.0100,0.00034,203.5
DQN_PER_seed_2_1790610661,DQN_PER,2,2817,143985,4.60,0,0.0100,0.00034,203.6
DQN_PER_seed_2_1790610661,DQN_PER,2,2818,144042,4.60,0,0.0100,0.00037,203.7
DQN_PER_seed_2_1790610661,DQN_PER,2,2819,144097,4.40,0,0.0100,0.00039,203.8
DQN_PER_seed_2_1790610661,DQN_PER,2,2820,144153,4.50,0,0.0100,0.00047,203.9
DQN_PER_seed_2_1790610661,DQN_PER,2,2821,144207,4.30,0,0.0100,0.00062,204.0
DQN_PER_seed_2_1790610661,DQN_PER,2,2822,144261,4.30,0,0.0100,0.00071,204.0
DQN_PER_seed_2_1790610661,DQN_PER,2,2823,144317,4.50,0,0.0100,0.00115,204.1
DQN_PER_seed_2_1790610661,DQN_PER,2,2824,144374,4.60,0,0.0100,0.00304,204.2
DQN_PER_seed_2_1790610661,DQN_PER,2,2825,144428,4.30,0,0.0100,0.00059,204.3
DQN_PER_seed_2_1790610661,DQN_PER,2,2826,144484,4.50,0,0.0100,0.00048,204.4
DQN_PER_seed_2_1790610661,DQN_PER,2,2827,144538,4.30,0,0.0100,0.00039,204.5
DQN_PER_seed_2_1790610661,DQN_PER,2,2828,144593,4.40,0,0.0100,0.00032,204.5
DQN_PER_seed_2_1790610661,DQN_PER,2,2829,144647,4.30,0,0.0100,0.00037,204.6
DQN_PER_seed_2_1790610661,DQN_PER,2,2830,144702,4.40,0,0.0100,0.00043,204.7
DQN_PER_seed_2_1790610661,DQN_PER,2,2831,144756,4.30,0,0.0100,0.00039,204.8
DQN_PER_seed_2_1790610661,DQN_PER,2,2832,144812,4.50,0,0.0100,0.00040,204.9
DQN_PER_seed_2_1790610661,DQN_PER,2,2833,144862,3.90,0,0.0100,0.00045,204.9
DQN_PER_seed_2_1790610661,DQN_PER,2,2834,144915,4.20,0,0.0100,0.00051,205.0
DQN_PER_seed_2_1790610661,DQN_PER,2,2835,144971,4.50,0,0.0100,0.00034,205.1
DQN_PER_seed_2_1790610661,DQN_PER,2,2836,145028,4.60,0,0.0100,0.00036,205.3
DQN_PER_seed_2_1790610661,DQN_PER,2,2837,145083,4.40,0,0.0100,0.00058,205.4
DQN_PER_seed_2_1790610661,DQN_PER,2,2838,145139,4.50,0,0.0100,0.00072,205.5
DQN_PER_seed_2_1790610661,DQN_PER,2,2839,145189,3.90,0,0.0100,0.00040,205.5
DQN_PER_seed_2_1790610661,DQN_PER,2,2840,145243,4.30,0,0.0100,0.00034,205.6
DQN_PER_seed_2_1790610661,DQN_PER,2,2841,145293,3.90,0,0.0100,0.00048,205.7
DQN_PER_seed_2_1790610661,DQN_PER,2,2842,145348,4.40,0,0.0100,0.00036,205.8
DQN_PER_seed_2_1790610661,DQN_PER,2,2843,145405,4.60,0,0.0100,0.00034,205.9
DQN_PER_seed_2_1790610661,DQN_PER,2,2844,145461,4.50,0,0.0100,0.00150,205.9
DQN_PER_seed_2_1790610661,DQN_PER,2,2845,145511,3.90,0,0.0100,0.00080,206.0
DQN_PER_seed_2_1790610661,DQN_PER,2,2846,145567,4.50,0,0.0100,0.00030,206.1
DQN_PER_seed_2_1790610661,DQN_PER,2,2847,145617,3.90,0,0.0100,0.00056,206.2
DQN_PER_seed_2_1790610661,DQN_PER,2,2848,145675,4.70,0,0.0100,0.00041,206.3
DQN_PER_seed_2_1790610661,DQN_PER,2,2849,145731,4.50,0,0.0100,0.00027,206.3
DQN_PER_seed_2_1790610661,DQN_PER,2,2850,145786,4.40,0,0.0100,0.00034,206.4
DQN_PER_seed_2_1790610661,DQN_PER,2,2851,145836,3.90,0,0.0100,0.00037,206.5
DQN_PER_seed_2_1790610661,DQN_PER,2,2852,145886,-2.70,0,0.0100,0.00026,206.6
DQN_PER_seed_2_1790610661,DQN_PER,2,2853,145942,4.50,0,0.0100,0.00031,206.7
DQN_PER_seed_2_1790610661,DQN_PER,2,2854,145998,4.50,0,0.0100,0.00036,206.7
DQN_PER_seed_2_1790610661,DQN_PER,2,2855,146051,4.20,0,0.0100,0.00035,206.8
DQN_PER_seed_2_1790610661,DQN_PER,2,2856,146101,3.90,0,0.0100,0.00051,206.9
DQN_PER_seed_2_1790610661,DQN_PER,2,2857,146158,4.60,0,0.0100,0.00036,207.0
DQN_PER_seed_2_1790610661,DQN_PER,2,2858,146215,4.60,0,0.0100,0.00051,207.1
DQN_PER_seed_2_1790610661,DQN_PER,2,2859,146273,4.70,0,0.0100,0.00035,207.2
DQN_PER_seed_2_1790610661,DQN_PER,2,2860,146328,4.40,0,0.0100,0.00034,207.2
DQN_PER_seed_2_1790610661,DQN_PER,2,2861,146378,3.90,0,0.0100,0.00033,207.3
DQN_PER_seed_2_1790610661,DQN_PER,2,2862,146433,4.40,0,0.0100,0.00032,207.4
DQN_PER_seed_2_1790610661,DQN_PER,2,2863,146489,4.50,0,0.0100,0.00032,207.5
DQN_PER_seed_2_1790610661,DQN_PER,2,2864,146543,4.30,0,0.0100,0.00044,207.6
DQN_PER_seed_2_1790610661,DQN_PER,2,2865,146599,4.50,0,0.0100,0.00044,207.6
DQN_PER_seed_2_1790610661,DQN_PER,2,2866,146649,3.90,0,0.0100,0.00058,207.7
DQN_PER_seed_2_1790610661,DQN_PER,2,2867,146704,4.40,0,0.0100,0.00062,207.8
DQN_PER_seed_2_1790610661,DQN_PER,2,2868,146754,3.90,0,0.0100,0.00033,207.9
DQN_PER_seed_2_1790610661,DQN_PER,2,2869,146804,3.90,0,0.0100,0.00048,208.0
DQN_PER_seed_2_1790610661,DQN_PER,2,2870,146854,3.90,0,0.0100,0.00044,208.0
DQN_PER_seed_2_1790610661,DQN_PER,2,2871,146904,3.90,0,0.0100,0.00053,208.1
DQN_PER_seed_2_1790610661,DQN_PER,2,2872,146960,4.50,0,0.0100,0.00038,208.2
DQN_PER_seed_2_1790610661,DQN_PER,2,2873,147010,3.90,0,0.0100,0.00044,208.3
DQN_PER_seed_2_1790610661,DQN_PER,2,2874,147065,4.40,0,0.0100,0.00040,208.3
DQN_PER_seed_2_1790610661,DQN_PER,2,2875,147116,4.00,0,0.0100,0.00035,208.4
DQN_PER_seed_2_1790610661,DQN_PER,2,2876,147171,4.40,0,0.0100,0.00041,208.5
DQN_PER_seed_2_1790610661,DQN_PER,2,2877,147226,4.40,0,0.0100,0.00043,208.6
DQN_PER_seed_2_1790610661,DQN_PER,2,2878,147282,4.50,0,0.0100,0.00045,208.7
DQN_PER_seed_2_1790610661,DQN_PER,2,2879,147336,4.30,0,0.0100,0.00044,208.8
DQN_PER_seed_2_1790610661,DQN_PER,2,2880,147391,4.40,0,0.0100,0.00060,208.8
DQN_PER_seed_2_1790610661,DQN_PER,2,2881,147447,4.50,0,0.0100,0.00040,208.9
DQN_PER_seed_2_1790610661,DQN_PER,2,2882,147497,3.90,0,0.0100,0.00055,209.0
DQN_PER_seed_2_1790610661,DQN_PER,2,2883,147552,4.40,0,0.0100,0.00037,209.1
DQN_PER_seed_2_1790610661,DQN_PER,2,2884,147610,4.70,0,0.0100,0.00036,209.2
DQN_PER_seed_2_1790610661,DQN_PER,2,2885,147668,4.70,0,0.0100,0.00051,209.3
DQN_PER_seed_2_1790610661,DQN_PER,2,2886,147723,4.40,0,0.0100,0.00069,209.3
DQN_PER_seed_2_1790610661,DQN_PER,2,2887,147778,4.40,0,0.0100,0.00041,209.4
DQN_PER_seed_2_1790610661,DQN_PER,2,2888,147835,4.60,0,0.0100,0.00038,209.5
DQN_PER_seed_2_1790610661,DQN_PER,2,2889,147888,4.20,0,0.0100,0.00045,209.6
DQN_PER_seed_2_1790610661,DQN_PER,2,2890,147946,4.70,0,0.0100,0.00035,209.7
DQN_PER_seed_2_1790610661,DQN_PER,2,2891,148003,4.60,0,0.0100,0.00036,209.8
DQN_PER_seed_2_1790610661,DQN_PER,2,2892,148059,4.50,0,0.0100,0.00035,209.8
DQN_PER_seed_2_1790610661,DQN_PER,2,2893,148109,3.90,0,0.0100,0.00034,209.9
DQN_PER_seed_2_1790610661,DQN_PER,2,2894,148159,3.90,0,0.0100,0.00069,210.0
DQN_PER_seed_2_1790610661,DQN_PER,2,2895,148215,4.50,0,0.0100,0.00048,210.1
DQN_PER_seed_2_1790610661,DQN_PER,2,2896,148271,4.50,0,0.0100,0.00049,210.2
DQN_PER_seed_2_1790610661,DQN_PER,2,2897,148327,4.50,0,0.0100,0.00041,210.2
DQN_PER_seed_2_1790610661,DQN_PER,2,2898,148383,4.50,0,0.0100,0.00041,210.3
DQN_PER_seed_2_1790610661,DQN_PER,2,2899,148437,4.30,0,0.0100,0.00039,210.4
DQN_PER_seed_2_1790610661,DQN_PER,2,2900,148493,4.50,0,0.0100,0.00040,210.5
DQN_PER_seed_2_1790610661,DQN_PER,2,2901,148548,4.40,0,0.0100,0.00050,210.6
DQN_PER_seed_2_1790610661,DQN_PER,2,2902,148603,4.40,0,0.0100,0.00077,210.7
DQN_PER_seed_2_1790610661,DQN_PER,2,2903,148661,4.70,0,0.0100,0.00066,210.8
DQN_PER_seed_2_1790610661,DQN_PER,2,2904,148716,4.40,0,0.0100,0.00065,210.8
DQN_PER_seed_2_1790610661,DQN_PER,2,2905,148771,4.40,0,0.0100,0.00084,210.9
DQN_PER_seed_2_1790610661,DQN_PER,2,2906,148830,4.80,0,0.0100,0.00123,211.0
DQN_PER_seed_2_1790610661,DQN_PER,2,2907,148885,4.40,0,0.0100,0.00038,211.1
DQN_PER_seed_2_1790610661,DQN_PER,2,2908,148938,4.20,0,0.0100,0.00031,211.2
DQN_PER_seed_2_1790610661,DQN_PER,2,2909,148993,4.40,0,0.0100,0.00033,211.2
DQN_PER_seed_2_1790610661,DQN_PER,2,2910,149050,4.60,0,0.0100,0.00070,211.3
DQN_PER_seed_2_1790610661,DQN_PER,2,2911,149100,3.90,0,0.0100,0.00043,211.4
DQN_PER_seed_2_1790610661,DQN_PER,2,2912,149157,4.60,0,0.0100,0.00063,211.5
DQN_PER_seed_2_1790610661,DQN_PER,2,2913,149214,4.60,0,0.0100,0.00035,211.6
DQN_PER_seed_2_1790610661,DQN_PER,2,2914,149264,3.90,0,0.0100,0.00038,211.7
DQN_PER_seed_2_1790610661,DQN_PER,2,2915,149321,4.60,0,0.0100,0.00046,211.7
DQN_PER_seed_2_1790610661,DQN_PER,2,2916,149371,3.90,0,0.0100,0.00060,211.8
DQN_PER_seed_2_1790610661,DQN_PER,2,2917,149426,4.40,0,0.0100,0.00157,211.9
DQN_PER_seed_2_1790610661,DQN_PER,2,2918,149482,4.50,0,0.0100,0.00144,212.0
DQN_PER_seed_2_1790610661,DQN_PER,2,2919,149536,4.30,0,0.0100,0.00068,212.1
DQN_PER_seed_2_1790610661,DQN_PER,2,2920,149586,3.90,0,0.0100,0.00060,212.1
DQN_PER_seed_2_1790610661,DQN_PER,2,2921,149640,4.30,0,0.0100,0.00044,212.2
DQN_PER_seed_2_1790610661,DQN_PER,2,2922,149699,4.80,0,0.0100,0.00038,212.3
DQN_PER_seed_2_1790610661,DQN_PER,2,2923,149756,4.60,0,0.0100,0.00039,212.4
DQN_PER_seed_2_1790610661,DQN_PER,2,2924,149814,4.70,0,0.0100,0.00041,212.5
DQN_PER_seed_2_1790610661,DQN_PER,2,2925,149869,4.40,0,0.0100,0.00046,212.6
DQN_PER_seed_2_1790610661,DQN_PER,2,2926,149926,4.60,0,0.0100,0.00075,212.7
DQN_PER_seed_2_1790610661,DQN_PER,2,2927,149983,4.60,0,0.0100,0.00049,212.7
DQN_PER_seed_2_1790610661,DQN_PER,2,2928,150035,4.10,0,0.0100,0.00029,212.9
DQN_PER_seed_2_1790610661,DQN_PER,2,2929,150085,3.90,0,0.0100,0.00032,213.0
DQN_PER_seed_2_1790610661,DQN_PER,2,2930,150139,4.30,0,0.0100,0.00036,213.1
DQN_PER_seed_2_1790610661,DQN_PER,2,2931,150193,4.30,0,0.0100,0.00031,213.1
DQN_PER_seed_2_1790610661,DQN_PER,2,2932,150248,4.40,0,0.0100,0.00050,213.2
DQN_PER_seed_2_1790610661,DQN_PER,2,2933,150306,4.70,0,0.0100,0.00029,213.3
DQN_PER_seed_2_1790610661,DQN_PER,2,2934,150356,3.90,0,0.0100,0.00033,213.4
DQN_PER_seed_2_1790610661,DQN_PER,2,2935,150415,4.80,0,0.0100,0.00044,213.5
DQN_PER_seed_2_1790610661,DQN_PER,2,2936,150473,4.70,0,0.0100,0.00044,213.6
DQN_PER_seed_2_1790610661,DQN_PER,2,2937,150523,3.90,0,0.0100,0.00030,213.6
DQN_PER_seed_2_1790610661,DQN_PER,2,2938,150579,4.50,0,0.0100,0.00028,213.7
DQN_PER_seed_2_1790610661,DQN_PER,2,2939,150636,4.60,0,0.0100,0.00040,213.8
DQN_PER_seed_2_1790610661,DQN_PER,2,2940,150693,4.60,0,0.0100,0.00035,213.9
DQN_PER_seed_2_1790610661,DQN_PER,2,2941,150750,4.60,0,0.0100,0.00028,214.0
DQN_PER_seed_2_1790610661,DQN_PER,2,2942,150806,4.50,0,0.0100,0.00035,214.1
DQN_PER_seed_2_1790610661,DQN_PER,2,2943,150861,4.40,0,0.0100,0.00042,214.2
DQN_PER_seed_2_1790610661,DQN_PER,2,2944,150917,4.50,0,0.0100,0.00030,214.2
DQN_PER_seed_2_1790610661,DQN_PER,2,2945,150975,4.70,0,0.0100,0.00035,214.3
DQN_PER_seed_2_1790610661,DQN_PER,2,2946,151031,4.50,0,0.0100,0.00030,214.4
DQN_PER_seed_2_1790610661,DQN_PER,2,2947,151087,4.50,0,0.0100,0.00033,214.5
DQN_PER_seed_2_1790610661,DQN_PER,2,2948,151145,4.70,0,0.0100,0.00036,214.6
DQN_PER_seed_2_1790610661,DQN_PER,2,2949,151201,4.50,0,0.0100,0.00033,214.7
DQN_PER_seed_2_1790610661,DQN_PER,2,2950,151258,4.60,0,0.0100,0.00066,214.7
DQN_PER_seed_2_1790610661,DQN_PER,2,2951,151312,4.30,0,0.0100,0.00463,214.8
DQN_PER_seed_2_1790610661,DQN_PER,2,2952,151368,4.50,0,0.0100,0.00286,214.9
DQN_PER_seed_2_1790610661,DQN_PER,2,2953,151421,4.20,0,0.0100,0.00196,215.0
DQN_PER_seed_2_1790610661,DQN_PER,2,2954,151475,4.30,0,0.0100,0.00114,215.1
DQN_PER_seed_2_1790610661,DQN_PER,2,2955,151530,4.40,0,0.0100,0.00100,215.2
DQN_PER_seed_2_1790610661,DQN_PER,2,2956,151588,4.70,0,0.0100,0.00077,215.2
DQN_PER_seed_2_1790610661,DQN_PER,2,2957,151643,4.40,0,0.0100,0.00073,215.3
DQN_PER_seed_2_1790610661,DQN_PER,2,2958,151698,4.40,0,0.0100,0.00065,215.4
DQN_PER_seed_2_1790610661,DQN_PER,2,2959,151755,4.60,0,0.0100,0.00042,215.5
DQN_PER_seed_2_1790610661,DQN_PER,2,2960,151812,4.60,0,0.0100,0.00037,215.6
DQN_PER_seed_2_1790610661,DQN_PER,2,2961,151871,4.80,0,0.0100,0.00060,215.7
DQN_PER_seed_2_1790610661,DQN_PER,2,2962,151927,4.50,0,0.0100,0.00032,215.7
DQN_PER_seed_2_1790610661,DQN_PER,2,2963,151985,4.70,0,0.0100,0.00037,215.8
DQN_PER_seed_2_1790610661,DQN_PER,2,2964,152044,4.80,0,0.0100,0.00082,215.9
DQN_PER_seed_2_1790610661,DQN_PER,2,2965,152100,4.50,0,0.0100,0.00056,216.0
DQN_PER_seed_2_1790610661,DQN_PER,2,2966,152150,3.90,0,0.0100,0.00042,216.1
DQN_PER_seed_2_1790610661,DQN_PER,2,2967,152200,3.90,0,0.0100,0.00055,216.2
DQN_PER_seed_2_1790610661,DQN_PER,2,2968,152250,3.90,0,0.0100,0.00043,216.2
DQN_PER_seed_2_1790610661,DQN_PER,2,2969,152306,4.50,0,0.0100,0.00043,216.3
DQN_PER_seed_2_1790610661,DQN_PER,2,2970,152356,3.90,0,0.0100,0.00042,216.4
DQN_PER_seed_2_1790610661,DQN_PER,2,2971,152406,3.90,0,0.0100,0.00046,216.5
DQN_PER_seed_2_1790610661,DQN_PER,2,2972,152464,4.70,0,0.0100,0.00034,216.6
DQN_PER_seed_2_1790610661,DQN_PER,2,2973,152514,3.90,0,0.0100,0.00031,216.6
DQN_PER_seed_2_1790610661,DQN_PER,2,2974,152564,3.90,0,0.0100,0.00038,216.7
DQN_PER_seed_2_1790610661,DQN_PER,2,2975,152622,4.70,0,0.0100,0.00036,216.8
DQN_PER_seed_2_1790610661,DQN_PER,2,2976,152678,4.50,0,0.0100,0.00044,216.9
DQN_PER_seed_2_1790610661,DQN_PER,2,2977,152735,4.60,0,0.0100,0.00034,217.0
DQN_PER_seed_2_1790610661,DQN_PER,2,2978,152791,4.50,0,0.0100,0.00034,217.0
DQN_PER_seed_2_1790610661,DQN_PER,2,2979,152849,4.70,0,0.0100,0.00034,217.1
DQN_PER_seed_2_1790610661,DQN_PER,2,2980,152899,3.90,0,0.0100,0.00052,217.2
DQN_PER_seed_2_1790610661,DQN_PER,2,2981,152958,4.80,0,0.0100,0.00051,217.3
DQN_PER_seed_2_1790610661,DQN_PER,2,2982,153008,3.90,0,0.0100,0.00037,217.4
DQN_PER_seed_2_1790610661,DQN_PER,2,2983,153058,3.90,0,0.0100,0.00033,217.5
DQN_PER_seed_2_1790610661,DQN_PER,2,2984,153113,4.40,0,0.0100,0.00039,217.5
DQN_PER_seed_2_1790610661,DQN_PER,2,2985,153171,4.70,0,0.0100,0.00039,217.6
DQN_PER_seed_2_1790610661,DQN_PER,2,2986,153221,3.90,0,0.0100,0.00053,217.7
DQN_PER_seed_2_1790610661,DQN_PER,2,2987,153275,4.30,0,0.0100,0.00082,217.8
DQN_PER_seed_2_1790610661,DQN_PER,2,2988,153331,4.50,0,0.0100,0.00043,217.9
DQN_PER_seed_2_1790610661,DQN_PER,2,2989,153389,4.70,0,0.0100,0.00053,218.0
DQN_PER_seed_2_1790610661,DQN_PER,2,2990,153445,4.50,0,0.0100,0.00041,218.0
DQN_PER_seed_2_1790610661,DQN_PER,2,2991,153506,5.00,1,0.0100,0.00029,218.1
DQN_PER_seed_2_1790610661,DQN_PER,2,2992,153562,4.50,0,0.0100,0.00032,218.2
DQN_PER_seed_2_1790610661,DQN_PER,2,2993,153620,4.70,0,0.0100,0.00039,218.3
DQN_PER_seed_2_1790610661,DQN_PER,2,2994,153678,4.70,0,0.0100,0.00048,218.4
DQN_PER_seed_2_1790610661,DQN_PER,2,2995,153735,4.60,0,0.0100,0.00030,218.5
DQN_PER_seed_2_1790610661,DQN_PER,2,2996,153793,4.70,0,0.0100,0.00036,218.6
DQN_PER_seed_2_1790610661,DQN_PER,2,2997,153849,4.50,0,0.0100,0.00054,218.7
DQN_PER_seed_2_1790610661,DQN_PER,2,2998,153905,4.50,0,0.0100,0.00084,218.7
DQN_PER_seed_2_1790610661,DQN_PER,2,2999,153964,4.80,0,0.0100,0.00033,218.8
DQN_PER_seed_2_1790610661,DQN_PER,2,3000,154023,4.80,0,0.0100,0.00032,218.9
DQN_PER_seed_2_1790610661,DQN_PER,2,3001,154083,4.90,0,0.0100,0.00043,219.0
DQN_PER_seed_2_1790610661,DQN_PER,2,3002,154143,4.90,0,0.0100,0.00035,219.1
DQN_PER_seed_2_1790610661,DQN_PER,2,3003,154201,4.70,0,0.0100,0.00042,219.2
DQN_PER_seed_2_1790610661,DQN_PER,2,3004,154259,4.70,0,0.0100,0.00045,219.3
DQN_PER_seed_2_1790610661,DQN_PER,2,3005,154318,4.80,0,0.0100,0.00041,219.4
DQN_PER_seed_2_1790610661,DQN_PER,2,3006,154378,4.90,0,0.0100,0.00031,219.5
DQN_PER_seed_2_1790610661,DQN_PER,2,3007,154436,4.70,0,0.0100,0.00036,219.5
DQN_PER_seed_2_1790610661,DQN_PER,2,3008,154486,3.90,0,0.0100,0.00044,219.6
DQN_PER_seed_2_1790610661,DQN_PER,2,3009,154546,4.90,0,0.0100,0.00034,219.7
DQN_PER_seed_2_1790610661,DQN_PER,2,3010,154607,5.00,1,0.0100,0.00027,219.8
DQN_PER_seed_2_1790610661,DQN_PER,2,3011,154668,5.00,1,0.0100,0.00054,219.9
DQN_PER_seed_2_1790610661,DQN_PER,2,3012,154729,5.00,1,0.0100,0.00051,220.0
DQN_PER_seed_2_1790610661,DQN_PER,2,3013,154789,4.90,0,0.0100,0.00046,220.1
DQN_PER_seed_2_1790610661,DQN_PER,2,3014,154839,3.90,0,0.0100,0.00039,220.1
DQN_PER_seed_2_1790610661,DQN_PER,2,3015,154889,3.90,0,0.0100,0.00089,220.2
DQN_PER_seed_2_1790610661,DQN_PER,2,3016,154945,4.50,0,0.0100,0.00033,220.3
DQN_PER_seed_2_1790610661,DQN_PER,2,3017,155004,4.80,0,0.0100,0.00033,220.5
DQN_PER_seed_2_1790610661,DQN_PER,2,3018,155063,4.80,0,0.0100,0.00040,220.6
DQN_PER_seed_2_1790610661,DQN_PER,2,3019,155122,4.80,0,0.0100,0.00050,220.7
DQN_PER_seed_2_1790610661,DQN_PER,2,3020,155183,5.00,1,0.0100,0.00036,220.8
DQN_PER_seed_2_1790610661,DQN_PER,2,3021,155243,4.90,0,0.0100,0.00033,220.9
DQN_PER_seed_2_1790610661,DQN_PER,2,3022,155293,3.90,0,0.0100,0.00099,220.9
DQN_PER_seed_2_1790610661,DQN_PER,2,3023,155351,4.70,0,0.0100,0.00035,221.0
DQN_PER_seed_2_1790610661,DQN_PER,2,3024,155410,4.80,0,0.0100,0.00044,221.1
DQN_PER_seed_2_1790610661,DQN_PER,2,3025,155468,4.70,0,0.0100,0.00057,221.2
DQN_PER_seed_2_1790610661,DQN_PER,2,3026,155526,4.70,0,0.0100,0.00029,221.3
DQN_PER_seed_2_1790610661,DQN_PER,2,3027,155588,6.00,1,0.0100,0.00037,221.4
DQN_PER_seed_2_1790610661,DQN_PER,2,3028,155648,4.90,0,0.0100,0.00053,221.5
DQN_PER_seed_2_1790610661,DQN_PER,2,3029,155710,6.00,1,0.0100,0.00052,221.6
DQN_PER_seed_2_1790610661,DQN_PER,2,3030,155770,4.90,0,0.0100,0.00034,221.7
DQN_PER_seed_2_1790610661,DQN_PER,2,3031,155832,6.00,1,0.0100,0.00035,221.8
DQN_PER_seed_2_1790610661,DQN_PER,2,3032,155894,6.00,1,0.0100,0.00035,221.9
DQN_PER_seed_2_1790610661,DQN_PER,2,3033,155954,4.90,0,0.0100,0.00046,221.9
DQN_PER_seed_2_1790610661,DQN_PER,2,3034,156013,4.80,0,0.0100,0.00035,222.0
DQN_PER_seed_2_1790610661,DQN_PER,2,3035,156073,4.90,0,0.0100,0.00037,222.1
DQN_PER_seed_2_1790610661,DQN_PER,2,3036,156132,4.80,0,0.0100,0.00035,222.2
DQN_PER_seed_2_1790610661,DQN_PER,2,3037,156192,4.90,0,0.0100,0.00052,222.3
DQN_PER_seed_2_1790610661,DQN_PER,2,3038,156242,3.90,0,0.0100,0.00039,222.4
DQN_PER_seed_2_1790610661,DQN_PER,2,3039,156302,4.90,0,0.0100,0.00053,222.5
DQN_PER_seed_2_1790610661,DQN_PER,2,3040,156352,3.90,0,0.0100,0.00078,222.5
DQN_PER_seed_2_1790610661,DQN_PER,2,3041,156414,6.00,1,0.0100,0.00039,222.6
DQN_PER_seed_2_1790610661,DQN_PER,2,3042,156477,6.10,1,0.0100,0.00031,222.7
DQN_PER_seed_2_1790610661,DQN_PER,2,3043,156540,6.10,1,0.0100,0.00032,222.8
DQN_PER_seed_2_1790610661,DQN_PER,2,3044,156601,5.00,1,0.0100,0.00041,222.9
DQN_PER_seed_2_1790610661,DQN_PER,2,3045,156651,3.90,0,0.0100,0.00039,223.0
DQN_PER_seed_2_1790610661,DQN_PER,2,3046,156710,4.80,0,0.0100,0.00063,223.1
DQN_PER_seed_2_1790610661,DQN_PER,2,3047,156770,4.90,0,0.0100,0.00074,223.2
DQN_PER_seed_2_1790610661,DQN_PER,2,3048,156831,5.00,1,0.0100,0.00119,223.3
DQN_PER_seed_2_1790610661,DQN_PER,2,3049,156891,4.90,0,0.0100,0.00133,223.4
DQN_PER_seed_2_1790610661,DQN_PER,2,3050,156949,4.70,0,0.0100,0.00045,223.4
DQN_PER_seed_2_1790610661,DQN_PER,2,3051,157009,4.90,0,0.0100,0.00034,223.5
DQN_PER_seed_2_1790610661,DQN_PER,2,3052,157067,4.70,0,0.0100,0.00035,223.6
DQN_PER_seed_2_1790610661,DQN_PER,2,3053,157128,5.00,1,0.0100,0.00043,223.7
DQN_PER_seed_2_1790610661,DQN_PER,2,3054,157190,6.00,1,0.0100,0.00034,223.8
DQN_PER_seed_2_1790610661,DQN_PER,2,3055,157249,4.80,0,0.0100,0.00053,223.9
DQN_PER_seed_2_1790610661,DQN_PER,2,3056,157310,5.00,1,0.0100,0.00062,224.0
DQN_PER_seed_2_1790610661,DQN_PER,2,3057,157371,5.00,1,0.0100,0.00050,224.1
DQN_PER_seed_2_1790610661,DQN_PER,2,3058,157431,4.90,0,0.0100,0.00046,224.2
DQN_PER_seed_2_1790610661,DQN_PER,2,3059,157494,6.10,1,0.0100,0.00041,224.3
DQN_PER_seed_2_1790610661,DQN_PER,2,3060,157558,6.20,1,0.0100,0.00057,224.4
DQN_PER_seed_2_1790610661,DQN_PER,2,3061,157620,6.00,1,0.0100,0.00035,224.5
DQN_PER_seed_2_1790610661,DQN_PER,2,3062,157683,6.10,1,0.0100,0.00040,224.5
DQN_PER_seed_2_1790610661,DQN_PER,2,3063,157744,5.00,1,0.0100,0.00063,224.6
DQN_PER_seed_2_1790610661,DQN_PER,2,3064,157803,4.80,0,0.0100,0.00061,224.7
DQN_PER_seed_2_1790610661,DQN_PER,2,3065,157862,4.80,0,0.0100,0.00038,224.8
DQN_PER_seed_2_1790610661,DQN_PER,2,3066,157928,6.40,1,0.0100,0.00035,224.9
DQN_PER_seed_2_1790610661,DQN_PER,2,3067,157989,5.00,1,0.0100,0.00039,225.0
DQN_PER_seed_2_1790610661,DQN_PER,2,3068,158051,6.00,1,0.0100,0.00038,225.1
DQN_PER_seed_2_1790610661,DQN_PER,2,3069,158114,6.10,1,0.0100,0.00052,225.2
DQN_PER_seed_2_1790610661,DQN_PER,2,3070,158174,4.90,0,0.0100,0.00066,225.3
DQN_PER_seed_2_1790610661,DQN_PER,2,3071,158234,4.90,0,0.0100,0.00044,225.4
DQN_PER_seed_2_1790610661,DQN_PER,2,3072,158293,4.80,0,0.0100,0.00125,225.5
DQN_PER_seed_2_1790610661,DQN_PER,2,3073,158343,3.90,0,0.0100,0.00140,225.5
DQN_PER_seed_2_1790610661,DQN_PER,2,3074,158408,6.30,1,0.0100,0.00064,225.6
DQN_PER_seed_2_1790610661,DQN_PER,2,3075,158473,6.30,1,0.0100,0.00040,225.7
DQN_PER_seed_2_1790610661,DQN_PER,2,3076,158536,6.10,1,0.0100,0.00032,225.8
DQN_PER_seed_2_1790610661,DQN_PER,2,3077,158598,6.00,1,0.0100,0.00041,225.9
DQN_PER_seed_2_1790610661,DQN_PER,2,3078,158660,6.00,1,0.0100,0.00043,226.0
DQN_PER_seed_2_1790610661,DQN_PER,2,3079,158746,6.60,1,0.0100,0.00041,226.2
DQN_PER_seed_2_1790610661,DQN_PER,2,3080,158811,6.30,1,0.0100,0.00041,226.2
DQN_PER_seed_2_1790610661,DQN_PER,2,3081,158876,6.30,1,0.0100,0.00076,226.3
DQN_PER_seed_2_1790610661,DQN_PER,2,3082,158926,3.90,0,0.0100,0.00055,226.4
DQN_PER_seed_2_1790610661,DQN_PER,2,3083,158987,5.00,1,0.0100,0.00070,226.5
DQN_PER_seed_2_1790610661,DQN_PER,2,3084,159052,6.30,1,0.0100,0.00047,226.6
DQN_PER_seed_2_1790610661,DQN_PER,2,3085,159114,6.00,1,0.0100,0.00046,226.7
DQN_PER_seed_2_1790610661,DQN_PER,2,3086,159184,6.80,1,0.0100,0.00046,226.8
DQN_PER_seed_2_1790610661,DQN_PER,2,3087,159254,6.80,1,0.0100,0.00046,226.9
DQN_PER_seed_2_1790610661,DQN_PER,2,3088,159321,6.50,1,0.0100,0.00047,227.0
DQN_PER_seed_2_1790610661,DQN_PER,2,3089,159389,6.60,1,0.0100,0.00049,227.1
DQN_PER_seed_2_1790610661,DQN_PER,2,3090,159458,6.70,1,0.0100,0.00041,227.2
DQN_PER_seed_2_1790610661,DQN_PER,2,3091,159528,6.80,1,0.0100,0.00056,227.3
DQN_PER_seed_2_1790610661,DQN_PER,2,3092,159594,6.40,1,0.0100,0.00047,227.4
DQN_PER_seed_2_1790610661,DQN_PER,2,3093,159663,6.70,1,0.0100,0.00058,227.5
DQN_PER_seed_2_1790610661,DQN_PER,2,3094,159732,6.70,1,0.0100,0.00056,227.6
DQN_PER_seed_2_1790610661,DQN_PER,2,3095,159818,7.80,1,0.0100,0.00062,227.8
DQN_PER_seed_2_1790610661,DQN_PER,2,3096,159904,8.40,1,0.0100,0.00046,227.9
DQN_PER_seed_2_1790610661,DQN_PER,2,3097,159974,6.80,1,0.0100,0.00049,228.0
DQN_PER_seed_2_1790610661,DQN_PER,2,3098,160040,6.40,1,0.0100,0.00054,228.2
DQN_PER_seed_2_1790610661,DQN_PER,2,3099,160107,6.50,1,0.0100,0.00047,228.3
DQN_PER_seed_2_1790610661,DQN_PER,2,3100,160193,8.40,1,0.0100,0.00051,228.5
DQN_PER_seed_2_1790610661,DQN_PER,2,3101,160262,6.70,1,0.0100,0.00053,228.6
DQN_PER_seed_2_1790610661,DQN_PER,2,3102,160329,6.50,1,0.0100,0.00067,228.7
DQN_PER_seed_2_1790610661,DQN_PER,2,3103,160388,4.80,0,0.0100,0.00060,228.8
DQN_PER_seed_2_1790610661,DQN_PER,2,3104,160474,8.40,1,0.0100,0.00055,228.9
DQN_PER_seed_2_1790610661,DQN_PER,2,3105,160542,6.60,1,0.0100,0.00057,229.0
DQN_PER_seed_2_1790610661,DQN_PER,2,3106,160628,7.80,1,0.0100,0.00054,229.1
DQN_PER_seed_2_1790610661,DQN_PER,2,3107,160714,8.40,1,0.0100,0.00068,229.2
DQN_PER_seed_2_1790610661,DQN_PER,2,3108,160780,6.40,1,0.0100,0.00090,229.3
DQN_PER_seed_2_1790610661,DQN_PER,2,3109,160848,6.60,1,0.0100,0.00075,229.4
DQN_PER_seed_2_1790610661,DQN_PER,2,3110,160903,4.40,0,0.0100,0.00051,229.5
DQN_PER_seed_2_1790610661,DQN_PER,2,3111,160989,8.40,1,0.0100,0.00047,229.7
DQN_PER_seed_2_1790610661,DQN_PER,2,3112,161052,6.10,1,0.0100,0.00059,229.8
DQN_PER_seed_2_1790610661,DQN_PER,2,3113,161138,8.40,1,0.0100,0.00065,229.9
DQN_PER_seed_2_1790610661,DQN_PER,2,3114,161224,8.40,1,0.0100,0.00112,230.0
DQN_PER_seed_2_1790610661,DQN_PER,2,3115,161310,8.40,1,0.0100,0.00077,230.1
DQN_PER_seed_2_1790610661,DQN_PER,2,3116,161400,8.80,1,0.0100,0.00080,230.3
DQN_PER_seed_2_1790610661,DQN_PER,2,3117,161465,6.30,1,0.0100,0.00061,230.4
DQN_PER_seed_2_1790610661,DQN_PER,2,3118,161551,8.40,1,0.0100,0.00084,230.5
DQN_PER_seed_2_1790610661,DQN_PER,2,3119,161637,8.40,1,0.0100,0.00062,230.6
DQN_PER_seed_2_1790610661,DQN_PER,2,3120,161723,7.80,1,0.0100,0.00064,230.8
DQN_PER_seed_2_1790610661,DQN_PER,2,3121,161809,8.40,1,0.0100,0.00054,230.9
DQN_PER_seed_2_1790610661,DQN_PER,2,3122,161895,8.40,1,0.0100,0.00051,231.0
DQN_PER_seed_2_1790610661,DQN_PER,2,3123,161960,6.30,1,0.0100,0.00053,231.1
DQN_PER_seed_2_1790610661,DQN_PER,2,3124,162046,8.40,1,0.0100,0.00117,231.3
DQN_PER_seed_2_1790610661,DQN_PER,2,3125,162132,8.40,1,0.0100,0.00077,231.4
DQN_PER_seed_2_1790610661,DQN_PER,2,3126,162196,6.20,1,0.0100,0.00063,231.5
DQN_PER_seed_2_1790610661,DQN_PER,2,3127,162282,8.40,1,0.0100,0.00077,231.6
DQN_PER_seed_2_1790610661,DQN_PER,2,3128,162368,8.40,1,0.0100,0.00069,231.7
DQN_PER_seed_2_1790610661,DQN_PER,2,3129,162433,6.30,1,0.0100,0.00078,231.8
DQN_PER_seed_2_1790610661,DQN_PER,2,3130,162519,8.40,1,0.0100,0.00068,232.0
DQN_PER_seed_2_1790610661,DQN_PER,2,3131,162605,8.40,1,0.0100,0.00067,232.1
DQN_PER_seed_2_1790610661,DQN_PER,2,3132,162691,8.40,1,0.0100,0.00070,232.2
DQN_PER_seed_2_1790610661,DQN_PER,2,3133,162777,8.40,1,0.0100,0.00079,232.4
DQN_PER_seed_2_1790610661,DQN_PER,2,3134,162863,8.40,1,0.0100,0.00068,232.5
DQN_PER_seed_2_1790610661,DQN_PER,2,3135,162949,8.40,1,0.0100,0.00061,232.6
DQN_PER_seed_2_1790610661,DQN_PER,2,3136,163035,8.40,1,0.0100,0.00085,232.7
DQN_PER_seed_2_1790610661,DQN_PER,2,3137,163121,8.40,1,0.0100,0.00091,232.9
DQN_PER_seed_2_1790610661,DQN_PER,2,3138,163207,8.40,1,0.0100,0.00096,233.0
DQN_PER_seed_2_1790610661,DQN_PER,2,3139,163293,8.40,1,0.0100,0.00084,233.1
DQN_PER_seed_2_1790610661,DQN_PER,2,3140,163379,8.40,1,0.0100,0.00089,233.3
DQN_PER_seed_2_1790610661,DQN_PER,2,3141,163465,8.40,1,0.0100,0.00094,233.4
DQN_PER_seed_2_1790610661,DQN_PER,2,3142,163551,8.40,1,0.0100,0.00073,233.5
DQN_PER_seed_2_1790610661,DQN_PER,2,3143,163637,8.40,1,0.0100,0.00074,233.7
DQN_PER_seed_2_1790610661,DQN_PER,2,3144,163704,6.50,1,0.0100,0.00063,233.8
DQN_PER_seed_2_1790610661,DQN_PER,2,3145,163767,6.10,1,0.0100,0.00091,233.9
DQN_PER_seed_2_1790610661,DQN_PER,2,3146,163853,8.40,1,0.0100,0.00075,234.0
DQN_PER_seed_2_1790610661,DQN_PER,2,3147,163959,11.30,2,0.0100,0.00072,234.1
DQN_PER_seed_2_1790610661,DQN_PER,2,3148,164045,8.40,1,0.0100,0.00076,234.3
DQN_PER_seed_2_1790610661,DQN_PER,2,3149,164102,4.60,0,0.0100,0.00087,234.4
DQN_PER_seed_2_1790610661,DQN_PER,2,3150,164166,6.20,1,0.0100,0.00082,234.5
DQN_PER_seed_2_1790610661,DQN_PER,2,3151,164252,8.40,1,0.0100,0.00099,234.6
DQN_PER_seed_2_1790610661,DQN_PER,2,3152,164350,10.50,2,0.0100,0.00103,234.7
DQN_PER_seed_2_1790610661,DQN_PER,2,3153,164436,8.40,1,0.0100,0.00107,234.9
DQN_PER_seed_2_1790610661,DQN_PER,2,3154,164522,8.40,1,0.0100,0.00079,235.0
DQN_PER_seed_2_1790610661,DQN_PER,2,3155,164584,6.00,1,0.0100,0.00107,235.1
DQN_PER_seed_2_1790610661,DQN_PER,2,3156,164635,4.00,0,0.0100,0.00165,235.2
DQN_PER_seed_2_1790610661,DQN_PER,2,3157,164721,8.40,1,0.0100,0.00125,235.3
DQN_PER_seed_2_1790610661,DQN_PER,2,3158,164807,8.40,1,0.0100,0.00090,235.4
DQN_PER_seed_2_1790610661,DQN_PER,2,3159,164970,17.90,3,0.0100,0.00194,235.7
DQN_PER_seed_2_1790610661,DQN_PER,2,3160,165075,11.20,2,0.0100,0.00096,236.0
DQN_PER_seed_2_1790610661,DQN_PER,2,3161,165161,8.40,1,0.0100,0.00092,236.1
DQN_PER_seed_2_1790610661,DQN_PER,2,3162,165253,9.00,1,0.0100,0.00085,236.2
DQN_PER_seed_2_1790610661,DQN_PER,2,3163,165359,11.30,2,0.0100,0.00086,236.4
DQN_PER_seed_2_1790610661,DQN_PER,2,3164,165481,12.90,2,0.0100,0.00088,236.6
DQN_PER_seed_2_1790610661,DQN_PER,2,3165,165567,8.40,1,0.0100,0.00098,236.7
DQN_PER_seed_2_1790610661,DQN_PER,2,3166,165622,4.40,0,0.0100,0.00084,236.8
DQN_PER_seed_2_1790610661,DQN_PER,2,3167,165756,15.00,3,0.0100,0.00093,237.0
DQN_PER_seed_2_1790610661,DQN_PER,2,3168,165842,8.40,1,0.0100,0.00091,237.1
DQN_PER_seed_2_1790610661,DQN_PER,2,3169,165928,8.40,1,0.0100,0.00091,237.3
DQN_PER_seed_2_1790610661,DQN_PER,2,3170,165990,6.00,1,0.0100,0.00079,237.4
DQN_PER_seed_2_1790610661,DQN_PER,2,3171,166046,4.50,0,0.0100,0.00123,237.4
DQN_PER_seed_2_1790610661,DQN_PER,2,3172,166104,4.70,0,0.0100,0.00145,237.5
DQN_PER_seed_2_1790610661,DQN_PER,2,3173,166190,8.40,1,0.0100,0.00152,237.7
DQN_PER_seed_2_1790610661,DQN_PER,2,3174,166276,8.40,1,0.0100,0.00122,237.8
DQN_PER_seed_2_1790610661,DQN_PER,2,3175,166365,8.70,1,0.0100,0.00113,237.9
DQN_PER_seed_2_1790610661,DQN_PER,2,3176,166451,8.40,1,0.0100,0.00117,238.1
DQN_PER_seed_2_1790610661,DQN_PER,2,3177,166501,3.90,0,0.0100,0.00105,238.1
DQN_PER_seed_2_1790610661,DQN_PER,2,3178,166587,8.40,1,0.0100,0.00115,238.3
DQN_PER_seed_2_1790610661,DQN_PER,2,3179,166649,6.00,1,0.0100,0.00100,238.4
DQN_PER_seed_2_1790610661,DQN_PER,2,3180,166735,8.40,1,0.0100,0.00124,238.5
DQN_PER_seed_2_1790610661,DQN_PER,2,3181,166821,8.40,1,0.0100,0.00101,238.6
DQN_PER_seed_2_1790610661,DQN_PER,2,3182,166871,3.90,0,0.0100,0.00100,238.7
DQN_PER_seed_2_1790610661,DQN_PER,2,3183,166967,9.40,1,0.0100,0.00097,238.8
DQN_PER_seed_2_1790610661,DQN_PER,2,3184,167053,8.40,1,0.0100,0.00119,239.0
DQN_PER_seed_2_1790610661,DQN_PER,2,3185,167149,9.40,1,0.0100,0.00125,239.1
DQN_PER_seed_2_1790610661,DQN_PER,2,3186,167235,8.40,1,0.0100,0.00106,239.2
DQN_PER_seed_2_1790610661,DQN_PER,2,3187,167331,9.40,1,0.0100,0.00109,239.4
DQN_PER_seed_2_1790610661,DQN_PER,2,3188,167417,8.40,1,0.0100,0.00102,239.5
DQN_PER_seed_2_1790610661,DQN_PER,2,3189,167467,3.90,0,0.0100,0.00116,239.6
DQN_PER_seed_2_1790610661,DQN_PER,2,3190,167553,8.40,1,0.0100,0.00106,239.7
DQN_PER_seed_2_1790610661,DQN_PER,2,3191,167620,6.50,1,0.0100,0.00078,239.8
DQN_PER_seed_2_1790610661,DQN_PER,2,3192,167706,8.40,1,0.0100,0.00112,239.9
DQN_PER_seed_2_1790610661,DQN_PER,2,3193,167766,4.90,0,0.0100,0.00117,240.0
DQN_PER_seed_2_1790610661,DQN_PER,2,3194,167852,8.40,1,0.0100,0.00097,240.2
DQN_PER_seed_2_1790610661,DQN_PER,2,3195,167938,8.40,1,0.0100,0.00120,240.3
DQN_PER_seed_2_1790610661,DQN_PER,2,3196,168101,17.90,3,0.0100,0.00118,240.5
DQN_PER_seed_2_1790610661,DQN_PER,2,3197,168223,12.90,2,0.0100,0.00181,240.7
DQN_PER_seed_2_1790610661,DQN_PER,2,3198,168309,8.40,1,0.0100,0.00122,240.9
DQN_PER_seed_2_1790610661,DQN_PER,2,3199,168403,9.20,1,0.0100,0.00134,241.0
DQN_PER_seed_2_1790610661,DQN_PER,2,3200,168489,8.40,1,0.0100,0.00120,241.1
DQN_PER_seed_2_1790610661,DQN_PER,2,3201,168611,12.90,2,0.0100,0.00127,241.3
DQN_PER_seed_2_1790610661,DQN_PER,2,3202,168697,8.40,1,0.0100,0.00119,241.4
DQN_PER_seed_2_1790610661,DQN_PER,2,3203,168747,3.90,0,0.0100,0.00121,241.5
DQN_PER_seed_2_1790610661,DQN_PER,2,3204,168810,6.10,1,0.0100,0.00105,241.6
DQN_PER_seed_2_1790610661,DQN_PER,2,3205,168896,8.40,1,0.0100,0.00129,241.7
DQN_PER_seed_2_1790610661,DQN_PER,2,3206,168982,8.40,1,0.0100,0.00129,241.9
DQN_PER_seed_2_1790610661,DQN_PER,2,3207,169072,8.80,1,0.0100,0.00206,242.0
DQN_PER_seed_2_1790610661,DQN_PER,2,3208,169127,4.40,0,0.0100,0.00196,242.1
DQN_PER_seed_2_1790610661,DQN_PER,2,3209,169182,4.40,0,0.0100,0.00146,242.2
DQN_PER_seed_2_1790610661,DQN_PER,2,3210,169249,6.50,1,0.0100,0.00158,242.3
DQN_PER_seed_2_1790610661,DQN_PER,2,3211,169311,6.00,1,0.0100,0.00147,242.4
DQN_PER_seed_2_1790610661,DQN_PER,2,3212,169373,6.00,1,0.0100,0.00149,242.5
DQN_PER_seed_2_1790610661,DQN_PER,2,3213,169459,8.40,1,0.0100,0.00163,242.6
DQN_PER_seed_2_1790610661,DQN_PER,2,3214,169526,6.50,1,0.0100,0.00122,242.7
DQN_PER_seed_2_1790610661,DQN_PER,2,3215,169617,8.90,1,0.0100,0.00130,242.8
DQN_PER_seed_2_1790610661,DQN_PER,2,3216,169709,9.00,1,0.0100,0.00176,243.0
DQN_PER_seed_2_1790610661,DQN_PER,2,3217,169766,4.60,0,0.0100,0.00152,243.1
DQN_PER_seed_2_1790610661,DQN_PER,2,3218,169825,4.80,0,0.0100,0.00180,243.1
DQN_PER_seed_2_1790610661,DQN_PER,2,3219,169884,4.80,0,0.0100,0.00159,243.2
DQN_PER_seed_2_1790610661,DQN_PER,2,3220,170047,17.90,3,0.0100,0.00168,243.7
DQN_PER_seed_2_1790610661,DQN_PER,2,3221,170102,4.40,0,0.0100,0.00155,243.7
DQN_PER_seed_2_1790610661,DQN_PER,2,3222,170188,8.40,1,0.0100,0.00156,243.9
DQN_PER_seed_2_1790610661,DQN_PER,2,3223,170243,4.40,0,0.0100,0.00158,244.0
DQN_PER_seed_2_1790610661,DQN_PER,2,3224,170365,12.90,2,0.0100,0.00160,244.1
DQN_PER_seed_2_1790610661,DQN_PER,2,3225,170415,3.90,0,0.0100,0.00176,244.2
DQN_PER_seed_2_1790610661,DQN_PER,2,3226,170474,4.80,0,0.0100,0.00149,244.3
DQN_PER_seed_2_1790610661,DQN_PER,2,3227,170596,12.90,2,0.0100,0.00157,244.5
DQN_PER_seed_2_1790610661,DQN_PER,2,3228,170659,6.10,1,0.0100,0.00196,244.6
DQN_PER_seed_2_1790610661,DQN_PER,2,3229,170745,8.40,1,0.0100,0.00177,244.7
DQN_PER_seed_2_1790610661,DQN_PER,2,3230,170809,6.20,1,0.0100,0.00158,244.8
DQN_PER_seed_2_1790610661,DQN_PER,2,3231,170879,6.80,1,0.0100,0.00175,244.9
DQN_PER_seed_2_1790610661,DQN_PER,2,3232,170947,6.60,1,0.0100,0.00161,245.0
DQN_PER_seed_2_1790610661,DQN_PER,2,3233,171010,6.10,1,0.0100,0.00174,245.1
DQN_PER_seed_2_1790610661,DQN_PER,2,3234,171132,12.90,2,0.0100,0.00227,245.3
DQN_PER_seed_2_1790610661,DQN_PER,2,3235,171191,4.80,0,0.0100,0.00241,245.4
DQN_PER_seed_2_1790610661,DQN_PER,2,3236,171248,4.60,0,0.0100,0.00162,245.5
DQN_PER_seed_2_1790610661,DQN_PER,2,3237,171483,26.90,5,0.0100,0.00159,245.8
DQN_PER_seed_2_1790610661,DQN_PER,2,3238,171552,6.70,1,0.0100,0.00177,245.9
DQN_PER_seed_2_1790610661,DQN_PER,2,3239,171618,6.40,1,0.0100,0.00165,246.0
DQN_PER_seed_2_1790610661,DQN_PER,2,3240,171713,9.30,1,0.0100,0.00187,246.2
DQN_PER_seed_2_1790610661,DQN_PER,2,3241,171912,22.40,4,0.0100,0.00183,246.5
DQN_PER_seed_2_1790610661,DQN_PER,2,3242,171969,4.60,0,0.0100,0.00199,246.6
DQN_PER_seed_2_1790610661,DQN_PER,2,3243,172091,12.90,2,0.0100,0.00217,246.7
DQN_PER_seed_2_1790610661,DQN_PER,2,3244,172155,6.20,1,0.0100,0.00219,246.8
DQN_PER_seed_2_1790610661,DQN_PER,2,3245,172241,8.40,1,0.0100,0.00202,247.0
DQN_PER_seed_2_1790610661,DQN_PER,2,3246,172630,45.90,9,0.0100,0.00191,247.5
DQN_PER_seed_2_1790610661,DQN_PER,2,3247,172752,12.90,2,0.0100,0.00176,247.7
DQN_PER_seed_2_1790610661,DQN_PER,2,3248,172934,20.70,4,0.0100,0.00206,248.0
DQN_PER_seed_2_1790610661,DQN_PER,2,3249,173020,8.40,1,0.0100,0.00226,248.1
DQN_PER_seed_2_1790610661,DQN_PER,2,3250,173106,8.40,1,0.0100,0.00244,248.3
DQN_PER_seed_2_1790610661,DQN_PER,2,3251,173192,8.40,1,0.0100,0.00221,248.4
DQN_PER_seed_2_1790610661,DQN_PER,2,3252,173261,6.70,1,0.0100,0.00180,248.5
DQN_PER_seed_2_1790610661,DQN_PER,2,3253,173331,6.80,1,0.0100,0.00287,248.6
DQN_PER_seed_2_1790610661,DQN_PER,2,3254,173417,8.40,1,0.0100,0.00232,248.7
DQN_PER_seed_2_1790610661,DQN_PER,2,3255,173503,8.40,1,0.0100,0.00233,248.9
DQN_PER_seed_2_1790610661,DQN_PER,2,3256,173625,12.90,2,0.0100,0.00198,249.1
DQN_PER_seed_2_1790610661,DQN_PER,2,3257,173753,13.50,2,0.0100,0.00222,249.2
DQN_PER_seed_2_1790610661,DQN_PER,2,3258,173803,3.90,0,0.0100,0.00214,249.3
DQN_PER_seed_2_1790610661,DQN_PER,2,3259,173889,8.40,1,0.0100,0.00206,249.4
DQN_PER_seed_2_1790610661,DQN_PER,2,3260,173975,8.40,1,0.0100,0.00235,249.6
DQN_PER_seed_2_1790610661,DQN_PER,2,3261,174138,17.90,3,0.0100,0.00223,249.8
DQN_PER_seed_2_1790610661,DQN_PER,2,3262,174188,3.90,0,0.0100,0.00240,249.9
DQN_PER_seed_2_1790610661,DQN_PER,2,3263,174238,3.90,0,0.0100,0.00259,250.0
DQN_PER_seed_2_1790610661,DQN_PER,2,3264,174324,8.40,1,0.0100,0.00249,250.1
DQN_PER_seed_2_1790610661,DQN_PER,2,3265,174426,10.90,2,0.0100,0.00272,250.3
DQN_PER_seed_2_1790610661,DQN_PER,2,3266,174512,8.40,1,0.0100,0.00236,250.4
DQN_PER_seed_2_1790610661,DQN_PER,2,3267,174634,12.90,2,0.0100,0.00255,250.6
DQN_PER_seed_2_1790610661,DQN_PER,2,3268,174756,12.90,2,0.0100,0.00233,250.8
DQN_PER_seed_2_1790610661,DQN_PER,2,3269,174817,5.00,1,0.0100,0.00239,250.8
DQN_PER_seed_2_1790610661,DQN_PER,2,3270,174903,8.40,1,0.0100,0.00211,251.0
DQN_PER_seed_2_1790610661,DQN_PER,2,3271,174953,3.90,0,0.0100,0.00210,251.1
DQN_PER_seed_2_1790610661,DQN_PER,2,3272,175039,8.40,1,0.0100,0.00280,251.4
DQN_PER_seed_2_1790610661,DQN_PER,2,3273,175202,17.90,3,0.0100,0.00287,251.7
DQN_PER_seed_2_1790610661,DQN_PER,2,3274,175288,8.40,1,0.0100,0.00266,251.8
DQN_PER_seed_2_1790610661,DQN_PER,2,3275,175410,12.90,2,0.0100,0.00296,252.0
DQN_PER_seed_2_1790610661,DQN_PER,2,3276,175460,3.90,0,0.0100,0.00231,252.1
DQN_PER_seed_2_1790610661,DQN_PER,2,3277,175546,8.40,1,0.0100,0.00244,252.2
DQN_PER_seed_2_1790610661,DQN_PER,2,3278,175598,4.10,0,0.0100,0.00305,252.3
DQN_PER_seed_2_1790610661,DQN_PER,2,3279,175684,8.40,1,0.0100,0.00260,252.4
DQN_PER_seed_2_1790610661,DQN_PER,2,3280,175747,6.10,1,0.0100,0.00280,252.5
DQN_PER_seed_2_1790610661,DQN_PER,2,3281,175811,6.20,1,0.0100,0.00274,252.6
DQN_PER_seed_2_1790610661,DQN_PER,2,3282,175897,8.40,1,0.0100,0.00273,252.8
DQN_PER_seed_2_1790610661,DQN_PER,2,3283,176209,36.40,7,0.0100,0.00297,253.2
DQN_PER_seed_2_1790610661,DQN_PER,2,3284,176295,8.40,1,0.0100,0.00320,253.4
DQN_PER_seed_2_1790610661,DQN_PER,2,3285,176381,8.40,1,0.0100,0.00389,253.5
DQN_PER_seed_2_1790610661,DQN_PER,2,3286,176467,8.40,1,0.0100,0.00304,253.6
DQN_PER_seed_2_1790610661,DQN_PER,2,3287,176553,8.40,1,0.0100,0.00279,253.8
DQN_PER_seed_2_1790610661,DQN_PER,2,3288,176865,36.40,7,0.0100,0.00320,254.2
DQN_PER_seed_2_1790610661,DQN_PER,2,3289,176951,8.40,1,0.0100,0.00298,254.4
DQN_PER_seed_2_1790610661,DQN_PER,2,3290,177073,12.90,2,0.0100,0.00367,254.6
DQN_PER_seed_2_1790610661,DQN_PER,2,3291,177140,6.50,1,0.0100,0.00401,254.7
DQN_PER_seed_2_1790610661,DQN_PER,2,3292,177200,4.90,0,0.0100,0.00366,254.7
DQN_PER_seed_2_1790610661,DQN_PER,2,3293,177399,22.40,4,0.0100,0.00391,255.0
DQN_PER_seed_2_1790610661,DQN_PER,2,3294,177485,8.40,1,0.0100,0.00320,255.2
DQN_PER_seed_2_1790610661,DQN_PER,2,3295,177535,3.90,0,0.0100,0.00390,255.3
DQN_PER_seed_2_1790610661,DQN_PER,2,3296,177621,8.40,1,0.0100,0.00313,255.4
DQN_PER_seed_2_1790610661,DQN_PER,2,3297,177743,12.90,2,0.0100,0.00343,255.6
DQN_PER_seed_2_1790610661,DQN_PER,2,3298,177793,3.90,0,0.0100,0.00295,255.6
DQN_PER_seed_2_1790610661,DQN_PER,2,3299,177852,4.80,0,0.0100,0.00325,255.7
DQN_PER_seed_2_1790610661,DQN_PER,2,3300,178200,40.90,8,0.0100,0.00355,256.3
DQN_PER_seed_2_1790610661,DQN_PER,2,3301,178661,54.90,11,0.0100,0.00341,257.0
DQN_PER_seed_2_1790610661,DQN_PER,2,3302,178711,3.30,0,0.0100,0.00381,257.0
DQN_PER_seed_2_1790610661,DQN_PER,2,3303,178761,3.90,0,0.0100,0.00397,257.1
DQN_PER_seed_2_1790610661,DQN_PER,2,3304,178924,17.90,3,0.0100,0.00305,257.4
DQN_PER_seed_2_1790610661,DQN_PER,2,3305,178974,-5.70,0,0.0100,0.00314,257.4
DQN_PER_seed_2_1790610661,DQN_PER,2,3306,179096,12.90,2,0.0100,0.00370,257.6
DQN_PER_seed_2_1790610661,DQN_PER,2,3307,179165,6.70,1,0.0100,0.00402,257.7
DQN_PER_seed_2_1790610661,DQN_PER,2,3308,179215,3.90,0,0.0100,0.00383,257.8
DQN_PER_seed_2_1790610661,DQN_PER,2,3309,179301,8.40,1,0.0100,0.00371,257.9
DQN_PER_seed_2_1790610661,DQN_PER,2,3310,179434,14.00,3,0.0100,0.00389,258.1
DQN_PER_seed_2_1790610661,DQN_PER,2,3311,179782,40.90,8,0.0100,0.00357,258.7
DQN_PER_seed_2_1790610661,DQN_PER,2,3312,179981,22.40,4,0.0100,0.00369,259.0
DQN_PER_seed_2_1790610661,DQN_PER,2,3313,180067,8.40,1,0.0100,0.00385,259.6
DQN_PER_seed_2_1790610661,DQN_PER,2,3314,180166,10.60,2,0.0100,0.00404,259.8
DQN_PER_seed_2_1790610661,DQN_PER,2,3315,180329,17.90,3,0.0100,0.00372,260.0
DQN_PER_seed_2_1790610661,DQN_PER,2,3316,180379,0.30,0,0.0100,0.00383,260.1
DQN_PER_seed_2_1790610661,DQN_PER,2,3317,180501,12.90,2,0.0100,0.00407,260.3
DQN_PER_seed_2_1790610661,DQN_PER,2,3318,180587,8.40,1,0.0100,0.00394,260.4
DQN_PER_seed_2_1790610661,DQN_PER,2,3319,180712,13.20,2,0.0100,0.00433,260.6
DQN_PER_seed_2_1790610661,DQN_PER,2,3320,180834,12.90,2,0.0100,0.00457,260.8
DQN_PER_seed_2_1790610661,DQN_PER,2,3321,180968,15.00,3,0.0100,0.00373,261.0
DQN_PER_seed_2_1790610661,DQN_PER,2,3322,181054,8.40,1,0.0100,0.00416,261.1
DQN_PER_seed_2_1790610661,DQN_PER,2,3323,181176,12.90,2,0.0100,0.00395,261.3
DQN_PER_seed_2_1790610661,DQN_PER,2,3324,181262,8.40,1,0.0100,0.00436,261.4
DQN_PER_seed_2_1790610661,DQN_PER,2,3325,181348,8.40,1,0.0100,0.00444,261.6
DQN_PER_seed_2_1790610661,DQN_PER,2,3326,181635,33.00,6,0.0100,0.00396,262.0
DQN_PER_seed_2_1790610661,DQN_PER,2,3327,181705,6.80,1,0.0100,0.00404,262.1
DQN_PER_seed_2_1790610661,DQN_PER,2,3328,181775,6.80,1,0.0100,0.00419,262.2
DQN_PER_seed_2_1790610661,DQN_PER,2,3329,181861,8.40,1,0.0100,0.00455,262.3
DQN_PER_seed_2_1790610661,DQN_PER,2,3330,181947,8.40,1,0.0100,0.00418,262.5
DQN_PER_seed_2_1790610661,DQN_PER,2,3331,182033,8.40,1,0.0100,0.00530,262.6
DQN_PER_seed_2_1790610661,DQN_PER,2,3332,182458,50.40,10,0.0100,0.00529,263.3
DQN_PER_seed_2_1790610661,DQN_PER,2,3333,182630,18.80,3,0.0100,0.00559,263.5
DQN_PER_seed_2_1790610661,DQN_PER,2,3334,182793,17.90,3,0.0100,0.00511,263.8
DQN_PER_seed_2_1790610661,DQN_PER,2,3335,182889,9.40,1,0.0100,0.00459,263.9
DQN_PER_seed_2_1790610661,DQN_PER,2,3336,183314,50.40,10,0.0100,0.00520,264.5
DQN_PER_seed_2_1790610661,DQN_PER,2,3337,183400,8.40,1,0.0100,0.00509,264.7
DQN_PER_seed_2_1790610661,DQN_PER,2,3338,183522,12.90,2,0.0100,0.00478,264.9
DQN_PER_seed_2_1790610661,DQN_PER,2,3339,183645,13.00,2,0.0100,0.00507,265.1
DQN_PER_seed_2_1790610661,DQN_PER,2,3340,183731,8.40,1,0.0100,0.00609,265.2
DQN_PER_seed_2_1790610661,DQN_PER,2,3341,183817,8.40,1,0.0100,0.00525,265.3
DQN_PER_seed_2_1790610661,DQN_PER,2,3342,183980,17.90,3,0.0100,0.00605,265.6
DQN_PER_seed_2_1790610661,DQN_PER,2,3343,184030,2.10,0,0.0100,0.00516,265.6
DQN_PER_seed_2_1790610661,DQN_PER,2,3344,184193,17.90,3,0.0100,0.00580,265.9
DQN_PER_seed_2_1790610661,DQN_PER,2,3345,184243,3.90,0,0.0100,0.00660,266.0
DQN_PER_seed_2_1790610661,DQN_PER,2,3346,184293,3.90,0,0.0100,0.00590,266.0
DQN_PER_seed_2_1790610661,DQN_PER,2,3347,184379,8.40,1,0.0100,0.00600,266.2
DQN_PER_seed_2_1790610661,DQN_PER,2,3348,184505,13.30,2,0.0100,0.00544,266.4
DQN_PER_seed_2_1790610661,DQN_PER,2,3349,184704,22.40,4,0.0100,0.00564,266.7
DQN_PER_seed_2_1790610661,DQN_PER,2,3350,184867,17.90,3,0.0100,0.00500,266.9
DQN_PER_seed_2_1790610661,DQN_PER,2,3351,185188,37.30,7,0.0100,0.00580,267.7
DQN_PER_seed_2_1790610661,DQN_PER,2,3352,185251,6.10,1,0.0100,0.00514,267.8
DQN_PER_seed_2_1790610661,DQN_PER,2,3353,185301,3.90,0,0.0100,0.00820,267.8
DQN_PER_seed_2_1790610661,DQN_PER,2,3354,185387,8.40,1,0.0100,0.00567,268.0
DQN_PER_seed_2_1790610661,DQN_PER,2,3355,185699,36.40,7,0.0100,0.00651,268.4
DQN_PER_seed_2_1790610661,DQN_PER,2,3356,185800,10.80,2,0.0100,0.00552,268.6
DQN_PER_seed_2_1790610661,DQN_PER,2,3357,185886,8.40,1,0.0100,0.00532,268.7
DQN_PER_seed_2_1790610661,DQN_PER,2,3358,186049,17.90,3,0.0100,0.00500,269.0
DQN_PER_seed_2_1790610661,DQN_PER,2,3359,186221,18.80,3,0.0100,0.00618,269.2
DQN_PER_seed_2_1790610661,DQN_PER,2,3360,186271,3.90,0,0.0100,0.00525,269.3
DQN_PER_seed_2_1790610661,DQN_PER,2,3361,186357,8.40,1,0.0100,0.00582,269.4
DQN_PER_seed_2_1790610661,DQN_PER,2,3362,186443,8.40,1,0.0100,0.00613,269.6
DQN_PER_seed_2_1790610661,DQN_PER,2,3363,186538,9.30,1,0.0100,0.00597,269.7
DQN_PER_seed_2_1790610661,DQN_PER,2,3364,186624,8.40,1,0.0100,0.00613,269.8
DQN_PER_seed_2_1790610661,DQN_PER,2,3365,186710,8.40,1,0.0100,0.00522,270.0
DQN_PER_seed_2_1790610661,DQN_PER,2,3366,186796,8.40,1,0.0100,0.00506,270.1
DQN_PER_seed_2_1790610661,DQN_PER,2,3367,186882,8.40,1,0.0100,0.00582,270.2
DQN_PER_seed_2_1790610661,DQN_PER,2,3368,186982,10.70,2,0.0100,0.00598,270.4
DQN_PER_seed_2_1790610661,DQN_PER,2,3369,187084,10.90,2,0.0100,0.00581,270.6
DQN_PER_seed_2_1790610661,DQN_PER,2,3370,187134,3.90,0,0.0100,0.00566,270.6
DQN_PER_seed_2_1790610661,DQN_PER,2,3371,187256,12.90,2,0.0100,0.00571,270.8
DQN_PER_seed_2_1790610661,DQN_PER,2,3372,187346,8.80,1,0.0100,0.00578,271.0
DQN_PER_seed_2_1790610661,DQN_PER,2,3373,187432,8.40,1,0.0100,0.00661,271.1
DQN_PER_seed_2_1790610661,DQN_PER,2,3374,187518,8.40,1,0.0100,0.00509,271.2
DQN_PER_seed_2_1790610661,DQN_PER,2,3375,187604,8.40,1,0.0100,0.00511,271.3
DQN_PER_seed_2_1790610661,DQN_PER,2,3376,187690,8.40,1,0.0100,0.00551,271.5
DQN_PER_seed_2_1790610661,DQN_PER,2,3377,187740,3.90,0,0.0100,0.00584,271.6
DQN_PER_seed_2_1790610661,DQN_PER,2,3378,187862,12.90,2,0.0100,0.00606,271.7
DQN_PER_seed_2_1790610661,DQN_PER,2,3379,187963,10.80,2,0.0100,0.00704,271.9
DQN_PER_seed_2_1790610661,DQN_PER,2,3380,188085,12.90,2,0.0100,0.00554,272.1
DQN_PER_seed_2_1790610661,DQN_PER,2,3381,188135,3.90,0,0.0100,0.00650,272.2
DQN_PER_seed_2_1790610661,DQN_PER,2,3382,188193,4.70,0,0.0100,0.00521,272.2
DQN_PER_seed_2_1790610661,DQN_PER,2,3383,188279,8.40,1,0.0100,0.00574,272.4
DQN_PER_seed_2_1790610661,DQN_PER,2,3384,188365,8.40,1,0.0100,0.00623,272.5
DQN_PER_seed_2_1790610661,DQN_PER,2,3385,188451,8.40,1,0.0100,0.00466,272.6
DQN_PER_seed_2_1790610661,DQN_PER,2,3386,188778,38.80,8,0.0100,0.00571,273.1
DQN_PER_seed_2_1790610661,DQN_PER,2,3387,188841,6.10,1,0.0100,0.00591,273.2
DQN_PER_seed_2_1790610661,DQN_PER,2,3388,189076,26.90,5,0.0100,0.00597,273.6
DQN_PER_seed_2_1790610661,DQN_PER,2,3389,189162,8.40,1,0.0100,0.00754,273.7
DQN_PER_seed_2_1790610661,DQN_PER,2,3390,189397,26.90,5,0.0100,0.00639,274.1
DQN_PER_seed_2_1790610661,DQN_PER,2,3391,189483,8.40,1,0.0100,0.00543,274.2
DQN_PER_seed_2_1790610661,DQN_PER,2,3392,189738,29.80,6,0.0100,0.00573,274.6
DQN_PER_seed_2_1790610661,DQN_PER,2,3393,189788,3.90,0,0.0100,0.00587,274.7
DQN_PER_seed_2_1790610661,DQN_PER,2,3394,189910,12.90,2,0.0100,0.00596,274.9
DQN_PER_seed_2_1790610661,DQN_PER,2,3395,189996,8.40,1,0.0100,0.00601,275.0
DQN_PER_seed_2_1790610661,DQN_PER,2,3396,190096,10.70,2,0.0100,0.00611,275.4
DQN_PER_seed_2_1790610661,DQN_PER,2,3397,190182,8.40,1,0.0100,0.00520,275.5
DQN_PER_seed_2_1790610661,DQN_PER,2,3398,190314,13.90,2,0.0100,0.00512,275.7
DQN_PER_seed_2_1790610661,DQN_PER,2,3399,190404,8.80,1,0.0100,0.00619,275.9
DQN_PER_seed_2_1790610661,DQN_PER,2,3400,190491,8.50,1,0.0100,0.00627,276.0
DQN_PER_seed_2_1790610661,DQN_PER,2,3401,190615,13.10,2,0.0100,0.00608,276.2
DQN_PER_seed_2_1790610661,DQN_PER,2,3402,190701,8.40,1,0.0100,0.00595,276.3
DQN_PER_seed_2_1790610661,DQN_PER,2,3403,190864,17.90,3,0.0100,0.00592,276.6
DQN_PER_seed_2_1790610661,DQN_PER,2,3404,190986,12.90,2,0.0100,0.00559,276.8
DQN_PER_seed_2_1790610661,DQN_PER,2,3405,191046,4.90,0,0.0100,0.00739,276.9
DQN_PER_seed_2_1790610661,DQN_PER,2,3406,191132,8.40,1,0.0100,0.00838,277.0
DQN_PER_seed_2_1790610661,DQN_PER,2,3407,191218,8.40,1,0.0100,0.00674,277.1
DQN_PER_seed_2_1790610661,DQN_PER,2,3408,191304,8.40,1,0.0100,0.00803,277.3
DQN_PER_seed_2_1790610661,DQN_PER,2,3409,191487,20.80,4,0.0100,0.00773,277.5
DQN_PER_seed_2_1790610661,DQN_PER,2,3410,191575,8.60,1,0.0100,0.00611,277.7
DQN_PER_seed_2_1790610661,DQN_PER,2,3411,191697,12.90,2,0.0100,0.00657,277.9
DQN_PER_seed_2_1790610661,DQN_PER,2,3412,191819,12.90,2,0.0100,0.00613,278.1
DQN_PER_seed_2_1790610661,DQN_PER,2,3413,192095,31.90,6,0.0100,0.00662,278.5
DQN_PER_seed_2_1790610661,DQN_PER,2,3414,192181,8.40,1,0.0100,0.00650,278.6
DQN_PER_seed_2_1790610661,DQN_PER,2,3415,192267,8.40,1,0.0100,0.00618,278.7
DQN_PER_seed_2_1790610661,DQN_PER,2,3416,192353,8.40,1,0.0100,0.00633,278.9
DQN_PER_seed_2_1790610661,DQN_PER,2,3417,192446,9.10,1,0.0100,0.00643,279.0
DQN_PER_seed_2_1790610661,DQN_PER,2,3418,192568,12.90,2,0.0100,0.00706,279.2
DQN_PER_seed_2_1790610661,DQN_PER,2,3419,192690,12.90,2,0.0100,0.00665,279.4
DQN_PER_seed_2_1790610661,DQN_PER,2,3420,192744,4.30,0,0.0100,0.00677,279.5
DQN_PER_seed_2_1790610661,DQN_PER,2,3421,192866,12.90,2,0.0100,0.00705,279.7
DQN_PER_seed_2_1790610661,DQN_PER,2,3422,192952,8.40,1,0.0100,0.00751,279.8
DQN_PER_seed_2_1790610661,DQN_PER,2,3423,193008,4.50,0,0.0100,0.00664,279.9
DQN_PER_seed_2_1790610661,DQN_PER,2,3424,193171,17.90,3,0.0100,0.00756,280.1
DQN_PER_seed_2_1790610661,DQN_PER,2,3425,193370,22.40,4,0.0100,0.00718,280.4
DQN_PER_seed_2_1790610661,DQN_PER,2,3426,193456,8.40,1,0.0100,0.00667,280.6
DQN_PER_seed_2_1790610661,DQN_PER,2,3427,193542,8.40,1,0.0100,0.00778,280.7
DQN_PER_seed_2_1790610661,DQN_PER,2,3428,193664,12.90,2,0.0100,0.00787,280.9
DQN_PER_seed_2_1790610661,DQN_PER,2,3429,193904,27.40,5,0.0100,0.00776,281.3
DQN_PER_seed_2_1790610661,DQN_PER,2,3430,194067,17.90,3,0.0100,0.00676,281.5
DQN_PER_seed_2_1790610661,DQN_PER,2,3431,194230,17.90,3,0.0100,0.00860,281.8
DQN_PER_seed_2_1790610661,DQN_PER,2,3432,194316,8.40,1,0.0100,0.00828,281.9
DQN_PER_seed_2_1790610661,DQN_PER,2,3433,194628,36.40,7,0.0100,0.00799,282.4
DQN_PER_seed_2_1790610661,DQN_PER,2,3434,194714,8.40,1,0.0100,0.00810,282.5
DQN_PER_seed_2_1790610661,DQN_PER,2,3435,194877,17.90,3,0.0100,0.00755,282.7
DQN_PER_seed_2_1790610661,DQN_PER,2,3436,194999,12.90,2,0.0100,0.00758,282.9
DQN_PER_seed_2_1790610661,DQN_PER,2,3437,195214,24.90,5,0.0100,0.00830,283.5
DQN_PER_seed_2_1790610661,DQN_PER,2,3438,195675,54.90,11,0.0100,0.00830,284.2
DQN_PER_seed_2_1790610661,DQN_PER,2,3439,195838,17.90,3,0.0100,0.00747,284.5
DQN_PER_seed_2_1790610661,DQN_PER,2,3440,195960,12.90,2,0.0100,0.00781,284.7
DQN_PER_seed_2_1790610661,DQN_PER,2,3441,196123,17.90,3,0.0100,0.00837,284.9
DQN_PER_seed_2_1790610661,DQN_PER,2,3442,196322,22.40,4,0.0100,0.00792,285.2
DQN_PER_seed_2_1790610661,DQN_PER,2,3443,196408,8.40,1,0.0100,0.01045,285.3
DQN_PER_seed_2_1790610661,DQN_PER,2,3444,196530,12.90,2,0.0100,0.00903,285.5
DQN_PER_seed_2_1790610661,DQN_PER,2,3445,196657,13.40,2,0.0100,0.00871,285.7
DQN_PER_seed_2_1790610661,DQN_PER,2,3446,196779,12.90,2,0.0100,0.00841,285.9
DQN_PER_seed_2_1790610661,DQN_PER,2,3447,196871,9.00,1,0.0100,0.00767,286.1
DQN_PER_seed_2_1790610661,DQN_PER,2,3448,197013,15.80,3,0.0100,0.00935,286.3
DQN_PER_seed_2_1790610661,DQN_PER,2,3449,197637,74.80,15,0.0100,0.00912,287.2
DQN_PER_seed_2_1790610661,DQN_PER,2,3450,197985,40.90,8,0.0100,0.00857,287.8
DQN_PER_seed_2_1790610661,DQN_PER,2,3451,198071,8.40,1,0.0100,0.00905,287.9
DQN_PER_seed_2_1790610661,DQN_PER,2,3452,198140,6.70,1,0.0100,0.00968,288.0
DQN_PER_seed_2_1790610661,DQN_PER,2,3453,198346,23.10,4,0.0100,0.00838,288.3
DQN_PER_seed_2_1790610661,DQN_PER,2,3454,198658,36.40,7,0.0100,0.00884,288.8
DQN_PER_seed_2_1790610661,DQN_PER,2,3455,198938,32.30,6,0.0100,0.00885,289.2
DQN_PER_seed_2_1790610661,DQN_PER,2,3456,199060,12.90,2,0.0100,0.00990,289.4
DQN_PER_seed_2_1790610661,DQN_PER,2,3457,199121,5.00,1,0.0100,0.00890,289.5
DQN_PER_seed_2_1790610661,DQN_PER,2,3458,199207,8.40,1,0.0100,0.01092,289.6
DQN_PER_seed_2_1790610661,DQN_PER,2,3459,199406,22.40,4,0.0100,0.01032,289.9
DQN_PER_seed_2_1790610661,DQN_PER,2,3460,199641,26.90,5,0.0100,0.01052,290.3
DQN_PER_seed_2_1790610661,DQN_PER,2,3461,199840,22.40,4,0.0100,0.00961,290.6
DQN_PER_seed_2_1790610661,DQN_PER,2,3462,199962,12.90,2,0.0100,0.00970,290.8
