run_id,method,seed,episode,step,ep_reward,score,epsilon,loss,wall_time
DQN_PER_seed_0_1790610022,DQN_PER,0,1,50,-7.50,0,0.9990,0.00000,0.0
DQN_PER_seed_0_1790610022,DQN_PER,0,2,100,-6.90,0,0.9980,0.00000,0.0
DQN_PER_seed_0_1790610022,DQN_PER,0,3,150,-7.50,0,0.9970,0.00000,0.0
DQN_PER_seed_0_1790610022,DQN_PER,0,4,200,-6.30,0,0.9960,0.00000,0.0
DQN_PER_seed_0_1790610022,DQN_PER,0,5,250,-8.10,0,0.9950,0.00000,0.0
DQN_PER_seed_0_1790610022,DQN_PER,0,6,300,-7.50,0,0.9941,0.00000,0.0
DQN_PER_seed_0_1790610022,DQN_PER,0,7,350,-7.50,0,0.9931,0.00000,0.0
DQN_PER_seed_0_1790610022,DQN_PER,0,8,400,-6.90,0,0.9921,0.00000,0.0
DQN_PER_seed_0_1790610022,DQN_PER,0,9,450,-6.30,0,0.9911,0.00000,0.0
DQN_PER_seed_0_1790610022,DQN_PER,0,10,500,-8.70,0,0.9901,0.00000,0.0
DQN_PER_seed_0_1790610022,DQN_PER,0,11,550,-5.10,0,0.9891,0.00000,0.0
DQN_PER_seed_0_1790610022,DQN_PER,0,12,600,-8.10,0,0.9881,0.00000,0.0
DQN_PER_seed_0_1790610022,DQN_PER,0,13,650,-6.90,0,0.9871,0.00000,0.0
DQN_PER_seed_0_1790610022,DQN_PER,0,14,700,-7.50,0,0.9861,0.00000,0.0
DQN_PER_seed_0_1790610022,DQN_PER,0,15,750,-8.10,0,0.9851,0.00000,0.0
DQN_PER_seed_0_1790610022,DQN_PER,0,16,800,-6.90,0,0.9842,0.00000,0.0
DQN_PER_seed_0_1790610022,DQN_PER,0,17,850,-8.10,0,0.9832,0.00000,0.0
DQN_PER_seed_0_1790610022,DQN_PER,0,18,900,-6.90,0,0.9822,0.00000,0.0
DQN_PER_seed_0_1790610022,DQN_PER,0,19,950,-7.50,0,0.9812,0.00000,0.0
DQN_PER_seed_0_1790610022,DQN_PER,0,20,1000,-7.50,0,0.9802,0.00000,0.0
DQN_PER_seed_0_1790610022,DQN_PER,0,21,1050,-7.50,0,0.9792,0.00000,0.0
DQN_PER_seed_0_1790610022,DQN_PER,0,22,1100,-8.10,0,0.9782,0.00000,0.0
DQN_PER_seed_0_1790610022,DQN_PER,0,23,1150,-6.30,0,0.9772,0.00000,0.0
DQN_PER_seed_0_1790610022,DQN_PER,0,24,1200,-6.90,0,0.9762,0.00000,0.0
DQN_PER_seed_0_1790610022,DQN_PER,0,25,1250,-7.50,0,0.9752,0.00000,0.0
DQN_PER_seed_0_1790610022,DQN_PER,0,26,1300,-7.50,0,0.9743,0.00000,0.0
DQN_PER_seed_0_1790610022,DQN_PER,0,27,1350,-6.90,0,0.9733,0.00000,0.0
DQN_PER_seed_0_1790610022,DQN_PER,0,28,1400,-7.50,0,0.9723,0.00000,0.0
DQN_PER_seed_0_1790610022,DQN_PER,0,29,1450,-6.90,0,0.9713,0.00000,0.0
DQN_PER_seed_0_1790610022,DQN_PER,0,30,1500,-8.70,0,0.9703,0.00000,0.0
DQN_PER_seed_0_1790610022,DQN_PER,0,31,1550,-8.10,0,0.9693,0.00000,0.0
DQN_PER_seed_0_1790610022,DQN_PER,0,32,1600,-7.50,0,0.9683,0.00000,0.0
DQN_PER_seed_0_1790610022,DQN_PER,0,33,1650,2.70,0,0.9673,0.00000,0.0
DQN_PER_seed_0_1790610022,DQN_PER,0,34,1700,-7.50,0,0.9663,0.00000,0.0
DQN_PER_seed_0_1790610022,DQN_PER,0,35,1750,-7.50,0,0.9654,0.00000,0.0
DQN_PER_seed_0_1790610022,DQN_PER,0,36,1800,-7.50,0,0.9644,0.00000,0.0
DQN_PER_seed_0_1790610022,DQN_PER,0,37,1850,-8.10,0,0.9634,0.00000,0.0
DQN_PER_seed_0_1790610022,DQN_PER,0,38,1900,-6.30,0,0.9624,0.00000,0.0
DQN_PER_seed_0_1790610022,DQN_PER,0,39,1950,-6.30,0,0.9614,0.00000,0.0
DQN_PER_seed_0_1790610022,DQN_PER,0,40,2000,-7.50,0,0.9604,0.16082,0.0
DQN_PER_seed_0_1790610022,DQN_PER,0,41,2050,-8.10,0,0.9594,0.03394,0.1
DQN_PER_seed_0_1790610022,DQN_PER,0,42,2100,-8.10,0,0.9584,0.01732,0.2
DQN_PER_seed_0_1790610022,DQN_PER,0,43,2150,-8.10,0,0.9574,0.01481,0.2
DQN_PER_seed_0_1790610022,DQN_PER,0,44,2200,-8.10,0,0.9564,0.01376,0.3
DQN_PER_seed_0_1790610022,DQN_PER,0,45,2250,-6.90,0,0.9555,0.01146,0.4
DQN_PER_seed_0_1790610022,DQN_PER,0,46,2300,-5.70,0,0.9545,0.01040,0.4
DQN_PER_seed_0_1790610022,DQN_PER,0,47,2350,-8.10,0,0.9535,0.01040,0.5
DQN_PER_seed_0_1790610022,DQN_PER,0,48,2400,-8.10,0,0.9525,0.00851,0.6
DQN_PER_seed_0_1790610022,DQN_PER,0,49,2450,-8.10,0,0.9515,0.00921,0.6
DQN_PER_seed_0_1790610022,DQN_PER,0,50,2500,-6.30,0,0.9505,0.00781,0.7
DQN_PER_seed_0_1790610022,DQN_PER,0,51,2550,-6.30,0,0.9495,0.00803,0.8
DQN_PER_seed_0_1790610022,DQN_PER,0,52,2600,-6.90,0,0.9485,0.00837,0.8
DQN_PER_seed_0_1790610022,DQN_PER,0,53,2650,-8.10,0,0.9475,0.00801,0.9
DQN_PER_seed_0_1790610022,DQN_PER,0,54,2700,-7.50,0,0.9465,0.00777,0.9
DQN_PER_seed_0_1790610022,DQN_PER,0,55,2750,-7.50,0,0.9456,0.00782,1.0
DQN_PER_seed_0_1790610022,DQN_PER,0,56,2800,-8.10,0,0.9446,0.00738,1.1
DQN_PER_seed_0_1790610022,DQN_PER,0,57,2850,-2.70,0,0.9436,0.00700,1.1
DQN_PER_seed_0_1790610022,DQN_PER,0,58,2900,-5.10,0,0.9426,0.00765,1.2
DQN_PER_seed_0_1790610022,DQN_PER,0,59,2950,-5.70,0,0.9416,0.00722,1.3
DQN_PER_seed_0_1790610022,DQN_PER,0,60,3000,-8.10,0,0.9406,0.00704,1.3
DQN_PER_seed_0_1790610022,DQN_PER,0,61,3050,-7.50,0,0.9396,0.01317,1.4
DQN_PER_seed_0_1790610022,DQN_PER,0,62,3100,-7.50,0,0.9386,0.00589,1.5
DQN_PER_seed_0_1790610022,DQN_PER,0,63,3150,-7.50,0,0.9376,0.00548,1.5
DQN_PER_seed_0_1790610022,DQN_PER,0,64,3200,-7.50,0,0.9366,0.00516,1.6
DQN_PER_seed_0_1790610022,DQN_PER,0,65,3250,-6.90,0,0.9356,0.00526,1.6
DQN_PER_seed_0_1790610022,DQN_PER,0,66,3300,-6.90,0,0.9347,0.00516,1.7
DQN_PER_seed_0_1790610022,DQN_PER,0,67,3350,-8.70,0,0.9337,0.00436,1.8
DQN_PER_seed_0_1790610022,DQN_PER,0,68,3400,-8.10,0,0.9327,0.00466,1.8
DQN_PER_seed_0_1790610022,DQN_PER,0,69,3450,-8.10,0,0.9317,0.00385,1.9
DQN_PER_seed_0_1790610022,DQN_PER,0,70,3500,-8.10,0,0.9307,0.00377,2.0
DQN_PER_seed_0_1790610022,DQN_PER,0,71,3550,-5.10,0,0.9297,0.00409,2.0
DQN_PER_seed_0_1790610022,DQN_PER,0,72,3600,-6.30,0,0.9287,0.00353,2.1
DQN_PER_seed_0_1790610022,DQN_PER,0,73,3650,-7.50,0,0.9277,0.00344,2.2
DQN_PER_seed_0_1790610022,DQN_PER,0,74,3700,-8.70,0,0.9267,0.00325,2.2
DQN_PER_seed_0_1790610022,DQN_PER,0,75,3750,-8.70,0,0.9257,0.00299,2.3
DQN_PER_seed_0_1790610022,DQN_PER,0,76,3800,-6.30,0,0.9248,0.00352,2.4
DQN_PER_seed_0_1790610022,DQN_PER,0,77,3850,-7.50,0,0.9238,0.00311,2.4
DQN_PER_seed_0_1790610022,DQN_PER,0,78,3900,-6.90,0,0.9228,0.00289,2.5
DQN_PER_seed_0_1790610022,DQN_PER,0,79,3950,-7.50,0,0.9218,0.00274,2.5
DQN_PER_seed_0_1790610022,DQN_PER,0,80,4000,-7.50,0,0.9208,0.00269,2.6
DQN_PER_seed_0_1790610022,DQN_PER,0,81,4050,-8.10,0,0.9198,0.01275,2.7
DQN_PER_seed_0_1790610022,DQN_PER,0,82,4100,-7.50,0,0.9188,0.00747,2.7
DQN_PER_seed_0_1790610022,DQN_PER,0,83,4150,-7.50,0,0.9178,0.00623,2.8
DQN_PER_seed_0_1790610022,DQN_PER,0,84,4200,-8.10,0,0.9168,0.00647,2.9
DQN_PER_seed_0_1790610022,DQN_PER,0,85,4250,-8.10,0,0.9159,0.00651,2.9
DQN_PER_seed_0_1790610022,DQN_PER,0,86,4300,-6.90,0,0.9149,0.00621,3.0
DQN_PER_seed_0_1790610022,DQN_PER,0,87,4350,-6.90,0,0.9139,0.00572,3.1
DQN_PER_seed_0_1790610022,DQN_PER,0,88,4400,-6.90,0,0.9129,0.00595,3.1
DQN_PER_seed_0_1790610022,DQN_PER,0,89,4450,-8.10,0,0.9119,0.00580,3.2
DQN_PER_seed_0_1790610022,DQN_PER,0,90,4500,-8.10,0,0.9109,0.00546,3.2
DQN_PER_seed_0_1790610022,DQN_PER,0,91,4550,-8.10,0,0.9099,0.00551,3.3
DQN_PER_seed_0_1790610022,DQN_PER,0,92,4600,-8.10,0,0.9089,0.00566,3.4
DQN_PER_seed_0_1790610022,DQN_PER,0,93,4650,-8.70,0,0.9079,0.00510,3.4
DQN_PER_seed_0_1790610022,DQN_PER,0,94,4700,-8.10,0,0.9069,0.00474,3.5
DQN_PER_seed_0_1790610022,DQN_PER,0,95,4750,-8.70,0,0.9060,0.00538,3.6
DQN_PER_seed_0_1790610022,DQN_PER,0,96,4800,-8.10,0,0.9050,0.00526,3.6
DQN_PER_seed_0_1790610022,DQN_PER,0,97,4850,-8.10,0,0.9040,0.00514,3.7
DQN_PER_seed_0_1790610022,DQN_PER,0,98,4900,-6.30,0,0.9030,0.00457,3.8
DQN_PER_seed_0_1790610022,DQN_PER,0,99,4950,-8.70,0,0.9020,0.00454,3.8
DQN_PER_seed_0_1790610022,DQN_PER,0,100,5000,-8.10,0,0.9010,0.00482,3.9
DQN_PER_seed_0_1790610022,DQN_PER,0,101,5050,-6.30,0,0.9000,0.01130,4.0
DQN_PER_seed_0_1790610022,DQN_PER,0,102,5100,-7.50,0,0.8990,0.00765,4.1
DQN_PER_seed_0_1790610022,DQN_PER,0,103,5150,-6.90,0,0.8980,0.00706,4.2
DQN_PER_seed_0_1790610022,DQN_PER,0,104,5200,-8.70,0,0.8970,0.00697,4.2
DQN_PER_seed_0_1790610022,DQN_PER,0,105,5250,-8.70,0,0.8961,0.00690,4.3
DQN_PER_seed_0_1790610022,DQN_PER,0,106,5300,-6.30,0,0.8951,0.00643,4.4
DQN_PER_seed_0_1790610022,DQN_PER,0,107,5350,-5.70,0,0.8941,0.00664,4.4
DQN_PER_seed_0_1790610022,DQN_PER,0,108,5400,-7.50,0,0.8931,0.00589,4.5
DQN_PER_seed_0_1790610022,DQN_PER,0,109,5450,-6.90,0,0.8921,0.00675,4.6
DQN_PER_seed_0_1790610022,DQN_PER,0,110,5500,-7.50,0,0.8911,0.00544,4.6
DQN_PER_seed_0_1790610022,DQN_PER,0,111,5550,-8.70,0,0.8901,0.00547,4.7
DQN_PER_seed_0_1790610022,DQN_PER,0,112,5600,-6.90,0,0.8891,0.00613,4.7
DQN_PER_seed_0_1790610022,DQN_PER,0,113,5650,-7.50,0,0.8881,0.00557,4.8
DQN_PER_seed_0_1790610022,DQN_PER,0,114,5700,-5.70,0,0.8871,0.00606,4.9
DQN_PER_seed_0_1790610022,DQN_PER,0,115,5750,-6.90,0,0.8861,0.00495,4.9
DQN_PER_seed_0_1790610022,DQN_PER,0,116,5800,-7.50,0,0.8852,0.00556,5.0
DQN_PER_seed_0_1790610022,DQN_PER,0,117,5850,-8.10,0,0.8842,0.00548,5.1
DQN_PER_seed_0_1790610022,DQN_PER,0,118,5900,-7.50,0,0.8832,0.00616,5.1
DQN_PER_seed_0_1790610022,DQN_PER,0,119,5950,-7.50,0,0.8822,0.00443,5.2
DQN_PER_seed_0_1790610022,DQN_PER,0,120,6000,-8.10,0,0.8812,0.00479,5.3
DQN_PER_seed_0_1790610022,DQN_PER,0,121,6050,-7.50,0,0.8802,0.01141,5.3
DQN_PER_seed_0_1790610022,DQN_PER,0,122,6100,-8.10,0,0.8792,0.00484,5.4
DQN_PER_seed_0_1790610022,DQN_PER,0,123,6150,-5.10,0,0.8782,0.00568,5.5
DQN_PER_seed_0_1790610022,DQN_PER,0,124,6200,-3.90,0,0.8772,0.00539,5.5
DQN_PER_seed_0_1790610022,DQN_PER,0,125,6250,-6.30,0,0.8762,0.00493,5.6
DQN_PER_seed_0_1790610022,DQN_PER,0,126,6300,-6.90,0,0.8753,0.00511,5.6
DQN_PER_seed_0_1790610022,DQN_PER,0,127,6350,-6.90,0,0.8743,0.00425,5.7
DQN_PER_seed_0_1790610022,DQN_PER,0,128,6400,-7.50,0,0.8733,0.00455,5.8
DQN_PER_seed_0_1790610022,DQN_PER,0,129,6450,-5.70,0,0.8723,0.00364,5.8
DQN_PER_seed_0_1790610022,DQN_PER,0,130,6500,-6.90,0,0.8713,0.00433,5.9
DQN_PER_seed_0_1790610022,DQN_PER,0,131,6550,-8.70,0,0.8703,0.00405,6.0
DQN_PER_seed_0_1790610022,DQN_PER,0,132,6600,-6.30,0,0.8693,0.00440,6.0
DQN_PER_seed_0_1790610022,DQN_PER,0,133,6650,-4.50,0,0.8683,0.00355,6.1
DQN_PER_seed_0_1790610022,DQN_PER,0,134,6700,-7.50,0,0.8673,0.00366,6.2
DQN_PER_seed_0_1790610022,DQN_PER,0,135,6750,-7.50,0,0.8663,0.00384,6.2
DQN_PER_seed_0_1790610022,DQN_PER,0,136,6800,-6.30,0,0.8654,0.00391,6.3
DQN_PER_seed_0_1790610022,DQN_PER,0,137,6850,-7.50,0,0.8644,0.00366,6.4
DQN_PER_seed_0_1790610022,DQN_PER,0,138,6900,-2.70,0,0.8634,0.00288,6.4
DQN_PER_seed_0_1790610022,DQN_PER,0,139,6950,-7.50,0,0.8624,0.00332,6.5
DQN_PER_seed_0_1790610022,DQN_PER,0,140,7000,-7.50,0,0.8614,0.00365,6.5
DQN_PER_seed_0_1790610022,DQN_PER,0,141,7050,-6.90,0,0.8604,0.00700,6.6
DQN_PER_seed_0_1790610022,DQN_PER,0,142,7100,-7.50,0,0.8594,0.00309,6.7
DQN_PER_seed_0_1790610022,DQN_PER,0,143,7150,-6.90,0,0.8584,0.00241,6.7
DQN_PER_seed_0_1790610022,DQN_PER,0,144,7200,-6.30,0,0.8574,0.00290,6.8
DQN_PER_seed_0_1790610022,DQN_PER,0,145,7250,-6.90,0,0.8565,0.00299,6.9
DQN_PER_seed_0_1790610022,DQN_PER,0,146,7300,-5.70,0,0.8555,0.00292,6.9
DQN_PER_seed_0_1790610022,DQN_PER,0,147,7350,-8.10,0,0.8545,0.00243,7.0
DQN_PER_seed_0_1790610022,DQN_PER,0,148,7400,-7.50,0,0.8535,0.00227,7.1
DQN_PER_seed_0_1790610022,DQN_PER,0,149,7450,-8.10,0,0.8525,0.00245,7.1
DQN_PER_seed_0_1790610022,DQN_PER,0,150,7500,-7.50,0,0.8515,0.00235,7.2
DQN_PER_seed_0_1790610022,DQN_PER,0,151,7550,-8.10,0,0.8505,0.00296,7.3
DQN_PER_seed_0_1790610022,DQN_PER,0,152,7600,-6.90,0,0.8495,0.00181,7.3
DQN_PER_seed_0_1790610022,DQN_PER,0,153,7650,-7.50,0,0.8485,0.00190,7.4
DQN_PER_seed_0_1790610022,DQN_PER,0,154,7700,-3.90,0,0.8475,0.00227,7.5
DQN_PER_seed_0_1790610022,DQN_PER,0,155,7750,-6.90,0,0.8466,0.00227,7.5
DQN_PER_seed_0_1790610022,DQN_PER,0,156,7800,-8.10,0,0.8456,0.00188,7.6
DQN_PER_seed_0_1790610022,DQN_PER,0,157,7850,-6.90,0,0.8446,0.00191,7.6
DQN_PER_seed_0_1790610022,DQN_PER,0,158,7900,-6.90,0,0.8436,0.00190,7.7
DQN_PER_seed_0_1790610022,DQN_PER,0,159,7950,-8.70,0,0.8426,0.00191,7.8
DQN_PER_seed_0_1790610022,DQN_PER,0,160,8000,-6.30,0,0.8416,0.00181,7.8
DQN_PER_seed_0_1790610022,DQN_PER,0,161,8050,-8.70,0,0.8406,0.00679,7.9
DQN_PER_seed_0_1790610022,DQN_PER,0,162,8100,-6.90,0,0.8396,0.00164,8.0
DQN_PER_seed_0_1790610022,DQN_PER,0,163,8150,-6.30,0,0.8386,0.00164,8.0
DQN_PER_seed_0_1790610022,DQN_PER,0,164,8200,-7.50,0,0.8376,0.00168,8.1
DQN_PER_seed_0_1790610022,DQN_PER,0,165,8250,-1.50,0,0.8367,0.00150,8.2
DQN_PER_seed_0_1790610022,DQN_PER,0,166,8300,-4.50,0,0.8357,0.00154,8.2
DQN_PER_seed_0_1790610022,DQN_PER,0,167,8350,-6.90,0,0.8347,0.00155,8.3
DQN_PER_seed_0_1790610022,DQN_PER,0,168,8400,-5.70,0,0.8337,0.00159,8.4
DQN_PER_seed_0_1790610022,DQN_PER,0,169,8450,-8.70,0,0.8327,0.00131,8.4
DQN_PER_seed_0_1790610022,DQN_PER,0,170,8500,-8.10,0,0.8317,0.00147,8.5
DQN_PER_seed_0_1790610022,DQN_PER,0,171,8550,-7.50,0,0.8307,0.00148,8.5
DQN_PER_seed_0_1790610022,DQN_PER,0,172,8600,-8.10,0,0.8297,0.00142,8.6
DQN_PER_seed_0_1790610022,DQN_PER,0,173,8650,-8.10,0,0.8287,0.00135,8.7
DQN_PER_seed_0_1790610022,DQN_PER,0,174,8700,-4.50,0,0.8277,0.00137,8.7
DQN_PER_seed_0_1790610022,DQN_PER,0,175,8750,-6.30,0,0.8267,0.00112,8.8
DQN_PER_seed_0_1790610022,DQN_PER,0,176,8800,-6.90,0,0.8258,0.00116,8.9
DQN_PER_seed_0_1790610022,DQN_PER,0,177,8850,-6.30,0,0.8248,0.00124,8.9
DQN_PER_seed_0_1790610022,DQN_PER,0,178,8900,-7.50,0,0.8238,0.00131,9.0
DQN_PER_seed_0_1790610022,DQN_PER,0,179,8950,-8.70,0,0.8228,0.00137,9.1
DQN_PER_seed_0_1790610022,DQN_PER,0,180,9000,-6.90,0,0.8218,0.00148,9.1
DQN_PER_seed_0_1790610022,DQN_PER,0,181,9050,-6.90,0,0.8208,0.00752,9.2
DQN_PER_seed_0_1790610022,DQN_PER,0,182,9100,-8.10,0,0.8198,0.00213,9.3
DQN_PER_seed_0_1790610022,DQN_PER,0,183,9150,-7.50,0,0.8188,0.00141,9.3
DQN_PER_seed_0_1790610022,DQN_PER,0,184,9200,-6.90,0,0.8178,0.00112,9.4
DQN_PER_seed_0_1790610022,DQN_PER,0,185,9250,-8.70,0,0.8168,0.00118,9.5
DQN_PER_seed_0_1790610022,DQN_PER,0,186,9300,-5.10,0,0.8159,0.00120,9.5
DQN_PER_seed_0_1790610022,DQN_PER,0,187,9350,-8.10,0,0.8149,0.00140,9.6
DQN_PER_seed_0_1790610022,DQN_PER,0,188,9400,-6.90,0,0.8139,0.00145,9.6
DQN_PER_seed_0_1790610022,DQN_PER,0,189,9450,-6.90,0,0.8129,0.00128,9.7
DQN_PER_seed_0_1790610022,DQN_PER,0,190,9500,-5.70,0,0.8119,0.00127,9.8
DQN_PER_seed_0_1790610022,DQN_PER,0,191,9550,-5.70,0,0.8109,0.00114,9.8
DQN_PER_seed_0_1790610022,DQN_PER,0,192,9600,-6.90,0,0.8099,0.00113,9.9
DQN_PER_seed_0_1790610022,DQN_PER,0,193,9650,-6.90,0,0.8089,0.00152,10.0
DQN_PER_seed_0_1790610022,DQN_PER,0,194,9700,-7.50,0,0.8079,0.00108,10.0
DQN_PER_seed_0_1790610022,DQN_PER,0,195,9750,-6.30,0,0.8070,0.00120,10.1
DQN_PER_seed_0_1790610022,DQN_PER,0,196,9800,-6.90,0,0.8060,0.00109,10.2
DQN_PER_seed_0_1790610022,DQN_PER,0,197,9850,-5.70,0,0.8050,0.00116,10.2
DQN_PER_seed_0_1790610022,DQN_PER,0,198,9900,-6.90,0,0.8040,0.00148,10.3
DQN_PER_seed_0_1790610022,DQN_PER,0,199,9950,-6.30,0,0.8030,0.00111,10.4
DQN_PER_seed_0_1790610022,DQN_PER,0,200,10000,-0.90,0,0.8020,0.00117,10.4
DQN_PER_seed_0_1790610022,DQN_PER,0,201,10050,-7.50,0,0.8010,0.00501,10.5
DQN_PER_seed_0_1790610022,DQN_PER,0,202,10100,-5.70,0,0.8000,0.00133,10.6
DQN_PER_seed_0_1790610022,DQN_PER,0,203,10150,-8.10,0,0.7990,0.00147,10.7
DQN_PER_seed_0_1790610022,DQN_PER,0,204,10200,-8.10,0,0.7980,0.00111,10.7
DQN_PER_seed_0_1790610022,DQN_PER,0,205,10250,-6.30,0,0.7971,0.00110,10.8
DQN_PER_seed_0_1790610022,DQN_PER,0,206,10300,-5.10,0,0.7961,0.00115,10.9
DQN_PER_seed_0_1790610022,DQN_PER,0,207,10350,-6.90,0,0.7951,0.00113,10.9
DQN_PER_seed_0_1790610022,DQN_PER,0,208,10400,-8.70,0,0.7941,0.00121,11.0
DQN_PER_seed_0_1790610022,DQN_PER,0,209,10450,-5.10,0,0.7931,0.00103,11.1
DQN_PER_seed_0_1790610022,DQN_PER,0,210,10500,-6.90,0,0.7921,0.00116,11.1
DQN_PER_seed_0_1790610022,DQN_PER,0,211,10550,-5.10,0,0.7911,0.00124,11.2
DQN_PER_seed_0_1790610022,DQN_PER,0,212,10600,-6.90,0,0.7901,0.00100,11.3
DQN_PER_seed_0_1790610022,DQN_PER,0,213,10650,-7.50,0,0.7891,0.00085,11.3
DQN_PER_seed_0_1790610022,DQN_PER,0,214,10700,-6.30,0,0.7881,0.00100,11.4
DQN_PER_seed_0_1790610022,DQN_PER,0,215,10750,-6.30,0,0.7872,0.00119,11.4
DQN_PER_seed_0_1790610022,DQN_PER,0,216,10800,-4.50,0,0.7862,0.00102,11.5
DQN_PER_seed_0_1790610022,DQN_PER,0,217,10850,-7.50,0,0.7852,0.00104,11.6
DQN_PER_seed_0_1790610022,DQN_PER,0,218,10900,-5.70,0,0.7842,0.00099,11.6
DQN_PER_seed_0_1790610022,DQN_PER,0,219,10950,-2.10,0,0.7832,0.00111,11.7
DQN_PER_seed_0_1790610022,DQN_PER,0,220,11000,-6.30,0,0.7822,0.00134,11.8
DQN_PER_seed_0_1790610022,DQN_PER,0,221,11050,-6.30,0,0.7812,0.00384,11.8
DQN_PER_seed_0_1790610022,DQN_PER,0,222,11100,-8.10,0,0.7802,0.00141,11.9
DQN_PER_seed_0_1790610022,DQN_PER,0,223,11150,-7.50,0,0.7792,0.00104,12.0
DQN_PER_seed_0_1790610022,DQN_PER,0,224,11200,-5.70,0,0.7782,0.00185,12.0
DQN_PER_seed_0_1790610022,DQN_PER,0,225,11250,-6.30,0,0.7772,0.00308,12.1
DQN_PER_seed_0_1790610022,DQN_PER,0,226,11300,-6.90,0,0.7763,0.00127,12.2
DQN_PER_seed_0_1790610022,DQN_PER,0,227,11350,-3.90,0,0.7753,0.00128,12.2
DQN_PER_seed_0_1790610022,DQN_PER,0,228,11400,-6.90,0,0.7743,0.00111,12.3
DQN_PER_seed_0_1790610022,DQN_PER,0,229,11450,-5.70,0,0.7733,0.00101,12.4
DQN_PER_seed_0_1790610022,DQN_PER,0,230,11500,-6.30,0,0.7723,0.00110,12.4
DQN_PER_seed_0_1790610022,DQN_PER,0,231,11550,-6.30,0,0.7713,0.00102,12.5
DQN_PER_seed_0_1790610022,DQN_PER,0,232,11600,-6.30,0,0.7703,0.00098,12.5
DQN_PER_seed_0_1790610022,DQN_PER,0,233,11650,-6.90,0,0.7693,0.00114,12.6
DQN_PER_seed_0_1790610022,DQN_PER,0,234,11700,-5.70,0,0.7683,0.00100,12.7
DQN_PER_seed_0_1790610022,DQN_PER,0,235,11750,-4.50,0,0.7673,0.00171,12.7
DQN_PER_seed_0_1790610022,DQN_PER,0,236,11800,-7.50,0,0.7664,0.00108,12.8
DQN_PER_seed_0_1790610022,DQN_PER,0,237,11850,-6.90,0,0.7654,0.00100,12.9
DQN_PER_seed_0_1790610022,DQN_PER,0,238,11900,-5.10,0,0.7644,0.00088,12.9
DQN_PER_seed_0_1790610022,DQN_PER,0,239,11950,-7.50,0,0.7634,0.00114,13.0
DQN_PER_seed_0_1790610022,DQN_PER,0,240,12000,-3.90,0,0.7624,0.00120,13.1
DQN_PER_seed_0_1790610022,DQN_PER,0,241,12050,-4.50,0,0.7614,0.00573,13.1
DQN_PER_seed_0_1790610022,DQN_PER,0,242,12100,-5.10,0,0.7604,0.00210,13.2
DQN_PER_seed_0_1790610022,DQN_PER,0,243,12150,-3.30,0,0.7594,0.00146,13.3
DQN_PER_seed_0_1790610022,DQN_PER,0,244,12200,-3.90,0,0.7584,0.00110,13.3
DQN_PER_seed_0_1790610022,DQN_PER,0,245,12250,-5.70,0,0.7574,0.00134,13.4
DQN_PER_seed_0_1790610022,DQN_PER,0,246,12300,-6.30,0,0.7565,0.00134,13.5
DQN_PER_seed_0_1790610022,DQN_PER,0,247,12350,-8.10,0,0.7555,0.00156,13.5
DQN_PER_seed_0_1790610022,DQN_PER,0,248,12400,-8.10,0,0.7545,0.00134,13.6
DQN_PER_seed_0_1790610022,DQN_PER,0,249,12450,-6.90,0,0.7535,0.00154,13.7
DQN_PER_seed_0_1790610022,DQN_PER,0,250,12500,-3.30,0,0.7525,0.00111,13.7
DQN_PER_seed_0_1790610022,DQN_PER,0,251,12550,-6.90,0,0.7515,0.00110,13.8
DQN_PER_seed_0_1790610022,DQN_PER,0,252,12600,-6.90,0,0.7505,0.00122,13.8
DQN_PER_seed_0_1790610022,DQN_PER,0,253,12650,-6.90,0,0.7495,0.00180,13.9
DQN_PER_seed_0_1790610022,DQN_PER,0,254,12700,-6.90,0,0.7485,0.00144,14.0
DQN_PER_seed_0_1790610022,DQN_PER,0,255,12750,-7.50,0,0.7475,0.00187,14.0
DQN_PER_seed_0_1790610022,DQN_PER,0,256,12800,-5.10,0,0.7466,0.00101,14.1
DQN_PER_seed_0_1790610022,DQN_PER,0,257,12850,-8.10,0,0.7456,0.00114,14.2
DQN_PER_seed_0_1790610022,DQN_PER,0,258,12900,-6.90,0,0.7446,0.00176,14.2
DQN_PER_seed_0_1790610022,DQN_PER,0,259,12950,-8.10,0,0.7436,0.00141,14.3
DQN_PER_seed_0_1790610022,DQN_PER,0,260,13000,-8.10,0,0.7426,0.00102,14.4
DQN_PER_seed_0_1790610022,DQN_PER,0,261,13050,-2.10,0,0.7416,0.00812,14.4
DQN_PER_seed_0_1790610022,DQN_PER,0,262,13100,-7.50,0,0.7406,0.00165,14.5
DQN_PER_seed_0_1790610022,DQN_PER,0,263,13150,-7.50,0,0.7396,0.00120,14.6
DQN_PER_seed_0_1790610022,DQN_PER,0,264,13200,-5.70,0,0.7386,0.00148,14.6
DQN_PER_seed_0_1790610022,DQN_PER,0,265,13250,-7.50,0,0.7376,0.00147,14.7
DQN_PER_seed_0_1790610022,DQN_PER,0,266,13300,-7.50,0,0.7367,0.00140,14.8
DQN_PER_seed_0_1790610022,DQN_PER,0,267,13350,-5.70,0,0.7357,0.00111,14.8
DQN_PER_seed_0_1790610022,DQN_PER,0,268,13400,-6.90,0,0.7347,0.00123,14.9
DQN_PER_seed_0_1790610022,DQN_PER,0,269,13450,-7.50,0,0.7337,0.00128,15.0
DQN_PER_seed_0_1790610022,DQN_PER,0,270,13500,-6.90,0,0.7327,0.00134,15.0
DQN_PER_seed_0_1790610022,DQN_PER,0,271,13550,-6.30,0,0.7317,0.00119,15.1
DQN_PER_seed_0_1790610022,DQN_PER,0,272,13600,-6.30,0,0.7307,0.00132,15.1
DQN_PER_seed_0_1790610022,DQN_PER,0,273,13650,-3.30,0,0.7297,0.00125,15.2
DQN_PER_seed_0_1790610022,DQN_PER,0,274,13700,-6.30,0,0.7287,0.00195,15.3
DQN_PER_seed_0_1790610022,DQN_PER,0,275,13750,-6.90,0,0.7278,0.00198,15.3
DQN_PER_seed_0_1790610022,DQN_PER,0,276,13800,-8.10,0,0.7268,0.00099,15.4
DQN_PER_seed_0_1790610022,DQN_PER,0,277,13850,-3.30,0,0.7258,0.00156,15.5
DQN_PER_seed_0_1790610022,DQN_PER,0,278,13900,-8.10,0,0.7248,0.00142,15.5
DQN_PER_seed_0_1790610022,DQN_PER,0,279,13950,-7.50,0,0.7238,0.00121,15.6
DQN_PER_seed_0_1790610022,DQN_PER,0,280,14000,-6.30,0,0.7228,0.00140,15.7
DQN_PER_seed_0_1790610022,DQN_PER,0,281,14050,-7.50,0,0.7218,0.00532,15.7
DQN_PER_seed_0_1790610022,DQN_PER,0,282,14100,-6.90,0,0.7208,0.00137,15.8
DQN_PER_seed_0_1790610022,DQN_PER,0,283,14150,-7.50,0,0.7198,0.00252,15.9
DQN_PER_seed_0_1790610022,DQN_PER,0,284,14200,-7.50,0,0.7188,0.00168,15.9
DQN_PER_seed_0_1790610022,DQN_PER,0,285,14250,-6.30,0,0.7179,0.00129,16.0
DQN_PER_seed_0_1790610022,DQN_PER,0,286,14300,-3.30,0,0.7169,0.00115,16.1
DQN_PER_seed_0_1790610022,DQN_PER,0,287,14350,-7.50,0,0.7159,0.00131,16.1
DQN_PER_seed_0_1790610022,DQN_PER,0,288,14400,-7.50,0,0.7149,0.00117,16.2
DQN_PER_seed_0_1790610022,DQN_PER,0,289,14450,-6.90,0,0.7139,0.00193,16.3
DQN_PER_seed_0_1790610022,DQN_PER,0,290,14500,-5.10,0,0.7129,0.00209,16.3
DQN_PER_seed_0_1790610022,DQN_PER,0,291,14550,-8.10,0,0.7119,0.00119,16.4
DQN_PER_seed_0_1790610022,DQN_PER,0,292,14600,-7.50,0,0.7109,0.00175,16.4
DQN_PER_seed_0_1790610022,DQN_PER,0,293,14650,-8.70,0,0.7099,0.00165,16.5
DQN_PER_seed_0_1790610022,DQN_PER,0,294,14700,-7.50,0,0.7089,0.00193,16.6
DQN_PER_seed_0_1790610022,DQN_PER,0,295,14750,-3.30,0,0.7080,0.00110,16.6
DQN_PER_seed_0_1790610022,DQN_PER,0,296,14800,-8.10,0,0.7070,0.00125,16.7
DQN_PER_seed_0_1790610022,DQN_PER,0,297,14850,-6.90,0,0.7060,0.00193,16.8
DQN_PER_seed_0_1790610022,DQN_PER,0,298,14900,3.90,0,0.7050,0.00122,16.8
DQN_PER_seed_0_1790610022,DQN_PER,0,299,14950,-7.50,0,0.7040,0.00156,16.9
DQN_PER_seed_0_1790610022,DQN_PER,0,300,15000,-6.30,0,0.7030,0.00119,17.0
DQN_PER_seed_0_1790610022,DQN_PER,0,301,15050,-7.50,0,0.7020,0.00446,17.1
DQN_PER_seed_0_1790610022,DQN_PER,0,302,15100,-7.50,0,0.7010,0.00218,17.2
DQN_PER_seed_0_1790610022,DQN_PER,0,303,15150,-4.50,0,0.7000,0.00162,17.3
DQN_PER_seed_0_1790610022,DQN_PER,0,304,15200,-6.30,0,0.6990,0.00235,17.3
DQN_PER_seed_0_1790610022,DQN_PER,0,305,15250,-6.30,0,0.6981,0.00138,17.4
DQN_PER_seed_0_1790610022,DQN_PER,0,306,15300,-8.10,0,0.6971,0.00115,17.4
DQN_PER_seed_0_1790610022,DQN_PER,0,307,15350,-6.90,0,0.6961,0.00166,17.5
DQN_PER_seed_0_1790610022,DQN_PER,0,308,15400,-6.30,0,0.6951,0.00131,17.6
DQN_PER_seed_0_1790610022,DQN_PER,0,309,15450,-8.70,0,0.6941,0.00178,17.6
DQN_PER_seed_0_1790610022,DQN_PER,0,310,15500,-6.90,0,0.6931,0.00155,17.7
DQN_PER_seed_0_1790610022,DQN_PER,0,311,15550,-5.70,0,0.6921,0.00139,17.8
DQN_PER_seed_0_1790610022,DQN_PER,0,312,15600,0.90,0,0.6911,0.00183,17.8
DQN_PER_seed_0_1790610022,DQN_PER,0,313,15650,-4.50,0,0.6901,0.00156,17.9
DQN_PER_seed_0_1790610022,DQN_PER,0,314,15700,-6.30,0,0.6891,0.00145,18.0
DQN_PER_seed_0_1790610022,DQN_PER,0,315,15750,-7.50,0,0.6882,0.00183,18.0
DQN_PER_seed_0_1790610022,DQN_PER,0,316,15800,-7.50,0,0.6872,0.00154,18.1
DQN_PER_seed_0_1790610022,DQN_PER,0,317,15850,-7.50,0,0.6862,0.00222,18.2
DQN_PER_seed_0_1790610022,DQN_PER,0,318,15900,-8.70,0,0.6852,0.00308,18.2
DQN_PER_seed_0_1790610022,DQN_PER,0,319,15950,-5.70,0,0.6842,0.00115,18.3
DQN_PER_seed_0_1790610022,DQN_PER,0,320,16000,-8.10,0,0.6832,0.00195,18.4
DQN_PER_seed_0_1790610022,DQN_PER,0,321,16050,-3.30,0,0.6822,0.00620,18.4
DQN_PER_seed_0_1790610022,DQN_PER,0,322,16100,-5.70,0,0.6812,0.00170,18.5
DQN_PER_seed_0_1790610022,DQN_PER,0,323,16150,-6.30,0,0.6802,0.00171,18.6
DQN_PER_seed_0_1790610022,DQN_PER,0,324,16200,-6.90,0,0.6792,0.00137,18.6
DQN_PER_seed_0_1790610022,DQN_PER,0,325,16250,-5.70,0,0.6783,0.00147,18.7
DQN_PER_seed_0_1790610022,DQN_PER,0,326,16300,-4.50,0,0.6773,0.00140,18.8
DQN_PER_seed_0_1790610022,DQN_PER,0,327,16350,-6.30,0,0.6763,0.00131,18.8
DQN_PER_seed_0_1790610022,DQN_PER,0,328,16400,-8.10,0,0.6753,0.00130,18.9
DQN_PER_seed_0_1790610022,DQN_PER,0,329,16450,-6.90,0,0.6743,0.00168,19.0
DQN_PER_seed_0_1790610022,DQN_PER,0,330,16500,-3.90,0,0.6733,0.00171,19.0
DQN_PER_seed_0_1790610022,DQN_PER,0,331,16550,-6.90,0,0.6723,0.00150,19.1
DQN_PER_seed_0_1790610022,DQN_PER,0,332,16600,-6.90,0,0.6713,0.00140,19.1
DQN_PER_seed_0_1790610022,DQN_PER,0,333,16650,-6.30,0,0.6703,0.00119,19.2
DQN_PER_seed_0_1790610022,DQN_PER,0,334,16700,-5.70,0,0.6693,0.00118,19.3
DQN_PER_seed_0_1790610022,DQN_PER,0,335,16750,-3.30,0,0.6683,0.00149,19.3
DQN_PER_seed_0_1790610022,DQN_PER,0,336,16800,-5.70,0,0.6674,0.00212,19.4
DQN_PER_seed_0_1790610022,DQN_PER,0,337,16850,-8.10,0,0.6664,0.00183,19.5
DQN_PER_seed_0_1790610022,DQN_PER,0,338,16900,-6.90,0,0.6654,0.00156,19.5
DQN_PER_seed_0_1790610022,DQN_PER,0,339,16950,-8.10,0,0.6644,0.00177,19.6
DQN_PER_seed_0_1790610022,DQN_PER,0,340,17000,-6.90,0,0.6634,0.00148,19.7
DQN_PER_seed_0_1790610022,DQN_PER,0,341,17050,-4.50,0,0.6624,0.00524,19.7
DQN_PER_seed_0_1790610022,DQN_PER,0,342,17100,-2.10,0,0.6614,0.00264,19.8
DQN_PER_seed_0_1790610022,DQN_PER,0,343,17150,-6.30,0,0.6604,0.00223,19.9
DQN_PER_seed_0_1790610022,DQN_PER,0,344,17200,-2.10,0,0.6594,0.00189,19.9
DQN_PER_seed_0_1790610022,DQN_PER,0,345,17250,-3.30,0,0.6584,0.00165,20.0
DQN_PER_seed_0_1790610022,DQN_PER,0,346,17300,-7.50,0,0.6575,0.00176,20.1
DQN_PER_seed_0_1790610022,DQN_PER,0,347,17350,-5.70,0,0.6565,0.00132,20.1
DQN_PER_seed_0_1790610022,DQN_PER,0,348,17400,-6.90,0,0.6555,0.00184,20.2
DQN_PER_seed_0_1790610022,DQN_PER,0,349,17450,-2.10,0,0.6545,0.00209,20.3
DQN_PER_seed_0_1790610022,DQN_PER,0,350,17500,-5.70,0,0.6535,0.00173,20.3
DQN_PER_seed_0_1790610022,DQN_PER,0,351,17550,-7.50,0,0.6525,0.00154,20.4
DQN_PER_seed_0_1790610022,DQN_PER,0,352,17600,-5.10,0,0.6515,0.00153,20.5
DQN_PER_seed_0_1790610022,DQN_PER,0,353,17650,-3.90,0,0.6505,0.00166,20.5
DQN_PER_seed_0_1790610022,DQN_PER,0,354,17700,-3.30,0,0.6495,0.00175,20.6
DQN_PER_seed_0_1790610022,DQN_PER,0,355,17750,-7.50,0,0.6485,0.00231,20.6
DQN_PER_seed_0_1790610022,DQN_PER,0,356,17800,-0.90,0,0.6476,0.00176,20.7
DQN_PER_seed_0_1790610022,DQN_PER,0,357,17850,-5.70,0,0.6466,0.00186,20.8
DQN_PER_seed_0_1790610022,DQN_PER,0,358,17900,-6.90,0,0.6456,0.00183,20.8
DQN_PER_seed_0_1790610022,DQN_PER,0,359,17950,-0.90,0,0.6446,0.00141,20.9
DQN_PER_seed_0_1790610022,DQN_PER,0,360,18000,-6.90,0,0.6436,0.00173,21.0
DQN_PER_seed_0_1790610022,DQN_PER,0,361,18050,-1.50,0,0.6426,0.00512,21.0
DQN_PER_seed_0_1790610022,DQN_PER,0,362,18100,-8.10,0,0.6416,0.00240,21.1
DQN_PER_seed_0_1790610022,DQN_PER,0,363,18150,-8.10,0,0.6406,0.00202,21.2
DQN_PER_seed_0_1790610022,DQN_PER,0,364,18200,-6.90,0,0.6396,0.00267,21.2
DQN_PER_seed_0_1790610022,DQN_PER,0,365,18250,-0.90,0,0.6386,0.00231,21.3
DQN_PER_seed_0_1790610022,DQN_PER,0,366,18300,-6.30,0,0.6377,0.00172,21.4
DQN_PER_seed_0_1790610022,DQN_PER,0,367,18350,-6.90,0,0.6367,0.00297,21.4
DQN_PER_seed_0_1790610022,DQN_PER,0,368,18400,-6.30,0,0.6357,0.00177,21.5
DQN_PER_seed_0_1790610022,DQN_PER,0,369,18450,-7.50,0,0.6347,0.00194,21.6
DQN_PER_seed_0_1790610022,DQN_PER,0,370,18500,-7.50,0,0.6337,0.00176,21.6
DQN_PER_seed_0_1790610022,DQN_PER,0,371,18550,-6.90,0,0.6327,0.00208,21.7
DQN_PER_seed_0_1790610022,DQN_PER,0,372,18600,-8.10,0,0.6317,0.00178,21.8
DQN_PER_seed_0_1790610022,DQN_PER,0,373,18650,-6.90,0,0.6307,0.00162,21.8
DQN_PER_seed_0_1790610022,DQN_PER,0,374,18700,-7.50,0,0.6297,0.00213,21.9
DQN_PER_seed_0_1790610022,DQN_PER,0,375,18750,-7.50,0,0.6288,0.00217,22.0
DQN_PER_seed_0_1790610022,DQN_PER,0,376,18800,-6.30,0,0.6278,0.00211,22.0
DQN_PER_seed_0_1790610022,DQN_PER,0,377,18850,-5.10,0,0.6268,0.00149,22.1
DQN_PER_seed_0_1790610022,DQN_PER,0,378,18900,-7.50,0,0.6258,0.00246,22.2
DQN_PER_seed_0_1790610022,DQN_PER,0,379,18950,-2.70,0,0.6248,0.00185,22.2
DQN_PER_seed_0_1790610022,DQN_PER,0,380,19000,-1.50,0,0.6238,0.00183,22.3
DQN_PER_seed_0_1790610022,DQN_PER,0,381,19050,-6.90,0,0.6228,0.00526,22.3
DQN_PER_seed_0_1790610022,DQN_PER,0,382,19100,-0.30,0,0.6218,0.00302,22.4
DQN_PER_seed_0_1790610022,DQN_PER,0,383,19150,-7.50,0,0.6208,0.00518,22.5
DQN_PER_seed_0_1790610022,DQN_PER,0,384,19200,-5.70,0,0.6198,0.00227,22.5
DQN_PER_seed_0_1790610022,DQN_PER,0,385,19250,-2.70,0,0.6189,0.00210,22.6
DQN_PER_seed_0_1790610022,DQN_PER,0,386,19300,-6.30,0,0.6179,0.00267,22.7
DQN_PER_seed_0_1790610022,DQN_PER,0,387,19350,-6.90,0,0.6169,0.00259,22.7
DQN_PER_seed_0_1790610022,DQN_PER,0,388,19400,-7.50,0,0.6159,0.00208,22.8
DQN_PER_seed_0_1790610022,DQN_PER,0,389,19450,-6.90,0,0.6149,0.00301,22.9
DQN_PER_seed_0_1790610022,DQN_PER,0,390,19500,-5.10,0,0.6139,0.00224,22.9
DQN_PER_seed_0_1790610022,DQN_PER,0,391,19550,-3.90,0,0.6129,0.00205,23.0
DQN_PER_seed_0_1790610022,DQN_PER,0,392,19600,-5.70,0,0.6119,0.00164,23.1
DQN_PER_seed_0_1790610022,DQN_PER,0,393,19650,-6.90,0,0.6109,0.00219,23.1
DQN_PER_seed_0_1790610022,DQN_PER,0,394,19700,-5.70,0,0.6099,0.00209,23.2
DQN_PER_seed_0_1790610022,DQN_PER,0,395,19750,-6.90,0,0.6089,0.00245,23.3
DQN_PER_seed_0_1790610022,DQN_PER,0,396,19800,-6.90,0,0.6080,0.00237,23.3
DQN_PER_seed_0_1790610022,DQN_PER,0,397,19850,-7.50,0,0.6070,0.00164,23.4
DQN_PER_seed_0_1790610022,DQN_PER,0,398,19900,-4.50,0,0.6060,0.00199,23.5
DQN_PER_seed_0_1790610022,DQN_PER,0,399,19950,-6.30,0,0.6050,0.00181,23.5
DQN_PER_seed_0_1790610022,DQN_PER,0,400,20000,-6.90,0,0.6040,0.00193,23.6
DQN_PER_seed_0_1790610022,DQN_PER,0,401,20050,-6.30,0,0.6030,0.00523,23.7
DQN_PER_seed_0_1790610022,DQN_PER,0,402,20100,-6.90,0,0.6020,0.00400,23.8
DQN_PER_seed_0_1790610022,DQN_PER,0,403,20150,-6.90,0,0.6010,0.00281,23.9
DQN_PER_seed_0_1790610022,DQN_PER,0,404,20200,-6.30,0,0.6000,0.00653,23.9
DQN_PER_seed_0_1790610022,DQN_PER,0,405,20250,-5.10,0,0.5990,0.00266,24.0
DQN_PER_seed_0_1790610022,DQN_PER,0,406,20300,-6.30,0,0.5981,0.00320,24.1
DQN_PER_seed_0_1790610022,DQN_PER,0,407,20350,-5.70,0,0.5971,0.00229,24.1
DQN_PER_seed_0_1790610022,DQN_PER,0,408,20400,-7.50,0,0.5961,0.00287,24.2
DQN_PER_seed_0_1790610022,DQN_PER,0,409,20450,-7.50,0,0.5951,0.00294,24.3
DQN_PER_seed_0_1790610022,DQN_PER,0,410,20500,-7.50,0,0.5941,0.00222,24.3
DQN_PER_seed_0_1790610022,DQN_PER,0,411,20550,-5.70,0,0.5931,0.00193,24.4
DQN_PER_seed_0_1790610022,DQN_PER,0,412,20600,-6.90,0,0.5921,0.00252,24.5
DQN_PER_seed_0_1790610022,DQN_PER,0,413,20650,-7.50,0,0.5911,0.00452,24.5
DQN_PER_seed_0_1790610022,DQN_PER,0,414,20700,-7.50,0,0.5901,0.00785,24.6
DQN_PER_seed_0_1790610022,DQN_PER,0,415,20750,-3.90,0,0.5892,0.00249,24.7
DQN_PER_seed_0_1790610022,DQN_PER,0,416,20800,-7.50,0,0.5882,0.00217,24.7
DQN_PER_seed_0_1790610022,DQN_PER,0,417,20850,-6.90,0,0.5872,0.00223,24.8
DQN_PER_seed_0_1790610022,DQN_PER,0,418,20900,-0.90,0,0.5862,0.00267,24.9
DQN_PER_seed_0_1790610022,DQN_PER,0,419,20950,-3.30,0,0.5852,0.00256,24.9
DQN_PER_seed_0_1790610022,DQN_PER,0,420,21000,-5.70,0,0.5842,0.00196,25.0
DQN_PER_seed_0_1790610022,DQN_PER,0,421,21050,-6.90,0,0.5832,0.00500,25.1
DQN_PER_seed_0_1790610022,DQN_PER,0,422,21100,-5.10,0,0.5822,0.00377,25.1
DQN_PER_seed_0_1790610022,DQN_PER,0,423,21150,-5.70,0,0.5812,0.00313,25.2
DQN_PER_seed_0_1790610022,DQN_PER,0,424,21200,-3.90,0,0.5802,0.00463,25.3
DQN_PER_seed_0_1790610022,DQN_PER,0,425,21250,-7.50,0,0.5793,0.00472,25.3
DQN_PER_seed_0_1790610022,DQN_PER,0,426,21300,-7.50,0,0.5783,0.00242,25.4
DQN_PER_seed_0_1790610022,DQN_PER,0,427,21350,-3.30,0,0.5773,0.00346,25.5
DQN_PER_seed_0_1790610022,DQN_PER,0,428,21400,-5.70,0,0.5763,0.00302,25.5
DQN_PER_seed_0_1790610022,DQN_PER,0,429,21450,-6.30,0,0.5753,0.00255,25.6
DQN_PER_seed_0_1790610022,DQN_PER,0,430,21500,-6.90,0,0.5743,0.00934,25.7
DQN_PER_seed_0_1790610022,DQN_PER,0,431,21550,-6.30,0,0.5733,0.00442,25.7
DQN_PER_seed_0_1790610022,DQN_PER,0,432,21600,-7.50,0,0.5723,0.00233,25.8
DQN_PER_seed_0_1790610022,DQN_PER,0,433,21650,-4.50,0,0.5713,0.00317,25.9
DQN_PER_seed_0_1790610022,DQN_PER,0,434,21700,-6.30,0,0.5703,0.00310,25.9
DQN_PER_seed_0_1790610022,DQN_PER,0,435,21750,-6.30,0,0.5694,0.00230,26.0
DQN_PER_seed_0_1790610022,DQN_PER,0,436,21800,-8.70,0,0.5684,0.00395,26.0
DQN_PER_seed_0_1790610022,DQN_PER,0,437,21850,-6.30,0,0.5674,0.00301,26.1
DQN_PER_seed_0_1790610022,DQN_PER,0,438,21900,-7.50,0,0.5664,0.00258,26.2
DQN_PER_seed_0_1790610022,DQN_PER,0,439,21950,-8.10,0,0.5654,0.00295,26.2
DQN_PER_seed_0_1790610022,DQN_PER,0,440,22000,-5.70,0,0.5644,0.00255,26.3
DQN_PER_seed_0_1790610022,DQN_PER,0,441,22050,-5.10,0,0.5634,0.00527,26.4
DQN_PER_seed_0_1790610022,DQN_PER,0,442,22100,-5.70,0,0.5624,0.00348,26.4
DQN_PER_seed_0_1790610022,DQN_PER,0,443,22150,-0.90,0,0.5614,0.00423,26.5
DQN_PER_seed_0_1790610022,DQN_PER,0,444,22200,-5.70,0,0.5604,0.00529,26.6
DQN_PER_seed_0_1790610022,DQN_PER,0,445,22250,-6.90,0,0.5595,0.00817,26.6
DQN_PER_seed_0_1790610022,DQN_PER,0,446,22300,-5.10,0,0.5585,0.00522,26.7
DQN_PER_seed_0_1790610022,DQN_PER,0,447,22350,3.90,0,0.5575,0.00349,26.8
DQN_PER_seed_0_1790610022,DQN_PER,0,448,22400,-6.30,0,0.5565,0.00369,26.8
DQN_PER_seed_0_1790610022,DQN_PER,0,449,22450,-3.30,0,0.5555,0.00298,26.9
DQN_PER_seed_0_1790610022,DQN_PER,0,450,22500,-6.90,0,0.5545,0.00315,27.0
DQN_PER_seed_0_1790610022,DQN_PER,0,451,22550,-5.10,0,0.5535,0.00374,27.0
DQN_PER_seed_0_1790610022,DQN_PER,0,452,22600,-7.50,0,0.5525,0.00380,27.1
DQN_PER_seed_0_1790610022,DQN_PER,0,453,22650,-5.70,0,0.5515,0.00238,27.2
DQN_PER_seed_0_1790610022,DQN_PER,0,454,22700,-6.90,0,0.5505,0.00287,27.2
DQN_PER_seed_0_1790610022,DQN_PER,0,455,22750,1.50,0,0.5495,0.00401,27.3
DQN_PER_seed_0_1790610022,DQN_PER,0,456,22800,-5.70,0,0.5486,0.00304,27.4
DQN_PER_seed_0_1790610022,DQN_PER,0,457,22850,-7.50,0,0.5476,0.00276,27.4
DQN_PER_seed_0_1790610022,DQN_PER,0,458,22900,-2.10,0,0.5466,0.00274,27.5
DQN_PER_seed_0_1790610022,DQN_PER,0,459,22950,-5.10,0,0.5456,0.00297,27.6
DQN_PER_seed_0_1790610022,DQN_PER,0,460,23000,-6.30,0,0.5446,0.00328,27.6
DQN_PER_seed_0_1790610022,DQN_PER,0,461,23050,-8.10,0,0.5436,0.00929,27.7
DQN_PER_seed_0_1790610022,DQN_PER,0,462,23100,-5.10,0,0.5426,0.00469,27.8
DQN_PER_seed_0_1790610022,DQN_PER,0,463,23150,-7.50,0,0.5416,0.00364,27.8
DQN_PER_seed_0_1790610022,DQN_PER,0,464,23200,-7.50,0,0.5406,0.00368,27.9
DQN_PER_seed_0_1790610022,DQN_PER,0,465,23250,-3.90,0,0.5396,0.00411,28.0
DQN_PER_seed_0_1790610022,DQN_PER,0,466,23300,-6.90,0,0.5387,0.00355,28.0
DQN_PER_seed_0_1790610022,DQN_PER,0,467,23350,-3.90,0,0.5377,0.00372,28.1
DQN_PER_seed_0_1790610022,DQN_PER,0,468,23400,-5.10,0,0.5367,0.00356,28.2
DQN_PER_seed_0_1790610022,DQN_PER,0,469,23450,-8.10,0,0.5357,0.00417,28.2
DQN_PER_seed_0_1790610022,DQN_PER,0,470,23500,-5.70,0,0.5347,0.00678,28.3
DQN_PER_seed_0_1790610022,DQN_PER,0,471,23550,-3.30,0,0.5337,0.00406,28.4
DQN_PER_seed_0_1790610022,DQN_PER,0,472,23600,-5.70,0,0.5327,0.00525,28.4
DQN_PER_seed_0_1790610022,DQN_PER,0,473,23650,-6.90,0,0.5317,0.00507,28.5
DQN_PER_seed_0_1790610022,DQN_PER,0,474,23700,-5.10,0,0.5307,0.00290,28.5
DQN_PER_seed_0_1790610022,DQN_PER,0,475,23750,-6.30,0,0.5297,0.00445,28.6
DQN_PER_seed_0_1790610022,DQN_PER,0,476,23800,-5.10,0,0.5288,0.00322,28.7
DQN_PER_seed_0_1790610022,DQN_PER,0,477,23850,-6.90,0,0.5278,0.00267,28.7
DQN_PER_seed_0_1790610022,DQN_PER,0,478,23900,-6.90,0,0.5268,0.00381,28.8
DQN_PER_seed_0_1790610022,DQN_PER,0,479,23950,-7.50,0,0.5258,0.00309,28.9
DQN_PER_seed_0_1790610022,DQN_PER,0,480,24000,-6.90,0,0.5248,0.00288,28.9
DQN_PER_seed_0_1790610022,DQN_PER,0,481,24050,-3.30,0,0.5238,0.01473,29.0
DQN_PER_seed_0_1790610022,DQN_PER,0,482,24100,-5.70,0,0.5228,0.00602,29.1
DQN_PER_seed_0_1790610022,DQN_PER,0,483,24150,-1.50,0,0.5218,0.00448,29.1
DQN_PER_seed_0_1790610022,DQN_PER,0,484,24200,-8.10,0,0.5208,0.00377,29.2
DQN_PER_seed_0_1790610022,DQN_PER,0,485,24250,3.90,0,0.5199,0.00405,29.3
DQN_PER_seed_0_1790610022,DQN_PER,0,486,24300,-7.50,0,0.5189,0.00403,29.3
DQN_PER_seed_0_1790610022,DQN_PER,0,487,24350,-7.50,0,0.5179,0.00431,29.4
DQN_PER_seed_0_1790610022,DQN_PER,0,488,24400,-5.70,0,0.5169,0.00549,29.5
DQN_PER_seed_0_1790610022,DQN_PER,0,489,24450,-6.90,0,0.5159,0.00436,29.5
DQN_PER_seed_0_1790610022,DQN_PER,0,490,24500,-7.50,0,0.5149,0.00362,29.6
DQN_PER_seed_0_1790610022,DQN_PER,0,491,24550,-6.30,0,0.5139,0.00252,29.7
DQN_PER_seed_0_1790610022,DQN_PER,0,492,24600,-6.90,0,0.5129,0.00649,29.7
DQN_PER_seed_0_1790610022,DQN_PER,0,493,24650,-5.70,0,0.5119,0.00387,29.8
DQN_PER_seed_0_1790610022,DQN_PER,0,494,24700,-5.70,0,0.5109,0.00279,29.9
DQN_PER_seed_0_1790610022,DQN_PER,0,495,24750,-6.90,0,0.5100,0.00453,29.9
DQN_PER_seed_0_1790610022,DQN_PER,0,496,24800,-7.50,0,0.5090,0.00258,30.0
DQN_PER_seed_0_1790610022,DQN_PER,0,497,24850,-7.50,0,0.5080,0.00264,30.1
DQN_PER_seed_0_1790610022,DQN_PER,0,498,24900,-2.10,0,0.5070,0.00345,30.1
DQN_PER_seed_0_1790610022,DQN_PER,0,499,24950,-4.50,0,0.5060,0.00539,30.2
DQN_PER_seed_0_1790610022,DQN_PER,0,500,25000,2.10,0,0.5050,0.00304,30.3
DQN_PER_seed_0_1790610022,DQN_PER,0,501,25050,-8.10,0,0.5040,0.01336,30.4
DQN_PER_seed_0_1790610022,DQN_PER,0,502,25100,-6.90,0,0.5030,0.00898,30.5
DQN_PER_seed_0_1790610022,DQN_PER,0,503,25150,1.50,0,0.5020,0.00437,30.6
DQN_PER_seed_0_1790610022,DQN_PER,0,504,25200,-6.90,0,0.5010,0.00293,30.6
DQN_PER_seed_0_1790610022,DQN_PER,0,505,25250,-7.50,0,0.5000,0.00272,30.7
DQN_PER_seed_0_1790610022,DQN_PER,0,506,25300,-8.10,0,0.4991,0.00266,30.8
DQN_PER_seed_0_1790610022,DQN_PER,0,507,25350,-5.10,0,0.4981,0.00295,30.8
DQN_PER_seed_0_1790610022,DQN_PER,0,508,25400,-7.50,0,0.4971,0.00280,30.9
DQN_PER_seed_0_1790610022,DQN_PER,0,509,25450,-1.50,0,0.4961,0.00283,31.0
DQN_PER_seed_0_1790610022,DQN_PER,0,510,25500,-3.30,0,0.4951,0.00312,31.0
DQN_PER_seed_0_1790610022,DQN_PER,0,511,25550,-4.50,0,0.4941,0.00291,31.1
DQN_PER_seed_0_1790610022,DQN_PER,0,512,25600,-6.30,0,0.4931,0.00254,31.1
DQN_PER_seed_0_1790610022,DQN_PER,0,513,25650,-3.30,0,0.4921,0.00385,31.2
DQN_PER_seed_0_1790610022,DQN_PER,0,514,25700,-2.10,0,0.4911,0.00454,31.3
DQN_PER_seed_0_1790610022,DQN_PER,0,515,25750,-6.30,0,0.4901,0.00832,31.3
DQN_PER_seed_0_1790610022,DQN_PER,0,516,25800,-7.50,0,0.4892,0.00320,31.4
DQN_PER_seed_0_1790610022,DQN_PER,0,517,25850,3.90,0,0.4882,0.00311,31.5
DQN_PER_seed_0_1790610022,DQN_PER,0,518,25900,-6.30,0,0.4872,0.00279,31.5
DQN_PER_seed_0_1790610022,DQN_PER,0,519,25950,-4.50,0,0.4862,0.00205,31.6
DQN_PER_seed_0_1790610022,DQN_PER,0,520,26000,-3.90,0,0.4852,0.00252,31.7
DQN_PER_seed_0_1790610022,DQN_PER,0,521,26050,-6.90,0,0.4842,0.00498,31.7
DQN_PER_seed_0_1790610022,DQN_PER,0,522,26100,-2.70,0,0.4832,0.00354,31.8
DQN_PER_seed_0_1790610022,DQN_PER,0,523,26150,-8.10,0,0.4822,0.00500,31.9
DQN_PER_seed_0_1790610022,DQN_PER,0,524,26200,-5.10,0,0.4812,0.00267,31.9
DQN_PER_seed_0_1790610022,DQN_PER,0,525,26250,-3.90,0,0.4802,0.00283,32.0
DQN_PER_seed_0_1790610022,DQN_PER,0,526,26300,-4.50,0,0.4793,0.00439,32.1
DQN_PER_seed_0_1790610022,DQN_PER,0,527,26350,-6.90,0,0.4783,0.00372,32.1
DQN_PER_seed_0_1790610022,DQN_PER,0,528,26400,-4.50,0,0.4773,0.00398,32.2
DQN_PER_seed_0_1790610022,DQN_PER,0,529,26450,-5.70,0,0.4763,0.00357,32.3
DQN_PER_seed_0_1790610022,DQN_PER,0,530,26500,-7.50,0,0.4753,0.00292,32.3
DQN_PER_seed_0_1790610022,DQN_PER,0,531,26550,-5.70,0,0.4743,0.00257,32.4
DQN_PER_seed_0_1790610022,DQN_PER,0,532,26600,-7.50,0,0.4733,0.00278,32.5
DQN_PER_seed_0_1790610022,DQN_PER,0,533,26650,0.90,0,0.4723,0.00813,32.5
DQN_PER_seed_0_1790610022,DQN_PER,0,534,26700,-3.30,0,0.4713,0.01847,32.6
DQN_PER_seed_0_1790610022,DQN_PER,0,535,26750,-5.70,0,0.4703,0.00590,32.7
DQN_PER_seed_0_1790610022,DQN_PER,0,536,26800,-4.50,0,0.4694,0.00291,32.7
DQN_PER_seed_0_1790610022,DQN_PER,0,537,26850,-3.30,0,0.4684,0.00217,32.8
DQN_PER_seed_0_1790610022,DQN_PER,0,538,26900,-5.10,0,0.4674,0.00313,32.9
DQN_PER_seed_0_1790610022,DQN_PER,0,539,26950,-7.50,0,0.4664,0.00484,32.9
DQN_PER_seed_0_1790610022,DQN_PER,0,540,27000,-5.10,0,0.4654,0.00623,33.0
DQN_PER_seed_0_1790610022,DQN_PER,0,541,27050,-5.10,0,0.4644,0.00734,33.1
DQN_PER_seed_0_1790610022,DQN_PER,0,542,27100,-3.90,0,0.4634,0.00283,33.1
DQN_PER_seed_0_1790610022,DQN_PER,0,543,27150,-5.70,0,0.4624,0.00381,33.2
DQN_PER_seed_0_1790610022,DQN_PER,0,544,27200,-7.50,0,0.4614,0.00427,33.3
DQN_PER_seed_0_1790610022,DQN_PER,0,545,27250,-0.90,0,0.4604,0.00358,33.3
DQN_PER_seed_0_1790610022,DQN_PER,0,546,27300,-3.90,0,0.4595,0.00709,33.4
DQN_PER_seed_0_1790610022,DQN_PER,0,547,27350,-0.90,0,0.4585,0.00531,33.5
DQN_PER_seed_0_1790610022,DQN_PER,0,548,27400,-5.70,0,0.4575,0.00400,33.5
DQN_PER_seed_0_1790610022,DQN_PER,0,549,27450,-4.50,0,0.4565,0.00337,33.6
DQN_PER_seed_0_1790610022,DQN_PER,0,550,27500,-5.70,0,0.4555,0.00206,33.7
DQN_PER_seed_0_1790610022,DQN_PER,0,551,27550,-2.10,0,0.4545,0.00286,33.7
DQN_PER_seed_0_1790610022,DQN_PER,0,552,27600,-5.10,0,0.4535,0.00402,33.8
DQN_PER_seed_0_1790610022,DQN_PER,0,553,27650,0.90,0,0.4525,0.00430,33.9
DQN_PER_seed_0_1790610022,DQN_PER,0,554,27700,-0.90,0,0.4515,0.00295,33.9
DQN_PER_seed_0_1790610022,DQN_PER,0,555,27750,-4.50,0,0.4506,0.00549,34.0
DQN_PER_seed_0_1790610022,DQN_PER,0,556,27800,-1.50,0,0.4496,0.00355,34.1
DQN_PER_seed_0_1790610022,DQN_PER,0,557,27850,-2.70,0,0.4486,0.00273,34.1
DQN_PER_seed_0_1790610022,DQN_PER,0,558,27900,-6.30,0,0.4476,0.00230,34.2
DQN_PER_seed_0_1790610022,DQN_PER,0,559,27950,-3.30,0,0.4466,0.00269,34.3
DQN_PER_seed_0_1790610022,DQN_PER,0,560,28000,-5.10,0,0.4456,0.00297,34.3
DQN_PER_seed_0_1790610022,DQN_PER,0,561,28050,-5.10,0,0.4446,0.00564,34.4
DQN_PER_seed_0_1790610022,DQN_PER,0,562,28100,-5.70,0,0.4436,0.00298,34.5
DQN_PER_seed_0_1790610022,DQN_PER,0,563,28150,2.10,0,0.4426,0.00389,34.5
DQN_PER_seed_0_1790610022,DQN_PER,0,564,28200,-4.50,0,0.4416,0.00392,34.6
DQN_PER_seed_0_1790610022,DQN_PER,0,565,28250,3.90,0,0.4407,0.00410,34.7
DQN_PER_seed_0_1790610022,DQN_PER,0,566,28300,-3.90,0,0.4397,0.00471,34.7
DQN_PER_seed_0_1790610022,DQN_PER,0,567,28350,-6.90,0,0.4387,0.00602,34.8
DQN_PER_seed_0_1790610022,DQN_PER,0,568,28400,0.30,0,0.4377,0.00666,34.9
DQN_PER_seed_0_1790610022,DQN_PER,0,569,28450,-7.50,0,0.4367,0.00808,34.9
DQN_PER_seed_0_1790610022,DQN_PER,0,570,28500,-4.50,0,0.4357,0.01049,35.0
DQN_PER_seed_0_1790610022,DQN_PER,0,571,28550,-6.30,0,0.4347,0.00471,35.1
DQN_PER_seed_0_1790610022,DQN_PER,0,572,28600,-7.50,0,0.4337,0.00433,35.1
DQN_PER_seed_0_1790610022,DQN_PER,0,573,28650,-4.50,0,0.4327,0.00845,35.2
DQN_PER_seed_0_1790610022,DQN_PER,0,574,28700,3.90,0,0.4317,0.00549,35.3
DQN_PER_seed_0_1790610022,DQN_PER,0,575,28750,2.70,0,0.4308,0.00933,35.3
DQN_PER_seed_0_1790610022,DQN_PER,0,576,28800,0.90,0,0.4298,0.00718,35.4
DQN_PER_seed_0_1790610022,DQN_PER,0,577,28850,-3.90,0,0.4288,0.00699,35.5
DQN_PER_seed_0_1790610022,DQN_PER,0,578,28900,3.90,0,0.4278,0.00856,35.5
DQN_PER_seed_0_1790610022,DQN_PER,0,579,28950,0.30,0,0.4268,0.00791,35.6
DQN_PER_seed_0_1790610022,DQN_PER,0,580,29000,0.30,0,0.4258,0.01218,35.7
DQN_PER_seed_0_1790610022,DQN_PER,0,581,29050,-6.30,0,0.4248,0.02375,35.7
DQN_PER_seed_0_1790610022,DQN_PER,0,582,29100,-4.50,0,0.4238,0.02533,35.8
DQN_PER_seed_0_1790610022,DQN_PER,0,583,29150,-6.30,0,0.4228,0.01025,35.9
DQN_PER_seed_0_1790610022,DQN_PER,0,584,29200,-5.70,0,0.4218,0.00846,35.9
DQN_PER_seed_0_1790610022,DQN_PER,0,585,29250,-6.90,0,0.4209,0.00878,36.0
DQN_PER_seed_0_1790610022,DQN_PER,0,586,29300,-7.50,0,0.4199,0.01134,36.1
DQN_PER_seed_0_1790610022,DQN_PER,0,587,29350,-5.70,0,0.4189,0.01236,36.1
DQN_PER_seed_0_1790610022,DQN_PER,0,588,29400,-7.50,0,0.4179,0.00972,36.2
DQN_PER_seed_0_1790610022,DQN_PER,0,589,29450,3.90,0,0.4169,0.00743,36.3
DQN_PER_seed_0_1790610022,DQN_PER,0,590,29500,3.30,0,0.4159,0.00462,36.3
DQN_PER_seed_0_1790610022,DQN_PER,0,591,29550,-4.50,0,0.4149,0.00944,36.4
DQN_PER_seed_0_1790610022,DQN_PER,0,592,29600,-7.50,0,0.4139,0.00928,36.5
DQN_PER_seed_0_1790610022,DQN_PER,0,593,29650,-0.30,0,0.4129,0.01176,36.5
DQN_PER_seed_0_1790610022,DQN_PER,0,594,29700,-0.90,0,0.4119,0.01205,36.6
DQN_PER_seed_0_1790610022,DQN_PER,0,595,29750,-4.50,0,0.4110,0.00818,36.7
DQN_PER_seed_0_1790610022,DQN_PER,0,596,29800,-5.10,0,0.4100,0.00819,36.7
DQN_PER_seed_0_1790610022,DQN_PER,0,597,29850,-5.70,0,0.4090,0.00661,36.8
DQN_PER_seed_0_1790610022,DQN_PER,0,598,29900,-5.10,0,0.4080,0.01031,36.9
DQN_PER_seed_0_1790610022,DQN_PER,0,599,29950,-3.90,0,0.4070,0.01029,36.9
DQN_PER_seed_0_1790610022,DQN_PER,0,600,30000,-5.10,0,0.4060,0.00874,37.0
DQN_PER_seed_0_1790610022,DQN_PER,0,601,30050,-0.90,0,0.4050,0.01465,37.1
DQN_PER_seed_0_1790610022,DQN_PER,0,602,30100,-2.10,0,0.4040,0.00811,37.2
DQN_PER_seed_0_1790610022,DQN_PER,0,603,30150,-3.30,0,0.4030,0.01220,37.3
DQN_PER_seed_0_1790610022,DQN_PER,0,604,30200,-5.10,0,0.4020,0.01263,37.3
DQN_PER_seed_0_1790610022,DQN_PER,0,605,30250,-5.10,0,0.4011,0.00642,37.4
DQN_PER_seed_0_1790610022,DQN_PER,0,606,30300,3.30,0,0.4001,0.00677,37.5
DQN_PER_seed_0_1790610022,DQN_PER,0,607,30350,-2.10,0,0.3991,0.00882,37.5
DQN_PER_seed_0_1790610022,DQN_PER,0,608,30400,-6.30,0,0.3981,0.00878,37.6
DQN_PER_seed_0_1790610022,DQN_PER,0,609,30450,-7.50,0,0.3971,0.00779,37.7
DQN_PER_seed_0_1790610022,DQN_PER,0,610,30500,-5.70,0,0.3961,0.00611,37.7
DQN_PER_seed_0_1790610022,DQN_PER,0,611,30550,-6.90,0,0.3951,0.00590,37.8
DQN_PER_seed_0_1790610022,DQN_PER,0,612,30600,-0.30,0,0.3941,0.00876,37.9
DQN_PER_seed_0_1790610022,DQN_PER,0,613,30650,-7.50,0,0.3931,0.00714,37.9
DQN_PER_seed_0_1790610022,DQN_PER,0,614,30700,-3.90,0,0.3921,0.00769,38.0
DQN_PER_seed_0_1790610022,DQN_PER,0,615,30758,4.70,0,0.3910,0.00730,38.1
DQN_PER_seed_0_1790610022,DQN_PER,0,616,30808,-6.30,0,0.3900,0.01144,38.1
DQN_PER_seed_0_1790610022,DQN_PER,0,617,30858,-5.70,0,0.3890,0.01095,38.2
DQN_PER_seed_0_1790610022,DQN_PER,0,618,30908,3.90,0,0.3880,0.01273,38.3
DQN_PER_seed_0_1790610022,DQN_PER,0,619,30958,-3.90,0,0.3870,0.00744,38.3
DQN_PER_seed_0_1790610022,DQN_PER,0,620,31008,3.90,0,0.3860,0.01122,38.4
DQN_PER_seed_0_1790610022,DQN_PER,0,621,31058,-3.30,0,0.3851,0.01378,38.5
DQN_PER_seed_0_1790610022,DQN_PER,0,622,31108,-3.30,0,0.3841,0.00910,38.5
DQN_PER_seed_0_1790610022,DQN_PER,0,623,31158,-4.50,0,0.3831,0.00862,38.6
DQN_PER_seed_0_1790610022,DQN_PER,0,624,31208,-5.70,0,0.3821,0.00829,38.7
DQN_PER_seed_0_1790610022,DQN_PER,0,625,31258,3.90,0,0.3811,0.01901,38.7
DQN_PER_seed_0_1790610022,DQN_PER,0,626,31308,-3.90,0,0.3801,0.01422,38.8
DQN_PER_seed_0_1790610022,DQN_PER,0,627,31358,3.90,0,0.3791,0.01432,38.9
DQN_PER_seed_0_1790610022,DQN_PER,0,628,31408,-2.70,0,0.3781,0.00975,38.9
DQN_PER_seed_0_1790610022,DQN_PER,0,629,31458,-5.10,0,0.3771,0.00831,39.0
DQN_PER_seed_0_1790610022,DQN_PER,0,630,31508,1.50,0,0.3761,0.00679,39.1
DQN_PER_seed_0_1790610022,DQN_PER,0,631,31558,3.90,0,0.3752,0.01090,39.1
DQN_PER_seed_0_1790610022,DQN_PER,0,632,31608,-3.30,0,0.3742,0.00593,39.2
DQN_PER_seed_0_1790610022,DQN_PER,0,633,31658,-3.30,0,0.3732,0.01078,39.3
DQN_PER_seed_0_1790610022,DQN_PER,0,634,31708,3.90,0,0.3722,0.01128,39.3
DQN_PER_seed_0_1790610022,DQN_PER,0,635,31758,-6.90,0,0.3712,0.01782,39.4
DQN_PER_seed_0_1790610022,DQN_PER,0,636,31808,-6.30,0,0.3702,0.01140,39.5
DQN_PER_seed_0_1790610022,DQN_PER,0,637,31858,-3.30,0,0.3692,0.01346,39.5
DQN_PER_seed_0_1790610022,DQN_PER,0,638,31908,-2.70,0,0.3682,0.01074,39.6
DQN_PER_seed_0_1790610022,DQN_PER,0,639,31958,3.90,0,0.3672,0.01160,39.7
DQN_PER_seed_0_1790610022,DQN_PER,0,640,32008,-2.70,0,0.3662,0.01283,39.7
DQN_PER_seed_0_1790610022,DQN_PER,0,641,32058,-5.10,0,0.3653,0.01386,39.8
DQN_PER_seed_0_1790610022,DQN_PER,0,642,32108,3.30,0,0.3643,0.01840,39.9
DQN_PER_seed_0_1790610022,DQN_PER,0,643,32158,-5.10,0,0.3633,0.01381,39.9
DQN_PER_seed_0_1790610022,DQN_PER,0,644,32208,-2.70,0,0.3623,0.01800,40.0
DQN_PER_seed_0_1790610022,DQN_PER,0,645,32258,-2.70,0,0.3613,0.01937,40.1
DQN_PER_seed_0_1790610022,DQN_PER,0,646,32308,-8.10,0,0.3603,0.01007,40.1
DQN_PER_seed_0_1790610022,DQN_PER,0,647,32358,1.50,0,0.3593,0.01394,40.2
DQN_PER_seed_0_1790610022,DQN_PER,0,648,32408,3.90,0,0.3583,0.01078,40.3
DQN_PER_seed_0_1790610022,DQN_PER,0,649,32458,-3.30,0,0.3573,0.00951,40.3
DQN_PER_seed_0_1790610022,DQN_PER,0,650,32508,2.70,0,0.3563,0.00932,40.4
DQN_PER_seed_0_1790610022,DQN_PER,0,651,32558,3.90,0,0.3554,0.01198,40.5
DQN_PER_seed_0_1790610022,DQN_PER,0,652,32608,-3.90,0,0.3544,0.01268,40.5
DQN_PER_seed_0_1790610022,DQN_PER,0,653,32658,-5.10,0,0.3534,0.01560,40.6
DQN_PER_seed_0_1790610022,DQN_PER,0,654,32708,-5.10,0,0.3524,0.01422,40.7
DQN_PER_seed_0_1790610022,DQN_PER,0,655,32758,0.90,0,0.3514,0.00934,40.7
DQN_PER_seed_0_1790610022,DQN_PER,0,656,32808,3.90,0,0.3504,0.01065,40.8
DQN_PER_seed_0_1790610022,DQN_PER,0,657,32858,-0.30,0,0.3494,0.01192,40.9
DQN_PER_seed_0_1790610022,DQN_PER,0,658,32908,0.30,0,0.3484,0.01439,40.9
DQN_PER_seed_0_1790610022,DQN_PER,0,659,32958,-6.90,0,0.3474,0.01469,41.0
DQN_PER_seed_0_1790610022,DQN_PER,0,660,33008,3.90,0,0.3464,0.01206,41.1
DQN_PER_seed_0_1790610022,DQN_PER,0,661,33058,-5.70,0,0.3455,0.01082,41.1
DQN_PER_seed_0_1790610022,DQN_PER,0,662,33108,-1.50,0,0.3445,0.01505,41.2
DQN_PER_seed_0_1790610022,DQN_PER,0,663,33158,-4.50,0,0.3435,0.01266,41.3
DQN_PER_seed_0_1790610022,DQN_PER,0,664,33208,-7.50,0,0.3425,0.01291,41.3
DQN_PER_seed_0_1790610022,DQN_PER,0,665,33258,3.90,0,0.3415,0.01007,41.4
DQN_PER_seed_0_1790610022,DQN_PER,0,666,33308,-5.10,0,0.3405,0.01342,41.5
DQN_PER_seed_0_1790610022,DQN_PER,0,667,33358,-3.30,0,0.3395,0.01270,41.5
DQN_PER_seed_0_1790610022,DQN_PER,0,668,33408,2.10,0,0.3385,0.01047,41.6
DQN_PER_seed_0_1790610022,DQN_PER,0,669,33458,-6.30,0,0.3375,0.01212,41.7
DQN_PER_seed_0_1790610022,DQN_PER,0,670,33508,3.90,0,0.3365,0.01188,41.7
DQN_PER_seed_0_1790610022,DQN_PER,0,671,33558,-4.50,0,0.3356,0.02094,41.8
DQN_PER_seed_0_1790610022,DQN_PER,0,672,33589,2.00,0,0.3349,0.01220,41.8
DQN_PER_seed_0_1790610022,DQN_PER,0,673,33639,-2.70,0,0.3339,0.01197,41.9
DQN_PER_seed_0_1790610022,DQN_PER,0,674,33689,3.90,0,0.3330,0.01182,42.0
DQN_PER_seed_0_1790610022,DQN_PER,0,675,33739,3.90,0,0.3320,0.01050,42.0
DQN_PER_seed_0_1790610022,DQN_PER,0,676,33789,-6.30,0,0.3310,0.01497,42.1
DQN_PER_seed_0_1790610022,DQN_PER,0,677,33839,-7.50,0,0.3300,0.01485,42.2
DQN_PER_seed_0_1790610022,DQN_PER,0,678,33889,-2.70,0,0.3290,0.01291,42.2
DQN_PER_seed_0_1790610022,DQN_PER,0,679,33943,4.30,0,0.3279,0.01004,42.3
DQN_PER_seed_0_1790610022,DQN_PER,0,680,33993,3.90,0,0.3269,0.02207,42.4
DQN_PER_seed_0_1790610022,DQN_PER,0,681,34043,-0.90,0,0.3259,0.01510,42.4
DQN_PER_seed_0_1790610022,DQN_PER,0,682,34093,0.30,0,0.3250,0.01797,42.5
DQN_PER_seed_0_1790610022,DQN_PER,0,683,34143,-0.90,0,0.3240,0.01313,42.6
DQN_PER_seed_0_1790610022,DQN_PER,0,684,34193,-3.30,0,0.3230,0.01297,42.6
DQN_PER_seed_0_1790610022,DQN_PER,0,685,34243,-5.10,0,0.3220,0.01279,42.7
DQN_PER_seed_0_1790610022,DQN_PER,0,686,34293,3.90,0,0.3210,0.01091,42.8
DQN_PER_seed_0_1790610022,DQN_PER,0,687,34343,0.30,0,0.3200,0.01240,42.8
DQN_PER_seed_0_1790610022,DQN_PER,0,688,34393,0.90,0,0.3190,0.01290,42.9
DQN_PER_seed_0_1790610022,DQN_PER,0,689,34443,-4.50,0,0.3180,0.01577,43.0
DQN_PER_seed_0_1790610022,DQN_PER,0,690,34493,-2.10,0,0.3170,0.01801,43.0
DQN_PER_seed_0_1790610022,DQN_PER,0,691,34543,-0.30,0,0.3160,0.01183,43.1
DQN_PER_seed_0_1790610022,DQN_PER,0,692,34593,3.30,0,0.3151,0.01181,43.2
DQN_PER_seed_0_1790610022,DQN_PER,0,693,34643,3.90,0,0.3141,0.00958,43.2
DQN_PER_seed_0_1790610022,DQN_PER,0,694,34693,0.30,0,0.3131,0.00966,43.3
DQN_PER_seed_0_1790610022,DQN_PER,0,695,34743,-4.50,0,0.3121,0.00978,43.4
DQN_PER_seed_0_1790610022,DQN_PER,0,696,34793,3.90,0,0.3111,0.01162,43.4
DQN_PER_seed_0_1790610022,DQN_PER,0,697,34843,-3.30,0,0.3101,0.01623,43.5
DQN_PER_seed_0_1790610022,DQN_PER,0,698,34893,-0.90,0,0.3091,0.01067,43.6
DQN_PER_seed_0_1790610022,DQN_PER,0,699,34943,3.90,0,0.3081,0.01679,43.6
DQN_PER_seed_0_1790610022,DQN_PER,0,700,34993,-3.30,0,0.3071,0.01101,43.7
DQN_PER_seed_0_1790610022,DQN_PER,0,701,35043,-2.70,0,0.3061,0.00938,43.9
DQN_PER_seed_0_1790610022,DQN_PER,0,702,35093,3.90,0,0.3052,0.00923,43.9
DQN_PER_seed_0_1790610022,DQN_PER,0,703,35143,-4.50,0,0.3042,0.01322,44.0
DQN_PER_seed_0_1790610022,DQN_PER,0,704,35193,3.90,0,0.3032,0.01504,44.1
DQN_PER_seed_0_1790610022,DQN_PER,0,705,35243,-2.10,0,0.3022,0.01513,44.1
DQN_PER_seed_0_1790610022,DQN_PER,0,706,35293,3.90,0,0.3012,0.00765,44.2
DQN_PER_seed_0_1790610022,DQN_PER,0,707,35343,3.90,0,0.3002,0.01121,44.3
DQN_PER_seed_0_1790610022,DQN_PER,0,708,35393,0.90,0,0.2992,0.01013,44.3
DQN_PER_seed_0_1790610022,DQN_PER,0,709,35443,-3.90,0,0.2982,0.01053,44.4
DQN_PER_seed_0_1790610022,DQN_PER,0,710,35493,-1.50,0,0.2972,0.00831,44.5
DQN_PER_seed_0_1790610022,DQN_PER,0,711,35543,3.90,0,0.2962,0.01185,44.5
DQN_PER_seed_0_1790610022,DQN_PER,0,712,35593,-2.10,0,0.2953,0.00931,44.6
DQN_PER_seed_0_1790610022,DQN_PER,0,713,35643,-0.90,0,0.2943,0.01096,44.7
DQN_PER_seed_0_1790610022,DQN_PER,0,714,35693,3.90,0,0.2933,0.00953,44.7
DQN_PER_seed_0_1790610022,DQN_PER,0,715,35743,-3.90,0,0.2923,0.01059,44.8
DQN_PER_seed_0_1790610022,DQN_PER,0,716,35793,3.90,0,0.2913,0.01084,44.9
DQN_PER_seed_0_1790610022,DQN_PER,0,717,35843,-2.70,0,0.2903,0.01203,44.9
DQN_PER_seed_0_1790610022,DQN_PER,0,718,35893,3.90,0,0.2893,0.00996,45.0
DQN_PER_seed_0_1790610022,DQN_PER,0,719,35943,3.90,0,0.2883,0.01101,45.1
DQN_PER_seed_0_1790610022,DQN_PER,0,720,35993,3.90,0,0.2873,0.01037,45.1
DQN_PER_seed_0_1790610022,DQN_PER,0,721,36043,0.30,0,0.2863,0.01455,45.2
DQN_PER_seed_0_1790610022,DQN_PER,0,722,36093,-4.50,0,0.2854,0.01057,45.3
DQN_PER_seed_0_1790610022,DQN_PER,0,723,36143,3.90,0,0.2844,0.00648,45.3
DQN_PER_seed_0_1790610022,DQN_PER,0,724,36193,-5.10,0,0.2834,0.00648,45.4
DQN_PER_seed_0_1790610022,DQN_PER,0,725,36243,3.90,0,0.2824,0.00646,45.5
DQN_PER_seed_0_1790610022,DQN_PER,0,726,36293,-4.50,0,0.2814,0.00749,45.5
DQN_PER_seed_0_1790610022,DQN_PER,0,727,36343,-0.90,0,0.2804,0.00923,45.6
DQN_PER_seed_0_1790610022,DQN_PER,0,728,36393,0.90,0,0.2794,0.00764,45.7
DQN_PER_seed_0_1790610022,DQN_PER,0,729,36443,3.90,0,0.2784,0.00829,45.7
DQN_PER_seed_0_1790610022,DQN_PER,0,730,36493,3.90,0,0.2774,0.00617,45.8
DQN_PER_seed_0_1790610022,DQN_PER,0,731,36543,-6.90,0,0.2764,0.00699,45.9
DQN_PER_seed_0_1790610022,DQN_PER,0,732,36593,-5.70,0,0.2755,0.00695,45.9
DQN_PER_seed_0_1790610022,DQN_PER,0,733,36643,-7.50,0,0.2745,0.00624,46.0
DQN_PER_seed_0_1790610022,DQN_PER,0,734,36693,-3.30,0,0.2735,0.00996,46.1
DQN_PER_seed_0_1790610022,DQN_PER,0,735,36743,-5.70,0,0.2725,0.00678,46.1
DQN_PER_seed_0_1790610022,DQN_PER,0,736,36793,-5.70,0,0.2715,0.00991,46.2
DQN_PER_seed_0_1790610022,DQN_PER,0,737,36843,-4.50,0,0.2705,0.00709,46.3
DQN_PER_seed_0_1790610022,DQN_PER,0,738,36893,3.90,0,0.2695,0.00632,46.3
DQN_PER_seed_0_1790610022,DQN_PER,0,739,36943,3.90,0,0.2685,0.00737,46.4
DQN_PER_seed_0_1790610022,DQN_PER,0,740,36993,-5.10,0,0.2675,0.01144,46.5
DQN_PER_seed_0_1790610022,DQN_PER,0,741,37043,-0.90,0,0.2665,0.01104,46.5
DQN_PER_seed_0_1790610022,DQN_PER,0,742,37093,-2.10,0,0.2656,0.01003,46.6
DQN_PER_seed_0_1790610022,DQN_PER,0,743,37143,-3.30,0,0.2646,0.00749,46.7
DQN_PER_seed_0_1790610022,DQN_PER,0,744,37193,-2.10,0,0.2636,0.00733,46.7
DQN_PER_seed_0_1790610022,DQN_PER,0,745,37243,-6.90,0,0.2626,0.00617,46.8
DQN_PER_seed_0_1790610022,DQN_PER,0,746,37293,0.90,0,0.2616,0.00787,46.9
DQN_PER_seed_0_1790610022,DQN_PER,0,747,37343,-1.50,0,0.2606,0.00657,46.9
DQN_PER_seed_0_1790610022,DQN_PER,0,748,37393,-5.10,0,0.2596,0.00774,47.0
DQN_PER_seed_0_1790610022,DQN_PER,0,749,37443,3.90,0,0.2586,0.00549,47.1
DQN_PER_seed_0_1790610022,DQN_PER,0,750,37493,3.90,0,0.2576,0.00876,47.1
DQN_PER_seed_0_1790610022,DQN_PER,0,751,37543,3.90,0,0.2566,0.00643,47.2
DQN_PER_seed_0_1790610022,DQN_PER,0,752,37593,0.90,0,0.2557,0.00866,47.3
DQN_PER_seed_0_1790610022,DQN_PER,0,753,37643,3.90,0,0.2547,0.00677,47.4
DQN_PER_seed_0_1790610022,DQN_PER,0,754,37693,2.70,0,0.2537,0.00717,47.4
DQN_PER_seed_0_1790610022,DQN_PER,0,755,37743,-0.90,0,0.2527,0.00910,47.5
DQN_PER_seed_0_1790610022,DQN_PER,0,756,37793,-3.90,0,0.2517,0.00494,47.6
DQN_PER_seed_0_1790610022,DQN_PER,0,757,37843,3.90,0,0.2507,0.00787,47.6
DQN_PER_seed_0_1790610022,DQN_PER,0,758,37893,3.90,0,0.2497,0.00694,47.7
DQN_PER_seed_0_1790610022,DQN_PER,0,759,37943,3.90,0,0.2487,0.00910,47.8
DQN_PER_seed_0_1790610022,DQN_PER,0,760,37993,-1.50,0,0.2477,0.00756,47.8
DQN_PER_seed_0_1790610022,DQN_PER,0,761,38043,3.90,0,0.2467,0.01085,47.9
DQN_PER_seed_0_1790610022,DQN_PER,0,762,38093,-6.30,0,0.2458,0.00861,48.0
DQN_PER_seed_0_1790610022,DQN_PER,0,763,38143,-0.90,0,0.2448,0.01142,48.0
DQN_PER_seed_0_1790610022,DQN_PER,0,764,38193,3.90,0,0.2438,0.01264,48.1
DQN_PER_seed_0_1790610022,DQN_PER,0,765,38243,2.10,0,0.2428,0.00627,48.2
DQN_PER_seed_0_1790610022,DQN_PER,0,766,38293,3.90,0,0.2418,0.00511,48.2
DQN_PER_seed_0_1790610022,DQN_PER,0,767,38343,3.90,0,0.2408,0.00571,48.3
DQN_PER_seed_0_1790610022,DQN_PER,0,768,38393,1.50,0,0.2398,0.00636,48.4
DQN_PER_seed_0_1790610022,DQN_PER,0,769,38443,3.90,0,0.2388,0.00757,48.4
DQN_PER_seed_0_1790610022,DQN_PER,0,770,38493,3.30,0,0.2378,0.00440,48.5
DQN_PER_seed_0_1790610022,DQN_PER,0,771,38543,-3.90,0,0.2368,0.00504,48.6
DQN_PER_seed_0_1790610022,DQN_PER,0,772,38593,3.90,0,0.2359,0.00786,48.6
DQN_PER_seed_0_1790610022,DQN_PER,0,773,38643,3.90,0,0.2349,0.00619,48.7
DQN_PER_seed_0_1790610022,DQN_PER,0,774,38693,3.90,0,0.2339,0.00591,48.8
DQN_PER_seed_0_1790610022,DQN_PER,0,775,38743,3.90,0,0.2329,0.00765,48.8
DQN_PER_seed_0_1790610022,DQN_PER,0,776,38793,0.90,0,0.2319,0.00746,48.9
DQN_PER_seed_0_1790610022,DQN_PER,0,777,38843,3.90,0,0.2309,0.00693,49.0
DQN_PER_seed_0_1790610022,DQN_PER,0,778,38893,3.90,0,0.2299,0.00721,49.0
DQN_PER_seed_0_1790610022,DQN_PER,0,779,38943,3.30,0,0.2289,0.00674,49.1
DQN_PER_seed_0_1790610022,DQN_PER,0,780,38993,3.90,0,0.2279,0.00532,49.2
DQN_PER_seed_0_1790610022,DQN_PER,0,781,39043,3.90,0,0.2269,0.00768,49.2
DQN_PER_seed_0_1790610022,DQN_PER,0,782,39093,3.90,0,0.2260,0.00716,49.3
DQN_PER_seed_0_1790610022,DQN_PER,0,783,39143,3.90,0,0.2250,0.00815,49.4
DQN_PER_seed_0_1790610022,DQN_PER,0,784,39193,3.90,0,0.2240,0.00758,49.4
DQN_PER_seed_0_1790610022,DQN_PER,0,785,39243,3.90,0,0.2230,0.00749,49.5
DQN_PER_seed_0_1790610022,DQN_PER,0,786,39293,3.90,0,0.2220,0.00610,49.6
DQN_PER_seed_0_1790610022,DQN_PER,0,787,39345,4.10,0,0.2210,0.00643,49.6
DQN_PER_seed_0_1790610022,DQN_PER,0,788,39395,3.90,0,0.2200,0.00825,49.7
DQN_PER_seed_0_1790610022,DQN_PER,0,789,39445,3.90,0,0.2190,0.00767,49.8
DQN_PER_seed_0_1790610022,DQN_PER,0,790,39495,0.90,0,0.2180,0.00780,49.8
DQN_PER_seed_0_1790610022,DQN_PER,0,791,39545,3.90,0,0.2170,0.00597,49.9
DQN_PER_seed_0_1790610022,DQN_PER,0,792,39595,3.90,0,0.2160,0.00653,50.0
DQN_PER_seed_0_1790610022,DQN_PER,0,793,39645,-0.30,0,0.2150,0.00921,50.0
DQN_PER_seed_0_1790610022,DQN_PER,0,794,39695,-4.50,0,0.2140,0.00487,50.1
DQN_PER_seed_0_1790610022,DQN_PER,0,795,39745,3.90,0,0.2130,0.00628,50.2
DQN_PER_seed_0_1790610022,DQN_PER,0,796,39795,3.90,0,0.2121,0.00637,50.2
DQN_PER_seed_0_1790610022,DQN_PER,0,797,39847,4.10,0,0.2110,0.00645,50.3
DQN_PER_seed_0_1790610022,DQN_PER,0,798,39897,-0.30,0,0.2100,0.00755,50.4
DQN_PER_seed_0_1790610022,DQN_PER,0,799,39947,3.90,0,0.2090,0.00665,50.4
DQN_PER_seed_0_1790610022,DQN_PER,0,800,39997,-3.90,0,0.2081,0.00699,50.5
DQN_PER_seed_0_1790610022,DQN_PER,0,801,40053,4.50,0,0.2070,0.00897,50.7
DQN_PER_seed_0_1790610022,DQN_PER,0,802,40104,4.00,0,0.2059,0.00614,50.7
DQN_PER_seed_0_1790610022,DQN_PER,0,803,40154,3.90,0,0.2050,0.00931,50.8
DQN_PER_seed_0_1790610022,DQN_PER,0,804,40204,0.90,0,0.2040,0.00898,50.9
DQN_PER_seed_0_1790610022,DQN_PER,0,805,40254,3.90,0,0.2030,0.01194,50.9
DQN_PER_seed_0_1790610022,DQN_PER,0,806,40304,3.90,0,0.2020,0.01116,51.0
DQN_PER_seed_0_1790610022,DQN_PER,0,807,40354,1.50,0,0.2010,0.00800,51.1
DQN_PER_seed_0_1790610022,DQN_PER,0,808,40404,3.90,0,0.2000,0.00939,51.1
DQN_PER_seed_0_1790610022,DQN_PER,0,809,40454,3.90,0,0.1990,0.00656,51.2
DQN_PER_seed_0_1790610022,DQN_PER,0,810,40504,3.90,0,0.1980,0.00791,51.3
DQN_PER_seed_0_1790610022,DQN_PER,0,811,40554,3.90,0,0.1970,0.00641,51.4
DQN_PER_seed_0_1790610022,DQN_PER,0,812,40604,3.90,0,0.1960,0.00922,51.4
DQN_PER_seed_0_1790610022,DQN_PER,0,813,40654,3.90,0,0.1951,0.00738,51.5
DQN_PER_seed_0_1790610022,DQN_PER,0,814,40704,3.90,0,0.1941,0.00533,51.6
DQN_PER_seed_0_1790610022,DQN_PER,0,815,40754,3.90,0,0.1931,0.00848,51.6
DQN_PER_seed_0_1790610022,DQN_PER,0,816,40804,3.90,0,0.1921,0.00776,51.7
DQN_PER_seed_0_1790610022,DQN_PER,0,817,40854,-2.10,0,0.1911,0.00509,51.8
DQN_PER_seed_0_1790610022,DQN_PER,0,818,40904,3.90,0,0.1901,0.00669,51.8
DQN_PER_seed_0_1790610022,DQN_PER,0,819,40954,3.90,0,0.1891,0.00714,51.9
DQN_PER_seed_0_1790610022,DQN_PER,0,820,41004,3.90,0,0.1881,0.00622,52.0
DQN_PER_seed_0_1790610022,DQN_PER,0,821,41061,4.60,0,0.1870,0.00893,52.1
DQN_PER_seed_0_1790610022,DQN_PER,0,822,41118,4.60,0,0.1859,0.01187,52.1
DQN_PER_seed_0_1790610022,DQN_PER,0,823,41168,3.90,0,0.1849,0.01046,52.2
DQN_PER_seed_0_1790610022,DQN_PER,0,824,41218,3.90,0,0.1839,0.00789,52.3
DQN_PER_seed_0_1790610022,DQN_PER,0,825,41268,3.90,0,0.1829,0.00698,52.3
DQN_PER_seed_0_1790610022,DQN_PER,0,826,41318,3.90,0,0.1819,0.00891,52.4
DQN_PER_seed_0_1790610022,DQN_PER,0,827,41368,3.90,0,0.1809,0.00718,52.5
DQN_PER_seed_0_1790610022,DQN_PER,0,828,41418,3.90,0,0.1799,0.00645,52.5
DQN_PER_seed_0_1790610022,DQN_PER,0,829,41468,3.90,0,0.1789,0.00631,52.6
DQN_PER_seed_0_1790610022,DQN_PER,0,830,41518,3.90,0,0.1779,0.00544,52.7
DQN_PER_seed_0_1790610022,DQN_PER,0,831,41568,-0.30,0,0.1770,0.00616,52.7
DQN_PER_seed_0_1790610022,DQN_PER,0,832,41618,3.90,0,0.1760,0.00479,52.8
DQN_PER_seed_0_1790610022,DQN_PER,0,833,41668,3.90,0,0.1750,0.00543,52.9
DQN_PER_seed_0_1790610022,DQN_PER,0,834,41718,3.90,0,0.1740,0.00694,52.9
DQN_PER_seed_0_1790610022,DQN_PER,0,835,41768,3.90,0,0.1730,0.00846,53.0
DQN_PER_seed_0_1790610022,DQN_PER,0,836,41818,3.90,0,0.1720,0.00604,53.1
DQN_PER_seed_0_1790610022,DQN_PER,0,837,41868,3.90,0,0.1710,0.00711,53.1
DQN_PER_seed_0_1790610022,DQN_PER,0,838,41918,3.90,0,0.1700,0.00802,53.2
DQN_PER_seed_0_1790610022,DQN_PER,0,839,41968,3.90,0,0.1690,0.00727,53.3
DQN_PER_seed_0_1790610022,DQN_PER,0,840,42018,3.90,0,0.1680,0.01149,53.3
DQN_PER_seed_0_1790610022,DQN_PER,0,841,42068,3.90,0,0.1671,0.00697,53.4
DQN_PER_seed_0_1790610022,DQN_PER,0,842,42118,3.90,0,0.1661,0.00683,53.5
DQN_PER_seed_0_1790610022,DQN_PER,0,843,42175,4.60,0,0.1649,0.00852,53.6
DQN_PER_seed_0_1790610022,DQN_PER,0,844,42225,3.90,0,0.1639,0.00678,53.6
DQN_PER_seed_0_1790610022,DQN_PER,0,845,42285,4.90,0,0.1628,0.00560,53.7
DQN_PER_seed_0_1790610022,DQN_PER,0,846,42335,3.90,0,0.1618,0.00654,53.8
DQN_PER_seed_0_1790610022,DQN_PER,0,847,42385,3.90,0,0.1608,0.00554,53.8
DQN_PER_seed_0_1790610022,DQN_PER,0,848,42435,3.90,0,0.1598,0.00752,53.9
DQN_PER_seed_0_1790610022,DQN_PER,0,849,42495,4.90,0,0.1586,0.00586,54.0
DQN_PER_seed_0_1790610022,DQN_PER,0,850,42545,3.90,0,0.1576,0.00758,54.0
DQN_PER_seed_0_1790610022,DQN_PER,0,851,42595,3.90,0,0.1566,0.00668,54.1
DQN_PER_seed_0_1790610022,DQN_PER,0,852,42647,4.10,0,0.1556,0.00486,54.2
DQN_PER_seed_0_1790610022,DQN_PER,0,853,42697,3.90,0,0.1546,0.00942,54.3
DQN_PER_seed_0_1790610022,DQN_PER,0,854,42754,4.60,0,0.1535,0.00659,54.3
DQN_PER_seed_0_1790610022,DQN_PER,0,855,42804,3.90,0,0.1525,0.00708,54.4
DQN_PER_seed_0_1790610022,DQN_PER,0,856,42859,4.40,0,0.1514,0.00548,54.5
DQN_PER_seed_0_1790610022,DQN_PER,0,857,42915,4.50,0,0.1503,0.00464,54.5
DQN_PER_seed_0_1790610022,DQN_PER,0,858,42969,4.30,0,0.1492,0.00599,54.6
DQN_PER_seed_0_1790610022,DQN_PER,0,859,43019,3.90,0,0.1482,0.00883,54.7
DQN_PER_seed_0_1790610022,DQN_PER,0,860,43069,3.90,0,0.1472,0.00932,54.8
DQN_PER_seed_0_1790610022,DQN_PER,0,861,43119,3.90,0,0.1462,0.00897,54.8
DQN_PER_seed_0_1790610022,DQN_PER,0,862,43174,4.40,0,0.1452,0.00888,54.9
DQN_PER_seed_0_1790610022,DQN_PER,0,863,43224,3.90,0,0.1442,0.00656,55.0
DQN_PER_seed_0_1790610022,DQN_PER,0,864,43282,4.70,0,0.1430,0.00753,55.0
DQN_PER_seed_0_1790610022,DQN_PER,0,865,43332,3.90,0,0.1420,0.00746,55.1
DQN_PER_seed_0_1790610022,DQN_PER,0,866,43393,5.00,1,0.1408,0.00850,55.2
DQN_PER_seed_0_1790610022,DQN_PER,0,867,43443,3.90,0,0.1398,0.00651,55.3
DQN_PER_seed_0_1790610022,DQN_PER,0,868,43502,4.80,0,0.1387,0.00696,55.3
DQN_PER_seed_0_1790610022,DQN_PER,0,869,43552,3.90,0,0.1377,0.00663,55.4
DQN_PER_seed_0_1790610022,DQN_PER,0,870,43602,3.90,0,0.1367,0.00461,55.5
DQN_PER_seed_0_1790610022,DQN_PER,0,871,43660,4.70,0,0.1355,0.00757,55.6
DQN_PER_seed_0_1790610022,DQN_PER,0,872,43710,3.90,0,0.1345,0.00533,55.6
DQN_PER_seed_0_1790610022,DQN_PER,0,873,43760,3.90,0,0.1336,0.00836,55.7
DQN_PER_seed_0_1790610022,DQN_PER,0,874,43810,3.90,0,0.1326,0.00716,55.8
DQN_PER_seed_0_1790610022,DQN_PER,0,875,43860,3.90,0,0.1316,0.00625,55.8
DQN_PER_seed_0_1790610022,DQN_PER,0,876,43910,3.90,0,0.1306,0.00687,55.9
DQN_PER_seed_0_1790610022,DQN_PER,0,877,43970,4.90,0,0.1294,0.00534,56.0
DQN_PER_seed_0_1790610022,DQN_PER,0,878,44029,4.80,0,0.1282,0.00773,56.1
DQN_PER_seed_0_1790610022,DQN_PER,0,879,44085,4.50,0,0.1271,0.01159,56.1
DQN_PER_seed_0_1790610022,DQN_PER,0,880,44135,-2.10,0,0.1261,0.01128,56.2
DQN_PER_seed_0_1790610022,DQN_PER,0,881,44185,3.90,0,0.1251,0.00630,56.3
DQN_PER_seed_0_1790610022,DQN_PER,0,882,44235,3.90,0,0.1241,0.00462,56.3
DQN_PER_seed_0_1790610022,DQN_PER,0,883,44288,4.20,0,0.1231,0.00536,56.4
DQN_PER_seed_0_1790610022,DQN_PER,0,884,44338,3.90,0,0.1221,0.00763,56.5
DQN_PER_seed_0_1790610022,DQN_PER,0,885,44388,3.90,0,0.1211,0.00452,56.5
DQN_PER_seed_0_1790610022,DQN_PER,0,886,44439,4.00,0,0.1201,0.00467,56.6
DQN_PER_seed_0_1790610022,DQN_PER,0,887,44490,4.00,0,0.1191,0.00763,56.7
DQN_PER_seed_0_1790610022,DQN_PER,0,888,44540,3.90,0,0.1181,0.01324,56.7
DQN_PER_seed_0_1790610022,DQN_PER,0,889,44590,3.90,0,0.1171,0.00645,56.8
DQN_PER_seed_0_1790610022,DQN_PER,0,890,44640,3.90,0,0.1161,0.00667,56.9
DQN_PER_seed_0_1790610022,DQN_PER,0,891,44701,5.00,1,0.1149,0.00574,57.0
DQN_PER_seed_0_1790610022,DQN_PER,0,892,44751,3.90,0,0.1139,0.00440,57.0
DQN_PER_seed_0_1790610022,DQN_PER,0,893,44801,3.90,0,0.1129,0.00704,57.1
DQN_PER_seed_0_1790610022,DQN_PER,0,894,44851,3.90,0,0.1120,0.00650,57.2
DQN_PER_seed_0_1790610022,DQN_PER,0,895,44901,3.90,0,0.1110,0.00621,57.2
DQN_PER_seed_0_1790610022,DQN_PER,0,896,44951,3.90,0,0.1100,0.00636,57.3
DQN_PER_seed_0_1790610022,DQN_PER,0,897,45001,3.90,0,0.1090,0.00821,57.5
DQN_PER_seed_0_1790610022,DQN_PER,0,898,45052,4.00,0,0.1080,0.00828,57.5
DQN_PER_seed_0_1790610022,DQN_PER,0,899,45102,3.90,0,0.1070,0.00638,57.6
DQN_PER_seed_0_1790610022,DQN_PER,0,900,45152,3.90,0,0.1060,0.00540,57.7
DQN_PER_seed_0_1790610022,DQN_PER,0,901,45202,3.90,0,0.1050,0.00624,57.7
DQN_PER_seed_0_1790610022,DQN_PER,0,902,45253,4.00,0,0.1040,0.00690,57.8
DQN_PER_seed_0_1790610022,DQN_PER,0,903,45303,3.90,0,0.1030,0.00486,57.9
DQN_PER_seed_0_1790610022,DQN_PER,0,904,45353,3.90,0,0.1020,0.00693,57.9
DQN_PER_seed_0_1790610022,DQN_PER,0,905,45403,3.90,0,0.1010,0.00994,58.0
DQN_PER_seed_0_1790610022,DQN_PER,0,906,45460,4.60,0,0.0999,0.00475,58.1
DQN_PER_seed_0_1790610022,DQN_PER,0,907,45510,3.90,0,0.0989,0.00611,58.2
DQN_PER_seed_0_1790610022,DQN_PER,0,908,45560,3.90,0,0.0979,0.00540,58.2
DQN_PER_seed_0_1790610022,DQN_PER,0,909,45610,3.90,0,0.0969,0.00784,58.3
DQN_PER_seed_0_1790610022,DQN_PER,0,910,45660,3.90,0,0.0959,0.00646,58.4
DQN_PER_seed_0_1790610022,DQN_PER,0,911,45715,4.40,0,0.0948,0.00930,58.4
DQN_PER_seed_0_1790610022,DQN_PER,0,912,45765,3.90,0,0.0939,0.00779,58.5
DQN_PER_seed_0_1790610022,DQN_PER,0,913,45815,3.90,0,0.0929,0.00629,58.6
DQN_PER_seed_0_1790610022,DQN_PER,0,914,45872,4.60,0,0.0917,0.00642,58.6
DQN_PER_seed_0_1790610022,DQN_PER,0,915,45922,3.90,0,0.0907,0.00511,58.7
DQN_PER_seed_0_1790610022,DQN_PER,0,916,45972,3.90,0,0.0898,0.00915,58.8
DQN_PER_seed_0_1790610022,DQN_PER,0,917,46022,3.90,0,0.0888,0.00962,58.8
DQN_PER_seed_0_1790610022,DQN_PER,0,918,46073,4.00,0,0.0878,0.00913,58.9
DQN_PER_seed_0_1790610022,DQN_PER,0,919,46124,4.00,0,0.0867,0.00696,59.0
DQN_PER_seed_0_1790610022,DQN_PER,0,920,46174,3.90,0,0.0858,0.01021,59.1
DQN_PER_seed_0_1790610022,DQN_PER,0,921,46224,3.90,0,0.0848,0.00430,59.1
DQN_PER_seed_0_1790610022,DQN_PER,0,922,46274,3.90,0,0.0838,0.00721,59.2
DQN_PER_seed_0_1790610022,DQN_PER,0,923,46324,3.90,0,0.0828,0.00967,59.3
DQN_PER_seed_0_1790610022,DQN_PER,0,924,46374,3.90,0,0.0818,0.00886,59.3
DQN_PER_seed_0_1790610022,DQN_PER,0,925,46433,4.80,0,0.0806,0.00677,59.4
DQN_PER_seed_0_1790610022,DQN_PER,0,926,46483,3.90,0,0.0796,0.00491,59.5
DQN_PER_seed_0_1790610022,DQN_PER,0,927,46535,4.10,0,0.0786,0.00411,59.5
DQN_PER_seed_0_1790610022,DQN_PER,0,928,46585,3.90,0,0.0776,0.00493,59.6
DQN_PER_seed_0_1790610022,DQN_PER,0,929,46641,4.50,0,0.0765,0.00677,59.7
DQN_PER_seed_0_1790610022,DQN_PER,0,930,46696,4.40,0,0.0754,0.00960,59.8
DQN_PER_seed_0_1790610022,DQN_PER,0,931,46746,3.90,0,0.0744,0.00493,59.8
DQN_PER_seed_0_1790610022,DQN_PER,0,932,46798,4.10,0,0.0734,0.00639,59.9
DQN_PER_seed_0_1790610022,DQN_PER,0,933,46848,3.90,0,0.0724,0.00495,60.0
DQN_PER_seed_0_1790610022,DQN_PER,0,934,46898,3.90,0,0.0714,0.00460,60.0
DQN_PER_seed_0_1790610022,DQN_PER,0,935,46954,4.50,0,0.0703,0.00651,60.1
DQN_PER_seed_0_1790610022,DQN_PER,0,936,47004,3.90,0,0.0693,0.00597,60.2
DQN_PER_seed_0_1790610022,DQN_PER,0,937,47054,3.90,0,0.0683,0.00817,60.2
DQN_PER_seed_0_1790610022,DQN_PER,0,938,47108,4.30,0,0.0673,0.00646,60.3
DQN_PER_seed_0_1790610022,DQN_PER,0,939,47158,3.90,0,0.0663,0.00712,60.4
DQN_PER_seed_0_1790610022,DQN_PER,0,940,47208,3.90,0,0.0653,0.00698,60.5
DQN_PER_seed_0_1790610022,DQN_PER,0,941,47258,3.90,0,0.0643,0.00492,60.5
DQN_PER_seed_0_1790610022,DQN_PER,0,942,47308,3.90,0,0.0633,0.00397,60.6
DQN_PER_seed_0_1790610022,DQN_PER,0,943,47358,3.90,0,0.0623,0.00473,60.7
DQN_PER_seed_0_1790610022,DQN_PER,0,944,47408,3.90,0,0.0613,0.00641,60.7
DQN_PER_seed_0_1790610022,DQN_PER,0,945,47458,3.90,0,0.0603,0.00390,60.8
DQN_PER_seed_0_1790610022,DQN_PER,0,946,47510,4.10,0,0.0593,0.00775,60.9
DQN_PER_seed_0_1790610022,DQN_PER,0,947,47561,4.00,0,0.0583,0.00706,60.9
DQN_PER_seed_0_1790610022,DQN_PER,0,948,47611,3.90,0,0.0573,0.00533,61.0
DQN_PER_seed_0_1790610022,DQN_PER,0,949,47661,3.90,0,0.0563,0.00395,61.1
DQN_PER_seed_0_1790610022,DQN_PER,0,950,47711,3.90,0,0.0553,0.00499,61.1
DQN_PER_seed_0_1790610022,DQN_PER,0,951,47762,4.00,0,0.0543,0.00357,61.2
DQN_PER_seed_0_1790610022,DQN_PER,0,952,47812,3.90,0,0.0533,0.00749,61.3
DQN_PER_seed_0_1790610022,DQN_PER,0,953,47862,3.90,0,0.0523,0.00443,61.3
DQN_PER_seed_0_1790610022,DQN_PER,0,954,47912,3.90,0,0.0513,0.00634,61.4
DQN_PER_seed_0_1790610022,DQN_PER,0,955,47964,4.10,0,0.0503,0.00581,61.5
DQN_PER_seed_0_1790610022,DQN_PER,0,956,48023,4.80,0,0.0491,0.00707,61.6
DQN_PER_seed_0_1790610022,DQN_PER,0,957,48073,3.90,0,0.0482,0.00522,61.6
DQN_PER_seed_0_1790610022,DQN_PER,0,958,48123,3.90,0,0.0472,0.00922,61.7
DQN_PER_seed_0_1790610022,DQN_PER,0,959,48173,3.90,0,0.0462,0.00756,61.8
DQN_PER_seed_0_1790610022,DQN_PER,0,960,48223,3.90,0,0.0452,0.00459,61.8
DQN_PER_seed_0_1790610022,DQN_PER,0,961,48273,3.90,0,0.0442,0.00407,61.9
DQN_PER_seed_0_1790610022,DQN_PER,0,962,48329,4.50,0,0.0431,0.00395,62.0
DQN_PER_seed_0_1790610022,DQN_PER,0,963,48379,3.90,0,0.0421,0.00437,62.1
DQN_PER_seed_0_1790610022,DQN_PER,0,964,48434,4.40,0,0.0410,0.00548,62.1
DQN_PER_seed_0_1790610022,DQN_PER,0,965,48490,4.50,0,0.0399,0.00365,62.2
DQN_PER_seed_0_1790610022,DQN_PER,0,966,48544,4.30,0,0.0388,0.00763,62.3
DQN_PER_seed_0_1790610022,DQN_PER,0,967,48594,3.90,0,0.0378,0.00532,62.3
DQN_PER_seed_0_1790610022,DQN_PER,0,968,48652,4.70,0,0.0367,0.00469,62.4
DQN_PER_seed_0_1790610022,DQN_PER,0,969,48707,4.40,0,0.0356,0.00479,62.5
DQN_PER_seed_0_1790610022,DQN_PER,0,970,48757,3.90,0,0.0346,0.00482,62.6
DQN_PER_seed_0_1790610022,DQN_PER,0,971,48807,3.90,0,0.0336,0.00508,62.6
DQN_PER_seed_0_1790610022,DQN_PER,0,972,48857,3.90,0,0.0326,0.00406,62.7
DQN_PER_seed_0_1790610022,DQN_PER,0,973,48915,4.70,0,0.0315,0.00319,62.8
DQN_PER_seed_0_1790610022,DQN_PER,0,974,48965,3.90,0,0.0305,0.00440,62.9
DQN_PER_seed_0_1790610022,DQN_PER,0,975,49017,4.10,0,0.0295,0.00544,62.9
DQN_PER_seed_0_1790610022,DQN_PER,0,976,49067,3.90,0,0.0285,0.00687,63.0
DQN_PER_seed_0_1790610022,DQN_PER,0,977,49125,4.70,0,0.0273,0.00527,63.1
DQN_PER_seed_0_1790610022,DQN_PER,0,978,49175,3.90,0,0.0263,0.00519,63.1
DQN_PER_seed_0_1790610022,DQN_PER,0,979,49226,4.00,0,0.0253,0.00869,63.2
DQN_PER_seed_0_1790610022,DQN_PER,0,980,49276,3.90,0,0.0243,0.00823,63.3
DQN_PER_seed_0_1790610022,DQN_PER,0,981,49332,4.50,0,0.0232,0.00462,63.4
DQN_PER_seed_0_1790610022,DQN_PER,0,982,49389,4.60,0,0.0221,0.00499,63.4
DQN_PER_seed_0_1790610022,DQN_PER,0,983,49439,3.90,0,0.0211,0.00434,63.5
DQN_PER_seed_0_1790610022,DQN_PER,0,984,49493,4.30,0,0.0200,0.00427,63.6
DQN_PER_seed_0_1790610022,DQN_PER,0,985,49551,4.70,0,0.0189,0.00341,63.7
DQN_PER_seed_0_1790610022,DQN_PER,0,986,49601,3.90,0,0.0179,0.00344,63.7
DQN_PER_seed_0_1790610022,DQN_PER,0,987,49651,3.90,0,0.0169,0.00528,63.8
DQN_PER_seed_0_1790610022,DQN_PER,0,988,49701,3.90,0,0.0159,0.00508,63.9
DQN_PER_seed_0_1790610022,DQN_PER,0,989,49751,3.90,0,0.0149,0.00379,63.9
DQN_PER_seed_0_1790610022,DQN_PER,0,990,49801,3.90,0,0.0139,0.00389,64.0
DQN_PER_seed_0_1790610022,DQN_PER,0,991,49860,4.80,0,0.0128,0.00486,64.1
DQN_PER_seed_0_1790610022,DQN_PER,0,992,49913,4.20,0,0.0117,0.00385,64.1
DQN_PER_seed_0_1790610022,DQN_PER,0,993,49966,4.20,0,0.0107,0.00296,64.2
DQN_PER_seed_0_1790610022,DQN_PER,0,994,50017,4.00,0,0.0100,0.00728,64.4
DQN_PER_seed_0_1790610022,DQN_PER,0,995,50067,3.90,0,0.0100,0.00628,64.4
DQN_PER_seed_0_1790610022,DQN_PER,0,996,50117,3.90,0,0.0100,0.00545,64.5
DQN_PER_seed_0_1790610022,DQN_PER,0,997,50167,3.90,0,0.0100,0.00435,64.6
DQN_PER_seed_0_1790610022,DQN_PER,0,998,50217,3.90,0,0.0100,0.00597,64.6
DQN_PER_seed_0_1790610022,DQN_PER,0,999,50267,3.90,0,0.0100,0.00633,64.7
DQN_PER_seed_0_1790610022,DQN_PER,0,1000,50317,3.90,0,0.0100,0.00534,64.8
DQN_PER_seed_0_1790610022,DQN_PER,0,1001,50367,3.90,0,0.0100,0.00302,64.9
DQN_PER_seed_0_1790610022,DQN_PER,0,1002,50422,4.40,0,0.0100,0.00531,64.9
DQN_PER_seed_0_1790610022,DQN_PER,0,1003,50472,3.90,0,0.0100,0.00471,65.0
DQN_PER_seed_0_1790610022,DQN_PER,0,1004,50522,3.90,0,0.0100,0.00565,65.1
DQN_PER_seed_0_1790610022,DQN_PER,0,1005,50572,3.90,0,0.0100,0.00534,65.1
DQN_PER_seed_0_1790610022,DQN_PER,0,1006,50628,4.50,0,0.0100,0.00373,65.2
DQN_PER_seed_0_1790610022,DQN_PER,0,1007,50678,3.90,0,0.0100,0.00332,65.3
DQN_PER_seed_0_1790610022,DQN_PER,0,1008,50735,4.60,0,0.0100,0.00443,65.4
DQN_PER_seed_0_1790610022,DQN_PER,0,1009,50785,3.90,0,0.0100,0.00354,65.4
DQN_PER_seed_0_1790610022,DQN_PER,0,1010,50835,3.90,0,0.0100,0.00404,65.5
DQN_PER_seed_0_1790610022,DQN_PER,0,1011,50885,3.90,0,0.0100,0.00324,65.6
DQN_PER_seed_0_1790610022,DQN_PER,0,1012,50935,3.90,0,0.0100,0.00493,65.6
DQN_PER_seed_0_1790610022,DQN_PER,0,1013,50985,3.90,0,0.0100,0.00363,65.7
DQN_PER_seed_0_1790610022,DQN_PER,0,1014,51035,3.90,0,0.0100,0.00547,65.8
DQN_PER_seed_0_1790610022,DQN_PER,0,1015,51085,3.90,0,0.0100,0.00556,65.8
DQN_PER_seed_0_1790610022,DQN_PER,0,1016,51144,4.80,0,0.0100,0.00350,65.9
DQN_PER_seed_0_1790610022,DQN_PER,0,1017,51202,4.70,0,0.0100,0.00483,66.0
DQN_PER_seed_0_1790610022,DQN_PER,0,1018,51260,4.70,0,0.0100,0.00416,66.1
DQN_PER_seed_0_1790610022,DQN_PER,0,1019,51310,3.90,0,0.0100,0.00720,66.1
DQN_PER_seed_0_1790610022,DQN_PER,0,1020,51368,4.70,0,0.0100,0.00954,66.2
DQN_PER_seed_0_1790610022,DQN_PER,0,1021,51418,3.90,0,0.0100,0.00717,66.3
DQN_PER_seed_0_1790610022,DQN_PER,0,1022,51468,3.90,0,0.0100,0.00323,66.4
DQN_PER_seed_0_1790610022,DQN_PER,0,1023,51518,3.90,0,0.0100,0.00479,66.4
DQN_PER_seed_0_1790610022,DQN_PER,0,1024,51568,3.90,0,0.0100,0.00374,66.5
DQN_PER_seed_0_1790610022,DQN_PER,0,1025,51618,3.90,0,0.0100,0.00289,66.6
DQN_PER_seed_0_1790610022,DQN_PER,0,1026,51668,3.90,0,0.0100,0.00426,66.6
DQN_PER_seed_0_1790610022,DQN_PER,0,1027,51718,3.90,0,0.0100,0.00431,66.7
DQN_PER_seed_0_1790610022,DQN_PER,0,1028,51768,3.90,0,0.0100,0.00489,66.8
DQN_PER_seed_0_1790610022,DQN_PER,0,1029,51818,3.90,0,0.0100,0.00451,66.8
DQN_PER_seed_0_1790610022,DQN_PER,0,1030,51868,3.90,0,0.0100,0.00504,66.9
DQN_PER_seed_0_1790610022,DQN_PER,0,1031,51918,3.90,0,0.0100,0.00460,67.0
DQN_PER_seed_0_1790610022,DQN_PER,0,1032,51976,4.70,0,0.0100,0.00569,67.1
DQN_PER_seed_0_1790610022,DQN_PER,0,1033,52026,3.90,0,0.0100,0.00784,67.1
DQN_PER_seed_0_1790610022,DQN_PER,0,1034,52076,3.90,0,0.0100,0.00550,67.2
DQN_PER_seed_0_1790610022,DQN_PER,0,1035,52126,3.90,0,0.0100,0.00417,67.3
DQN_PER_seed_0_1790610022,DQN_PER,0,1036,52176,3.90,0,0.0100,0.00517,67.3
DQN_PER_seed_0_1790610022,DQN_PER,0,1037,52226,3.90,0,0.0100,0.00353,67.4
DQN_PER_seed_0_1790610022,DQN_PER,0,1038,52276,3.90,0,0.0100,0.00359,67.5
DQN_PER_seed_0_1790610022,DQN_PER,0,1039,52326,3.90,0,0.0100,0.00316,67.5
DQN_PER_seed_0_1790610022,DQN_PER,0,1040,52376,3.90,0,0.0100,0.00399,67.6
DQN_PER_seed_0_1790610022,DQN_PER,0,1041,52435,4.80,0,0.0100,0.00456,67.7
DQN_PER_seed_0_1790610022,DQN_PER,0,1042,52485,3.90,0,0.0100,0.00453,67.8
DQN_PER_seed_0_1790610022,DQN_PER,0,1043,52535,3.90,0,0.0100,0.00575,67.8
DQN_PER_seed_0_1790610022,DQN_PER,0,1044,52585,3.90,0,0.0100,0.00452,67.9
DQN_PER_seed_0_1790610022,DQN_PER,0,1045,52635,3.90,0,0.0100,0.00348,68.0
DQN_PER_seed_0_1790610022,DQN_PER,0,1046,52685,3.90,0,0.0100,0.00326,68.0
DQN_PER_seed_0_1790610022,DQN_PER,0,1047,52735,3.90,0,0.0100,0.00310,68.1
DQN_PER_seed_0_1790610022,DQN_PER,0,1048,52785,3.90,0,0.0100,0.00454,68.2
DQN_PER_seed_0_1790610022,DQN_PER,0,1049,52835,3.90,0,0.0100,0.00310,68.2
DQN_PER_seed_0_1790610022,DQN_PER,0,1050,52885,3.90,0,0.0100,0.00371,68.3
DQN_PER_seed_0_1790610022,DQN_PER,0,1051,52935,3.90,0,0.0100,0.00412,68.4
DQN_PER_seed_0_1790610022,DQN_PER,0,1052,52985,3.90,0,0.0100,0.00419,68.4
DQN_PER_seed_0_1790610022,DQN_PER,0,1053,53033,3.70,0,0.0100,0.00682,68.5
DQN_PER_seed_0_1790610022,DQN_PER,0,1054,53083,3.90,0,0.0100,0.00453,68.6
DQN_PER_seed_0_1790610022,DQN_PER,0,1055,53133,3.90,0,0.0100,0.00505,68.6
DQN_PER_seed_0_1790610022,DQN_PER,0,1056,53183,3.90,0,0.0100,0.00501,68.7
DQN_PER_seed_0_1790610022,DQN_PER,0,1057,53239,4.50,0,0.0100,0.00391,68.8
DQN_PER_seed_0_1790610022,DQN_PER,0,1058,53289,3.90,0,0.0100,0.00378,68.9
DQN_PER_seed_0_1790610022,DQN_PER,0,1059,53339,3.90,0,0.0100,0.00455,68.9
DQN_PER_seed_0_1790610022,DQN_PER,0,1060,53389,3.90,0,0.0100,0.00372,69.0
DQN_PER_seed_0_1790610022,DQN_PER,0,1061,53448,4.80,0,0.0100,0.00364,69.1
DQN_PER_seed_0_1790610022,DQN_PER,0,1062,53508,4.90,0,0.0100,0.00313,69.2
DQN_PER_seed_0_1790610022,DQN_PER,0,1063,53558,3.90,0,0.0100,0.00293,69.2
DQN_PER_seed_0_1790610022,DQN_PER,0,1064,53608,3.90,0,0.0100,0.00749,69.3
DQN_PER_seed_0_1790610022,DQN_PER,0,1065,53664,4.50,0,0.0100,0.00622,69.4
DQN_PER_seed_0_1790610022,DQN_PER,0,1066,53714,3.90,0,0.0100,0.00608,69.4
DQN_PER_seed_0_1790610022,DQN_PER,0,1067,53764,3.90,0,0.0100,0.00262,69.5
DQN_PER_seed_0_1790610022,DQN_PER,0,1068,53814,3.90,0,0.0100,0.00256,69.6
DQN_PER_seed_0_1790610022,DQN_PER,0,1069,53864,3.90,0,0.0100,0.00309,69.6
DQN_PER_seed_0_1790610022,DQN_PER,0,1070,53914,3.90,0,0.0100,0.00454,69.7
DQN_PER_seed_0_1790610022,DQN_PER,0,1071,53964,3.90,0,0.0100,0.00418,69.8
DQN_PER_seed_0_1790610022,DQN_PER,0,1072,54014,3.90,0,0.0100,0.00375,69.8
DQN_PER_seed_0_1790610022,DQN_PER,0,1073,54064,3.90,0,0.0100,0.00414,69.9
DQN_PER_seed_0_1790610022,DQN_PER,0,1074,54114,3.90,0,0.0100,0.00285,70.0
DQN_PER_seed_0_1790610022,DQN_PER,0,1075,54164,3.90,0,0.0100,0.00355,70.1
DQN_PER_seed_0_1790610022,DQN_PER,0,1076,54218,4.30,0,0.0100,0.00379,70.1
DQN_PER_seed_0_1790610022,DQN_PER,0,1077,54268,3.90,0,0.0100,0.00537,70.2
DQN_PER_seed_0_1790610022,DQN_PER,0,1078,54318,3.90,0,0.0100,0.00339,70.3
DQN_PER_seed_0_1790610022,DQN_PER,0,1079,54368,3.90,0,0.0100,0.00322,70.3
DQN_PER_seed_0_1790610022,DQN_PER,0,1080,54418,3.90,0,0.0100,0.00314,70.4
DQN_PER_seed_0_1790610022,DQN_PER,0,1081,54474,4.50,0,0.0100,0.00340,70.5
DQN_PER_seed_0_1790610022,DQN_PER,0,1082,54524,3.90,0,0.0100,0.00497,70.5
DQN_PER_seed_0_1790610022,DQN_PER,0,1083,54583,4.80,0,0.0100,0.00293,70.6
DQN_PER_seed_0_1790610022,DQN_PER,0,1084,54633,3.90,0,0.0100,0.00308,70.7
DQN_PER_seed_0_1790610022,DQN_PER,0,1085,54683,3.90,0,0.0100,0.00294,70.8
DQN_PER_seed_0_1790610022,DQN_PER,0,1086,54733,3.90,0,0.0100,0.00303,70.8
DQN_PER_seed_0_1790610022,DQN_PER,0,1087,54783,3.90,0,0.0100,0.00305,70.9
DQN_PER_seed_0_1790610022,DQN_PER,0,1088,54833,3.90,0,0.0100,0.00280,71.0
DQN_PER_seed_0_1790610022,DQN_PER,0,1089,54883,3.90,0,0.0100,0.00263,71.0
DQN_PER_seed_0_1790610022,DQN_PER,0,1090,54933,3.90,0,0.0100,0.00263,71.1
DQN_PER_seed_0_1790610022,DQN_PER,0,1091,54983,3.90,0,0.0100,0.00290,71.2
DQN_PER_seed_0_1790610022,DQN_PER,0,1092,55030,3.60,0,0.0100,0.00719,71.3
DQN_PER_seed_0_1790610022,DQN_PER,0,1093,55080,3.90,0,0.0100,0.00555,71.4
DQN_PER_seed_0_1790610022,DQN_PER,0,1094,55130,3.90,0,0.0100,0.00226,71.5
DQN_PER_seed_0_1790610022,DQN_PER,0,1095,55180,3.90,0,0.0100,0.00332,71.5
DQN_PER_seed_0_1790610022,DQN_PER,0,1096,55230,3.90,0,0.0100,0.00276,71.6
DQN_PER_seed_0_1790610022,DQN_PER,0,1097,55280,3.90,0,0.0100,0.00313,71.7
DQN_PER_seed_0_1790610022,DQN_PER,0,1098,55330,3.90,0,0.0100,0.00311,71.7
DQN_PER_seed_0_1790610022,DQN_PER,0,1099,55380,3.90,0,0.0100,0.00407,71.8
DQN_PER_seed_0_1790610022,DQN_PER,0,1100,55430,3.90,0,0.0100,0.00379,71.9
DQN_PER_seed_0_1790610022,DQN_PER,0,1101,55480,3.90,0,0.0100,0.00230,72.0
DQN_PER_seed_0_1790610022,DQN_PER,0,1102,55530,3.90,0,0.0100,0.00199,72.0
DQN_PER_seed_0_1790610022,DQN_PER,0,1103,55581,4.00,0,0.0100,0.00295,72.1
DQN_PER_seed_0_1790610022,DQN_PER,0,1104,55631,3.90,0,0.0100,0.00444,72.2
DQN_PER_seed_0_1790610022,DQN_PER,0,1105,55681,3.90,0,0.0100,0.00449,72.2
DQN_PER_seed_0_1790610022,DQN_PER,0,1106,55731,3.90,0,0.0100,0.00264,72.3
DQN_PER_seed_0_1790610022,DQN_PER,0,1107,55781,3.90,0,0.0100,0.00203,72.4
DQN_PER_seed_0_1790610022,DQN_PER,0,1108,55831,3.90,0,0.0100,0.00372,72.4
DQN_PER_seed_0_1790610022,DQN_PER,0,1109,55881,3.90,0,0.0100,0.00308,72.5
DQN_PER_seed_0_1790610022,DQN_PER,0,1110,55931,3.90,0,0.0100,0.00377,72.6
DQN_PER_seed_0_1790610022,DQN_PER,0,1111,55981,3.90,0,0.0100,0.00253,72.6
DQN_PER_seed_0_1790610022,DQN_PER,0,1112,56031,3.90,0,0.0100,0.00535,72.7
DQN_PER_seed_0_1790610022,DQN_PER,0,1113,56081,3.90,0,0.0100,0.00494,72.8
DQN_PER_seed_0_1790610022,DQN_PER,0,1114,56131,3.90,0,0.0100,0.00272,72.8
DQN_PER_seed_0_1790610022,DQN_PER,0,1115,56181,3.90,0,0.0100,0.00230,72.9
DQN_PER_seed_0_1790610022,DQN_PER,0,1116,56231,3.90,0,0.0100,0.00221,73.0
DQN_PER_seed_0_1790610022,DQN_PER,0,1117,56281,3.90,0,0.0100,0.00258,73.1
DQN_PER_seed_0_1790610022,DQN_PER,0,1118,56331,3.90,0,0.0100,0.00256,73.1
DQN_PER_seed_0_1790610022,DQN_PER,0,1119,56381,3.90,0,0.0100,0.00259,73.2
DQN_PER_seed_0_1790610022,DQN_PER,0,1120,56431,3.90,0,0.0100,0.00177,73.3
DQN_PER_seed_0_1790610022,DQN_PER,0,1121,56481,3.90,0,0.0100,0.00242,73.3
DQN_PER_seed_0_1790610022,DQN_PER,0,1122,56531,3.90,0,0.0100,0.00210,73.4
DQN_PER_seed_0_1790610022,DQN_PER,0,1123,56581,3.90,0,0.0100,0.00296,73.5
DQN_PER_seed_0_1790610022,DQN_PER,0,1124,56631,3.90,0,0.0100,0.00238,73.5
DQN_PER_seed_0_1790610022,DQN_PER,0,1125,56681,3.90,0,0.0100,0.00315,73.6
DQN_PER_seed_0_1790610022,DQN_PER,0,1126,56731,3.90,0,0.0100,0.00235,73.7
DQN_PER_seed_0_1790610022,DQN_PER,0,1127,56781,3.90,0,0.0100,0.00213,73.7
DQN_PER_seed_0_1790610022,DQN_PER,0,1128,56831,3.90,0,0.0100,0.00234,73.8
DQN_PER_seed_0_1790610022,DQN_PER,0,1129,56881,3.90,0,0.0100,0.00176,73.9
DQN_PER_seed_0_1790610022,DQN_PER,0,1130,56931,3.90,0,0.0100,0.00220,74.0
DQN_PER_seed_0_1790610022,DQN_PER,0,1131,56981,3.90,0,0.0100,0.00216,74.0
DQN_PER_seed_0_1790610022,DQN_PER,0,1132,57031,3.90,0,0.0100,0.00652,74.1
DQN_PER_seed_0_1790610022,DQN_PER,0,1133,57081,3.90,0,0.0100,0.00312,74.2
DQN_PER_seed_0_1790610022,DQN_PER,0,1134,57131,3.90,0,0.0100,0.00237,74.2
DQN_PER_seed_0_1790610022,DQN_PER,0,1135,57181,3.90,0,0.0100,0.00280,74.3
DQN_PER_seed_0_1790610022,DQN_PER,0,1136,57231,3.90,0,0.0100,0.00244,74.4
DQN_PER_seed_0_1790610022,DQN_PER,0,1137,57281,3.90,0,0.0100,0.00277,74.4
DQN_PER_seed_0_1790610022,DQN_PER,0,1138,57331,3.90,0,0.0100,0.00371,74.5
DQN_PER_seed_0_1790610022,DQN_PER,0,1139,57381,3.90,0,0.0100,0.00231,74.6
DQN_PER_seed_0_1790610022,DQN_PER,0,1140,57431,3.90,0,0.0100,0.00252,74.6
DQN_PER_seed_0_1790610022,DQN_PER,0,1141,57481,3.90,0,0.0100,0.00208,74.7
DQN_PER_seed_0_1790610022,DQN_PER,0,1142,57531,3.90,0,0.0100,0.00218,74.8
DQN_PER_seed_0_1790610022,DQN_PER,0,1143,57581,3.90,0,0.0100,0.00229,74.8
DQN_PER_seed_0_1790610022,DQN_PER,0,1144,57631,3.90,0,0.0100,0.00282,74.9
DQN_PER_seed_0_1790610022,DQN_PER,0,1145,57692,5.00,1,0.0100,0.00214,75.0
DQN_PER_seed_0_1790610022,DQN_PER,0,1146,57742,3.90,0,0.0100,0.00189,75.1
DQN_PER_seed_0_1790610022,DQN_PER,0,1147,57792,3.90,0,0.0100,0.00200,75.1
DQN_PER_seed_0_1790610022,DQN_PER,0,1148,57842,3.90,0,0.0100,0.00219,75.2
DQN_PER_seed_0_1790610022,DQN_PER,0,1149,57892,3.90,0,0.0100,0.00241,75.3
DQN_PER_seed_0_1790610022,DQN_PER,0,1150,57942,3.90,0,0.0100,0.00230,75.3
DQN_PER_seed_0_1790610022,DQN_PER,0,1151,57992,3.90,0,0.0100,0.02891,75.4
DQN_PER_seed_0_1790610022,DQN_PER,0,1152,58042,3.90,0,0.0100,0.00814,75.5
DQN_PER_seed_0_1790610022,DQN_PER,0,1153,58092,3.90,0,0.0100,0.00333,75.6
DQN_PER_seed_0_1790610022,DQN_PER,0,1154,58142,3.90,0,0.0100,0.00357,75.6
DQN_PER_seed_0_1790610022,DQN_PER,0,1155,58192,3.90,0,0.0100,0.00208,75.7
DQN_PER_seed_0_1790610022,DQN_PER,0,1156,58242,3.90,0,0.0100,0.00177,75.8
DQN_PER_seed_0_1790610022,DQN_PER,0,1157,58302,4.90,0,0.0100,0.00208,75.8
DQN_PER_seed_0_1790610022,DQN_PER,0,1158,58352,3.90,0,0.0100,0.00176,75.9
DQN_PER_seed_0_1790610022,DQN_PER,0,1159,58402,3.90,0,0.0100,0.00220,76.0
DQN_PER_seed_0_1790610022,DQN_PER,0,1160,58462,4.90,0,0.0100,0.00227,76.1
DQN_PER_seed_0_1790610022,DQN_PER,0,1161,58512,3.90,0,0.0100,0.00311,76.1
DQN_PER_seed_0_1790610022,DQN_PER,0,1162,58571,4.80,0,0.0100,0.00241,76.2
DQN_PER_seed_0_1790610022,DQN_PER,0,1163,58621,3.90,0,0.0100,0.00263,76.3
DQN_PER_seed_0_1790610022,DQN_PER,0,1164,58675,4.30,0,0.0100,0.00213,76.4
DQN_PER_seed_0_1790610022,DQN_PER,0,1165,58736,5.00,1,0.0100,0.00179,76.4
DQN_PER_seed_0_1790610022,DQN_PER,0,1166,58786,3.90,0,0.0100,0.00188,76.5
DQN_PER_seed_0_1790610022,DQN_PER,0,1167,58836,3.90,0,0.0100,0.00195,76.6
DQN_PER_seed_0_1790610022,DQN_PER,0,1168,58886,3.90,0,0.0100,0.00147,76.7
DQN_PER_seed_0_1790610022,DQN_PER,0,1169,58944,4.70,0,0.0100,0.00251,76.7
DQN_PER_seed_0_1790610022,DQN_PER,0,1170,59002,4.70,0,0.0100,0.00234,76.8
DQN_PER_seed_0_1790610022,DQN_PER,0,1171,59052,3.90,0,0.0100,0.00551,76.9
DQN_PER_seed_0_1790610022,DQN_PER,0,1172,59109,4.60,0,0.0100,0.00206,77.0
DQN_PER_seed_0_1790610022,DQN_PER,0,1173,59173,6.20,1,0.0100,0.00178,77.0
DQN_PER_seed_0_1790610022,DQN_PER,0,1174,59232,4.80,0,0.0100,0.00220,77.1
DQN_PER_seed_0_1790610022,DQN_PER,0,1175,59282,3.90,0,0.0100,0.00265,77.2
DQN_PER_seed_0_1790610022,DQN_PER,0,1176,59341,4.80,0,0.0100,0.00255,77.3
DQN_PER_seed_0_1790610022,DQN_PER,0,1177,59402,5.00,1,0.0100,0.00315,77.4
DQN_PER_seed_0_1790610022,DQN_PER,0,1178,59452,3.90,0,0.0100,0.00214,77.4
DQN_PER_seed_0_1790610022,DQN_PER,0,1179,59502,3.90,0,0.0100,0.00222,77.5
DQN_PER_seed_0_1790610022,DQN_PER,0,1180,59552,3.90,0,0.0100,0.00189,77.6
DQN_PER_seed_0_1790610022,DQN_PER,0,1181,59610,4.70,0,0.0100,0.00208,77.7
DQN_PER_seed_0_1790610022,DQN_PER,0,1182,59660,3.90,0,0.0100,0.00308,77.7
DQN_PER_seed_0_1790610022,DQN_PER,0,1183,59710,3.90,0,0.0100,0.01683,77.8
DQN_PER_seed_0_1790610022,DQN_PER,0,1184,59769,4.80,0,0.0100,0.00293,77.9
DQN_PER_seed_0_1790610022,DQN_PER,0,1185,59819,3.90,0,0.0100,0.00193,77.9
DQN_PER_seed_0_1790610022,DQN_PER,0,1186,59869,3.90,0,0.0100,0.00207,78.0
DQN_PER_seed_0_1790610022,DQN_PER,0,1187,59921,4.10,0,0.0100,0.00231,78.1
DQN_PER_seed_0_1790610022,DQN_PER,0,1188,59977,4.50,0,0.0100,0.00183,78.2
DQN_PER_seed_0_1790610022,DQN_PER,0,1189,60027,3.90,0,0.0100,0.00600,78.3
DQN_PER_seed_0_1790610022,DQN_PER,0,1190,60079,4.10,0,0.0100,0.00324,78.4
DQN_PER_seed_0_1790610022,DQN_PER,0,1191,60137,4.70,0,0.0100,0.00188,78.5
DQN_PER_seed_0_1790610022,DQN_PER,0,1192,60194,4.60,0,0.0100,0.00162,78.6
DQN_PER_seed_0_1790610022,DQN_PER,0,1193,60244,3.90,0,0.0100,0.00214,78.6
DQN_PER_seed_0_1790610022,DQN_PER,0,1194,60300,4.50,0,0.0100,0.00279,78.7
DQN_PER_seed_0_1790610022,DQN_PER,0,1195,60358,4.70,0,0.0100,0.00225,78.8
DQN_PER_seed_0_1790610022,DQN_PER,0,1196,60408,3.90,0,0.0100,0.00190,78.9
DQN_PER_seed_0_1790610022,DQN_PER,0,1197,60458,3.90,0,0.0100,0.00217,78.9
DQN_PER_seed_0_1790610022,DQN_PER,0,1198,60508,3.90,0,0.0100,0.00197,79.0
DQN_PER_seed_0_1790610022,DQN_PER,0,1199,60558,3.90,0,0.0100,0.00203,79.1
DQN_PER_seed_0_1790610022,DQN_PER,0,1200,60608,3.90,0,0.0100,0.00207,79.1
DQN_PER_seed_0_1790610022,DQN_PER,0,1201,60658,3.90,0,0.0100,0.00188,79.2
DQN_PER_seed_0_1790610022,DQN_PER,0,1202,60708,3.90,0,0.0100,0.00224,79.3
DQN_PER_seed_0_1790610022,DQN_PER,0,1203,60758,3.90,0,0.0100,0.00163,79.4
DQN_PER_seed_0_1790610022,DQN_PER,0,1204,60808,3.90,0,0.0100,0.00193,79.4
DQN_PER_seed_0_1790610022,DQN_PER,0,1205,60858,3.90,0,0.0100,0.00227,79.5
DQN_PER_seed_0_1790610022,DQN_PER,0,1206,60908,3.90,0,0.0100,0.00193,79.6
DQN_PER_seed_0_1790610022,DQN_PER,0,1207,60959,4.00,0,0.0100,0.00200,79.6
DQN_PER_seed_0_1790610022,DQN_PER,0,1208,61009,3.90,0,0.0100,0.00331,79.7
DQN_PER_seed_0_1790610022,DQN_PER,0,1209,61059,3.90,0,0.0100,0.00477,79.8
DQN_PER_seed_0_1790610022,DQN_PER,0,1210,61109,3.90,0,0.0100,0.00325,79.8
DQN_PER_seed_0_1790610022,DQN_PER,0,1211,61158,3.80,0,0.0100,0.00253,79.9
DQN_PER_seed_0_1790610022,DQN_PER,0,1212,61216,4.70,0,0.0100,0.00400,80.0
DQN_PER_seed_0_1790610022,DQN_PER,0,1213,61266,3.90,0,0.0100,0.00221,80.1
DQN_PER_seed_0_1790610022,DQN_PER,0,1214,61316,3.90,0,0.0100,0.00200,80.1
DQN_PER_seed_0_1790610022,DQN_PER,0,1215,61366,3.90,0,0.0100,0.00175,80.2
DQN_PER_seed_0_1790610022,DQN_PER,0,1216,61416,3.90,0,0.0100,0.00220,80.3
DQN_PER_seed_0_1790610022,DQN_PER,0,1217,61466,3.90,0,0.0100,0.00368,80.3
DQN_PER_seed_0_1790610022,DQN_PER,0,1218,61516,3.90,0,0.0100,0.00242,80.4
DQN_PER_seed_0_1790610022,DQN_PER,0,1219,61566,3.90,0,0.0100,0.00230,80.5
DQN_PER_seed_0_1790610022,DQN_PER,0,1220,61622,4.50,0,0.0100,0.00190,80.6
DQN_PER_seed_0_1790610022,DQN_PER,0,1221,61672,3.90,0,0.0100,0.00254,80.6
DQN_PER_seed_0_1790610022,DQN_PER,0,1222,61723,4.00,0,0.0100,0.00239,80.7
DQN_PER_seed_0_1790610022,DQN_PER,0,1223,61773,3.90,0,0.0100,0.00315,80.8
DQN_PER_seed_0_1790610022,DQN_PER,0,1224,61823,3.90,0,0.0100,0.00257,80.8
DQN_PER_seed_0_1790610022,DQN_PER,0,1225,61873,3.90,0,0.0100,0.00310,80.9
DQN_PER_seed_0_1790610022,DQN_PER,0,1226,61926,4.20,0,0.0100,0.00306,81.0
DQN_PER_seed_0_1790610022,DQN_PER,0,1227,61976,3.90,0,0.0100,0.00258,81.1
DQN_PER_seed_0_1790610022,DQN_PER,0,1228,62026,3.90,0,0.0100,0.00460,81.1
DQN_PER_seed_0_1790610022,DQN_PER,0,1229,62076,3.90,0,0.0100,0.00457,81.2
DQN_PER_seed_0_1790610022,DQN_PER,0,1230,62126,3.90,0,0.0100,0.00274,81.3
DQN_PER_seed_0_1790610022,DQN_PER,0,1231,62176,3.90,0,0.0100,0.00325,81.3
DQN_PER_seed_0_1790610022,DQN_PER,0,1232,62226,3.90,0,0.0100,0.00633,81.4
DQN_PER_seed_0_1790610022,DQN_PER,0,1233,62276,3.90,0,0.0100,0.00336,81.5
DQN_PER_seed_0_1790610022,DQN_PER,0,1234,62326,3.90,0,0.0100,0.00259,81.5
DQN_PER_seed_0_1790610022,DQN_PER,0,1235,62376,3.90,0,0.0100,0.00189,81.6
DQN_PER_seed_0_1790610022,DQN_PER,0,1236,62426,3.90,0,0.0100,0.00177,81.7
DQN_PER_seed_0_1790610022,DQN_PER,0,1237,62476,3.90,0,0.0100,0.00200,81.8
DQN_PER_seed_0_1790610022,DQN_PER,0,1238,62532,4.50,0,0.0100,0.00250,81.8
DQN_PER_seed_0_1790610022,DQN_PER,0,1239,62585,4.20,0,0.0100,0.00232,81.9
DQN_PER_seed_0_1790610022,DQN_PER,0,1240,62646,5.00,1,0.0100,0.00213,82.0
DQN_PER_seed_0_1790610022,DQN_PER,0,1241,62696,3.90,0,0.0100,0.00256,82.1
DQN_PER_seed_0_1790610022,DQN_PER,0,1242,62751,4.40,0,0.0100,0.00255,82.1
DQN_PER_seed_0_1790610022,DQN_PER,0,1243,62806,4.40,0,0.0100,0.00212,82.2
DQN_PER_seed_0_1790610022,DQN_PER,0,1244,62856,3.90,0,0.0100,0.00204,82.3
DQN_PER_seed_0_1790610022,DQN_PER,0,1245,62909,4.20,0,0.0100,0.00269,82.4
DQN_PER_seed_0_1790610022,DQN_PER,0,1246,62959,3.90,0,0.0100,0.00428,82.4
DQN_PER_seed_0_1790610022,DQN_PER,0,1247,63018,4.80,0,0.0100,0.00362,82.5
DQN_PER_seed_0_1790610022,DQN_PER,0,1248,63068,3.90,0,0.0100,0.00230,82.6
DQN_PER_seed_0_1790610022,DQN_PER,0,1249,63118,3.90,0,0.0100,0.00230,82.7
DQN_PER_seed_0_1790610022,DQN_PER,0,1250,63168,3.90,0,0.0100,0.00219,82.7
DQN_PER_seed_0_1790610022,DQN_PER,0,1251,63223,4.40,0,0.0100,0.00218,82.8
DQN_PER_seed_0_1790610022,DQN_PER,0,1252,63273,3.90,0,0.0100,0.00207,82.9
DQN_PER_seed_0_1790610022,DQN_PER,0,1253,63323,3.90,0,0.0100,0.00239,82.9
DQN_PER_seed_0_1790610022,DQN_PER,0,1254,63373,3.90,0,0.0100,0.00158,83.0
DQN_PER_seed_0_1790610022,DQN_PER,0,1255,63423,3.90,0,0.0100,0.00219,83.1
DQN_PER_seed_0_1790610022,DQN_PER,0,1256,63473,3.90,0,0.0100,0.00291,83.2
DQN_PER_seed_0_1790610022,DQN_PER,0,1257,63523,3.90,0,0.0100,0.00424,83.2
DQN_PER_seed_0_1790610022,DQN_PER,0,1258,63573,3.90,0,0.0100,0.00190,83.3
DQN_PER_seed_0_1790610022,DQN_PER,0,1259,63623,3.90,0,0.0100,0.00197,83.4
DQN_PER_seed_0_1790610022,DQN_PER,0,1260,63673,3.90,0,0.0100,0.00202,83.4
DQN_PER_seed_0_1790610022,DQN_PER,0,1261,63723,3.90,0,0.0100,0.00257,83.5
DQN_PER_seed_0_1790610022,DQN_PER,0,1262,63773,3.90,0,0.0100,0.00233,83.6
DQN_PER_seed_0_1790610022,DQN_PER,0,1263,63823,3.90,0,0.0100,0.00233,83.6
DQN_PER_seed_0_1790610022,DQN_PER,0,1264,63873,3.90,0,0.0100,0.00231,83.7
DQN_PER_seed_0_1790610022,DQN_PER,0,1265,63924,4.00,0,0.0100,0.00272,83.8
DQN_PER_seed_0_1790610022,DQN_PER,0,1266,63974,3.90,0,0.0100,0.00267,83.9
DQN_PER_seed_0_1790610022,DQN_PER,0,1267,64024,3.90,0,0.0100,0.00535,83.9
DQN_PER_seed_0_1790610022,DQN_PER,0,1268,64074,3.90,0,0.0100,0.00415,84.0
DQN_PER_seed_0_1790610022,DQN_PER,0,1269,64124,3.90,0,0.0100,0.00228,84.1
DQN_PER_seed_0_1790610022,DQN_PER,0,1270,64186,6.00,1,0.0100,0.00327,84.2
DQN_PER_seed_0_1790610022,DQN_PER,0,1271,64236,3.90,0,0.0100,0.00194,84.2
DQN_PER_seed_0_1790610022,DQN_PER,0,1272,64286,3.90,0,0.0100,0.00202,84.3
DQN_PER_seed_0_1790610022,DQN_PER,0,1273,64336,3.90,0,0.0100,0.00269,84.4
DQN_PER_seed_0_1790610022,DQN_PER,0,1274,64386,3.90,0,0.0100,0.00220,84.4
DQN_PER_seed_0_1790610022,DQN_PER,0,1275,64436,3.90,0,0.0100,0.00210,84.5
DQN_PER_seed_0_1790610022,DQN_PER,0,1276,64486,3.90,0,0.0100,0.00192,84.6
DQN_PER_seed_0_1790610022,DQN_PER,0,1277,64545,4.80,0,0.0100,0.00146,84.7
DQN_PER_seed_0_1790610022,DQN_PER,0,1278,64596,4.00,0,0.0100,0.00156,84.7
DQN_PER_seed_0_1790610022,DQN_PER,0,1279,64646,3.90,0,0.0100,0.00227,84.8
DQN_PER_seed_0_1790610022,DQN_PER,0,1280,64698,4.10,0,0.0100,0.00191,84.9
DQN_PER_seed_0_1790610022,DQN_PER,0,1281,64748,3.90,0,0.0100,0.00204,84.9
DQN_PER_seed_0_1790610022,DQN_PER,0,1282,64805,4.60,0,0.0100,0.00280,85.0
DQN_PER_seed_0_1790610022,DQN_PER,0,1283,64855,3.90,0,0.0100,0.00195,85.1
DQN_PER_seed_0_1790610022,DQN_PER,0,1284,64905,3.90,0,0.0100,0.00169,85.2
DQN_PER_seed_0_1790610022,DQN_PER,0,1285,64955,3.90,0,0.0100,0.00161,85.2
DQN_PER_seed_0_1790610022,DQN_PER,0,1286,65005,3.90,0,0.0100,0.00212,85.4
DQN_PER_seed_0_1790610022,DQN_PER,0,1287,65055,3.90,0,0.0100,0.00496,85.5
DQN_PER_seed_0_1790610022,DQN_PER,0,1288,65105,3.90,0,0.0100,0.00323,85.5
DQN_PER_seed_0_1790610022,DQN_PER,0,1289,65155,3.90,0,0.0100,0.00199,85.6
DQN_PER_seed_0_1790610022,DQN_PER,0,1290,65205,3.90,0,0.0100,0.00267,85.7
DQN_PER_seed_0_1790610022,DQN_PER,0,1291,65255,3.90,0,0.0100,0.00152,85.8
DQN_PER_seed_0_1790610022,DQN_PER,0,1292,65305,3.90,0,0.0100,0.00151,85.8
DQN_PER_seed_0_1790610022,DQN_PER,0,1293,65355,3.90,0,0.0100,0.00188,85.9
DQN_PER_seed_0_1790610022,DQN_PER,0,1294,65405,3.90,0,0.0100,0.00252,86.0
DQN_PER_seed_0_1790610022,DQN_PER,0,1295,65464,4.80,0,0.0100,0.00150,86.0
DQN_PER_seed_0_1790610022,DQN_PER,0,1296,65514,3.90,0,0.0100,0.00155,86.1
DQN_PER_seed_0_1790610022,DQN_PER,0,1297,65564,3.90,0,0.0100,0.00201,86.2
DQN_PER_seed_0_1790610022,DQN_PER,0,1298,65614,3.90,0,0.0100,0.00206,86.3
DQN_PER_seed_0_1790610022,DQN_PER,0,1299,65664,3.90,0,0.0100,0.00354,86.3
DQN_PER_seed_0_1790610022,DQN_PER,0,1300,65714,3.90,0,0.0100,0.00206,86.4
DQN_PER_seed_0_1790610022,DQN_PER,0,1301,65764,3.90,0,0.0100,0.00191,86.5
DQN_PER_seed_0_1790610022,DQN_PER,0,1302,65814,3.90,0,0.0100,0.00172,86.5
DQN_PER_seed_0_1790610022,DQN_PER,0,1303,65864,3.90,0,0.0100,0.00164,86.6
DQN_PER_seed_0_1790610022,DQN_PER,0,1304,65914,3.90,0,0.0100,0.00192,86.7
DQN_PER_seed_0_1790610022,DQN_PER,0,1305,65964,3.90,0,0.0100,0.00263,86.8
DQN_PER_seed_0_1790610022,DQN_PER,0,1306,66014,3.90,0,0.0100,0.00333,86.8
DQN_PER_seed_0_1790610022,DQN_PER,0,1307,66064,3.90,0,0.0100,0.00370,86.9
DQN_PER_seed_0_1790610022,DQN_PER,0,1308,66114,3.90,0,0.0100,0.00299,87.0
DQN_PER_seed_0_1790610022,DQN_PER,0,1309,66164,3.90,0,0.0100,0.00190,87.0
DQN_PER_seed_0_1790610022,DQN_PER,0,1310,66214,3.90,0,0.0100,0.00164,87.1
DQN_PER_seed_0_1790610022,DQN_PER,0,1311,66264,3.90,0,0.0100,0.00140,87.2
DQN_PER_seed_0_1790610022,DQN_PER,0,1312,66314,3.90,0,0.0100,0.00127,87.3
DQN_PER_seed_0_1790610022,DQN_PER,0,1313,66364,3.90,0,0.0100,0.00151,87.3
DQN_PER_seed_0_1790610022,DQN_PER,0,1314,66414,3.90,0,0.0100,0.00153,87.4
DQN_PER_seed_0_1790610022,DQN_PER,0,1315,66464,3.90,0,0.0100,0.00204,87.5
DQN_PER_seed_0_1790610022,DQN_PER,0,1316,66516,4.10,0,0.0100,0.00289,87.5
DQN_PER_seed_0_1790610022,DQN_PER,0,1317,66566,3.90,0,0.0100,0.00234,87.6
DQN_PER_seed_0_1790610022,DQN_PER,0,1318,66616,3.90,0,0.0100,0.00385,87.7
DQN_PER_seed_0_1790610022,DQN_PER,0,1319,66666,3.90,0,0.0100,0.00294,87.8
DQN_PER_seed_0_1790610022,DQN_PER,0,1320,66716,3.90,0,0.0100,0.00162,87.8
DQN_PER_seed_0_1790610022,DQN_PER,0,1321,66766,3.90,0,0.0100,0.00160,87.9
DQN_PER_seed_0_1790610022,DQN_PER,0,1322,66816,3.90,0,0.0100,0.00169,88.0
DQN_PER_seed_0_1790610022,DQN_PER,0,1323,66866,3.90,0,0.0100,0.00142,88.0
DQN_PER_seed_0_1790610022,DQN_PER,0,1324,66916,3.90,0,0.0100,0.00166,88.1
DQN_PER_seed_0_1790610022,DQN_PER,0,1325,66966,3.90,0,0.0100,0.00130,88.2
DQN_PER_seed_0_1790610022,DQN_PER,0,1326,67016,3.90,0,0.0100,0.00233,88.3
DQN_PER_seed_0_1790610022,DQN_PER,0,1327,67066,3.90,0,0.0100,0.00532,88.3
DQN_PER_seed_0_1790610022,DQN_PER,0,1328,67116,3.90,0,0.0100,0.00378,88.4
DQN_PER_seed_0_1790610022,DQN_PER,0,1329,67166,3.90,0,0.0100,0.00165,88.5
DQN_PER_seed_0_1790610022,DQN_PER,0,1330,67216,3.90,0,0.0100,0.00167,88.5
DQN_PER_seed_0_1790610022,DQN_PER,0,1331,67266,3.90,0,0.0100,0.00288,88.6
DQN_PER_seed_0_1790610022,DQN_PER,0,1332,67316,3.90,0,0.0100,0.00198,88.7
DQN_PER_seed_0_1790610022,DQN_PER,0,1333,67366,3.90,0,0.0100,0.00156,88.7
DQN_PER_seed_0_1790610022,DQN_PER,0,1334,67416,3.90,0,0.0100,0.00252,88.8
DQN_PER_seed_0_1790610022,DQN_PER,0,1335,67466,3.90,0,0.0100,0.00372,88.9
DQN_PER_seed_0_1790610022,DQN_PER,0,1336,67516,3.90,0,0.0100,0.00240,89.0
DQN_PER_seed_0_1790610022,DQN_PER,0,1337,67566,3.90,0,0.0100,0.00140,89.0
DQN_PER_seed_0_1790610022,DQN_PER,0,1338,67616,3.90,0,0.0100,0.00154,89.1
DQN_PER_seed_0_1790610022,DQN_PER,0,1339,67666,3.90,0,0.0100,0.00182,89.2
DQN_PER_seed_0_1790610022,DQN_PER,0,1340,67716,3.90,0,0.0100,0.00186,89.2
DQN_PER_seed_0_1790610022,DQN_PER,0,1341,67766,3.90,0,0.0100,0.00137,89.3
DQN_PER_seed_0_1790610022,DQN_PER,0,1342,67816,3.90,0,0.0100,0.00139,89.4
DQN_PER_seed_0_1790610022,DQN_PER,0,1343,67866,3.90,0,0.0100,0.00119,89.5
DQN_PER_seed_0_1790610022,DQN_PER,0,1344,67916,3.90,0,0.0100,0.00366,89.5
DQN_PER_seed_0_1790610022,DQN_PER,0,1345,67966,3.90,0,0.0100,0.00432,89.6
DQN_PER_seed_0_1790610022,DQN_PER,0,1346,68016,3.90,0,0.0100,0.00269,89.7
DQN_PER_seed_0_1790610022,DQN_PER,0,1347,68066,3.90,0,0.0100,0.00186,89.7
DQN_PER_seed_0_1790610022,DQN_PER,0,1348,68116,3.90,0,0.0100,0.00203,89.8
DQN_PER_seed_0_1790610022,DQN_PER,0,1349,68166,3.90,0,0.0100,0.00336,89.9
DQN_PER_seed_0_1790610022,DQN_PER,0,1350,68216,3.90,0,0.0100,0.00164,90.0
DQN_PER_seed_0_1790610022,DQN_PER,0,1351,68266,3.90,0,0.0100,0.00158,90.0
DQN_PER_seed_0_1790610022,DQN_PER,0,1352,68316,3.90,0,0.0100,0.00134,90.1
DQN_PER_seed_0_1790610022,DQN_PER,0,1353,68366,3.90,0,0.0100,0.00140,90.2
DQN_PER_seed_0_1790610022,DQN_PER,0,1354,68416,3.90,0,0.0100,0.00197,90.2
DQN_PER_seed_0_1790610022,DQN_PER,0,1355,68466,3.90,0,0.0100,0.00128,90.3
DQN_PER_seed_0_1790610022,DQN_PER,0,1356,68516,3.90,0,0.0100,0.00137,90.4
DQN_PER_seed_0_1790610022,DQN_PER,0,1357,68566,3.90,0,0.0100,0.00121,90.5
DQN_PER_seed_0_1790610022,DQN_PER,0,1358,68616,3.90,0,0.0100,0.00170,90.5
DQN_PER_seed_0_1790610022,DQN_PER,0,1359,68666,3.90,0,0.0100,0.00264,90.6
DQN_PER_seed_0_1790610022,DQN_PER,0,1360,68716,3.90,0,0.0100,0.00170,90.7
DQN_PER_seed_0_1790610022,DQN_PER,0,1361,68766,3.90,0,0.0100,0.00118,90.7
DQN_PER_seed_0_1790610022,DQN_PER,0,1362,68816,3.90,0,0.0100,0.00252,90.8
DQN_PER_seed_0_1790610022,DQN_PER,0,1363,68866,3.90,0,0.0100,0.00181,90.9
DQN_PER_seed_0_1790610022,DQN_PER,0,1364,68916,3.90,0,0.0100,0.00135,91.0
DQN_PER_seed_0_1790610022,DQN_PER,0,1365,68966,3.90,0,0.0100,0.00174,91.0
DQN_PER_seed_0_1790610022,DQN_PER,0,1366,69016,3.90,0,0.0100,0.00242,91.1
DQN_PER_seed_0_1790610022,DQN_PER,0,1367,69066,3.90,0,0.0100,0.00355,91.2
DQN_PER_seed_0_1790610022,DQN_PER,0,1368,69116,3.90,0,0.0100,0.00229,91.2
DQN_PER_seed_0_1790610022,DQN_PER,0,1369,69166,1.50,0,0.0100,0.00198,91.3
DQN_PER_seed_0_1790610022,DQN_PER,0,1370,69216,3.90,0,0.0100,0.00223,91.4
DQN_PER_seed_0_1790610022,DQN_PER,0,1371,69266,3.90,0,0.0100,0.00144,91.5
DQN_PER_seed_0_1790610022,DQN_PER,0,1372,69316,3.90,0,0.0100,0.00146,91.5
DQN_PER_seed_0_1790610022,DQN_PER,0,1373,69366,3.90,0,0.0100,0.00123,91.6
DQN_PER_seed_0_1790610022,DQN_PER,0,1374,69416,3.90,0,0.0100,0.00136,91.7
DQN_PER_seed_0_1790610022,DQN_PER,0,1375,69466,3.90,0,0.0100,0.00188,91.7
DQN_PER_seed_0_1790610022,DQN_PER,0,1376,69516,3.90,0,0.0100,0.00279,91.8
DQN_PER_seed_0_1790610022,DQN_PER,0,1377,69566,3.90,0,0.0100,0.00115,91.9
DQN_PER_seed_0_1790610022,DQN_PER,0,1378,69616,3.90,0,0.0100,0.00127,92.0
DQN_PER_seed_0_1790610022,DQN_PER,0,1379,69666,3.90,0,0.0100,0.00146,92.0
DQN_PER_seed_0_1790610022,DQN_PER,0,1380,69716,3.90,0,0.0100,0.00348,92.1
DQN_PER_seed_0_1790610022,DQN_PER,0,1381,69766,3.90,0,0.0100,0.00267,92.2
DQN_PER_seed_0_1790610022,DQN_PER,0,1382,69816,3.90,0,0.0100,0.00230,92.3
DQN_PER_seed_0_1790610022,DQN_PER,0,1383,69866,3.90,0,0.0100,0.00145,92.3
DQN_PER_seed_0_1790610022,DQN_PER,0,1384,69916,3.90,0,0.0100,0.00158,92.4
DQN_PER_seed_0_1790610022,DQN_PER,0,1385,69966,3.90,0,0.0100,0.00205,92.5
DQN_PER_seed_0_1790610022,DQN_PER,0,1386,70016,3.90,0,0.0100,0.00331,92.6
DQN_PER_seed_0_1790610022,DQN_PER,0,1387,70066,3.90,0,0.0100,0.00288,92.7
DQN_PER_seed_0_1790610022,DQN_PER,0,1388,70116,3.90,0,0.0100,0.00126,92.8
DQN_PER_seed_0_1790610022,DQN_PER,0,1389,70166,3.90,0,0.0100,0.00131,92.8
DQN_PER_seed_0_1790610022,DQN_PER,0,1390,70227,5.00,1,0.0100,0.00150,92.9
DQN_PER_seed_0_1790610022,DQN_PER,0,1391,70277,3.90,0,0.0100,0.00186,93.0
DQN_PER_seed_0_1790610022,DQN_PER,0,1392,70333,4.50,0,0.0100,0.00172,93.1
DQN_PER_seed_0_1790610022,DQN_PER,0,1393,70383,3.90,0,0.0100,0.00150,93.2
DQN_PER_seed_0_1790610022,DQN_PER,0,1394,70433,3.90,0,0.0100,0.00140,93.2
DQN_PER_seed_0_1790610022,DQN_PER,0,1395,70483,3.90,0,0.0100,0.00164,93.3
DQN_PER_seed_0_1790610022,DQN_PER,0,1396,70534,4.00,0,0.0100,0.00130,93.4
DQN_PER_seed_0_1790610022,DQN_PER,0,1397,70584,3.90,0,0.0100,0.00163,93.4
DQN_PER_seed_0_1790610022,DQN_PER,0,1398,70634,3.90,0,0.0100,0.00238,93.5
DQN_PER_seed_0_1790610022,DQN_PER,0,1399,70694,4.90,0,0.0100,0.00122,93.6
DQN_PER_seed_0_1790610022,DQN_PER,0,1400,70744,3.90,0,0.0100,0.00211,93.7
DQN_PER_seed_0_1790610022,DQN_PER,0,1401,70794,3.90,0,0.0100,0.00139,93.7
DQN_PER_seed_0_1790610022,DQN_PER,0,1402,70854,4.90,0,0.0100,0.00121,93.8
DQN_PER_seed_0_1790610022,DQN_PER,0,1403,70912,4.70,0,0.0100,0.00145,93.9
DQN_PER_seed_0_1790610022,DQN_PER,0,1404,70962,3.90,0,0.0100,0.00334,94.0
DQN_PER_seed_0_1790610022,DQN_PER,0,1405,71024,6.00,1,0.0100,0.00259,94.1
DQN_PER_seed_0_1790610022,DQN_PER,0,1406,71074,3.90,0,0.0100,0.00133,94.1
DQN_PER_seed_0_1790610022,DQN_PER,0,1407,71124,3.90,0,0.0100,0.00152,94.2
DQN_PER_seed_0_1790610022,DQN_PER,0,1408,71174,3.90,0,0.0100,0.00149,94.3
DQN_PER_seed_0_1790610022,DQN_PER,0,1409,71224,3.90,0,0.0100,0.00314,94.4
DQN_PER_seed_0_1790610022,DQN_PER,0,1410,71274,3.90,0,0.0100,0.00165,94.4
DQN_PER_seed_0_1790610022,DQN_PER,0,1411,71324,3.90,0,0.0100,0.00142,94.5
DQN_PER_seed_0_1790610022,DQN_PER,0,1412,71374,3.90,0,0.0100,0.00175,94.6
DQN_PER_seed_0_1790610022,DQN_PER,0,1413,71424,3.90,0,0.0100,0.00114,94.6
DQN_PER_seed_0_1790610022,DQN_PER,0,1414,71482,4.70,0,0.0100,0.00099,94.7
DQN_PER_seed_0_1790610022,DQN_PER,0,1415,71532,3.90,0,0.0100,0.00146,94.8
DQN_PER_seed_0_1790610022,DQN_PER,0,1416,71593,5.00,1,0.0100,0.00122,94.9
DQN_PER_seed_0_1790610022,DQN_PER,0,1417,71649,4.50,0,0.0100,0.00324,95.0
DQN_PER_seed_0_1790610022,DQN_PER,0,1418,71709,4.90,0,0.0100,0.00176,95.1
DQN_PER_seed_0_1790610022,DQN_PER,0,1419,71759,3.90,0,0.0100,0.00276,95.1
DQN_PER_seed_0_1790610022,DQN_PER,0,1420,71809,3.90,0,0.0100,0.00130,95.2
DQN_PER_seed_0_1790610022,DQN_PER,0,1421,71860,4.00,0,0.0100,0.00233,95.3
DQN_PER_seed_0_1790610022,DQN_PER,0,1422,71910,3.90,0,0.0100,0.00124,95.3
DQN_PER_seed_0_1790610022,DQN_PER,0,1423,71960,3.90,0,0.0100,0.00118,95.4
DQN_PER_seed_0_1790610022,DQN_PER,0,1424,72010,3.90,0,0.0100,0.00206,95.5
DQN_PER_seed_0_1790610022,DQN_PER,0,1425,72060,3.90,0,0.0100,0.00256,95.6
DQN_PER_seed_0_1790610022,DQN_PER,0,1426,72113,4.20,0,0.0100,0.00762,95.6
DQN_PER_seed_0_1790610022,DQN_PER,0,1427,72169,4.50,0,0.0100,0.00204,95.7
DQN_PER_seed_0_1790610022,DQN_PER,0,1428,72219,3.90,0,0.0100,0.00116,95.8
DQN_PER_seed_0_1790610022,DQN_PER,0,1429,72269,3.90,0,0.0100,0.00150,95.9
DQN_PER_seed_0_1790610022,DQN_PER,0,1430,72319,3.90,0,0.0100,0.00121,95.9
DQN_PER_seed_0_1790610022,DQN_PER,0,1431,72376,4.60,0,0.0100,0.00143,96.0
DQN_PER_seed_0_1790610022,DQN_PER,0,1432,72426,3.90,0,0.0100,0.00206,96.1
DQN_PER_seed_0_1790610022,DQN_PER,0,1433,72476,3.90,0,0.0100,0.00542,96.2
DQN_PER_seed_0_1790610022,DQN_PER,0,1434,72526,3.90,0,0.0100,0.00361,96.2
DQN_PER_seed_0_1790610022,DQN_PER,0,1435,72576,3.90,0,0.0100,0.00140,96.3
DQN_PER_seed_0_1790610022,DQN_PER,0,1436,72626,3.90,0,0.0100,0.00116,96.4
DQN_PER_seed_0_1790610022,DQN_PER,0,1437,72676,3.90,0,0.0100,0.00124,96.5
DQN_PER_seed_0_1790610022,DQN_PER,0,1438,72726,3.90,0,0.0100,0.00093,96.5
DQN_PER_seed_0_1790610022,DQN_PER,0,1439,72776,3.90,0,0.0100,0.00122,96.6
DQN_PER_seed_0_1790610022,DQN_PER,0,1440,72826,3.90,0,0.0100,0.00143,96.7
DQN_PER_seed_0_1790610022,DQN_PER,0,1441,72876,0.30,0,0.0100,0.00129,96.7
DQN_PER_seed_0_1790610022,DQN_PER,0,1442,72933,4.60,0,0.0100,0.00156,96.8
DQN_PER_seed_0_1790610022,DQN_PER,0,1443,72983,3.90,0,0.0100,0.00135,96.9
DQN_PER_seed_0_1790610022,DQN_PER,0,1444,73033,3.90,0,0.0100,0.00300,97.0
DQN_PER_seed_0_1790610022,DQN_PER,0,1445,73090,4.60,0,0.0100,0.00117,97.1
DQN_PER_seed_0_1790610022,DQN_PER,0,1446,73141,4.00,0,0.0100,0.00104,97.1
DQN_PER_seed_0_1790610022,DQN_PER,0,1447,73191,3.90,0,0.0100,0.00107,97.2
DQN_PER_seed_0_1790610022,DQN_PER,0,1448,73241,3.90,0,0.0100,0.00129,97.3
DQN_PER_seed_0_1790610022,DQN_PER,0,1449,73299,4.70,0,0.0100,0.00174,97.4
DQN_PER_seed_0_1790610022,DQN_PER,0,1450,73349,3.90,0,0.0100,0.00176,97.4
DQN_PER_seed_0_1790610022,DQN_PER,0,1451,73405,4.50,0,0.0100,0.00189,97.5
DQN_PER_seed_0_1790610022,DQN_PER,0,1452,73455,3.90,0,0.0100,0.00185,97.6
DQN_PER_seed_0_1790610022,DQN_PER,0,1453,73505,3.90,0,0.0100,0.00198,97.7
DQN_PER_seed_0_1790610022,DQN_PER,0,1454,73555,3.90,0,0.0100,0.00187,97.7
DQN_PER_seed_0_1790610022,DQN_PER,0,1455,73605,3.90,0,0.0100,0.00157,97.8
DQN_PER_seed_0_1790610022,DQN_PER,0,1456,73660,4.40,0,0.0100,0.00169,97.9
DQN_PER_seed_0_1790610022,DQN_PER,0,1457,73711,4.00,0,0.0100,0.00179,98.0
DQN_PER_seed_0_1790610022,DQN_PER,0,1458,73761,3.90,0,0.0100,0.00129,98.0
DQN_PER_seed_0_1790610022,DQN_PER,0,1459,73811,3.90,0,0.0100,0.00166,98.1
DQN_PER_seed_0_1790610022,DQN_PER,0,1460,73861,-4.50,0,0.0100,0.00560,98.2
DQN_PER_seed_0_1790610022,DQN_PER,0,1461,73917,4.50,0,0.0100,0.00445,98.3
DQN_PER_seed_0_1790610022,DQN_PER,0,1462,73967,3.90,0,0.0100,0.00250,98.3
DQN_PER_seed_0_1790610022,DQN_PER,0,1463,74017,3.90,0,0.0100,0.00478,98.4
DQN_PER_seed_0_1790610022,DQN_PER,0,1464,74072,4.40,0,0.0100,0.00828,98.5
DQN_PER_seed_0_1790610022,DQN_PER,0,1465,74122,3.90,0,0.0100,0.00245,98.6
DQN_PER_seed_0_1790610022,DQN_PER,0,1466,74177,4.40,0,0.0100,0.00112,98.6
DQN_PER_seed_0_1790610022,DQN_PER,0,1467,74234,4.60,0,0.0100,0.00128,98.7
DQN_PER_seed_0_1790610022,DQN_PER,0,1468,74284,-7.50,0,0.0100,0.00151,98.8
DQN_PER_seed_0_1790610022,DQN_PER,0,1469,74342,4.70,0,0.0100,0.00115,98.9
DQN_PER_seed_0_1790610022,DQN_PER,0,1470,74392,3.90,0,0.0100,0.00127,98.9
DQN_PER_seed_0_1790610022,DQN_PER,0,1471,74442,3.90,0,0.0100,0.00125,99.0
DQN_PER_seed_0_1790610022,DQN_PER,0,1472,74495,4.20,0,0.0100,0.00143,99.1
DQN_PER_seed_0_1790610022,DQN_PER,0,1473,74548,4.20,0,0.0100,0.00100,99.2
DQN_PER_seed_0_1790610022,DQN_PER,0,1474,74598,3.90,0,0.0100,0.00133,99.2
DQN_PER_seed_0_1790610022,DQN_PER,0,1475,74655,4.60,0,0.0100,0.00124,99.3
DQN_PER_seed_0_1790610022,DQN_PER,0,1476,74705,3.90,0,0.0100,0.00126,99.4
DQN_PER_seed_0_1790610022,DQN_PER,0,1477,74755,3.90,0,0.0100,0.00179,99.5
DQN_PER_seed_0_1790610022,DQN_PER,0,1478,74805,3.90,0,0.0100,0.00152,99.5
DQN_PER_seed_0_1790610022,DQN_PER,0,1479,74855,3.90,0,0.0100,0.00201,99.6
DQN_PER_seed_0_1790610022,DQN_PER,0,1480,74905,-6.30,0,0.0100,0.00137,99.7
DQN_PER_seed_0_1790610022,DQN_PER,0,1481,74955,3.90,0,0.0100,0.00202,99.8
DQN_PER_seed_0_1790610022,DQN_PER,0,1482,75014,4.80,0,0.0100,0.00308,100.0
DQN_PER_seed_0_1790610022,DQN_PER,0,1483,75064,3.90,0,0.0100,0.00598,100.0
DQN_PER_seed_0_1790610022,DQN_PER,0,1484,75114,3.90,0,0.0100,0.00145,100.1
DQN_PER_seed_0_1790610022,DQN_PER,0,1485,75173,4.80,0,0.0100,0.00162,100.2
DQN_PER_seed_0_1790610022,DQN_PER,0,1486,75223,3.90,0,0.0100,0.00114,100.3
DQN_PER_seed_0_1790610022,DQN_PER,0,1487,75273,3.90,0,0.0100,0.00140,100.3
DQN_PER_seed_0_1790610022,DQN_PER,0,1488,75334,5.00,1,0.0100,0.00146,100.4
DQN_PER_seed_0_1790610022,DQN_PER,0,1489,75392,4.70,0,0.0100,0.00204,100.5
DQN_PER_seed_0_1790610022,DQN_PER,0,1490,75451,4.80,0,0.0100,0.00131,100.6
DQN_PER_seed_0_1790610022,DQN_PER,0,1491,75501,3.90,0,0.0100,0.00134,100.7
DQN_PER_seed_0_1790610022,DQN_PER,0,1492,75558,4.60,0,0.0100,0.00157,100.7
DQN_PER_seed_0_1790610022,DQN_PER,0,1493,75608,3.90,0,0.0100,0.00160,100.8
DQN_PER_seed_0_1790610022,DQN_PER,0,1494,75658,3.90,0,0.0100,0.00187,100.9
DQN_PER_seed_0_1790610022,DQN_PER,0,1495,75708,3.90,0,0.0100,0.00202,101.0
DQN_PER_seed_0_1790610022,DQN_PER,0,1496,75769,5.00,1,0.0100,0.00119,101.1
DQN_PER_seed_0_1790610022,DQN_PER,0,1497,75829,4.90,0,0.0100,0.00143,101.1
DQN_PER_seed_0_1790610022,DQN_PER,0,1498,75879,3.90,0,0.0100,0.00191,101.2
DQN_PER_seed_0_1790610022,DQN_PER,0,1499,75937,4.70,0,0.0100,0.00118,101.3
DQN_PER_seed_0_1790610022,DQN_PER,0,1500,75992,4.40,0,0.0100,0.00108,101.4
DQN_PER_seed_0_1790610022,DQN_PER,0,1501,76043,4.00,0,0.0100,0.00317,101.5
DQN_PER_seed_0_1790610022,DQN_PER,0,1502,76093,3.90,0,0.0100,0.00137,101.5
DQN_PER_seed_0_1790610022,DQN_PER,0,1503,76143,3.90,0,0.0100,0.00117,101.6
DQN_PER_seed_0_1790610022,DQN_PER,0,1504,76197,4.30,0,0.0100,0.00142,101.7
DQN_PER_seed_0_1790610022,DQN_PER,0,1505,76247,3.90,0,0.0100,0.00119,101.8
DQN_PER_seed_0_1790610022,DQN_PER,0,1506,76300,4.20,0,0.0100,0.00103,101.8
DQN_PER_seed_0_1790610022,DQN_PER,0,1507,76353,4.20,0,0.0100,0.00146,101.9
DQN_PER_seed_0_1790610022,DQN_PER,0,1508,76403,3.90,0,0.0100,0.00183,102.0
DQN_PER_seed_0_1790610022,DQN_PER,0,1509,76453,3.90,0,0.0100,0.00123,102.1
DQN_PER_seed_0_1790610022,DQN_PER,0,1510,76503,3.90,0,0.0100,0.00102,102.1
DQN_PER_seed_0_1790610022,DQN_PER,0,1511,76553,3.90,0,0.0100,0.00144,102.2
DQN_PER_seed_0_1790610022,DQN_PER,0,1512,76603,3.90,0,0.0100,0.00161,102.3
DQN_PER_seed_0_1790610022,DQN_PER,0,1513,76653,-4.50,0,0.0100,0.00143,102.3
DQN_PER_seed_0_1790610022,DQN_PER,0,1514,76711,4.70,0,0.0100,0.00141,102.4
DQN_PER_seed_0_1790610022,DQN_PER,0,1515,76761,3.90,0,0.0100,0.00155,102.5
DQN_PER_seed_0_1790610022,DQN_PER,0,1516,76811,3.90,0,0.0100,0.00150,102.6
DQN_PER_seed_0_1790610022,DQN_PER,0,1517,76870,4.80,0,0.0100,0.00173,102.7
DQN_PER_seed_0_1790610022,DQN_PER,0,1518,76920,3.90,0,0.0100,0.00128,102.7
DQN_PER_seed_0_1790610022,DQN_PER,0,1519,76970,3.90,0,0.0100,0.00238,102.8
DQN_PER_seed_0_1790610022,DQN_PER,0,1520,77020,3.90,0,0.0100,0.00331,102.9
DQN_PER_seed_0_1790610022,DQN_PER,0,1521,77076,4.50,0,0.0100,0.00192,103.0
DQN_PER_seed_0_1790610022,DQN_PER,0,1522,77131,4.40,0,0.0100,0.00287,103.0
DQN_PER_seed_0_1790610022,DQN_PER,0,1523,77190,4.80,0,0.0100,0.00287,103.1
DQN_PER_seed_0_1790610022,DQN_PER,0,1524,77241,4.00,0,0.0100,0.00238,103.2
DQN_PER_seed_0_1790610022,DQN_PER,0,1525,77302,5.00,1,0.0100,0.00188,103.3
DQN_PER_seed_0_1790610022,DQN_PER,0,1526,77354,4.10,0,0.0100,0.00250,103.4
DQN_PER_seed_0_1790610022,DQN_PER,0,1527,77404,3.90,0,0.0100,0.00201,103.4
DQN_PER_seed_0_1790610022,DQN_PER,0,1528,77454,3.90,0,0.0100,0.00143,103.5
DQN_PER_seed_0_1790610022,DQN_PER,0,1529,77506,4.10,0,0.0100,0.00138,103.6
DQN_PER_seed_0_1790610022,DQN_PER,0,1530,77564,4.70,0,0.0100,0.00263,103.7
DQN_PER_seed_0_1790610022,DQN_PER,0,1531,77620,4.50,0,0.0100,0.00299,103.8
DQN_PER_seed_0_1790610022,DQN_PER,0,1532,77679,4.80,0,0.0100,0.00267,103.9
DQN_PER_seed_0_1790610022,DQN_PER,0,1533,77729,3.90,0,0.0100,0.00240,103.9
DQN_PER_seed_0_1790610022,DQN_PER,0,1534,77784,4.40,0,0.0100,0.00133,104.0
DQN_PER_seed_0_1790610022,DQN_PER,0,1535,77844,4.90,0,0.0100,0.00127,104.1
DQN_PER_seed_0_1790610022,DQN_PER,0,1536,77899,4.40,0,0.0100,0.00112,104.2
DQN_PER_seed_0_1790610022,DQN_PER,0,1537,77950,4.00,0,0.0100,0.00188,104.2
DQN_PER_seed_0_1790610022,DQN_PER,0,1538,78000,3.90,0,0.0100,0.00185,104.3
DQN_PER_seed_0_1790610022,DQN_PER,0,1539,78052,4.10,0,0.0100,0.00315,104.4
DQN_PER_seed_0_1790610022,DQN_PER,0,1540,78107,4.40,0,0.0100,0.00153,104.5
DQN_PER_seed_0_1790610022,DQN_PER,0,1541,78162,4.40,0,0.0100,0.00135,104.6
DQN_PER_seed_0_1790610022,DQN_PER,0,1542,78215,4.20,0,0.0100,0.00128,104.6
DQN_PER_seed_0_1790610022,DQN_PER,0,1543,78272,4.60,0,0.0100,0.00163,104.7
DQN_PER_seed_0_1790610022,DQN_PER,0,1544,78322,3.90,0,0.0100,0.00195,104.8
DQN_PER_seed_0_1790610022,DQN_PER,0,1545,78378,4.50,0,0.0100,0.00406,104.9
DQN_PER_seed_0_1790610022,DQN_PER,0,1546,78433,4.40,0,0.0100,0.00193,105.0
DQN_PER_seed_0_1790610022,DQN_PER,0,1547,78486,4.20,0,0.0100,0.00146,105.0
DQN_PER_seed_0_1790610022,DQN_PER,0,1548,78544,4.70,0,0.0100,0.00108,105.1
DQN_PER_seed_0_1790610022,DQN_PER,0,1549,78601,4.60,0,0.0100,0.00099,105.2
DQN_PER_seed_0_1790610022,DQN_PER,0,1550,78660,4.80,0,0.0100,0.00261,105.3
DQN_PER_seed_0_1790610022,DQN_PER,0,1551,78715,4.40,0,0.0100,0.00187,105.4
DQN_PER_seed_0_1790610022,DQN_PER,0,1552,78765,3.90,0,0.0100,0.00140,105.4
DQN_PER_seed_0_1790610022,DQN_PER,0,1553,78822,4.60,0,0.0100,0.00130,105.5
DQN_PER_seed_0_1790610022,DQN_PER,0,1554,78876,4.30,0,0.0100,0.00225,105.6
DQN_PER_seed_0_1790610022,DQN_PER,0,1555,78926,3.90,0,0.0100,0.00145,105.7
DQN_PER_seed_0_1790610022,DQN_PER,0,1556,78984,4.70,0,0.0100,0.00115,105.8
DQN_PER_seed_0_1790610022,DQN_PER,0,1557,79040,4.50,0,0.0100,0.00389,105.8
DQN_PER_seed_0_1790610022,DQN_PER,0,1558,79096,4.50,0,0.0100,0.00245,105.9
DQN_PER_seed_0_1790610022,DQN_PER,0,1559,79152,4.50,0,0.0100,0.00133,106.0
DQN_PER_seed_0_1790610022,DQN_PER,0,1560,79206,4.30,0,0.0100,0.00115,106.1
DQN_PER_seed_0_1790610022,DQN_PER,0,1561,79262,4.50,0,0.0100,0.00093,106.2
DQN_PER_seed_0_1790610022,DQN_PER,0,1562,79320,4.70,0,0.0100,0.00104,106.3
DQN_PER_seed_0_1790610022,DQN_PER,0,1563,79373,4.20,0,0.0100,0.00089,106.3
DQN_PER_seed_0_1790610022,DQN_PER,0,1564,79428,4.40,0,0.0100,0.00099,106.4
DQN_PER_seed_0_1790610022,DQN_PER,0,1565,79481,4.20,0,0.0100,0.00114,106.5
DQN_PER_seed_0_1790610022,DQN_PER,0,1566,79531,3.90,0,0.0100,0.00093,106.6
DQN_PER_seed_0_1790610022,DQN_PER,0,1567,79581,3.90,0,0.0100,0.00099,106.6
DQN_PER_seed_0_1790610022,DQN_PER,0,1568,79633,4.10,0,0.0100,0.00162,106.7
DQN_PER_seed_0_1790610022,DQN_PER,0,1569,79683,3.90,0,0.0100,0.00251,106.8
DQN_PER_seed_0_1790610022,DQN_PER,0,1570,79740,4.60,0,0.0100,0.00123,106.9
DQN_PER_seed_0_1790610022,DQN_PER,0,1571,79796,4.50,0,0.0100,0.00142,107.0
DQN_PER_seed_0_1790610022,DQN_PER,0,1572,79846,3.90,0,0.0100,0.00148,107.0
DQN_PER_seed_0_1790610022,DQN_PER,0,1573,79902,4.50,0,0.0100,0.00112,107.1
DQN_PER_seed_0_1790610022,DQN_PER,0,1574,79958,4.50,0,0.0100,0.00102,107.2
DQN_PER_seed_0_1790610022,DQN_PER,0,1575,80014,4.50,0,0.0100,0.00180,107.4
DQN_PER_seed_0_1790610022,DQN_PER,0,1576,80070,4.50,0,0.0100,0.00276,107.5
DQN_PER_seed_0_1790610022,DQN_PER,0,1577,80124,4.30,0,0.0100,0.00187,107.5
DQN_PER_seed_0_1790610022,DQN_PER,0,1578,80178,4.30,0,0.0100,0.00183,107.6
DQN_PER_seed_0_1790610022,DQN_PER,0,1579,80235,4.60,0,0.0100,0.00123,107.7
DQN_PER_seed_0_1790610022,DQN_PER,0,1580,80286,4.00,0,0.0100,0.00118,107.8
DQN_PER_seed_0_1790610022,DQN_PER,0,1581,80336,3.90,0,0.0100,0.00223,107.9
DQN_PER_seed_0_1790610022,DQN_PER,0,1582,80387,4.00,0,0.0100,0.00162,107.9
DQN_PER_seed_0_1790610022,DQN_PER,0,1583,80446,4.80,0,0.0100,0.00149,108.0
DQN_PER_seed_0_1790610022,DQN_PER,0,1584,80497,4.00,0,0.0100,0.00084,108.1
DQN_PER_seed_0_1790610022,DQN_PER,0,1585,80552,4.40,0,0.0100,0.00131,108.2
DQN_PER_seed_0_1790610022,DQN_PER,0,1586,80602,3.90,0,0.0100,0.00152,108.2
DQN_PER_seed_0_1790610022,DQN_PER,0,1587,80657,4.40,0,0.0100,0.00138,108.3
DQN_PER_seed_0_1790610022,DQN_PER,0,1588,80707,3.90,0,0.0100,0.00106,108.4
DQN_PER_seed_0_1790610022,DQN_PER,0,1589,80757,3.90,0,0.0100,0.00098,108.5
DQN_PER_seed_0_1790610022,DQN_PER,0,1590,80807,3.90,0,0.0100,0.00110,108.5
DQN_PER_seed_0_1790610022,DQN_PER,0,1591,80861,4.30,0,0.0100,0.00118,108.6
DQN_PER_seed_0_1790610022,DQN_PER,0,1592,80919,4.70,0,0.0100,0.00111,108.7
DQN_PER_seed_0_1790610022,DQN_PER,0,1593,80977,4.70,0,0.0100,0.00124,108.8
DQN_PER_seed_0_1790610022,DQN_PER,0,1594,81027,3.90,0,0.0100,0.00312,108.9
DQN_PER_seed_0_1790610022,DQN_PER,0,1595,81087,4.90,0,0.0100,0.00208,109.0
DQN_PER_seed_0_1790610022,DQN_PER,0,1596,81146,4.80,0,0.0100,0.00189,109.0
DQN_PER_seed_0_1790610022,DQN_PER,0,1597,81205,4.80,0,0.0100,0.00138,109.1
DQN_PER_seed_0_1790610022,DQN_PER,0,1598,81256,4.00,0,0.0100,0.00110,109.2
DQN_PER_seed_0_1790610022,DQN_PER,0,1599,81314,4.70,0,0.0100,0.00160,109.3
DQN_PER_seed_0_1790610022,DQN_PER,0,1600,81368,4.30,0,0.0100,0.00081,109.4
DQN_PER_seed_0_1790610022,DQN_PER,0,1601,81419,4.00,0,0.0100,0.00102,109.4
DQN_PER_seed_0_1790610022,DQN_PER,0,1602,81473,4.30,0,0.0100,0.00084,109.5
DQN_PER_seed_0_1790610022,DQN_PER,0,1603,81530,4.60,0,0.0100,0.00079,109.6
DQN_PER_seed_0_1790610022,DQN_PER,0,1604,81580,3.90,0,0.0100,0.00103,109.7
DQN_PER_seed_0_1790610022,DQN_PER,0,1605,81639,4.80,0,0.0100,0.00132,109.8
DQN_PER_seed_0_1790610022,DQN_PER,0,1606,81696,4.60,0,0.0100,0.00160,109.9
DQN_PER_seed_0_1790610022,DQN_PER,0,1607,81746,3.90,0,0.0100,0.00223,109.9
DQN_PER_seed_0_1790610022,DQN_PER,0,1608,81805,4.80,0,0.0100,0.00253,110.0
DQN_PER_seed_0_1790610022,DQN_PER,0,1609,81865,4.90,0,0.0100,0.00086,110.1
DQN_PER_seed_0_1790610022,DQN_PER,0,1610,81926,5.00,1,0.0100,0.00248,110.2
DQN_PER_seed_0_1790610022,DQN_PER,0,1611,81983,4.60,0,0.0100,0.00339,110.3
DQN_PER_seed_0_1790610022,DQN_PER,0,1612,82041,4.70,0,0.0100,0.00268,110.4
DQN_PER_seed_0_1790610022,DQN_PER,0,1613,82092,4.00,0,0.0100,0.00120,110.4
DQN_PER_seed_0_1790610022,DQN_PER,0,1614,82142,3.90,0,0.0100,0.00084,110.5
DQN_PER_seed_0_1790610022,DQN_PER,0,1615,82194,4.10,0,0.0100,0.00092,110.6
DQN_PER_seed_0_1790610022,DQN_PER,0,1616,82244,3.90,0,0.0100,0.00123,110.7
DQN_PER_seed_0_1790610022,DQN_PER,0,1617,82295,4.00,0,0.0100,0.00086,110.7
DQN_PER_seed_0_1790610022,DQN_PER,0,1618,82345,3.90,0,0.0100,0.00093,110.8
DQN_PER_seed_0_1790610022,DQN_PER,0,1619,82395,3.90,0,0.0100,0.00095,110.9
DQN_PER_seed_0_1790610022,DQN_PER,0,1620,82445,3.90,0,0.0100,0.00087,111.0
DQN_PER_seed_0_1790610022,DQN_PER,0,1621,82495,3.90,0,0.0100,0.00129,111.0
DQN_PER_seed_0_1790610022,DQN_PER,0,1622,82545,3.90,0,0.0100,0.00079,111.1
DQN_PER_seed_0_1790610022,DQN_PER,0,1623,82595,3.90,0,0.0100,0.00104,111.2
DQN_PER_seed_0_1790610022,DQN_PER,0,1624,82645,3.90,0,0.0100,0.00106,111.2
DQN_PER_seed_0_1790610022,DQN_PER,0,1625,82695,3.90,0,0.0100,0.00103,111.3
DQN_PER_seed_0_1790610022,DQN_PER,0,1626,82745,3.90,0,0.0100,0.00116,111.4
DQN_PER_seed_0_1790610022,DQN_PER,0,1627,82801,4.50,0,0.0100,0.00107,111.5
DQN_PER_seed_0_1790610022,DQN_PER,0,1628,82853,4.10,0,0.0100,0.00106,111.6
DQN_PER_seed_0_1790610022,DQN_PER,0,1629,82905,4.10,0,0.0100,0.00189,111.6
DQN_PER_seed_0_1790610022,DQN_PER,0,1630,82955,3.90,0,0.0100,0.00194,111.7
DQN_PER_seed_0_1790610022,DQN_PER,0,1631,83005,3.90,0,0.0100,0.00126,111.8
DQN_PER_seed_0_1790610022,DQN_PER,0,1632,83055,3.90,0,0.0100,0.00170,111.9
DQN_PER_seed_0_1790610022,DQN_PER,0,1633,83105,3.90,0,0.0100,0.00231,111.9
DQN_PER_seed_0_1790610022,DQN_PER,0,1634,83155,3.90,0,0.0100,0.00193,112.0
DQN_PER_seed_0_1790610022,DQN_PER,0,1635,83205,3.90,0,0.0100,0.00077,112.1
DQN_PER_seed_0_1790610022,DQN_PER,0,1636,83264,4.80,0,0.0100,0.00123,112.2
DQN_PER_seed_0_1790610022,DQN_PER,0,1637,83314,3.90,0,0.0100,0.00083,112.3
DQN_PER_seed_0_1790610022,DQN_PER,0,1638,83364,3.90,0,0.0100,0.00092,112.3
DQN_PER_seed_0_1790610022,DQN_PER,0,1639,83424,4.90,0,0.0100,0.00139,112.4
DQN_PER_seed_0_1790610022,DQN_PER,0,1640,83474,3.90,0,0.0100,0.00169,112.5
DQN_PER_seed_0_1790610022,DQN_PER,0,1641,83532,4.70,0,0.0100,0.00145,112.6
DQN_PER_seed_0_1790610022,DQN_PER,0,1642,83582,3.90,0,0.0100,0.00073,112.7
DQN_PER_seed_0_1790610022,DQN_PER,0,1643,83632,3.90,0,0.0100,0.00080,112.7
DQN_PER_seed_0_1790610022,DQN_PER,0,1644,83682,3.90,0,0.0100,0.00131,112.8
DQN_PER_seed_0_1790610022,DQN_PER,0,1645,83732,3.90,0,0.0100,0.00121,112.9
DQN_PER_seed_0_1790610022,DQN_PER,0,1646,83783,4.00,0,0.0100,0.00170,112.9
DQN_PER_seed_0_1790610022,DQN_PER,0,1647,83833,3.90,0,0.0100,0.00159,113.0
DQN_PER_seed_0_1790610022,DQN_PER,0,1648,83889,4.50,0,0.0100,0.00117,113.1
DQN_PER_seed_0_1790610022,DQN_PER,0,1649,83939,3.90,0,0.0100,0.00085,113.2
DQN_PER_seed_0_1790610022,DQN_PER,0,1650,83989,3.90,0,0.0100,0.00091,113.3
DQN_PER_seed_0_1790610022,DQN_PER,0,1651,84039,3.90,0,0.0100,0.00187,113.3
DQN_PER_seed_0_1790610022,DQN_PER,0,1652,84089,3.90,0,0.0100,0.00103,113.4
DQN_PER_seed_0_1790610022,DQN_PER,0,1653,84139,3.90,0,0.0100,0.00081,113.5
DQN_PER_seed_0_1790610022,DQN_PER,0,1654,84189,3.90,0,0.0100,0.00113,113.6
DQN_PER_seed_0_1790610022,DQN_PER,0,1655,84239,3.90,0,0.0100,0.00194,113.6
DQN_PER_seed_0_1790610022,DQN_PER,0,1656,84289,3.90,0,0.0100,0.00110,113.7
DQN_PER_seed_0_1790610022,DQN_PER,0,1657,84339,3.90,0,0.0100,0.00101,113.8
DQN_PER_seed_0_1790610022,DQN_PER,0,1658,84389,1.50,0,0.0100,0.00118,113.8
DQN_PER_seed_0_1790610022,DQN_PER,0,1659,84439,-0.90,0,0.0100,0.00100,113.9
DQN_PER_seed_0_1790610022,DQN_PER,0,1660,84489,3.90,0,0.0100,0.00225,114.0
DQN_PER_seed_0_1790610022,DQN_PER,0,1661,84540,4.00,0,0.0100,0.00167,114.1
DQN_PER_seed_0_1790610022,DQN_PER,0,1662,84590,3.90,0,0.0100,0.00092,114.1
DQN_PER_seed_0_1790610022,DQN_PER,0,1663,84640,3.90,0,0.0100,0.00114,114.2
DQN_PER_seed_0_1790610022,DQN_PER,0,1664,84690,-3.30,0,0.0100,0.00104,114.3
DQN_PER_seed_0_1790610022,DQN_PER,0,1665,84740,3.90,0,0.0100,0.00087,114.4
DQN_PER_seed_0_1790610022,DQN_PER,0,1666,84790,3.90,0,0.0100,0.00073,114.4
DQN_PER_seed_0_1790610022,DQN_PER,0,1667,84840,3.90,0,0.0100,0.00089,114.5
DQN_PER_seed_0_1790610022,DQN_PER,0,1668,84899,4.80,0,0.0100,0.00085,114.6
DQN_PER_seed_0_1790610022,DQN_PER,0,1669,84949,3.90,0,0.0100,0.00116,114.7
DQN_PER_seed_0_1790610022,DQN_PER,0,1670,84999,3.90,0,0.0100,0.00093,114.7
DQN_PER_seed_0_1790610022,DQN_PER,0,1671,85049,3.90,0,0.0100,0.00130,114.9
DQN_PER_seed_0_1790610022,DQN_PER,0,1672,85099,3.90,0,0.0100,0.00115,115.0
DQN_PER_seed_0_1790610022,DQN_PER,0,1673,85149,3.90,0,0.0100,0.00100,115.1
DQN_PER_seed_0_1790610022,DQN_PER,0,1674,85201,4.10,0,0.0100,0.00081,115.1
DQN_PER_seed_0_1790610022,DQN_PER,0,1675,85251,3.90,0,0.0100,0.00127,115.2
DQN_PER_seed_0_1790610022,DQN_PER,0,1676,85301,3.90,0,0.0100,0.00100,115.3
DQN_PER_seed_0_1790610022,DQN_PER,0,1677,85351,3.90,0,0.0100,0.00120,115.4
DQN_PER_seed_0_1790610022,DQN_PER,0,1678,85401,3.90,0,0.0100,0.00233,115.4
DQN_PER_seed_0_1790610022,DQN_PER,0,1679,85456,4.40,0,0.0100,0.00142,115.5
DQN_PER_seed_0_1790610022,DQN_PER,0,1680,85506,3.90,0,0.0100,0.00108,115.6
DQN_PER_seed_0_1790610022,DQN_PER,0,1681,85561,4.40,0,0.0100,0.00089,115.7
DQN_PER_seed_0_1790610022,DQN_PER,0,1682,85611,3.90,0,0.0100,0.00088,115.7
DQN_PER_seed_0_1790610022,DQN_PER,0,1683,85666,4.40,0,0.0100,0.00105,115.8
DQN_PER_seed_0_1790610022,DQN_PER,0,1684,85716,3.90,0,0.0100,0.00100,115.9
DQN_PER_seed_0_1790610022,DQN_PER,0,1685,85766,3.90,0,0.0100,0.00097,116.0
DQN_PER_seed_0_1790610022,DQN_PER,0,1686,85822,4.50,0,0.0100,0.00107,116.0
DQN_PER_seed_0_1790610022,DQN_PER,0,1687,85872,3.90,0,0.0100,0.00109,116.1
DQN_PER_seed_0_1790610022,DQN_PER,0,1688,85922,3.90,0,0.0100,0.00606,116.2
DQN_PER_seed_0_1790610022,DQN_PER,0,1689,85983,5.00,1,0.0100,0.00135,116.3
DQN_PER_seed_0_1790610022,DQN_PER,0,1690,86033,3.90,0,0.0100,0.00121,116.4
DQN_PER_seed_0_1790610022,DQN_PER,0,1691,86083,3.90,0,0.0100,0.00076,116.4
DQN_PER_seed_0_1790610022,DQN_PER,0,1692,86133,3.90,0,0.0100,0.00092,116.5
DQN_PER_seed_0_1790610022,DQN_PER,0,1693,86183,3.90,0,0.0100,0.00086,116.6
DQN_PER_seed_0_1790610022,DQN_PER,0,1694,86233,3.90,0,0.0100,0.00080,116.7
DQN_PER_seed_0_1790610022,DQN_PER,0,1695,86283,0.90,0,0.0100,0.00067,116.7
DQN_PER_seed_0_1790610022,DQN_PER,0,1696,86341,4.70,0,0.0100,0.00090,116.8
DQN_PER_seed_0_1790610022,DQN_PER,0,1697,86391,3.90,0,0.0100,0.00099,116.9
DQN_PER_seed_0_1790610022,DQN_PER,0,1698,86450,4.80,0,0.0100,0.00133,117.0
DQN_PER_seed_0_1790610022,DQN_PER,0,1699,86506,4.50,0,0.0100,0.00111,117.1
DQN_PER_seed_0_1790610022,DQN_PER,0,1700,86556,3.90,0,0.0100,0.00076,117.1
DQN_PER_seed_0_1790610022,DQN_PER,0,1701,86613,4.60,0,0.0100,0.00083,117.2
DQN_PER_seed_0_1790610022,DQN_PER,0,1702,86668,4.40,0,0.0100,0.00088,117.3
DQN_PER_seed_0_1790610022,DQN_PER,0,1703,86718,3.90,0,0.0100,0.00099,117.4
DQN_PER_seed_0_1790610022,DQN_PER,0,1704,86773,4.40,0,0.0100,0.00097,117.4
DQN_PER_seed_0_1790610022,DQN_PER,0,1705,86823,3.90,0,0.0100,0.00099,117.5
DQN_PER_seed_0_1790610022,DQN_PER,0,1706,86873,3.90,0,0.0100,0.00087,117.6
DQN_PER_seed_0_1790610022,DQN_PER,0,1707,86923,-2.10,0,0.0100,0.00131,117.7
DQN_PER_seed_0_1790610022,DQN_PER,0,1708,86973,3.90,0,0.0100,0.00155,117.7
DQN_PER_seed_0_1790610022,DQN_PER,0,1709,87023,3.90,0,0.0100,0.00118,117.8
DQN_PER_seed_0_1790610022,DQN_PER,0,1710,87075,4.10,0,0.0100,0.00103,117.9
DQN_PER_seed_0_1790610022,DQN_PER,0,1711,87125,3.90,0,0.0100,0.00084,118.0
DQN_PER_seed_0_1790610022,DQN_PER,0,1712,87175,3.90,0,0.0100,0.00125,118.0
DQN_PER_seed_0_1790610022,DQN_PER,0,1713,87225,3.90,0,0.0100,0.00078,118.1
DQN_PER_seed_0_1790610022,DQN_PER,0,1714,87275,3.90,0,0.0100,0.00105,118.2
DQN_PER_seed_0_1790610022,DQN_PER,0,1715,87336,5.00,1,0.0100,0.00095,118.3
DQN_PER_seed_0_1790610022,DQN_PER,0,1716,87386,3.90,0,0.0100,0.00140,118.4
DQN_PER_seed_0_1790610022,DQN_PER,0,1717,87436,3.90,0,0.0100,0.00084,118.4
DQN_PER_seed_0_1790610022,DQN_PER,0,1718,87486,3.90,0,0.0100,0.00102,118.5
DQN_PER_seed_0_1790610022,DQN_PER,0,1719,87536,2.70,0,0.0100,0.00160,118.6
DQN_PER_seed_0_1790610022,DQN_PER,0,1720,87592,4.50,0,0.0100,0.00146,118.7
DQN_PER_seed_0_1790610022,DQN_PER,0,1721,87642,3.90,0,0.0100,0.00152,118.7
DQN_PER_seed_0_1790610022,DQN_PER,0,1722,87697,4.40,0,0.0100,0.00091,118.8
DQN_PER_seed_0_1790610022,DQN_PER,0,1723,87750,4.20,0,0.0100,0.00080,118.9
DQN_PER_seed_0_1790610022,DQN_PER,0,1724,87803,4.20,0,0.0100,0.00089,119.0
DQN_PER_seed_0_1790610022,DQN_PER,0,1725,87853,3.90,0,0.0100,0.00080,119.0
DQN_PER_seed_0_1790610022,DQN_PER,0,1726,87904,4.00,0,0.0100,0.00105,119.1
DQN_PER_seed_0_1790610022,DQN_PER,0,1727,87954,3.90,0,0.0100,0.00094,119.2
DQN_PER_seed_0_1790610022,DQN_PER,0,1728,88004,-2.10,0,0.0100,0.00102,119.3
DQN_PER_seed_0_1790610022,DQN_PER,0,1729,88056,4.10,0,0.0100,0.00182,119.3
DQN_PER_seed_0_1790610022,DQN_PER,0,1730,88111,4.40,0,0.0100,0.00089,119.4
DQN_PER_seed_0_1790610022,DQN_PER,0,1731,88164,4.20,0,0.0100,0.00085,119.5
DQN_PER_seed_0_1790610022,DQN_PER,0,1732,88214,3.90,0,0.0100,0.00067,119.6
DQN_PER_seed_0_1790610022,DQN_PER,0,1733,88270,4.50,0,0.0100,0.00084,119.7
DQN_PER_seed_0_1790610022,DQN_PER,0,1734,88320,3.90,0,0.0100,0.00088,119.7
DQN_PER_seed_0_1790610022,DQN_PER,0,1735,88370,3.90,0,0.0100,0.00081,119.8
DQN_PER_seed_0_1790610022,DQN_PER,0,1736,88425,4.40,0,0.0100,0.00067,119.9
DQN_PER_seed_0_1790610022,DQN_PER,0,1737,88475,3.90,0,0.0100,0.00087,120.0
DQN_PER_seed_0_1790610022,DQN_PER,0,1738,88529,4.30,0,0.0100,0.00067,120.0
DQN_PER_seed_0_1790610022,DQN_PER,0,1739,88579,2.70,0,0.0100,0.00066,120.1
DQN_PER_seed_0_1790610022,DQN_PER,0,1740,88633,4.30,0,0.0100,0.00098,120.2
DQN_PER_seed_0_1790610022,DQN_PER,0,1741,88690,4.60,0,0.0100,0.00071,120.3
DQN_PER_seed_0_1790610022,DQN_PER,0,1742,88742,4.10,0,0.0100,0.00123,120.4
DQN_PER_seed_0_1790610022,DQN_PER,0,1743,88792,3.90,0,0.0100,0.00106,120.4
DQN_PER_seed_0_1790610022,DQN_PER,0,1744,88842,3.90,0,0.0100,0.00064,120.5
DQN_PER_seed_0_1790610022,DQN_PER,0,1745,88898,4.50,0,0.0100,0.00184,120.6
DQN_PER_seed_0_1790610022,DQN_PER,0,1746,88952,4.30,0,0.0100,0.00271,120.7
DQN_PER_seed_0_1790610022,DQN_PER,0,1747,89002,3.90,0,0.0100,0.00198,120.7
DQN_PER_seed_0_1790610022,DQN_PER,0,1748,89055,4.20,0,0.0100,0.00118,120.8
DQN_PER_seed_0_1790610022,DQN_PER,0,1749,89105,3.90,0,0.0100,0.00121,120.9
DQN_PER_seed_0_1790610022,DQN_PER,0,1750,89155,3.90,0,0.0100,0.00088,121.0
DQN_PER_seed_0_1790610022,DQN_PER,0,1751,89209,4.30,0,0.0100,0.00074,121.1
DQN_PER_seed_0_1790610022,DQN_PER,0,1752,89259,3.90,0,0.0100,0.00071,121.1
DQN_PER_seed_0_1790610022,DQN_PER,0,1753,89309,3.90,0,0.0100,0.00059,121.2
DQN_PER_seed_0_1790610022,DQN_PER,0,1754,89359,-0.90,0,0.0100,0.00069,121.3
DQN_PER_seed_0_1790610022,DQN_PER,0,1755,89409,3.90,0,0.0100,0.00127,121.3
DQN_PER_seed_0_1790610022,DQN_PER,0,1756,89470,5.00,1,0.0100,0.00080,121.4
DQN_PER_seed_0_1790610022,DQN_PER,0,1757,89520,3.90,0,0.0100,0.00065,121.5
DQN_PER_seed_0_1790610022,DQN_PER,0,1758,89582,6.00,1,0.0100,0.00061,121.6
DQN_PER_seed_0_1790610022,DQN_PER,0,1759,89638,4.50,0,0.0100,0.00085,121.7
DQN_PER_seed_0_1790610022,DQN_PER,0,1760,89700,6.00,1,0.0100,0.00087,121.8
DQN_PER_seed_0_1790610022,DQN_PER,0,1761,89757,4.60,0,0.0100,0.00148,121.9
DQN_PER_seed_0_1790610022,DQN_PER,0,1762,89807,3.90,0,0.0100,0.00074,121.9
DQN_PER_seed_0_1790610022,DQN_PER,0,1763,89863,4.50,0,0.0100,0.00093,122.0
DQN_PER_seed_0_1790610022,DQN_PER,0,1764,89922,4.80,0,0.0100,0.00080,122.1
DQN_PER_seed_0_1790610022,DQN_PER,0,1765,89980,4.70,0,0.0100,0.00067,122.2
DQN_PER_seed_0_1790610022,DQN_PER,0,1766,90041,5.00,1,0.0100,0.00090,122.4
DQN_PER_seed_0_1790610022,DQN_PER,0,1767,90091,3.90,0,0.0100,0.00066,122.5
DQN_PER_seed_0_1790610022,DQN_PER,0,1768,90142,4.00,0,0.0100,0.00090,122.5
DQN_PER_seed_0_1790610022,DQN_PER,0,1769,90192,3.90,0,0.0100,0.00072,122.6
DQN_PER_seed_0_1790610022,DQN_PER,0,1770,90242,3.90,0,0.0100,0.00094,122.7
DQN_PER_seed_0_1790610022,DQN_PER,0,1771,90303,5.00,1,0.0100,0.00092,122.8
DQN_PER_seed_0_1790610022,DQN_PER,0,1772,90353,3.90,0,0.0100,0.00065,122.9
DQN_PER_seed_0_1790610022,DQN_PER,0,1773,90414,5.00,1,0.0100,0.00099,122.9
DQN_PER_seed_0_1790610022,DQN_PER,0,1774,90467,4.20,0,0.0100,0.00080,123.0
DQN_PER_seed_0_1790610022,DQN_PER,0,1775,90517,3.90,0,0.0100,0.00075,123.1
DQN_PER_seed_0_1790610022,DQN_PER,0,1776,90567,3.90,0,0.0100,0.00106,123.2
DQN_PER_seed_0_1790610022,DQN_PER,0,1777,90621,4.30,0,0.0100,0.00059,123.3
DQN_PER_seed_0_1790610022,DQN_PER,0,1778,90676,4.40,0,0.0100,0.00070,123.3
DQN_PER_seed_0_1790610022,DQN_PER,0,1779,90726,3.90,0,0.0100,0.00105,123.4
DQN_PER_seed_0_1790610022,DQN_PER,0,1780,90781,4.40,0,0.0100,0.00148,123.5
DQN_PER_seed_0_1790610022,DQN_PER,0,1781,90842,5.00,1,0.0100,0.00123,123.6
DQN_PER_seed_0_1790610022,DQN_PER,0,1782,90901,4.80,0,0.0100,0.00095,123.7
DQN_PER_seed_0_1790610022,DQN_PER,0,1783,90951,3.90,0,0.0100,0.00059,123.7
DQN_PER_seed_0_1790610022,DQN_PER,0,1784,91002,4.00,0,0.0100,0.00089,123.8
DQN_PER_seed_0_1790610022,DQN_PER,0,1785,91063,5.00,1,0.0100,0.00076,123.9
DQN_PER_seed_0_1790610022,DQN_PER,0,1786,91113,3.90,0,0.0100,0.00069,124.0
DQN_PER_seed_0_1790610022,DQN_PER,0,1787,91163,3.90,0,0.0100,0.00088,124.1
DQN_PER_seed_0_1790610022,DQN_PER,0,1788,91226,6.10,1,0.0100,0.00061,124.1
DQN_PER_seed_0_1790610022,DQN_PER,0,1789,91281,4.40,0,0.0100,0.00107,124.2
DQN_PER_seed_0_1790610022,DQN_PER,0,1790,91331,3.90,0,0.0100,0.00593,124.3
DQN_PER_seed_0_1790610022,DQN_PER,0,1791,91393,6.00,1,0.0100,0.00198,124.4
DQN_PER_seed_0_1790610022,DQN_PER,0,1792,91443,3.90,0,0.0100,0.00109,124.5
DQN_PER_seed_0_1790610022,DQN_PER,0,1793,91506,6.10,1,0.0100,0.00082,124.6
DQN_PER_seed_0_1790610022,DQN_PER,0,1794,91562,4.50,0,0.0100,0.00053,124.6
DQN_PER_seed_0_1790610022,DQN_PER,0,1795,91612,3.90,0,0.0100,0.00056,124.7
DQN_PER_seed_0_1790610022,DQN_PER,0,1796,91662,3.90,0,0.0100,0.00061,124.8
DQN_PER_seed_0_1790610022,DQN_PER,0,1797,91723,5.00,1,0.0100,0.00098,124.9
DQN_PER_seed_0_1790610022,DQN_PER,0,1798,91773,3.90,0,0.0100,0.00094,125.0
DQN_PER_seed_0_1790610022,DQN_PER,0,1799,91832,4.80,0,0.0100,0.00085,125.0
DQN_PER_seed_0_1790610022,DQN_PER,0,1800,91884,4.10,0,0.0100,0.00069,125.1
DQN_PER_seed_0_1790610022,DQN_PER,0,1801,91934,3.90,0,0.0100,0.00055,125.2
DQN_PER_seed_0_1790610022,DQN_PER,0,1802,91984,3.90,0,0.0100,0.00061,125.3
DQN_PER_seed_0_1790610022,DQN_PER,0,1803,92045,5.00,1,0.0100,0.00068,125.4
DQN_PER_seed_0_1790610022,DQN_PER,0,1804,92102,4.60,0,0.0100,0.00070,125.4
DQN_PER_seed_0_1790610022,DQN_PER,0,1805,92157,4.40,0,0.0100,0.00061,125.5
DQN_PER_seed_0_1790610022,DQN_PER,0,1806,92221,6.20,1,0.0100,0.00064,125.6
DQN_PER_seed_0_1790610022,DQN_PER,0,1807,92281,4.90,0,0.0100,0.00092,125.7
DQN_PER_seed_0_1790610022,DQN_PER,0,1808,92331,3.90,0,0.0100,0.00116,125.8
DQN_PER_seed_0_1790610022,DQN_PER,0,1809,92381,3.90,0,0.0100,0.00051,125.9
DQN_PER_seed_0_1790610022,DQN_PER,0,1810,92431,3.90,0,0.0100,0.00068,125.9
DQN_PER_seed_0_1790610022,DQN_PER,0,1811,92486,4.40,0,0.0100,0.00065,126.0
DQN_PER_seed_0_1790610022,DQN_PER,0,1812,92536,3.90,0,0.0100,0.00080,126.1
DQN_PER_seed_0_1790610022,DQN_PER,0,1813,92598,6.00,1,0.0100,0.00087,126.2
DQN_PER_seed_0_1790610022,DQN_PER,0,1814,92662,6.20,1,0.0100,0.00074,126.3
DQN_PER_seed_0_1790610022,DQN_PER,0,1815,92712,3.90,0,0.0100,0.00065,126.4
DQN_PER_seed_0_1790610022,DQN_PER,0,1816,92768,4.50,0,0.0100,0.00059,126.4
DQN_PER_seed_0_1790610022,DQN_PER,0,1817,92818,3.90,0,0.0100,0.00058,126.5
DQN_PER_seed_0_1790610022,DQN_PER,0,1818,92877,4.80,0,0.0100,0.00073,126.6
DQN_PER_seed_0_1790610022,DQN_PER,0,1819,92937,4.90,0,0.0100,0.00189,126.7
DQN_PER_seed_0_1790610022,DQN_PER,0,1820,92991,4.30,0,0.0100,0.00169,126.8
DQN_PER_seed_0_1790610022,DQN_PER,0,1821,93043,4.10,0,0.0100,0.00072,126.8
DQN_PER_seed_0_1790610022,DQN_PER,0,1822,93097,4.30,0,0.0100,0.00071,126.9
DQN_PER_seed_0_1790610022,DQN_PER,0,1823,93153,4.50,0,0.0100,0.00082,127.0
DQN_PER_seed_0_1790610022,DQN_PER,0,1824,93213,4.90,0,0.0100,0.00088,127.1
DQN_PER_seed_0_1790610022,DQN_PER,0,1825,93265,4.10,0,0.0100,0.00067,127.2
DQN_PER_seed_0_1790610022,DQN_PER,0,1826,93325,4.90,0,0.0100,0.00063,127.3
DQN_PER_seed_0_1790610022,DQN_PER,0,1827,93377,4.10,0,0.0100,0.00056,127.3
DQN_PER_seed_0_1790610022,DQN_PER,0,1828,93431,4.30,0,0.0100,0.00070,127.4
DQN_PER_seed_0_1790610022,DQN_PER,0,1829,93489,4.70,0,0.0100,0.00075,127.5
DQN_PER_seed_0_1790610022,DQN_PER,0,1830,93546,4.60,0,0.0100,0.00064,127.6
DQN_PER_seed_0_1790610022,DQN_PER,0,1831,93606,4.90,0,0.0100,0.00066,127.7
DQN_PER_seed_0_1790610022,DQN_PER,0,1832,93665,4.80,0,0.0100,0.00066,127.8
DQN_PER_seed_0_1790610022,DQN_PER,0,1833,93715,3.90,0,0.0100,0.00094,127.8
DQN_PER_seed_0_1790610022,DQN_PER,0,1834,93772,4.60,0,0.0100,0.00063,127.9
DQN_PER_seed_0_1790610022,DQN_PER,0,1835,93835,6.10,1,0.0100,0.00084,128.0
DQN_PER_seed_0_1790610022,DQN_PER,0,1836,93898,6.10,1,0.0100,0.00054,128.1
DQN_PER_seed_0_1790610022,DQN_PER,0,1837,93954,4.50,0,0.0100,0.00069,128.2
DQN_PER_seed_0_1790610022,DQN_PER,0,1838,94004,3.90,0,0.0100,0.00157,128.3
DQN_PER_seed_0_1790610022,DQN_PER,0,1839,94066,6.00,1,0.0100,0.00082,128.4
DQN_PER_seed_0_1790610022,DQN_PER,0,1840,94126,4.90,0,0.0100,0.00123,128.5
DQN_PER_seed_0_1790610022,DQN_PER,0,1841,94188,6.00,1,0.0100,0.00071,128.5
DQN_PER_seed_0_1790610022,DQN_PER,0,1842,94245,4.60,0,0.0100,0.00088,128.6
DQN_PER_seed_0_1790610022,DQN_PER,0,1843,94301,4.50,0,0.0100,0.00071,128.7
DQN_PER_seed_0_1790610022,DQN_PER,0,1844,94357,4.50,0,0.0100,0.00075,128.8
DQN_PER_seed_0_1790610022,DQN_PER,0,1845,94420,6.10,1,0.0100,0.00082,128.9
DQN_PER_seed_0_1790610022,DQN_PER,0,1846,94473,4.20,0,0.0100,0.00074,129.0
DQN_PER_seed_0_1790610022,DQN_PER,0,1847,94531,4.70,0,0.0100,0.00056,129.1
DQN_PER_seed_0_1790610022,DQN_PER,0,1848,94588,4.60,0,0.0100,0.00109,129.1
DQN_PER_seed_0_1790610022,DQN_PER,0,1849,94650,6.00,1,0.0100,0.00120,129.2
DQN_PER_seed_0_1790610022,DQN_PER,0,1850,94703,4.20,0,0.0100,0.00071,129.3
DQN_PER_seed_0_1790610022,DQN_PER,0,1851,94761,4.70,0,0.0100,0.00101,129.4
DQN_PER_seed_0_1790610022,DQN_PER,0,1852,94817,4.50,0,0.0100,0.00063,129.5
DQN_PER_seed_0_1790610022,DQN_PER,0,1853,94873,4.50,0,0.0100,0.00434,129.6
DQN_PER_seed_0_1790610022,DQN_PER,0,1854,94933,4.90,0,0.0100,0.00149,129.6
DQN_PER_seed_0_1790610022,DQN_PER,0,1855,94994,5.00,1,0.0100,0.00088,129.7
DQN_PER_seed_0_1790610022,DQN_PER,0,1856,95053,4.80,0,0.0100,0.00066,129.9
DQN_PER_seed_0_1790610022,DQN_PER,0,1857,95103,3.90,0,0.0100,0.00067,130.0
DQN_PER_seed_0_1790610022,DQN_PER,0,1858,95153,3.90,0,0.0100,0.00062,130.1
DQN_PER_seed_0_1790610022,DQN_PER,0,1859,95208,4.40,0,0.0100,0.00079,130.2
DQN_PER_seed_0_1790610022,DQN_PER,0,1860,95270,6.00,1,0.0100,0.00074,130.2
DQN_PER_seed_0_1790610022,DQN_PER,0,1861,95331,5.00,1,0.0100,0.00080,130.3
DQN_PER_seed_0_1790610022,DQN_PER,0,1862,95375,3.30,0,0.0100,0.00067,130.4
DQN_PER_seed_0_1790610022,DQN_PER,0,1863,95435,4.90,0,0.0100,0.00076,130.5
DQN_PER_seed_0_1790610022,DQN_PER,0,1864,95498,6.10,1,0.0100,0.00070,130.6
DQN_PER_seed_0_1790610022,DQN_PER,0,1865,95558,4.90,0,0.0100,0.00093,130.7
DQN_PER_seed_0_1790610022,DQN_PER,0,1866,95624,6.40,1,0.0100,0.00085,130.8
DQN_PER_seed_0_1790610022,DQN_PER,0,1867,95687,6.10,1,0.0100,0.00066,130.9
DQN_PER_seed_0_1790610022,DQN_PER,0,1868,95747,4.90,0,0.0100,0.00066,131.0
DQN_PER_seed_0_1790610022,DQN_PER,0,1869,95797,3.90,0,0.0100,0.00095,131.0
DQN_PER_seed_0_1790610022,DQN_PER,0,1870,95858,5.00,1,0.0100,0.00090,131.1
DQN_PER_seed_0_1790610022,DQN_PER,0,1871,95918,4.90,0,0.0100,0.00057,131.2
DQN_PER_seed_0_1790610022,DQN_PER,0,1872,95973,4.40,0,0.0100,0.00060,131.3
DQN_PER_seed_0_1790610022,DQN_PER,0,1873,96034,5.00,1,0.0100,0.00134,131.4
DQN_PER_seed_0_1790610022,DQN_PER,0,1874,96084,3.90,0,0.0100,0.00103,131.5
DQN_PER_seed_0_1790610022,DQN_PER,0,1875,96137,4.20,0,0.0100,0.00097,131.5
DQN_PER_seed_0_1790610022,DQN_PER,0,1876,96201,6.20,1,0.0100,0.00105,131.6
DQN_PER_seed_0_1790610022,DQN_PER,0,1877,96251,3.90,0,0.0100,0.00112,131.7
DQN_PER_seed_0_1790610022,DQN_PER,0,1878,96305,4.30,0,0.0100,0.00097,131.8
DQN_PER_seed_0_1790610022,DQN_PER,0,1879,96356,4.00,0,0.0100,0.00091,131.9
DQN_PER_seed_0_1790610022,DQN_PER,0,1880,96407,4.00,0,0.0100,0.00091,131.9
DQN_PER_seed_0_1790610022,DQN_PER,0,1881,96461,4.30,0,0.0100,0.00077,132.0
DQN_PER_seed_0_1790610022,DQN_PER,0,1882,96523,6.00,1,0.0100,0.00103,132.1
DQN_PER_seed_0_1790610022,DQN_PER,0,1883,96577,4.30,0,0.0100,0.00082,132.2
DQN_PER_seed_0_1790610022,DQN_PER,0,1884,96627,3.90,0,0.0100,0.00111,132.3
DQN_PER_seed_0_1790610022,DQN_PER,0,1885,96686,4.80,0,0.0100,0.00083,132.3
DQN_PER_seed_0_1790610022,DQN_PER,0,1886,96741,4.40,0,0.0100,0.00104,132.4
DQN_PER_seed_0_1790610022,DQN_PER,0,1887,96791,3.90,0,0.0100,0.00111,132.5
DQN_PER_seed_0_1790610022,DQN_PER,0,1888,96858,6.50,1,0.0100,0.00090,132.6
DQN_PER_seed_0_1790610022,DQN_PER,0,1889,96926,6.60,1,0.0100,0.00207,132.7
DQN_PER_seed_0_1790610022,DQN_PER,0,1890,96976,3.90,0,0.0100,0.00200,132.8
DQN_PER_seed_0_1790610022,DQN_PER,0,1891,97026,3.90,0,0.0100,0.00107,132.9
DQN_PER_seed_0_1790610022,DQN_PER,0,1892,97092,6.40,1,0.0100,0.00086,132.9
DQN_PER_seed_0_1790610022,DQN_PER,0,1893,97158,6.40,1,0.0100,0.00094,133.0
DQN_PER_seed_0_1790610022,DQN_PER,0,1894,97208,3.90,0,0.0100,0.00075,133.1
DQN_PER_seed_0_1790610022,DQN_PER,0,1895,97258,3.90,0,0.0100,0.00129,133.2
DQN_PER_seed_0_1790610022,DQN_PER,0,1896,97320,6.00,1,0.0100,0.00100,133.3
DQN_PER_seed_0_1790610022,DQN_PER,0,1897,97370,3.90,0,0.0100,0.00088,133.4
DQN_PER_seed_0_1790610022,DQN_PER,0,1898,97422,4.10,0,0.0100,0.00075,133.4
DQN_PER_seed_0_1790610022,DQN_PER,0,1899,97489,6.50,1,0.0100,0.00094,133.5
DQN_PER_seed_0_1790610022,DQN_PER,0,1900,97540,4.00,0,0.0100,0.00096,133.6
DQN_PER_seed_0_1790610022,DQN_PER,0,1901,97594,4.30,0,0.0100,0.00094,133.7
DQN_PER_seed_0_1790610022,DQN_PER,0,1902,97654,4.90,0,0.0100,0.00078,133.8
DQN_PER_seed_0_1790610022,DQN_PER,0,1903,97723,6.70,1,0.0100,0.00117,133.9
DQN_PER_seed_0_1790610022,DQN_PER,0,1904,97792,6.70,1,0.0100,0.00103,134.0
DQN_PER_seed_0_1790610022,DQN_PER,0,1905,97842,3.90,0,0.0100,0.00174,134.1
DQN_PER_seed_0_1790610022,DQN_PER,0,1906,97895,4.20,0,0.0100,0.00106,134.1
DQN_PER_seed_0_1790610022,DQN_PER,0,1907,97948,4.20,0,0.0100,0.00079,134.2
DQN_PER_seed_0_1790610022,DQN_PER,0,1908,98008,4.90,0,0.0100,0.00072,134.3
DQN_PER_seed_0_1790610022,DQN_PER,0,1909,98069,5.00,1,0.0100,0.00070,134.4
DQN_PER_seed_0_1790610022,DQN_PER,0,1910,98123,4.30,0,0.0100,0.00086,134.5
DQN_PER_seed_0_1790610022,DQN_PER,0,1911,98173,3.90,0,0.0100,0.00143,134.6
DQN_PER_seed_0_1790610022,DQN_PER,0,1912,98272,10.60,2,0.0100,0.00081,134.7
DQN_PER_seed_0_1790610022,DQN_PER,0,1913,98332,4.90,0,0.0100,0.00068,134.8
DQN_PER_seed_0_1790610022,DQN_PER,0,1914,98391,4.80,0,0.0100,0.00082,134.9
DQN_PER_seed_0_1790610022,DQN_PER,0,1915,98451,4.90,0,0.0100,0.00093,135.0
DQN_PER_seed_0_1790610022,DQN_PER,0,1916,98510,4.80,0,0.0100,0.00113,135.1
DQN_PER_seed_0_1790610022,DQN_PER,0,1917,98570,4.90,0,0.0100,0.00081,135.1
DQN_PER_seed_0_1790610022,DQN_PER,0,1918,98628,4.70,0,0.0100,0.00073,135.2
DQN_PER_seed_0_1790610022,DQN_PER,0,1919,98690,6.00,1,0.0100,0.00086,135.3
DQN_PER_seed_0_1790610022,DQN_PER,0,1920,98749,4.80,0,0.0100,0.00084,135.4
DQN_PER_seed_0_1790610022,DQN_PER,0,1921,98808,4.80,0,0.0100,0.00071,135.5
DQN_PER_seed_0_1790610022,DQN_PER,0,1922,98899,8.90,1,0.0100,0.00070,135.6
DQN_PER_seed_0_1790610022,DQN_PER,0,1923,98959,4.90,0,0.0100,0.00066,135.7
DQN_PER_seed_0_1790610022,DQN_PER,0,1924,99081,12.90,2,0.0100,0.00094,135.9
DQN_PER_seed_0_1790610022,DQN_PER,0,1925,99147,6.40,1,0.0100,0.00131,136.0
DQN_PER_seed_0_1790610022,DQN_PER,0,1926,99199,4.10,0,0.0100,0.00240,136.1
DQN_PER_seed_0_1790610022,DQN_PER,0,1927,99285,8.40,1,0.0100,0.00110,136.2
DQN_PER_seed_0_1790610022,DQN_PER,0,1928,99335,3.90,0,0.0100,0.00086,136.3
DQN_PER_seed_0_1790610022,DQN_PER,0,1929,99402,6.50,1,0.0100,0.00097,136.4
DQN_PER_seed_0_1790610022,DQN_PER,0,1930,99488,8.40,1,0.0100,0.00080,136.5
DQN_PER_seed_0_1790610022,DQN_PER,0,1931,99574,8.40,1,0.0100,0.00093,136.6
DQN_PER_seed_0_1790610022,DQN_PER,0,1932,99660,8.40,1,0.0100,0.00147,136.8
DQN_PER_seed_0_1790610022,DQN_PER,0,1933,99761,10.80,2,0.0100,0.00097,136.9
DQN_PER_seed_0_1790610022,DQN_PER,0,1934,99862,10.80,2,0.0100,0.00081,137.1
DQN_PER_seed_0_1790610022,DQN_PER,0,1935,99948,8.40,1,0.0100,0.00094,137.2
DQN_PER_seed_0_1790610022,DQN_PER,0,1936,99990,3.10,0,0.0100,0.00076,137.2
DQN_PER_seed_0_1790610022,DQN_PER,0,1937,100053,6.10,1,0.0100,0.00087,137.5
DQN_PER_seed_0_1790610022,DQN_PER,0,1938,100108,4.40,0,0.0100,0.00131,137.6
DQN_PER_seed_0_1790610022,DQN_PER,0,1939,100151,3.20,0,0.0100,0.00115,137.7
DQN_PER_seed_0_1790610022,DQN_PER,0,1940,100201,-2.70,0,0.0100,0.00084,137.7
DQN_PER_seed_0_1790610022,DQN_PER,0,1941,100287,8.40,1,0.0100,0.00080,137.9
DQN_PER_seed_0_1790610022,DQN_PER,0,1942,100381,9.20,1,0.0100,0.00086,138.0
DQN_PER_seed_0_1790610022,DQN_PER,0,1943,100445,6.20,1,0.0100,0.00089,138.1
DQN_PER_seed_0_1790610022,DQN_PER,0,1944,100567,12.90,2,0.0100,0.00081,138.3
DQN_PER_seed_0_1790610022,DQN_PER,0,1945,100665,10.50,2,0.0100,0.00077,138.4
DQN_PER_seed_0_1790610022,DQN_PER,0,1946,100727,6.00,1,0.0100,0.00088,138.5
DQN_PER_seed_0_1790610022,DQN_PER,0,1947,100832,11.20,2,0.0100,0.00147,138.7
DQN_PER_seed_0_1790610022,DQN_PER,0,1948,100954,12.90,2,0.0100,0.00103,138.8
DQN_PER_seed_0_1790610022,DQN_PER,0,1949,101050,9.40,1,0.0100,0.00067,139.0
DQN_PER_seed_0_1790610022,DQN_PER,0,1950,101100,3.90,0,0.0100,0.00074,139.1
DQN_PER_seed_0_1790610022,DQN_PER,0,1951,101146,3.50,0,0.0100,0.00132,139.1
DQN_PER_seed_0_1790610022,DQN_PER,0,1952,101240,9.20,1,0.0100,0.00086,139.3
DQN_PER_seed_0_1790610022,DQN_PER,0,1953,101340,10.70,2,0.0100,0.00078,139.4
DQN_PER_seed_0_1790610022,DQN_PER,0,1954,101434,9.20,1,0.0100,0.00093,139.6
DQN_PER_seed_0_1790610022,DQN_PER,0,1955,101556,12.90,2,0.0100,0.00096,139.7
DQN_PER_seed_0_1790610022,DQN_PER,0,1956,101657,10.80,2,0.0100,0.00081,139.9
DQN_PER_seed_0_1790610022,DQN_PER,0,1957,101712,4.40,0,0.0100,0.00097,140.0
DQN_PER_seed_0_1790610022,DQN_PER,0,1958,101775,6.10,1,0.0100,0.00097,140.1
DQN_PER_seed_0_1790610022,DQN_PER,0,1959,101871,9.40,1,0.0100,0.00085,140.2
DQN_PER_seed_0_1790610022,DQN_PER,0,1960,101966,9.30,1,0.0100,0.00090,140.4
DQN_PER_seed_0_1790610022,DQN_PER,0,1961,102088,12.90,2,0.0100,0.00099,140.5
DQN_PER_seed_0_1790610022,DQN_PER,0,1962,102182,9.20,1,0.0100,0.00090,140.7
DQN_PER_seed_0_1790610022,DQN_PER,0,1963,102277,9.30,1,0.0100,0.00089,140.8
DQN_PER_seed_0_1790610022,DQN_PER,0,1964,102341,6.20,1,0.0100,0.00102,140.9
DQN_PER_seed_0_1790610022,DQN_PER,0,1965,102438,9.50,2,0.0100,0.00096,141.1
DQN_PER_seed_0_1790610022,DQN_PER,0,1966,102488,3.90,0,0.0100,0.00102,141.1
DQN_PER_seed_0_1790610022,DQN_PER,0,1967,102618,13.70,2,0.0100,0.00103,141.3
DQN_PER_seed_0_1790610022,DQN_PER,0,1968,102740,12.90,2,0.0100,0.00080,141.5
DQN_PER_seed_0_1790610022,DQN_PER,0,1969,102826,8.40,1,0.0100,0.00100,141.6
DQN_PER_seed_0_1790610022,DQN_PER,0,1970,102912,8.40,1,0.0100,0.00090,141.8
DQN_PER_seed_0_1790610022,DQN_PER,0,1971,102998,8.40,1,0.0100,0.00098,141.9
DQN_PER_seed_0_1790610022,DQN_PER,0,1972,103099,10.80,2,0.0100,0.00112,142.0
DQN_PER_seed_0_1790610022,DQN_PER,0,1973,103200,10.80,2,0.0100,0.00103,142.2
DQN_PER_seed_0_1790610022,DQN_PER,0,1974,103286,8.40,1,0.0100,0.00088,142.3
DQN_PER_seed_0_1790610022,DQN_PER,0,1975,103372,8.40,1,0.0100,0.00110,142.4
DQN_PER_seed_0_1790610022,DQN_PER,0,1976,103458,8.40,1,0.0100,0.00096,142.6
DQN_PER_seed_0_1790610022,DQN_PER,0,1977,103544,8.40,1,0.0100,0.00121,142.7
DQN_PER_seed_0_1790610022,DQN_PER,0,1978,103587,3.20,0,0.0100,0.00099,142.8
DQN_PER_seed_0_1790610022,DQN_PER,0,1979,103709,12.90,2,0.0100,0.00167,142.9
DQN_PER_seed_0_1790610022,DQN_PER,0,1980,103753,3.30,0,0.0100,0.00125,143.0
DQN_PER_seed_0_1790610022,DQN_PER,0,1981,103815,6.00,1,0.0100,0.00115,143.1
DQN_PER_seed_0_1790610022,DQN_PER,0,1982,103937,12.90,2,0.0100,0.00108,143.3
DQN_PER_seed_0_1790610022,DQN_PER,0,1983,104023,8.40,1,0.0100,0.00122,143.4
DQN_PER_seed_0_1790610022,DQN_PER,0,1984,104145,12.90,2,0.0100,0.00124,143.6
DQN_PER_seed_0_1790610022,DQN_PER,0,1985,104203,4.70,0,0.0100,0.00121,143.7
DQN_PER_seed_0_1790610022,DQN_PER,0,1986,104300,9.50,2,0.0100,0.00106,143.8
DQN_PER_seed_0_1790610022,DQN_PER,0,1987,104398,10.50,2,0.0100,0.00183,144.0
DQN_PER_seed_0_1790610022,DQN_PER,0,1988,104460,6.00,1,0.0100,0.00190,144.1
DQN_PER_seed_0_1790610022,DQN_PER,0,1989,104591,13.80,2,0.0100,0.00125,144.3
DQN_PER_seed_0_1790610022,DQN_PER,0,1990,104688,9.50,2,0.0100,0.00122,144.4
DQN_PER_seed_0_1790610022,DQN_PER,0,1991,104851,17.90,3,0.0100,0.00176,144.6
DQN_PER_seed_0_1790610022,DQN_PER,0,1992,104901,3.90,0,0.0100,0.00206,144.7
DQN_PER_seed_0_1790610022,DQN_PER,0,1993,104958,4.60,0,0.0100,0.00119,144.8
DQN_PER_seed_0_1790610022,DQN_PER,0,1994,105023,6.30,1,0.0100,0.00107,145.1
DQN_PER_seed_0_1790610022,DQN_PER,0,1995,105155,13.90,2,0.0100,0.00103,145.3
DQN_PER_seed_0_1790610022,DQN_PER,0,1996,105260,11.20,2,0.0100,0.00118,145.4
DQN_PER_seed_0_1790610022,DQN_PER,0,1997,105360,10.70,2,0.0100,0.00108,145.6
DQN_PER_seed_0_1790610022,DQN_PER,0,1998,105500,15.60,3,0.0100,0.00110,145.8
DQN_PER_seed_0_1790610022,DQN_PER,0,1999,105586,8.40,1,0.0100,0.00099,145.9
DQN_PER_seed_0_1790610022,DQN_PER,0,2000,105719,14.00,3,0.0100,0.00124,146.1
DQN_PER_seed_0_1790610022,DQN_PER,0,2001,105769,3.90,0,0.0100,0.00116,146.2
DQN_PER_seed_0_1790610022,DQN_PER,0,2002,105891,12.90,2,0.0100,0.00105,146.4
DQN_PER_seed_0_1790610022,DQN_PER,0,2003,105941,3.90,0,0.0100,0.00137,146.4
DQN_PER_seed_0_1790610022,DQN_PER,0,2004,105999,4.70,0,0.0100,0.00122,146.5
DQN_PER_seed_0_1790610022,DQN_PER,0,2005,106068,6.70,1,0.0100,0.00146,146.6
DQN_PER_seed_0_1790610022,DQN_PER,0,2006,106275,23.20,4,0.0100,0.00165,146.9
DQN_PER_seed_0_1790610022,DQN_PER,0,2007,106325,3.90,0,0.0100,0.00124,147.0
DQN_PER_seed_0_1790610022,DQN_PER,0,2008,106447,12.90,2,0.0100,0.00135,147.2
DQN_PER_seed_0_1790610022,DQN_PER,0,2009,106533,8.40,1,0.0100,0.00119,147.3
DQN_PER_seed_0_1790610022,DQN_PER,0,2010,106633,10.70,2,0.0100,0.00121,147.5
DQN_PER_seed_0_1790610022,DQN_PER,0,2011,106699,6.40,1,0.0100,0.00124,147.6
DQN_PER_seed_0_1790610022,DQN_PER,0,2012,106749,3.90,0,0.0100,0.00129,147.6
DQN_PER_seed_0_1790610022,DQN_PER,0,2013,106814,6.30,1,0.0100,0.00128,147.7
DQN_PER_seed_0_1790610022,DQN_PER,0,2014,106900,8.40,1,0.0100,0.00129,147.9
DQN_PER_seed_0_1790610022,DQN_PER,0,2015,106960,4.90,0,0.0100,0.00136,148.0
DQN_PER_seed_0_1790610022,DQN_PER,0,2016,107010,3.90,0,0.0100,0.00132,148.0
DQN_PER_seed_0_1790610022,DQN_PER,0,2017,107132,12.90,2,0.0100,0.00142,148.2
DQN_PER_seed_0_1790610022,DQN_PER,0,2018,107182,3.90,0,0.0100,0.00151,148.3
DQN_PER_seed_0_1790610022,DQN_PER,0,2019,107283,10.80,2,0.0100,0.00202,148.4
DQN_PER_seed_0_1790610022,DQN_PER,0,2020,107380,9.50,2,0.0100,0.00135,148.6
DQN_PER_seed_0_1790610022,DQN_PER,0,2021,107467,8.50,1,0.0100,0.00172,148.7
DQN_PER_seed_0_1790610022,DQN_PER,0,2022,107589,12.90,2,0.0100,0.00156,148.9
DQN_PER_seed_0_1790610022,DQN_PER,0,2023,107688,10.60,2,0.0100,0.00148,149.0
DQN_PER_seed_0_1790610022,DQN_PER,0,2024,107774,8.40,1,0.0100,0.00137,149.2
DQN_PER_seed_0_1790610022,DQN_PER,0,2025,107871,9.50,2,0.0100,0.00149,149.3
DQN_PER_seed_0_1790610022,DQN_PER,0,2026,107921,3.90,0,0.0100,0.00131,149.4
DQN_PER_seed_0_1790610022,DQN_PER,0,2027,107976,4.40,0,0.0100,0.00136,149.5
DQN_PER_seed_0_1790610022,DQN_PER,0,2028,108065,8.70,1,0.0100,0.00130,149.6
DQN_PER_seed_0_1790610022,DQN_PER,0,2029,108115,3.90,0,0.0100,0.00137,149.7
DQN_PER_seed_0_1790610022,DQN_PER,0,2030,108237,12.90,2,0.0100,0.00138,149.9
DQN_PER_seed_0_1790610022,DQN_PER,0,2031,108287,3.90,0,0.0100,0.00114,149.9
DQN_PER_seed_0_1790610022,DQN_PER,0,2032,108337,3.90,0,0.0100,0.00131,150.0
DQN_PER_seed_0_1790610022,DQN_PER,0,2033,108423,8.40,1,0.0100,0.00153,150.1
DQN_PER_seed_0_1790610022,DQN_PER,0,2034,108509,8.40,1,0.0100,0.00171,150.3
DQN_PER_seed_0_1790610022,DQN_PER,0,2035,108595,8.40,1,0.0100,0.00142,150.4
DQN_PER_seed_0_1790610022,DQN_PER,0,2036,108645,3.90,0,0.0100,0.00126,150.5
DQN_PER_seed_0_1790610022,DQN_PER,0,2037,108695,3.90,0,0.0100,0.00113,150.5
DQN_PER_seed_0_1790610022,DQN_PER,0,2038,108745,3.90,0,0.0100,0.00157,150.6
DQN_PER_seed_0_1790610022,DQN_PER,0,2039,108795,3.90,0,0.0100,0.00153,150.7
DQN_PER_seed_0_1790610022,DQN_PER,0,2040,108845,3.90,0,0.0100,0.00146,150.8
DQN_PER_seed_0_1790610022,DQN_PER,0,2041,108895,3.90,0,0.0100,0.00146,150.8
DQN_PER_seed_0_1790610022,DQN_PER,0,2042,108945,3.90,0,0.0100,0.00141,150.9
DQN_PER_seed_0_1790610022,DQN_PER,0,2043,108995,3.90,0,0.0100,0.00151,151.0
DQN_PER_seed_0_1790610022,DQN_PER,0,2044,109081,8.40,1,0.0100,0.00143,151.1
DQN_PER_seed_0_1790610022,DQN_PER,0,2045,109168,8.50,1,0.0100,0.00159,151.2
DQN_PER_seed_0_1790610022,DQN_PER,0,2046,109236,6.60,1,0.0100,0.00141,151.4
DQN_PER_seed_0_1790610022,DQN_PER,0,2047,109295,4.80,0,0.0100,0.00175,151.4
DQN_PER_seed_0_1790610022,DQN_PER,0,2048,109394,10.60,2,0.0100,0.00241,151.6
DQN_PER_seed_0_1790610022,DQN_PER,0,2049,109516,12.90,2,0.0100,0.00167,151.8
DQN_PER_seed_0_1790610022,DQN_PER,0,2050,109611,9.30,1,0.0100,0.00174,151.9
DQN_PER_seed_0_1790610022,DQN_PER,0,2051,109697,8.40,1,0.0100,0.00154,152.0
DQN_PER_seed_0_1790610022,DQN_PER,0,2052,109747,3.90,0,0.0100,0.00148,152.1
DQN_PER_seed_0_1790610022,DQN_PER,0,2053,109844,9.50,2,0.0100,0.00148,152.3
DQN_PER_seed_0_1790610022,DQN_PER,0,2054,109907,6.10,1,0.0100,0.00174,152.4
DQN_PER_seed_0_1790610022,DQN_PER,0,2055,110004,9.50,2,0.0100,0.00149,152.6
DQN_PER_seed_0_1790610022,DQN_PER,0,2056,110090,8.40,1,0.0100,0.00176,152.8
DQN_PER_seed_0_1790610022,DQN_PER,0,2057,110212,12.90,2,0.0100,0.00169,153.0
DQN_PER_seed_0_1790610022,DQN_PER,0,2058,110279,6.50,1,0.0100,0.00164,153.1
DQN_PER_seed_0_1790610022,DQN_PER,0,2059,110365,8.40,1,0.0100,0.00172,153.2
DQN_PER_seed_0_1790610022,DQN_PER,0,2060,110432,6.50,1,0.0100,0.00181,153.3
DQN_PER_seed_0_1790610022,DQN_PER,0,2061,110565,14.00,3,0.0100,0.00177,153.5
DQN_PER_seed_0_1790610022,DQN_PER,0,2062,110698,14.00,3,0.0100,0.00172,153.7
DQN_PER_seed_0_1790610022,DQN_PER,0,2063,110820,12.90,2,0.0100,0.00171,153.9
DQN_PER_seed_0_1790610022,DQN_PER,0,2064,110922,10.90,2,0.0100,0.00186,154.0
DQN_PER_seed_0_1790610022,DQN_PER,0,2065,111044,12.90,2,0.0100,0.00213,154.2
DQN_PER_seed_0_1790610022,DQN_PER,0,2066,111130,8.40,1,0.0100,0.00208,154.3
DQN_PER_seed_0_1790610022,DQN_PER,0,2067,111216,8.40,1,0.0100,0.00195,154.5
DQN_PER_seed_0_1790610022,DQN_PER,0,2068,111302,8.40,1,0.0100,0.00198,154.6
DQN_PER_seed_0_1790610022,DQN_PER,0,2069,111424,12.90,2,0.0100,0.00215,154.8
DQN_PER_seed_0_1790610022,DQN_PER,0,2070,111512,8.60,1,0.0100,0.00202,154.9
DQN_PER_seed_0_1790610022,DQN_PER,0,2071,111675,17.90,3,0.0100,0.00176,155.1
DQN_PER_seed_0_1790610022,DQN_PER,0,2072,111725,3.90,0,0.0100,0.00163,155.2
DQN_PER_seed_0_1790610022,DQN_PER,0,2073,111775,3.90,0,0.0100,0.00162,155.3
DQN_PER_seed_0_1790610022,DQN_PER,0,2074,111898,13.00,2,0.0100,0.00203,155.5
DQN_PER_seed_0_1790610022,DQN_PER,0,2075,112104,23.10,4,0.0100,0.00183,155.8
DQN_PER_seed_0_1790610022,DQN_PER,0,2076,112242,15.40,3,0.0100,0.00208,156.0
DQN_PER_seed_0_1790610022,DQN_PER,0,2077,112328,8.40,1,0.0100,0.00194,156.1
DQN_PER_seed_0_1790610022,DQN_PER,0,2078,112450,12.90,2,0.0100,0.00261,156.3
DQN_PER_seed_0_1790610022,DQN_PER,0,2079,112572,12.90,2,0.0100,0.00185,156.5
DQN_PER_seed_0_1790610022,DQN_PER,0,2080,112658,8.40,1,0.0100,0.00311,156.6
DQN_PER_seed_0_1790610022,DQN_PER,0,2081,112792,15.00,3,0.0100,0.00231,156.8
DQN_PER_seed_0_1790610022,DQN_PER,0,2082,112914,12.90,2,0.0100,0.00223,157.0
DQN_PER_seed_0_1790610022,DQN_PER,0,2083,113036,12.90,2,0.0100,0.00220,157.2
DQN_PER_seed_0_1790610022,DQN_PER,0,2084,113271,26.90,5,0.0100,0.00218,157.5
DQN_PER_seed_0_1790610022,DQN_PER,0,2085,113340,6.70,1,0.0100,0.00212,157.6
DQN_PER_seed_0_1790610022,DQN_PER,0,2086,113426,8.40,1,0.0100,0.00211,157.8
DQN_PER_seed_0_1790610022,DQN_PER,0,2087,113512,8.40,1,0.0100,0.00217,157.9
DQN_PER_seed_0_1790610022,DQN_PER,0,2088,113598,8.40,1,0.0100,0.00220,158.0
DQN_PER_seed_0_1790610022,DQN_PER,0,2089,113696,10.50,2,0.0100,0.00212,158.2
DQN_PER_seed_0_1790610022,DQN_PER,0,2090,113818,12.90,2,0.0100,0.00203,158.3
DQN_PER_seed_0_1790610022,DQN_PER,0,2091,113904,8.40,1,0.0100,0.00214,158.5
DQN_PER_seed_0_1790610022,DQN_PER,0,2092,114026,12.90,2,0.0100,0.00225,158.6
DQN_PER_seed_0_1790610022,DQN_PER,0,2093,114242,25.00,5,0.0100,0.00235,159.0
DQN_PER_seed_0_1790610022,DQN_PER,0,2094,114328,8.40,1,0.0100,0.00256,159.1
DQN_PER_seed_0_1790610022,DQN_PER,0,2095,114429,10.80,2,0.0100,0.00266,159.2
DQN_PER_seed_0_1790610022,DQN_PER,0,2096,114530,10.80,2,0.0100,0.00228,159.4
DQN_PER_seed_0_1790610022,DQN_PER,0,2097,114580,3.90,0,0.0100,0.00213,159.5
DQN_PER_seed_0_1790610022,DQN_PER,0,2098,114815,26.90,5,0.0100,0.00225,159.8
DQN_PER_seed_0_1790610022,DQN_PER,0,2099,114865,3.90,0,0.0100,0.00207,159.9
DQN_PER_seed_0_1790610022,DQN_PER,0,2100,114962,9.50,2,0.0100,0.00209,160.0
DQN_PER_seed_0_1790610022,DQN_PER,0,2101,115065,11.00,2,0.0100,0.00253,160.4
DQN_PER_seed_0_1790610022,DQN_PER,0,2102,115167,10.90,2,0.0100,0.00312,160.6
DQN_PER_seed_0_1790610022,DQN_PER,0,2103,115217,3.90,0,0.0100,0.00214,160.6
DQN_PER_seed_0_1790610022,DQN_PER,0,2104,115315,10.50,2,0.0100,0.00265,160.8
DQN_PER_seed_0_1790610022,DQN_PER,0,2105,115416,10.80,2,0.0100,0.00220,160.9
DQN_PER_seed_0_1790610022,DQN_PER,0,2106,115466,3.90,0,0.0100,0.00288,161.0
DQN_PER_seed_0_1790610022,DQN_PER,0,2107,115588,12.90,2,0.0100,0.00248,161.2
DQN_PER_seed_0_1790610022,DQN_PER,0,2108,115728,15.60,3,0.0100,0.00244,161.4
DQN_PER_seed_0_1790610022,DQN_PER,0,2109,115828,10.70,2,0.0100,0.00257,161.5
DQN_PER_seed_0_1790610022,DQN_PER,0,2110,115878,3.90,0,0.0100,0.00251,161.6
DQN_PER_seed_0_1790610022,DQN_PER,0,2111,115964,8.40,1,0.0100,0.00233,161.8
DQN_PER_seed_0_1790610022,DQN_PER,0,2112,116010,3.50,0,0.0100,0.00256,161.8
DQN_PER_seed_0_1790610022,DQN_PER,0,2113,116132,12.90,2,0.0100,0.00220,162.0
DQN_PER_seed_0_1790610022,DQN_PER,0,2114,116254,12.90,2,0.0100,0.00249,162.2
DQN_PER_seed_0_1790610022,DQN_PER,0,2115,116340,8.40,1,0.0100,0.00308,162.3
DQN_PER_seed_0_1790610022,DQN_PER,0,2116,116407,6.50,1,0.0100,0.00235,162.4
DQN_PER_seed_0_1790610022,DQN_PER,0,2117,116493,8.40,1,0.0100,0.00229,162.5
DQN_PER_seed_0_1790610022,DQN_PER,0,2118,116593,10.70,2,0.0100,0.00265,162.7
DQN_PER_seed_0_1790610022,DQN_PER,0,2119,116652,4.80,0,0.0100,0.00244,162.8
DQN_PER_seed_0_1790610022,DQN_PER,0,2120,116740,8.60,1,0.0100,0.00312,162.9
DQN_PER_seed_0_1790610022,DQN_PER,0,2121,116872,13.90,2,0.0100,0.00256,163.1
DQN_PER_seed_0_1790610022,DQN_PER,0,2122,116975,11.00,2,0.0100,0.00226,163.3
DQN_PER_seed_0_1790610022,DQN_PER,0,2123,117222,28.10,6,0.0100,0.00287,163.6
DQN_PER_seed_0_1790610022,DQN_PER,0,2124,117421,22.40,4,0.0100,0.00285,163.9
DQN_PER_seed_0_1790610022,DQN_PER,0,2125,117482,5.00,1,0.0100,0.00314,164.0
DQN_PER_seed_0_1790610022,DQN_PER,0,2126,117568,8.40,1,0.0100,0.00291,164.2
DQN_PER_seed_0_1790610022,DQN_PER,0,2127,117690,12.90,2,0.0100,0.00243,164.3
DQN_PER_seed_0_1790610022,DQN_PER,0,2128,117776,8.40,1,0.0100,0.00259,164.5
DQN_PER_seed_0_1790610022,DQN_PER,0,2129,117835,4.80,0,0.0100,0.00285,164.6
DQN_PER_seed_0_1790610022,DQN_PER,0,2130,117921,8.40,1,0.0100,0.00266,164.7
DQN_PER_seed_0_1790610022,DQN_PER,0,2131,118007,8.40,1,0.0100,0.00304,164.8
DQN_PER_seed_0_1790610022,DQN_PER,0,2132,118170,17.90,3,0.0100,0.00291,165.1
DQN_PER_seed_0_1790610022,DQN_PER,0,2133,118234,6.20,1,0.0100,0.00339,165.1
DQN_PER_seed_0_1790610022,DQN_PER,0,2134,118557,37.50,7,0.0100,0.00288,165.6
DQN_PER_seed_0_1790610022,DQN_PER,0,2135,118679,12.90,2,0.0100,0.00274,165.8
DQN_PER_seed_0_1790610022,DQN_PER,0,2136,118801,12.90,2,0.0100,0.00302,166.0
DQN_PER_seed_0_1790610022,DQN_PER,0,2137,118903,10.90,2,0.0100,0.00283,166.1
DQN_PER_seed_0_1790610022,DQN_PER,0,2138,119066,17.90,3,0.0100,0.00316,166.4
DQN_PER_seed_0_1790610022,DQN_PER,0,2139,119229,17.90,3,0.0100,0.00377,166.6
DQN_PER_seed_0_1790610022,DQN_PER,0,2140,119315,8.40,1,0.0100,0.00334,166.8
DQN_PER_seed_0_1790610022,DQN_PER,0,2141,119627,36.40,7,0.0100,0.00294,167.2
DQN_PER_seed_0_1790610022,DQN_PER,0,2142,119694,6.50,1,0.0100,0.00290,167.3
DQN_PER_seed_0_1790610022,DQN_PER,0,2143,119816,12.90,2,0.0100,0.00279,167.5
DQN_PER_seed_0_1790610022,DQN_PER,0,2144,120015,22.40,4,0.0100,0.00279,168.1
DQN_PER_seed_0_1790610022,DQN_PER,0,2145,120137,12.90,2,0.0100,0.00330,168.3
DQN_PER_seed_0_1790610022,DQN_PER,0,2146,120206,6.70,1,0.0100,0.00300,168.4
DQN_PER_seed_0_1790610022,DQN_PER,0,2147,120292,8.40,1,0.0100,0.00292,168.5
DQN_PER_seed_0_1790610022,DQN_PER,0,2148,120491,22.40,4,0.0100,0.00305,168.8
DQN_PER_seed_0_1790610022,DQN_PER,0,2149,120726,26.90,5,0.0100,0.00323,169.1
DQN_PER_seed_0_1790610022,DQN_PER,0,2150,120793,6.50,1,0.0100,0.00317,169.2
DQN_PER_seed_0_1790610022,DQN_PER,0,2151,120879,8.40,1,0.0100,0.00380,169.4
DQN_PER_seed_0_1790610022,DQN_PER,0,2152,121078,22.40,4,0.0100,0.00324,169.7
DQN_PER_seed_0_1790610022,DQN_PER,0,2153,121164,8.40,1,0.0100,0.00381,169.8
DQN_PER_seed_0_1790610022,DQN_PER,0,2154,121262,10.50,2,0.0100,0.00302,170.0
DQN_PER_seed_0_1790610022,DQN_PER,0,2155,121437,19.10,4,0.0100,0.00377,170.2
DQN_PER_seed_0_1790610022,DQN_PER,0,2156,121487,3.90,0,0.0100,0.00473,170.3
DQN_PER_seed_0_1790610022,DQN_PER,0,2157,121591,11.10,2,0.0100,0.00359,170.4
DQN_PER_seed_0_1790610022,DQN_PER,0,2158,121677,8.40,1,0.0100,0.00333,170.6
DQN_PER_seed_0_1790610022,DQN_PER,0,2159,121763,8.40,1,0.0100,0.00471,170.7
DQN_PER_seed_0_1790610022,DQN_PER,0,2160,121813,3.90,0,0.0100,0.00496,170.8
DQN_PER_seed_0_1790610022,DQN_PER,0,2161,121866,4.20,0,0.0100,0.00360,170.9
DQN_PER_seed_0_1790610022,DQN_PER,0,2162,121998,13.90,2,0.0100,0.00340,171.1
DQN_PER_seed_0_1790610022,DQN_PER,0,2163,122047,3.80,0,0.0100,0.00441,171.1
DQN_PER_seed_0_1790610022,DQN_PER,0,2164,122169,12.90,2,0.0100,0.00392,171.3
DQN_PER_seed_0_1790610022,DQN_PER,0,2165,122255,8.40,1,0.0100,0.00342,171.4
DQN_PER_seed_0_1790610022,DQN_PER,0,2166,122341,8.40,1,0.0100,0.00410,171.6
DQN_PER_seed_0_1790610022,DQN_PER,0,2167,122391,3.90,0,0.0100,0.00426,171.6
DQN_PER_seed_0_1790610022,DQN_PER,0,2168,122441,3.90,0,0.0100,0.00350,171.7
DQN_PER_seed_0_1790610022,DQN_PER,0,2169,122491,3.90,0,0.0100,0.00383,171.8
DQN_PER_seed_0_1790610022,DQN_PER,0,2170,122577,8.40,1,0.0100,0.00413,171.9
DQN_PER_seed_0_1790610022,DQN_PER,0,2171,122699,12.90,2,0.0100,0.00386,172.1
DQN_PER_seed_0_1790610022,DQN_PER,0,2172,122862,17.90,3,0.0100,0.00489,172.4
DQN_PER_seed_0_1790610022,DQN_PER,0,2173,123097,26.90,5,0.0100,0.00394,172.7
DQN_PER_seed_0_1790610022,DQN_PER,0,2174,123200,11.00,2,0.0100,0.00407,172.9
DQN_PER_seed_0_1790610022,DQN_PER,0,2175,123336,15.20,3,0.0100,0.00500,173.1
DQN_PER_seed_0_1790610022,DQN_PER,0,2176,123386,3.90,0,0.0100,0.00382,173.2
DQN_PER_seed_0_1790610022,DQN_PER,0,2177,123436,3.90,0,0.0100,0.00417,173.2
DQN_PER_seed_0_1790610022,DQN_PER,0,2178,123540,11.10,2,0.0100,0.00397,173.4
DQN_PER_seed_0_1790610022,DQN_PER,0,2179,123590,3.90,0,0.0100,0.00375,173.5
DQN_PER_seed_0_1790610022,DQN_PER,0,2180,123676,8.40,1,0.0100,0.00398,173.6
DQN_PER_seed_0_1790610022,DQN_PER,0,2181,123850,19.00,3,0.0100,0.00394,173.9
DQN_PER_seed_0_1790610022,DQN_PER,0,2182,123920,6.80,1,0.0100,0.00431,174.0
DQN_PER_seed_0_1790610022,DQN_PER,0,2183,123970,3.90,0,0.0100,0.00565,174.0
DQN_PER_seed_0_1790610022,DQN_PER,0,2184,124020,3.90,0,0.0100,0.00397,174.1
DQN_PER_seed_0_1790610022,DQN_PER,0,2185,124070,3.90,0,0.0100,0.00408,174.2
DQN_PER_seed_0_1790610022,DQN_PER,0,2186,124233,17.90,3,0.0100,0.00491,174.4
DQN_PER_seed_0_1790610022,DQN_PER,0,2187,124297,6.20,1,0.0100,0.00453,174.5
DQN_PER_seed_0_1790610022,DQN_PER,0,2188,124347,3.90,0,0.0100,0.00395,174.6
DQN_PER_seed_0_1790610022,DQN_PER,0,2189,124397,3.90,0,0.0100,0.00497,174.7
DQN_PER_seed_0_1790610022,DQN_PER,0,2190,124503,11.30,2,0.0100,0.00466,174.8
DQN_PER_seed_0_1790610022,DQN_PER,0,2191,124553,3.90,0,0.0100,0.00441,174.9
DQN_PER_seed_0_1790610022,DQN_PER,0,2192,124639,8.40,1,0.0100,0.00427,175.0
DQN_PER_seed_0_1790610022,DQN_PER,0,2193,124689,3.90,0,0.0100,0.00522,175.1
DQN_PER_seed_0_1790610022,DQN_PER,0,2194,124775,8.40,1,0.0100,0.00395,175.3
DQN_PER_seed_0_1790610022,DQN_PER,0,2195,125010,26.90,5,0.0100,0.00437,175.7
DQN_PER_seed_0_1790610022,DQN_PER,0,2196,125060,3.90,0,0.0100,0.00449,175.8
DQN_PER_seed_0_1790610022,DQN_PER,0,2197,125110,3.90,0,0.0100,0.00422,175.9
DQN_PER_seed_0_1790610022,DQN_PER,0,2198,125328,25.20,5,0.0100,0.00472,176.2
DQN_PER_seed_0_1790610022,DQN_PER,0,2199,125381,4.20,0,0.0100,0.00419,176.3
DQN_PER_seed_0_1790610022,DQN_PER,0,2200,125447,6.40,1,0.0100,0.00409,176.4
DQN_PER_seed_0_1790610022,DQN_PER,0,2201,125533,8.40,1,0.0100,0.00556,176.5
DQN_PER_seed_0_1790610022,DQN_PER,0,2202,125619,8.40,1,0.0100,0.00483,176.6
DQN_PER_seed_0_1790610022,DQN_PER,0,2203,125669,3.90,0,0.0100,0.00496,176.7
DQN_PER_seed_0_1790610022,DQN_PER,0,2204,125719,3.90,0,0.0100,0.00595,176.8
DQN_PER_seed_0_1790610022,DQN_PER,0,2205,125841,12.90,2,0.0100,0.00480,177.0
DQN_PER_seed_0_1790610022,DQN_PER,0,2206,125927,8.40,1,0.0100,0.00438,177.1
DQN_PER_seed_0_1790610022,DQN_PER,0,2207,126065,15.40,3,0.0100,0.00475,177.3
DQN_PER_seed_0_1790610022,DQN_PER,0,2208,126199,15.00,3,0.0100,0.00522,177.5
DQN_PER_seed_0_1790610022,DQN_PER,0,2209,126321,12.90,2,0.0100,0.00616,177.7
DQN_PER_seed_0_1790610022,DQN_PER,0,2210,126407,8.40,1,0.0100,0.00522,177.8
DQN_PER_seed_0_1790610022,DQN_PER,0,2211,126570,17.90,3,0.0100,0.00597,178.1
DQN_PER_seed_0_1790610022,DQN_PER,0,2212,126995,50.40,10,0.0100,0.00515,178.7
DQN_PER_seed_0_1790610022,DQN_PER,0,2213,127081,8.40,1,0.0100,0.00600,178.8
DQN_PER_seed_0_1790610022,DQN_PER,0,2214,127167,8.40,1,0.0100,0.00611,179.0
DQN_PER_seed_0_1790610022,DQN_PER,0,2215,127217,3.90,0,0.0100,0.00565,179.0
DQN_PER_seed_0_1790610022,DQN_PER,0,2216,127339,12.90,2,0.0100,0.00524,179.2
DQN_PER_seed_0_1790610022,DQN_PER,0,2217,127574,26.90,5,0.0100,0.00559,179.6
DQN_PER_seed_0_1790610022,DQN_PER,0,2218,127624,3.90,0,0.0100,0.00645,179.6
DQN_PER_seed_0_1790610022,DQN_PER,0,2219,127746,12.90,2,0.0100,0.00585,179.8
DQN_PER_seed_0_1790610022,DQN_PER,0,2220,127868,12.90,2,0.0100,0.00643,180.0
DQN_PER_seed_0_1790610022,DQN_PER,0,2221,127990,12.90,2,0.0100,0.00578,180.2
DQN_PER_seed_0_1790610022,DQN_PER,0,2222,128076,8.40,1,0.0100,0.00623,180.3
DQN_PER_seed_0_1790610022,DQN_PER,0,2223,128239,17.90,3,0.0100,0.00658,180.6
DQN_PER_seed_0_1790610022,DQN_PER,0,2224,128289,3.90,0,0.0100,0.00571,180.6
DQN_PER_seed_0_1790610022,DQN_PER,0,2225,128452,17.90,3,0.0100,0.00613,180.9
DQN_PER_seed_0_1790610022,DQN_PER,0,2226,128615,17.90,3,0.0100,0.00584,181.1
DQN_PER_seed_0_1790610022,DQN_PER,0,2227,128665,3.30,0,0.0100,0.00658,181.2
DQN_PER_seed_0_1790610022,DQN_PER,0,2228,128715,3.30,0,0.0100,0.00593,181.3
DQN_PER_seed_0_1790610022,DQN_PER,0,2229,128777,6.00,1,0.0100,0.00575,181.4
DQN_PER_seed_0_1790610022,DQN_PER,0,2230,128827,3.90,0,0.0100,0.00551,181.4
DQN_PER_seed_0_1790610022,DQN_PER,0,2231,129078,29.40,6,0.0100,0.00633,181.8
DQN_PER_seed_0_1790610022,DQN_PER,0,2232,129206,13.50,2,0.0100,0.00851,182.0
DQN_PER_seed_0_1790610022,DQN_PER,0,2233,129256,3.90,0,0.0100,0.00710,182.1
DQN_PER_seed_0_1790610022,DQN_PER,0,2234,129306,3.90,0,0.0100,0.00800,182.2
DQN_PER_seed_0_1790610022,DQN_PER,0,2235,129505,22.40,4,0.0100,0.00691,182.5
DQN_PER_seed_0_1790610022,DQN_PER,0,2236,129555,3.90,0,0.0100,0.00710,182.5
DQN_PER_seed_0_1790610022,DQN_PER,0,2237,129605,3.90,0,0.0100,0.00794,182.6
DQN_PER_seed_0_1790610022,DQN_PER,0,2238,129655,3.90,0,0.0100,0.00716,182.7
DQN_PER_seed_0_1790610022,DQN_PER,0,2239,129703,3.70,0,0.0100,0.00702,182.8
DQN_PER_seed_0_1790610022,DQN_PER,0,2240,129753,3.90,0,0.0100,0.00657,182.8
DQN_PER_seed_0_1790610022,DQN_PER,0,2241,129875,12.90,2,0.0100,0.00642,183.0
DQN_PER_seed_0_1790610022,DQN_PER,0,2242,129927,4.10,0,0.0100,0.00628,183.1
DQN_PER_seed_0_1790610022,DQN_PER,0,2243,129977,3.90,0,0.0100,0.00692,183.2
DQN_PER_seed_0_1790610022,DQN_PER,0,2244,130099,12.90,2,0.0100,0.00750,183.5
DQN_PER_seed_0_1790610022,DQN_PER,0,2245,130203,11.10,2,0.0100,0.00814,183.6
DQN_PER_seed_0_1790610022,DQN_PER,0,2246,130325,12.90,2,0.0100,0.00743,183.8
DQN_PER_seed_0_1790610022,DQN_PER,0,2247,130448,13.00,2,0.0100,0.00681,184.0
DQN_PER_seed_0_1790610022,DQN_PER,0,2248,130534,8.40,1,0.0100,0.00800,184.1
DQN_PER_seed_0_1790610022,DQN_PER,0,2249,130620,8.40,1,0.0100,0.00691,184.2
DQN_PER_seed_0_1790610022,DQN_PER,0,2250,130783,17.90,3,0.0100,0.00698,184.5
DQN_PER_seed_0_1790610022,DQN_PER,0,2251,130946,17.90,3,0.0100,0.00808,184.7
DQN_PER_seed_0_1790610022,DQN_PER,0,2252,131032,8.40,1,0.0100,0.00782,184.9
DQN_PER_seed_0_1790610022,DQN_PER,0,2253,131082,3.90,0,0.0100,0.00731,184.9
DQN_PER_seed_0_1790610022,DQN_PER,0,2254,131132,3.90,0,0.0100,0.00858,185.0
DQN_PER_seed_0_1790610022,DQN_PER,0,2255,131182,3.90,0,0.0100,0.00847,185.1
DQN_PER_seed_0_1790610022,DQN_PER,0,2256,131268,8.40,1,0.0100,0.00786,185.2
DQN_PER_seed_0_1790610022,DQN_PER,0,2257,131318,3.90,0,0.0100,0.00750,185.3
DQN_PER_seed_0_1790610022,DQN_PER,0,2258,131368,3.90,0,0.0100,0.00862,185.4
DQN_PER_seed_0_1790610022,DQN_PER,0,2259,131454,8.40,1,0.0100,0.00900,185.5
DQN_PER_seed_0_1790610022,DQN_PER,0,2260,131576,12.90,2,0.0100,0.00809,185.7
DQN_PER_seed_0_1790610022,DQN_PER,0,2261,131626,3.90,0,0.0100,0.00823,185.7
DQN_PER_seed_0_1790610022,DQN_PER,0,2262,131676,3.90,0,0.0100,0.00669,185.8
DQN_PER_seed_0_1790610022,DQN_PER,0,2263,131726,3.90,0,0.0100,0.00757,185.9
DQN_PER_seed_0_1790610022,DQN_PER,0,2264,131776,3.90,0,0.0100,0.00753,186.0
DQN_PER_seed_0_1790610022,DQN_PER,0,2265,131876,10.70,2,0.0100,0.00817,186.1
DQN_PER_seed_0_1790610022,DQN_PER,0,2266,132301,50.40,10,0.0100,0.00828,186.8
DQN_PER_seed_0_1790610022,DQN_PER,0,2267,132351,3.90,0,0.0100,0.00890,186.8
DQN_PER_seed_0_1790610022,DQN_PER,0,2268,132401,3.90,0,0.0100,0.00946,186.9
DQN_PER_seed_0_1790610022,DQN_PER,0,2269,132451,3.90,0,0.0100,0.00713,187.0
DQN_PER_seed_0_1790610022,DQN_PER,0,2270,132501,3.90,0,0.0100,0.00771,187.1
DQN_PER_seed_0_1790610022,DQN_PER,0,2271,132551,3.90,0,0.0100,0.00720,187.1
DQN_PER_seed_0_1790610022,DQN_PER,0,2272,132601,3.90,0,0.0100,0.00982,187.2
DQN_PER_seed_0_1790610022,DQN_PER,0,2273,132661,4.90,0,0.0100,0.01147,187.3
DQN_PER_seed_0_1790610022,DQN_PER,0,2274,132711,3.90,0,0.0100,0.00852,187.4
DQN_PER_seed_0_1790610022,DQN_PER,0,2275,132910,22.40,4,0.0100,0.00844,187.7
DQN_PER_seed_0_1790610022,DQN_PER,0,2276,132996,8.40,1,0.0100,0.00761,187.8
DQN_PER_seed_0_1790610022,DQN_PER,0,2277,133046,3.90,0,0.0100,0.00766,187.9
DQN_PER_seed_0_1790610022,DQN_PER,0,2278,133209,17.90,3,0.0100,0.00875,188.1
DQN_PER_seed_0_1790610022,DQN_PER,0,2279,133259,3.90,0,0.0100,0.00811,188.2
DQN_PER_seed_0_1790610022,DQN_PER,0,2280,133323,6.20,1,0.0100,0.00869,188.3
DQN_PER_seed_0_1790610022,DQN_PER,0,2281,133373,3.90,0,0.0100,0.00896,188.4
DQN_PER_seed_0_1790610022,DQN_PER,0,2282,133459,8.40,1,0.0100,0.00834,188.5
DQN_PER_seed_0_1790610022,DQN_PER,0,2283,133509,3.90,0,0.0100,0.00864,188.6
DQN_PER_seed_0_1790610022,DQN_PER,0,2284,133559,3.90,0,0.0100,0.00769,188.6
DQN_PER_seed_0_1790610022,DQN_PER,0,2285,133609,3.90,0,0.0100,0.00933,188.7
DQN_PER_seed_0_1790610022,DQN_PER,0,2286,133772,17.90,3,0.0100,0.00886,188.9
DQN_PER_seed_0_1790610022,DQN_PER,0,2287,133822,3.90,0,0.0100,0.00811,189.0
DQN_PER_seed_0_1790610022,DQN_PER,0,2288,133872,3.90,0,0.0100,0.00961,189.1
DQN_PER_seed_0_1790610022,DQN_PER,0,2289,133931,4.80,0,0.0100,0.01004,189.2
DQN_PER_seed_0_1790610022,DQN_PER,0,2290,134017,8.40,1,0.0100,0.00924,189.3
DQN_PER_seed_0_1790610022,DQN_PER,0,2291,134216,22.40,4,0.0100,0.00887,189.6
DQN_PER_seed_0_1790610022,DQN_PER,0,2292,134266,3.90,0,0.0100,0.01073,189.7
DQN_PER_seed_0_1790610022,DQN_PER,0,2293,134388,12.90,2,0.0100,0.00951,189.9
DQN_PER_seed_0_1790610022,DQN_PER,0,2294,134474,8.40,1,0.0100,0.00976,190.0
DQN_PER_seed_0_1790610022,DQN_PER,0,2295,134560,8.40,1,0.0100,0.01162,190.1
DQN_PER_seed_0_1790610022,DQN_PER,0,2296,134610,3.90,0,0.0100,0.00979,190.2
DQN_PER_seed_0_1790610022,DQN_PER,0,2297,134696,8.40,1,0.0100,0.00986,190.3
DQN_PER_seed_0_1790610022,DQN_PER,0,2298,134895,22.40,4,0.0100,0.00921,190.6
DQN_PER_seed_0_1790610022,DQN_PER,0,2299,134945,3.90,0,0.0100,0.00969,190.7
DQN_PER_seed_0_1790610022,DQN_PER,0,2300,134995,3.90,0,0.0100,0.00773,190.8
DQN_PER_seed_0_1790610022,DQN_PER,0,2301,135045,3.90,0,0.0100,0.00851,191.0
DQN_PER_seed_0_1790610022,DQN_PER,0,2302,135095,3.90,0,0.0100,0.00927,191.1
DQN_PER_seed_0_1790610022,DQN_PER,0,2303,135145,3.90,0,0.0100,0.01014,191.1
DQN_PER_seed_0_1790610022,DQN_PER,0,2304,135421,31.90,6,0.0100,0.00960,191.5
DQN_PER_seed_0_1790610022,DQN_PER,0,2305,135507,8.40,1,0.0100,0.00909,191.7
DQN_PER_seed_0_1790610022,DQN_PER,0,2306,135559,4.10,0,0.0100,0.00854,191.8
DQN_PER_seed_0_1790610022,DQN_PER,0,2307,135758,22.40,4,0.0100,0.00919,192.1
DQN_PER_seed_0_1790610022,DQN_PER,0,2308,135808,3.90,0,0.0100,0.00980,192.1
DQN_PER_seed_0_1790610022,DQN_PER,0,2309,135894,8.40,1,0.0100,0.00945,192.3
DQN_PER_seed_0_1790610022,DQN_PER,0,2310,135980,8.40,1,0.0100,0.00972,192.4
DQN_PER_seed_0_1790610022,DQN_PER,0,2311,136030,3.90,0,0.0100,0.01049,192.5
DQN_PER_seed_0_1790610022,DQN_PER,0,2312,136116,8.40,1,0.0100,0.00930,192.6
DQN_PER_seed_0_1790610022,DQN_PER,0,2313,136204,8.60,1,0.0100,0.00926,192.7
DQN_PER_seed_0_1790610022,DQN_PER,0,2314,136254,-7.50,0,0.0100,0.00987,192.8
DQN_PER_seed_0_1790610022,DQN_PER,0,2315,136340,8.40,1,0.0100,0.01103,192.9
DQN_PER_seed_0_1790610022,DQN_PER,0,2316,136426,8.40,1,0.0100,0.01147,193.1
DQN_PER_seed_0_1790610022,DQN_PER,0,2317,136774,40.90,8,0.0100,0.01051,193.6
DQN_PER_seed_0_1790610022,DQN_PER,0,2318,136824,-8.10,0,0.0100,0.00919,193.7
DQN_PER_seed_0_1790610022,DQN_PER,0,2319,136910,8.40,1,0.0100,0.01086,193.8
DQN_PER_seed_0_1790610022,DQN_PER,0,2320,137222,36.40,7,0.0100,0.01133,194.3
DQN_PER_seed_0_1790610022,DQN_PER,0,2321,137308,8.40,1,0.0100,0.00972,194.4
DQN_PER_seed_0_1790610022,DQN_PER,0,2322,137394,8.40,1,0.0100,0.00963,194.5
DQN_PER_seed_0_1790610022,DQN_PER,0,2323,137480,8.40,1,0.0100,0.00956,194.6
DQN_PER_seed_0_1790610022,DQN_PER,0,2324,137602,12.90,2,0.0100,0.00963,194.8
DQN_PER_seed_0_1790610022,DQN_PER,0,2325,137688,8.40,1,0.0100,0.01178,195.0
DQN_PER_seed_0_1790610022,DQN_PER,0,2326,137774,8.40,1,0.0100,0.01089,195.1
DQN_PER_seed_0_1790610022,DQN_PER,0,2327,137896,12.90,2,0.0100,0.01106,195.3
DQN_PER_seed_0_1790610022,DQN_PER,0,2328,138018,12.90,2,0.0100,0.01036,195.4
DQN_PER_seed_0_1790610022,DQN_PER,0,2329,138140,12.90,2,0.0100,0.01185,195.6
DQN_PER_seed_0_1790610022,DQN_PER,0,2330,138262,12.90,2,0.0100,0.01175,195.8
DQN_PER_seed_0_1790610022,DQN_PER,0,2331,138312,3.90,0,0.0100,0.01014,195.9
DQN_PER_seed_0_1790610022,DQN_PER,0,2332,138624,36.40,7,0.0100,0.01022,196.4
DQN_PER_seed_0_1790610022,DQN_PER,0,2333,138746,12.90,2,0.0100,0.01024,196.5
DQN_PER_seed_0_1790610022,DQN_PER,0,2334,138832,8.40,1,0.0100,0.00987,196.7
DQN_PER_seed_0_1790610022,DQN_PER,0,2335,138918,8.40,1,0.0100,0.01041,196.8
DQN_PER_seed_0_1790610022,DQN_PER,0,2336,139117,22.40,4,0.0100,0.01050,197.1
DQN_PER_seed_0_1790610022,DQN_PER,0,2337,139239,12.90,2,0.0100,0.00960,197.3
DQN_PER_seed_0_1790610022,DQN_PER,0,2338,139325,8.40,1,0.0100,0.00951,197.4
DQN_PER_seed_0_1790610022,DQN_PER,0,2339,139447,12.90,2,0.0100,0.01027,197.6
DQN_PER_seed_0_1790610022,DQN_PER,0,2340,139569,12.90,2,0.0100,0.01133,197.8
DQN_PER_seed_0_1790610022,DQN_PER,0,2341,139619,3.90,0,0.0100,0.00947,197.8
DQN_PER_seed_0_1790610022,DQN_PER,0,2342,139980,43.10,9,0.0100,0.01005,198.4
DQN_PER_seed_0_1790610022,DQN_PER,0,2343,140104,13.10,2,0.0100,0.01061,198.8
DQN_PER_seed_0_1790610022,DQN_PER,0,2344,140226,12.90,2,0.0100,0.01222,199.0
DQN_PER_seed_0_1790610022,DQN_PER,0,2345,140502,31.90,6,0.0100,0.01069,199.4
DQN_PER_seed_0_1790610022,DQN_PER,0,2346,140588,8.40,1,0.0100,0.01092,199.5
DQN_PER_seed_0_1790610022,DQN_PER,0,2347,140674,8.40,1,0.0100,0.00897,199.6
DQN_PER_seed_0_1790610022,DQN_PER,0,2348,140796,12.90,2,0.0100,0.01153,199.8
DQN_PER_seed_0_1790610022,DQN_PER,0,2349,140918,12.90,2,0.0100,0.01176,200.0
DQN_PER_seed_0_1790610022,DQN_PER,0,2350,141040,12.90,2,0.0100,0.01014,200.2
DQN_PER_seed_0_1790610022,DQN_PER,0,2351,141162,12.90,2,0.0100,0.01061,200.4
DQN_PER_seed_0_1790610022,DQN_PER,0,2352,141248,8.40,1,0.0100,0.00949,200.5
DQN_PER_seed_0_1790610022,DQN_PER,0,2353,141334,8.40,1,0.0100,0.00991,200.6
DQN_PER_seed_0_1790610022,DQN_PER,0,2354,141497,17.30,3,0.0100,0.01170,200.9
DQN_PER_seed_0_1790610022,DQN_PER,0,2355,141583,8.40,1,0.0100,0.01198,201.0
DQN_PER_seed_0_1790610022,DQN_PER,0,2356,141669,8.40,1,0.0100,0.01193,201.1
DQN_PER_seed_0_1790610022,DQN_PER,0,2357,141755,8.40,1,0.0100,0.01067,201.3
DQN_PER_seed_0_1790610022,DQN_PER,0,2358,141805,3.90,0,0.0100,0.01069,201.3
DQN_PER_seed_0_1790610022,DQN_PER,0,2359,141855,-0.90,0,0.0100,0.01076,201.4
DQN_PER_seed_0_1790610022,DQN_PER,0,2360,141905,3.90,0,0.0100,0.00934,201.5
DQN_PER_seed_0_1790610022,DQN_PER,0,2361,141991,8.40,1,0.0100,0.01148,201.6
DQN_PER_seed_0_1790610022,DQN_PER,0,2362,142113,12.90,2,0.0100,0.01304,201.8
DQN_PER_seed_0_1790610022,DQN_PER,0,2363,142199,8.40,1,0.0100,0.01014,201.9
DQN_PER_seed_0_1790610022,DQN_PER,0,2364,142322,13.00,2,0.0100,0.01174,202.1
DQN_PER_seed_0_1790610022,DQN_PER,0,2365,142557,26.90,5,0.0100,0.01010,202.5
DQN_PER_seed_0_1790610022,DQN_PER,0,2366,142679,12.90,2,0.0100,0.01190,202.6
DQN_PER_seed_0_1790610022,DQN_PER,0,2367,142801,12.90,2,0.0100,0.00989,202.8
DQN_PER_seed_0_1790610022,DQN_PER,0,2368,142923,12.90,2,0.0100,0.01131,203.0
DQN_PER_seed_0_1790610022,DQN_PER,0,2369,143009,8.40,1,0.0100,0.01088,203.1
DQN_PER_seed_0_1790610022,DQN_PER,0,2370,143208,22.40,4,0.0100,0.01324,203.4
DQN_PER_seed_0_1790610022,DQN_PER,0,2371,143330,12.90,2,0.0100,0.01145,203.6
DQN_PER_seed_0_1790610022,DQN_PER,0,2372,143493,17.90,3,0.0100,0.01183,203.9
DQN_PER_seed_0_1790610022,DQN_PER,0,2373,143579,8.40,1,0.0100,0.01161,204.0
DQN_PER_seed_0_1790610022,DQN_PER,0,2374,143665,8.40,1,0.0100,0.01403,204.1
DQN_PER_seed_0_1790610022,DQN_PER,0,2375,143787,12.90,2,0.0100,0.01155,204.3
DQN_PER_seed_0_1790610022,DQN_PER,0,2376,143873,8.40,1,0.0100,0.01163,204.4
DQN_PER_seed_0_1790610022,DQN_PER,0,2377,143960,8.50,1,0.0100,0.01270,204.6
DQN_PER_seed_0_1790610022,DQN_PER,0,2378,144046,8.40,1,0.0100,0.01177,204.7
DQN_PER_seed_0_1790610022,DQN_PER,0,2379,144168,12.90,2,0.0100,0.01210,204.9
DQN_PER_seed_0_1790610022,DQN_PER,0,2380,144294,13.30,2,0.0100,0.01379,205.1
DQN_PER_seed_0_1790610022,DQN_PER,0,2381,144361,6.50,1,0.0100,0.01444,205.2
DQN_PER_seed_0_1790610022,DQN_PER,0,2382,144447,8.40,1,0.0100,0.01482,205.3
DQN_PER_seed_0_1790610022,DQN_PER,0,2383,144533,8.40,1,0.0100,0.01247,205.4
DQN_PER_seed_0_1790610022,DQN_PER,0,2384,144592,4.80,0,0.0100,0.01336,205.5
DQN_PER_seed_0_1790610022,DQN_PER,0,2385,144678,8.40,1,0.0100,0.01381,205.6
DQN_PER_seed_0_1790610022,DQN_PER,0,2386,144764,8.40,1,0.0100,0.01434,205.8
DQN_PER_seed_0_1790610022,DQN_PER,0,2387,144852,8.60,1,0.0100,0.01232,205.9
DQN_PER_seed_0_1790610022,DQN_PER,0,2388,144974,12.90,2,0.0100,0.01283,206.1
DQN_PER_seed_0_1790610022,DQN_PER,0,2389,145209,26.90,5,0.0100,0.01384,206.7
DQN_PER_seed_0_1790610022,DQN_PER,0,2390,145295,8.40,1,0.0100,0.01298,206.8
DQN_PER_seed_0_1790610022,DQN_PER,0,2391,145381,8.40,1,0.0100,0.01257,207.0
DQN_PER_seed_0_1790610022,DQN_PER,0,2392,145467,8.40,1,0.0100,0.01315,207.1
DQN_PER_seed_0_1790610022,DQN_PER,0,2393,145553,8.40,1,0.0100,0.01261,207.2
DQN_PER_seed_0_1790610022,DQN_PER,0,2394,145652,10.60,2,0.0100,0.01221,207.4
DQN_PER_seed_0_1790610022,DQN_PER,0,2395,145738,8.40,1,0.0100,0.01364,207.5
DQN_PER_seed_0_1790610022,DQN_PER,0,2396,145860,12.90,2,0.0100,0.01347,207.7
DQN_PER_seed_0_1790610022,DQN_PER,0,2397,146065,23.00,4,0.0100,0.01216,208.0
DQN_PER_seed_0_1790610022,DQN_PER,0,2398,146115,-2.70,0,0.0100,0.01376,208.1
DQN_PER_seed_0_1790610022,DQN_PER,0,2399,146237,12.90,2,0.0100,0.01331,208.3
DQN_PER_seed_0_1790610022,DQN_PER,0,2400,146341,11.10,2,0.0100,0.01391,208.4
DQN_PER_seed_0_1790610022,DQN_PER,0,2401,146463,12.90,2,0.0100,0.01302,208.6
DQN_PER_seed_0_1790610022,DQN_PER,0,2402,146519,4.50,0,0.0100,0.01325,208.7
DQN_PER_seed_0_1790610022,DQN_PER,0,2403,146605,8.40,1,0.0100,0.01165,208.8
DQN_PER_seed_0_1790610022,DQN_PER,0,2404,146727,12.90,2,0.0100,0.01263,209.0
DQN_PER_seed_0_1790610022,DQN_PER,0,2405,146813,8.40,1,0.0100,0.01173,209.1
DQN_PER_seed_0_1790610022,DQN_PER,0,2406,146899,8.40,1,0.0100,0.01215,209.2
DQN_PER_seed_0_1790610022,DQN_PER,0,2407,147036,15.30,3,0.0100,0.01247,209.4
DQN_PER_seed_0_1790610022,DQN_PER,0,2408,147122,8.40,1,0.0100,0.01313,209.6
DQN_PER_seed_0_1790610022,DQN_PER,0,2409,147172,3.90,0,0.0100,0.01382,209.7
DQN_PER_seed_0_1790610022,DQN_PER,0,2410,147294,12.90,2,0.0100,0.01486,209.8
DQN_PER_seed_0_1790610022,DQN_PER,0,2411,147380,8.40,1,0.0100,0.01306,210.0
DQN_PER_seed_0_1790610022,DQN_PER,0,2412,147466,8.40,1,0.0100,0.01194,210.1
DQN_PER_seed_0_1790610022,DQN_PER,0,2413,147552,8.40,1,0.0100,0.01566,210.2
DQN_PER_seed_0_1790610022,DQN_PER,0,2414,147607,4.40,0,0.0100,0.01627,210.3
DQN_PER_seed_0_1790610022,DQN_PER,0,2415,147693,8.40,1,0.0100,0.01420,210.4
DQN_PER_seed_0_1790610022,DQN_PER,0,2416,147815,12.90,2,0.0100,0.01461,210.6
DQN_PER_seed_0_1790610022,DQN_PER,0,2417,147901,8.40,1,0.0100,0.01423,210.7
DQN_PER_seed_0_1790610022,DQN_PER,0,2418,147987,8.40,1,0.0100,0.01395,210.9
DQN_PER_seed_0_1790610022,DQN_PER,0,2419,148109,12.90,2,0.0100,0.01567,211.1
DQN_PER_seed_0_1790610022,DQN_PER,0,2420,148457,40.90,8,0.0100,0.01376,211.6
DQN_PER_seed_0_1790610022,DQN_PER,0,2421,148507,3.90,0,0.0100,0.01353,211.7
DQN_PER_seed_0_1790610022,DQN_PER,0,2422,148593,8.40,1,0.0100,0.01532,211.8
DQN_PER_seed_0_1790610022,DQN_PER,0,2423,148644,4.00,0,0.0100,0.01382,211.9
DQN_PER_seed_0_1790610022,DQN_PER,0,2424,148879,26.90,5,0.0100,0.01351,212.2
DQN_PER_seed_0_1790610022,DQN_PER,0,2425,149008,13.60,2,0.0100,0.01353,212.4
DQN_PER_seed_0_1790610022,DQN_PER,0,2426,149064,4.50,0,0.0100,0.01523,212.5
DQN_PER_seed_0_1790610022,DQN_PER,0,2427,149186,12.90,2,0.0100,0.01278,212.7
DQN_PER_seed_0_1790610022,DQN_PER,0,2428,149428,27.60,5,0.0100,0.01303,213.0
DQN_PER_seed_0_1790610022,DQN_PER,0,2429,149521,9.10,1,0.0100,0.01310,213.2
DQN_PER_seed_0_1790610022,DQN_PER,0,2430,149610,8.70,1,0.0100,0.01333,213.3
DQN_PER_seed_0_1790610022,DQN_PER,0,2431,149696,8.40,1,0.0100,0.01373,213.4
DQN_PER_seed_0_1790610022,DQN_PER,0,2432,149897,22.60,4,0.0100,0.01320,213.7
DQN_PER_seed_0_1790610022,DQN_PER,0,2433,150245,40.90,8,0.0100,0.01435,214.4
DQN_PER_seed_0_1790610022,DQN_PER,0,2434,150367,12.90,2,0.0100,0.01366,214.6
DQN_PER_seed_0_1790610022,DQN_PER,0,2435,150456,8.70,1,0.0100,0.01485,214.7
DQN_PER_seed_0_1790610022,DQN_PER,0,2436,150768,36.40,7,0.0100,0.01441,215.2
DQN_PER_seed_0_1790610022,DQN_PER,0,2437,150854,8.40,1,0.0100,0.01583,215.3
DQN_PER_seed_0_1790610022,DQN_PER,0,2438,150976,12.90,2,0.0100,0.01534,215.5
DQN_PER_seed_0_1790610022,DQN_PER,0,2439,151062,8.40,1,0.0100,0.01441,215.7
DQN_PER_seed_0_1790610022,DQN_PER,0,2440,151112,3.90,0,0.0100,0.01671,215.7
DQN_PER_seed_0_1790610022,DQN_PER,0,2441,151234,12.90,2,0.0100,0.01367,215.9
DQN_PER_seed_0_1790610022,DQN_PER,0,2442,151372,15.40,3,0.0100,0.01656,216.1
DQN_PER_seed_0_1790610022,DQN_PER,0,2443,151574,22.70,4,0.0100,0.01513,216.4
DQN_PER_seed_0_1790610022,DQN_PER,0,2444,151696,12.90,2,0.0100,0.01388,216.6
DQN_PER_seed_0_1790610022,DQN_PER,0,2445,151782,8.40,1,0.0100,0.01457,216.7
DQN_PER_seed_0_1790610022,DQN_PER,0,2446,151847,6.30,1,0.0100,0.01438,216.8
DQN_PER_seed_0_1790610022,DQN_PER,0,2447,151933,8.40,1,0.0100,0.01104,217.0
DQN_PER_seed_0_1790610022,DQN_PER,0,2448,152055,12.90,2,0.0100,0.01445,217.2
DQN_PER_seed_0_1790610022,DQN_PER,0,2449,152290,26.90,5,0.0100,0.01587,217.5
DQN_PER_seed_0_1790610022,DQN_PER,0,2450,152376,8.40,1,0.0100,0.01605,217.6
DQN_PER_seed_0_1790610022,DQN_PER,0,2451,152462,8.40,1,0.0100,0.01589,217.8
DQN_PER_seed_0_1790610022,DQN_PER,0,2452,152625,17.90,3,0.0100,0.01675,218.0
DQN_PER_seed_0_1790610022,DQN_PER,0,2453,152913,33.10,7,0.0100,0.01519,218.5
DQN_PER_seed_0_1790610022,DQN_PER,0,2454,152969,4.50,0,0.0100,0.01583,218.5
DQN_PER_seed_0_1790610022,DQN_PER,0,2455,153055,8.40,1,0.0100,0.01507,218.7
DQN_PER_seed_0_1790610022,DQN_PER,0,2456,153141,8.40,1,0.0100,0.01358,218.8
DQN_PER_seed_0_1790610022,DQN_PER,0,2457,153566,50.40,10,0.0100,0.01580,219.4
DQN_PER_seed_0_1790610022,DQN_PER,0,2458,153657,8.90,1,0.0100,0.01534,219.6
DQN_PER_seed_0_1790610022,DQN_PER,0,2459,153744,8.50,1,0.0100,0.01456,219.7
DQN_PER_seed_0_1790610022,DQN_PER,0,2460,153866,12.90,2,0.0100,0.01793,219.9
DQN_PER_seed_0_1790610022,DQN_PER,0,2461,154065,22.40,4,0.0100,0.01507,220.2
DQN_PER_seed_0_1790610022,DQN_PER,0,2462,154115,0.90,0,0.0100,0.01666,220.3
DQN_PER_seed_0_1790610022,DQN_PER,0,2463,154201,8.40,1,0.0100,0.01580,220.4
DQN_PER_seed_0_1790610022,DQN_PER,0,2464,154513,36.40,7,0.0100,0.01780,220.9
DQN_PER_seed_0_1790610022,DQN_PER,0,2465,154563,3.90,0,0.0100,0.01921,221.0
DQN_PER_seed_0_1790610022,DQN_PER,0,2466,154649,8.40,1,0.0100,0.01781,221.1
DQN_PER_seed_0_1790610022,DQN_PER,0,2467,154997,40.90,8,0.0100,0.01562,221.6
DQN_PER_seed_0_1790610022,DQN_PER,0,2468,155083,8.40,1,0.0100,0.01750,222.2
DQN_PER_seed_0_1790610022,DQN_PER,0,2469,155205,12.90,2,0.0100,0.01766,222.4
DQN_PER_seed_0_1790610022,DQN_PER,0,2470,155327,12.90,2,0.0100,0.01500,222.6
DQN_PER_seed_0_1790610022,DQN_PER,0,2471,155384,4.60,0,0.0100,0.01697,222.7
DQN_PER_seed_0_1790610022,DQN_PER,0,2472,155454,6.80,1,0.0100,0.02010,222.8
DQN_PER_seed_0_1790610022,DQN_PER,0,2473,155540,8.40,1,0.0100,0.01658,222.9
DQN_PER_seed_0_1790610022,DQN_PER,0,2474,155645,11.20,2,0.0100,0.01736,223.1
DQN_PER_seed_0_1790610022,DQN_PER,0,2475,155938,34.50,7,0.0100,0.01611,223.5
DQN_PER_seed_0_1790610022,DQN_PER,0,2476,156137,22.40,4,0.0100,0.01767,223.8
DQN_PER_seed_0_1790610022,DQN_PER,0,2477,156336,22.40,4,0.0100,0.01887,224.1
DQN_PER_seed_0_1790610022,DQN_PER,0,2478,156612,31.90,6,0.0100,0.01744,224.5
DQN_PER_seed_0_1790610022,DQN_PER,0,2479,156734,12.90,2,0.0100,0.01716,224.7
DQN_PER_seed_0_1790610022,DQN_PER,0,2480,156933,22.40,4,0.0100,0.01697,225.0
DQN_PER_seed_0_1790610022,DQN_PER,0,2481,157033,10.70,2,0.0100,0.01955,225.2
DQN_PER_seed_0_1790610022,DQN_PER,0,2482,157155,12.90,2,0.0100,0.01894,225.4
DQN_PER_seed_0_1790610022,DQN_PER,0,2483,157390,26.90,5,0.0100,0.01798,225.7
DQN_PER_seed_0_1790610022,DQN_PER,0,2484,157476,8.40,1,0.0100,0.01978,225.8
DQN_PER_seed_0_1790610022,DQN_PER,0,2485,157562,8.40,1,0.0100,0.01795,226.0
DQN_PER_seed_0_1790610022,DQN_PER,0,2486,157684,12.90,2,0.0100,0.01720,226.2
DQN_PER_seed_0_1790610022,DQN_PER,0,2487,157750,6.40,1,0.0100,0.01763,226.3
DQN_PER_seed_0_1790610022,DQN_PER,0,2488,157800,3.90,0,0.0100,0.01713,226.3
DQN_PER_seed_0_1790610022,DQN_PER,0,2489,157886,8.40,1,0.0100,0.01944,226.5
DQN_PER_seed_0_1790610022,DQN_PER,0,2490,157972,8.40,1,0.0100,0.01923,226.6
DQN_PER_seed_0_1790610022,DQN_PER,0,2491,158135,17.90,3,0.0100,0.02122,226.8
DQN_PER_seed_0_1790610022,DQN_PER,0,2492,158221,8.40,1,0.0100,0.02195,227.0
DQN_PER_seed_0_1790610022,DQN_PER,0,2493,158343,12.90,2,0.0100,0.01990,227.2
DQN_PER_seed_0_1790610022,DQN_PER,0,2494,158429,8.40,1,0.0100,0.02240,227.3
DQN_PER_seed_0_1790610022,DQN_PER,0,2495,158515,8.40,1,0.0100,0.01862,227.4
DQN_PER_seed_0_1790610022,DQN_PER,0,2496,158583,6.60,1,0.0100,0.01918,227.5
DQN_PER_seed_0_1790610022,DQN_PER,0,2497,158818,26.90,5,0.0100,0.01899,227.9
DQN_PER_seed_0_1790610022,DQN_PER,0,2498,158904,8.40,1,0.0100,0.02325,228.0
DQN_PER_seed_0_1790610022,DQN_PER,0,2499,159139,26.90,5,0.0100,0.01810,228.4
DQN_PER_seed_0_1790610022,DQN_PER,0,2500,159225,8.40,1,0.0100,0.01736,228.5
DQN_PER_seed_0_1790610022,DQN_PER,0,2501,159275,3.90,0,0.0100,0.01771,228.6
DQN_PER_seed_0_1790610022,DQN_PER,0,2502,159587,36.40,7,0.0100,0.01828,229.1
DQN_PER_seed_0_1790610022,DQN_PER,0,2503,159709,12.90,2,0.0100,0.01909,229.2
DQN_PER_seed_0_1790610022,DQN_PER,0,2504,159872,17.90,3,0.0100,0.01996,229.5
DQN_PER_seed_0_1790610022,DQN_PER,0,2505,159994,12.90,2,0.0100,0.01882,229.7
DQN_PER_seed_0_1790610022,DQN_PER,0,2506,160134,15.60,3,0.0100,0.02164,230.3
DQN_PER_seed_0_1790610022,DQN_PER,0,2507,160220,8.40,1,0.0100,0.01797,230.4
DQN_PER_seed_0_1790610022,DQN_PER,0,2508,160275,4.40,0,0.0100,0.02901,230.5
DQN_PER_seed_0_1790610022,DQN_PER,0,2509,160397,12.90,2,0.0100,0.02048,230.7
DQN_PER_seed_0_1790610022,DQN_PER,0,2510,160632,26.90,5,0.0100,0.01887,231.0
DQN_PER_seed_0_1790610022,DQN_PER,0,2511,160684,4.10,0,0.0100,0.01901,231.1
DQN_PER_seed_0_1790610022,DQN_PER,0,2512,160806,12.90,2,0.0100,0.01910,231.3
DQN_PER_seed_0_1790610022,DQN_PER,0,2513,160892,8.40,1,0.0100,0.01851,231.4
DQN_PER_seed_0_1790610022,DQN_PER,0,2514,160993,10.80,2,0.0100,0.02004,231.6
DQN_PER_seed_0_1790610022,DQN_PER,0,2515,161079,8.40,1,0.0100,0.02610,231.7
DQN_PER_seed_0_1790610022,DQN_PER,0,2516,161165,8.40,1,0.0100,0.02169,231.8
DQN_PER_seed_0_1790610022,DQN_PER,0,2517,161328,17.90,3,0.0100,0.02038,232.1
DQN_PER_seed_0_1790610022,DQN_PER,0,2518,161414,8.40,1,0.0100,0.02656,232.2
DQN_PER_seed_0_1790610022,DQN_PER,0,2519,161690,31.90,6,0.0100,0.02036,232.7
DQN_PER_seed_0_1790610022,DQN_PER,0,2520,161812,12.90,2,0.0100,0.02385,232.8
DQN_PER_seed_0_1790610022,DQN_PER,0,2521,161934,12.90,2,0.0100,0.02243,233.0
DQN_PER_seed_0_1790610022,DQN_PER,0,2522,162282,40.90,8,0.0100,0.02369,233.6
DQN_PER_seed_0_1790610022,DQN_PER,0,2523,162333,4.00,0,0.0100,0.02682,233.6
DQN_PER_seed_0_1790610022,DQN_PER,0,2524,162532,22.40,4,0.0100,0.02243,233.9
DQN_PER_seed_0_1790610022,DQN_PER,0,2525,162621,8.70,1,0.0100,0.01949,234.1
DQN_PER_seed_0_1790610022,DQN_PER,0,2526,162683,6.00,1,0.0100,0.02566,234.2
DQN_PER_seed_0_1790610022,DQN_PER,0,2527,162805,12.90,2,0.0100,0.02109,234.4
DQN_PER_seed_0_1790610022,DQN_PER,0,2528,163046,27.50,5,0.0100,0.02321,234.7
DQN_PER_seed_0_1790610022,DQN_PER,0,2529,163249,22.80,4,0.0100,0.02183,235.0
DQN_PER_seed_0_1790610022,DQN_PER,0,2530,163371,12.90,2,0.0100,0.02242,235.2
DQN_PER_seed_0_1790610022,DQN_PER,0,2531,163499,13.50,2,0.0100,0.02726,235.4
DQN_PER_seed_0_1790610022,DQN_PER,0,2532,163587,8.60,1,0.0100,0.02546,235.6
DQN_PER_seed_0_1790610022,DQN_PER,0,2533,163637,3.90,0,0.0100,0.02358,235.6
DQN_PER_seed_0_1790610022,DQN_PER,0,2534,163725,8.60,1,0.0100,0.02623,235.8
DQN_PER_seed_0_1790610022,DQN_PER,0,2535,163811,8.40,1,0.0100,0.02603,235.9
DQN_PER_seed_0_1790610022,DQN_PER,0,2536,163873,6.00,1,0.0100,0.02161,236.0
DQN_PER_seed_0_1790610022,DQN_PER,0,2537,164008,15.10,3,0.0100,0.02372,236.2
DQN_PER_seed_0_1790610022,DQN_PER,0,2538,164094,8.40,1,0.0100,0.02160,236.3
DQN_PER_seed_0_1790610022,DQN_PER,0,2539,164159,6.30,1,0.0100,0.02199,236.4
DQN_PER_seed_0_1790610022,DQN_PER,0,2540,164281,12.90,2,0.0100,0.02397,236.6
DQN_PER_seed_0_1790610022,DQN_PER,0,2541,164367,8.40,1,0.0100,0.02541,236.7
DQN_PER_seed_0_1790610022,DQN_PER,0,2542,164493,13.30,2,0.0100,0.02419,236.9
DQN_PER_seed_0_1790610022,DQN_PER,0,2543,164554,5.00,1,0.0100,0.01970,237.0
DQN_PER_seed_0_1790610022,DQN_PER,0,2544,164609,4.40,0,0.0100,0.02387,237.1
DQN_PER_seed_0_1790610022,DQN_PER,0,2545,164696,8.50,1,0.0100,0.02361,237.2
DQN_PER_seed_0_1790610022,DQN_PER,0,2546,164746,3.90,0,0.0100,0.02693,237.3
DQN_PER_seed_0_1790610022,DQN_PER,0,2547,164797,4.00,0,0.0100,0.02321,237.4
DQN_PER_seed_0_1790610022,DQN_PER,0,2548,164848,4.00,0,0.0100,0.02126,237.5
DQN_PER_seed_0_1790610022,DQN_PER,0,2549,164910,6.00,1,0.0100,0.01771,237.6
DQN_PER_seed_0_1790610022,DQN_PER,0,2550,165073,17.90,3,0.0100,0.02695,238.1
DQN_PER_seed_0_1790610022,DQN_PER,0,2551,165168,9.30,1,0.0100,0.02272,238.2
DQN_PER_seed_0_1790610022,DQN_PER,0,2552,165254,8.40,1,0.0100,0.02240,238.3
DQN_PER_seed_0_1790610022,DQN_PER,0,2553,165340,8.40,1,0.0100,0.02620,238.5
DQN_PER_seed_0_1790610022,DQN_PER,0,2554,165462,12.90,2,0.0100,0.02295,238.7
DQN_PER_seed_0_1790610022,DQN_PER,0,2555,165584,12.90,2,0.0100,0.02410,238.8
DQN_PER_seed_0_1790610022,DQN_PER,0,2556,165634,3.90,0,0.0100,0.02638,238.9
DQN_PER_seed_0_1790610022,DQN_PER,0,2557,165765,13.80,2,0.0100,0.02331,239.1
DQN_PER_seed_0_1790610022,DQN_PER,0,2558,165851,8.40,1,0.0100,0.02808,239.2
DQN_PER_seed_0_1790610022,DQN_PER,0,2559,166014,17.90,3,0.0100,0.02429,239.5
DQN_PER_seed_0_1790610022,DQN_PER,0,2560,166152,15.40,3,0.0100,0.02617,239.7
DQN_PER_seed_0_1790610022,DQN_PER,0,2561,166214,6.00,1,0.0100,0.03256,239.8
DQN_PER_seed_0_1790610022,DQN_PER,0,2562,166309,9.30,1,0.0100,0.02763,239.9
DQN_PER_seed_0_1790610022,DQN_PER,0,2563,166431,12.90,2,0.0100,0.02498,240.1
DQN_PER_seed_0_1790610022,DQN_PER,0,2564,166481,3.90,0,0.0100,0.02603,240.2
DQN_PER_seed_0_1790610022,DQN_PER,0,2565,166603,12.90,2,0.0100,0.02737,240.4
DQN_PER_seed_0_1790610022,DQN_PER,0,2566,166725,12.90,2,0.0100,0.02369,240.6
DQN_PER_seed_0_1790610022,DQN_PER,0,2567,166853,13.50,2,0.0100,0.02433,240.8
DQN_PER_seed_0_1790610022,DQN_PER,0,2568,167016,17.90,3,0.0100,0.02484,241.0
DQN_PER_seed_0_1790610022,DQN_PER,0,2569,167257,27.50,5,0.0100,0.02448,241.4
DQN_PER_seed_0_1790610022,DQN_PER,0,2570,167605,40.90,8,0.0100,0.02535,241.9
DQN_PER_seed_0_1790610022,DQN_PER,0,2571,167727,12.90,2,0.0100,0.02515,242.1
DQN_PER_seed_0_1790610022,DQN_PER,0,2572,167824,9.50,2,0.0100,0.02685,242.3
DQN_PER_seed_0_1790610022,DQN_PER,0,2573,167874,3.90,0,0.0100,0.02010,242.3
DQN_PER_seed_0_1790610022,DQN_PER,0,2574,167934,4.90,0,0.0100,0.01944,242.4
DQN_PER_seed_0_1790610022,DQN_PER,0,2575,167994,4.90,0,0.0100,0.02685,242.5
DQN_PER_seed_0_1790610022,DQN_PER,0,2576,168229,26.90,5,0.0100,0.02849,242.9
DQN_PER_seed_0_1790610022,DQN_PER,0,2577,168289,4.90,0,0.0100,0.02401,243.0
DQN_PER_seed_0_1790610022,DQN_PER,0,2578,168349,4.90,0,0.0100,0.01942,243.1
DQN_PER_seed_0_1790610022,DQN_PER,0,2579,168471,12.90,2,0.0100,0.02786,243.3
DQN_PER_seed_0_1790610022,DQN_PER,0,2580,168609,15.40,3,0.0100,0.02907,243.5
DQN_PER_seed_0_1790610022,DQN_PER,0,2581,168731,12.90,2,0.0100,0.03042,243.7
DQN_PER_seed_0_1790610022,DQN_PER,0,2582,168791,4.90,0,0.0100,0.02566,243.8
DQN_PER_seed_0_1790610022,DQN_PER,0,2583,168858,6.50,1,0.0100,0.02415,243.9
DQN_PER_seed_0_1790610022,DQN_PER,0,2584,169099,27.50,5,0.0100,0.02799,244.2
DQN_PER_seed_0_1790610022,DQN_PER,0,2585,169221,12.90,2,0.0100,0.02551,244.4
DQN_PER_seed_0_1790610022,DQN_PER,0,2586,169276,4.40,0,0.0100,0.03393,244.5
DQN_PER_seed_0_1790610022,DQN_PER,0,2587,169398,12.90,2,0.0100,0.02879,244.7
DQN_PER_seed_0_1790610022,DQN_PER,0,2588,169484,8.40,1,0.0100,0.02489,244.8
DQN_PER_seed_0_1790610022,DQN_PER,0,2589,169572,8.60,1,0.0100,0.03051,245.0
DQN_PER_seed_0_1790610022,DQN_PER,0,2590,169694,12.90,2,0.0100,0.02591,245.1
DQN_PER_seed_0_1790610022,DQN_PER,0,2591,169893,22.40,4,0.0100,0.02491,245.4
DQN_PER_seed_0_1790610022,DQN_PER,0,2592,170015,12.90,2,0.0100,0.02628,245.9
DQN_PER_seed_0_1790610022,DQN_PER,0,2593,170137,12.90,2,0.0100,0.02351,246.1
DQN_PER_seed_0_1790610022,DQN_PER,0,2594,170300,17.90,3,0.0100,0.02947,246.4
DQN_PER_seed_0_1790610022,DQN_PER,0,2595,170423,13.00,2,0.0100,0.02573,246.5
DQN_PER_seed_0_1790610022,DQN_PER,0,2596,170587,18.00,3,0.0100,0.02549,246.8
DQN_PER_seed_0_1790610022,DQN_PER,0,2597,170673,8.40,1,0.0100,0.02646,246.9
DQN_PER_seed_0_1790610022,DQN_PER,0,2598,170908,26.90,5,0.0100,0.02957,247.3
DQN_PER_seed_0_1790610022,DQN_PER,0,2599,171030,12.90,2,0.0100,0.02657,247.5
DQN_PER_seed_0_1790610022,DQN_PER,0,2600,171083,4.20,0,0.0100,0.02649,247.6
DQN_PER_seed_0_1790610022,DQN_PER,0,2601,171205,12.90,2,0.0100,0.02372,247.7
DQN_PER_seed_0_1790610022,DQN_PER,0,2602,171327,12.90,2,0.0100,0.02846,247.9
DQN_PER_seed_0_1790610022,DQN_PER,0,2603,171380,4.20,0,0.0100,0.03312,248.0
DQN_PER_seed_0_1790610022,DQN_PER,0,2604,171502,12.90,2,0.0100,0.02468,248.2
DQN_PER_seed_0_1790610022,DQN_PER,0,2605,171589,8.50,1,0.0100,0.02560,248.3
DQN_PER_seed_0_1790610022,DQN_PER,0,2606,171752,17.90,3,0.0100,0.02633,248.6
DQN_PER_seed_0_1790610022,DQN_PER,0,2607,171838,8.40,1,0.0100,0.02826,248.7
DQN_PER_seed_0_1790610022,DQN_PER,0,2608,172150,36.40,7,0.0100,0.02626,249.2
DQN_PER_seed_0_1790610022,DQN_PER,0,2609,172272,12.90,2,0.0100,0.02951,249.4
DQN_PER_seed_0_1790610022,DQN_PER,0,2610,172394,12.90,2,0.0100,0.02393,249.6
DQN_PER_seed_0_1790610022,DQN_PER,0,2611,172629,26.90,5,0.0100,0.02855,249.9
DQN_PER_seed_0_1790610022,DQN_PER,0,2612,172941,36.40,7,0.0100,0.02877,250.4
DQN_PER_seed_0_1790610022,DQN_PER,0,2613,172991,3.90,0,0.0100,0.02501,250.5
DQN_PER_seed_0_1790610022,DQN_PER,0,2614,173060,6.70,1,0.0100,0.02268,250.6
DQN_PER_seed_0_1790610022,DQN_PER,0,2615,173382,37.40,7,0.0100,0.02638,251.1
DQN_PER_seed_0_1790610022,DQN_PER,0,2616,173504,12.90,2,0.0100,0.02727,251.3
DQN_PER_seed_0_1790610022,DQN_PER,0,2617,173626,12.90,2,0.0100,0.02986,251.5
DQN_PER_seed_0_1790610022,DQN_PER,0,2618,173862,27.00,5,0.0100,0.02639,251.8
DQN_PER_seed_0_1790610022,DQN_PER,0,2619,174097,26.90,5,0.0100,0.02524,252.2
DQN_PER_seed_0_1790610022,DQN_PER,0,2620,174183,8.40,1,0.0100,0.02887,252.3
DQN_PER_seed_0_1790610022,DQN_PER,0,2621,174531,40.90,8,0.0100,0.02928,252.9
DQN_PER_seed_0_1790610022,DQN_PER,0,2622,174582,4.00,0,0.0100,0.02639,252.9
DQN_PER_seed_0_1790610022,DQN_PER,0,2623,175043,54.90,11,0.0100,0.02675,254.2
DQN_PER_seed_0_1790610022,DQN_PER,0,2624,175129,8.40,1,0.0100,0.02634,254.3
DQN_PER_seed_0_1790610022,DQN_PER,0,2625,175605,57.30,12,0.0100,0.02773,255.1
DQN_PER_seed_0_1790610022,DQN_PER,0,2626,175727,12.90,2,0.0100,0.02884,255.3
DQN_PER_seed_0_1790610022,DQN_PER,0,2627,175783,4.50,0,0.0100,0.03162,255.3
DQN_PER_seed_0_1790610022,DQN_PER,0,2628,175833,3.90,0,0.0100,0.02477,255.4
DQN_PER_seed_0_1790610022,DQN_PER,0,2629,175901,6.60,1,0.0100,0.02627,255.5
DQN_PER_seed_0_1790610022,DQN_PER,0,2630,176023,12.90,2,0.0100,0.02625,255.7
DQN_PER_seed_0_1790610022,DQN_PER,0,2631,176371,40.90,8,0.0100,0.03168,256.3
DQN_PER_seed_0_1790610022,DQN_PER,0,2632,176570,22.40,4,0.0100,0.02766,256.6
DQN_PER_seed_0_1790610022,DQN_PER,0,2633,176635,6.30,1,0.0100,0.02118,256.7
DQN_PER_seed_0_1790610022,DQN_PER,0,2634,176721,8.40,1,0.0100,0.02544,256.8
DQN_PER_seed_0_1790610022,DQN_PER,0,2635,176884,17.90,3,0.0100,0.02397,257.0
DQN_PER_seed_0_1790610022,DQN_PER,0,2636,176970,8.40,1,0.0100,0.02430,257.2
DQN_PER_seed_0_1790610022,DQN_PER,0,2637,177076,11.30,2,0.0100,0.02771,257.3
DQN_PER_seed_0_1790610022,DQN_PER,0,2638,177198,12.90,2,0.0100,0.02566,257.5
DQN_PER_seed_0_1790610022,DQN_PER,0,2639,177438,27.40,5,0.0100,0.02538,257.9
DQN_PER_seed_0_1790610022,DQN_PER,0,2640,177533,9.30,1,0.0100,0.02465,258.0
DQN_PER_seed_0_1790610022,DQN_PER,0,2641,177715,20.70,4,0.0100,0.02443,258.3
DQN_PER_seed_0_1790610022,DQN_PER,0,2642,177914,22.40,4,0.0100,0.02927,258.6
DQN_PER_seed_0_1790610022,DQN_PER,0,2643,178077,17.90,3,0.0100,0.02267,258.9
DQN_PER_seed_0_1790610022,DQN_PER,0,2644,178163,8.40,1,0.0100,0.02671,259.0
DQN_PER_seed_0_1790610022,DQN_PER,0,2645,178231,6.60,1,0.0100,0.03167,259.1
DQN_PER_seed_0_1790610022,DQN_PER,0,2646,178353,12.90,2,0.0100,0.02355,259.3
DQN_PER_seed_0_1790610022,DQN_PER,0,2647,178552,22.40,4,0.0100,0.02665,259.6
DQN_PER_seed_0_1790610022,DQN_PER,0,2648,178674,12.90,2,0.0100,0.02392,259.8
DQN_PER_seed_0_1790610022,DQN_PER,0,2649,178760,8.40,1,0.0100,0.02487,259.9
DQN_PER_seed_0_1790610022,DQN_PER,0,2650,178846,8.40,1,0.0100,0.02703,260.1
DQN_PER_seed_0_1790610022,DQN_PER,0,2651,179872,124.90,26,0.0100,0.02491,261.6
DQN_PER_seed_0_1790610022,DQN_PER,0,2652,180107,26.90,5,0.0100,0.02554,262.7
DQN_PER_seed_0_1790610022,DQN_PER,0,2653,180229,12.90,2,0.0100,0.02432,262.9
DQN_PER_seed_0_1790610022,DQN_PER,0,2654,180654,50.40,10,0.0100,0.02588,263.6
DQN_PER_seed_0_1790610022,DQN_PER,0,2655,180740,8.40,1,0.0100,0.02542,263.7
DQN_PER_seed_0_1790610022,DQN_PER,0,2656,180919,20.40,4,0.0100,0.02455,264.0
DQN_PER_seed_0_1790610022,DQN_PER,0,2657,181005,8.40,1,0.0100,0.02679,264.1
DQN_PER_seed_0_1790610022,DQN_PER,0,2658,181055,3.90,0,0.0100,0.02267,264.2
DQN_PER_seed_0_1790610022,DQN_PER,0,2659,181154,10.60,2,0.0100,0.02318,264.3
DQN_PER_seed_0_1790610022,DQN_PER,0,2660,181240,8.40,1,0.0100,0.02235,264.5
DQN_PER_seed_0_1790610022,DQN_PER,0,2661,181439,22.40,4,0.0100,0.02311,264.8
DQN_PER_seed_0_1790610022,DQN_PER,0,2662,181734,34.70,7,0.0100,0.02614,265.2
DQN_PER_seed_0_1790610022,DQN_PER,0,2663,181933,22.40,4,0.0100,0.02593,265.5
DQN_PER_seed_0_1790610022,DQN_PER,0,2664,182096,16.70,3,0.0100,0.03701,265.8
DQN_PER_seed_0_1790610022,DQN_PER,0,2665,182148,4.10,0,0.0100,0.02091,265.9
DQN_PER_seed_0_1790610022,DQN_PER,0,2666,182347,22.40,4,0.0100,0.02670,266.2
DQN_PER_seed_0_1790610022,DQN_PER,0,2667,182635,33.10,7,0.0100,0.02279,266.6
DQN_PER_seed_0_1790610022,DQN_PER,0,2668,182983,40.90,8,0.0100,0.02710,267.2
DQN_PER_seed_0_1790610022,DQN_PER,0,2669,183069,8.40,1,0.0100,0.02972,267.3
DQN_PER_seed_0_1790610022,DQN_PER,0,2670,183129,4.90,0,0.0100,0.02653,267.4
DQN_PER_seed_0_1790610022,DQN_PER,0,2671,183417,33.10,7,0.0100,0.02603,267.8
DQN_PER_seed_0_1790610022,DQN_PER,0,2672,183539,12.90,2,0.0100,0.02460,268.0
DQN_PER_seed_0_1790610022,DQN_PER,0,2673,183599,4.90,0,0.0100,0.02627,268.1
DQN_PER_seed_0_1790610022,DQN_PER,0,2674,183685,8.40,1,0.0100,0.02285,268.3
DQN_PER_seed_0_1790610022,DQN_PER,0,2675,183814,13.60,2,0.0100,0.02681,268.4
DQN_PER_seed_0_1790610022,DQN_PER,0,2676,183900,8.40,1,0.0100,0.02591,268.6
DQN_PER_seed_0_1790610022,DQN_PER,0,2677,184217,36.90,7,0.0100,0.02925,269.1
DQN_PER_seed_0_1790610022,DQN_PER,0,2678,184275,4.70,0,0.0100,0.02713,269.2
DQN_PER_seed_0_1790610022,DQN_PER,0,2679,184361,8.40,1,0.0100,0.02421,269.3
DQN_PER_seed_0_1790610022,DQN_PER,0,2680,184452,8.90,1,0.0100,0.02867,269.4
DQN_PER_seed_0_1790610022,DQN_PER,0,2681,184689,27.10,5,0.0100,0.02936,269.8
DQN_PER_seed_0_1790610022,DQN_PER,0,2682,184852,17.90,3,0.0100,0.02988,270.0
DQN_PER_seed_0_1790610022,DQN_PER,0,2683,184974,12.90,2,0.0100,0.03172,270.2
DQN_PER_seed_0_1790610022,DQN_PER,0,2684,185286,36.40,7,0.0100,0.02988,272.0
DQN_PER_seed_0_1790610022,DQN_PER,0,2685,185578,34.40,7,0.0100,0.02908,272.5
DQN_PER_seed_0_1790610022,DQN_PER,0,2686,185643,6.30,1,0.0100,0.03135,272.6
DQN_PER_seed_0_1790610022,DQN_PER,0,2687,186978,163.00,34,0.0100,0.02850,274.7
DQN_PER_seed_0_1790610022,DQN_PER,0,2688,187064,8.40,1,0.0100,0.03338,274.8
DQN_PER_seed_0_1790610022,DQN_PER,0,2689,187131,6.50,1,0.0100,0.03077,274.9
DQN_PER_seed_0_1790610022,DQN_PER,0,2690,187263,13.90,2,0.0100,0.03501,275.1
DQN_PER_seed_0_1790610022,DQN_PER,0,2691,187426,17.90,3,0.0100,0.02812,275.3
DQN_PER_seed_0_1790610022,DQN_PER,0,2692,187548,12.90,2,0.0100,0.03440,275.5
DQN_PER_seed_0_1790610022,DQN_PER,0,2693,188009,54.90,11,0.0100,0.03100,276.2
DQN_PER_seed_0_1790610022,DQN_PER,0,2694,188321,36.40,7,0.0100,0.02801,276.7
DQN_PER_seed_0_1790610022,DQN_PER,0,2695,188939,74.20,15,0.0100,0.02920,277.7
DQN_PER_seed_0_1790610022,DQN_PER,0,2696,189061,12.90,2,0.0100,0.02773,277.9
DQN_PER_seed_0_1790610022,DQN_PER,0,2697,189185,13.10,2,0.0100,0.02791,278.1
DQN_PER_seed_0_1790610022,DQN_PER,0,2698,189420,26.90,5,0.0100,0.02718,278.4
DQN_PER_seed_0_1790610022,DQN_PER,0,2699,189655,26.90,5,0.0100,0.03016,278.8
DQN_PER_seed_0_1790610022,DQN_PER,0,2700,189741,8.40,1,0.0100,0.02570,278.9
DQN_PER_seed_0_1790610022,DQN_PER,0,2701,189976,26.90,5,0.0100,0.02648,279.3
DQN_PER_seed_0_1790610022,DQN_PER,0,2702,190062,8.40,1,0.0100,0.02374,281.0
DQN_PER_seed_0_1790610022,DQN_PER,0,2703,190148,8.40,1,0.0100,0.02543,281.2
DQN_PER_seed_0_1790610022,DQN_PER,0,2704,190270,12.90,2,0.0100,0.02979,281.3
DQN_PER_seed_0_1790610022,DQN_PER,0,2705,190375,11.20,2,0.0100,0.02820,281.5
DQN_PER_seed_0_1790610022,DQN_PER,0,2706,190461,8.40,1,0.0100,0.02562,281.6
DQN_PER_seed_0_1790610022,DQN_PER,0,2707,190550,8.70,1,0.0100,0.02501,281.8
DQN_PER_seed_0_1790610022,DQN_PER,0,2708,190636,8.40,1,0.0100,0.02707,281.9
DQN_PER_seed_0_1790610022,DQN_PER,0,2709,190758,12.90,2,0.0100,0.02830,282.1
DQN_PER_seed_0_1790610022,DQN_PER,0,2710,190844,8.40,1,0.0100,0.02791,282.2
DQN_PER_seed_0_1790610022,DQN_PER,0,2711,191079,26.90,5,0.0100,0.02966,282.6
DQN_PER_seed_0_1790610022,DQN_PER,0,2712,191185,11.30,2,0.0100,0.02700,282.8
DQN_PER_seed_0_1790610022,DQN_PER,0,2713,191395,23.50,4,0.0100,0.02788,283.1
DQN_PER_seed_0_1790610022,DQN_PER,0,2714,191594,22.40,4,0.0100,0.02644,283.4
DQN_PER_seed_0_1790610022,DQN_PER,0,2715,191680,8.40,1,0.0100,0.02630,283.5
DQN_PER_seed_0_1790610022,DQN_PER,0,2716,191711,2.00,0,0.0100,0.02671,283.6
DQN_PER_seed_0_1790610022,DQN_PER,0,2717,191742,2.00,0,0.0100,0.02871,283.6
DQN_PER_seed_0_1790610022,DQN_PER,0,2718,191828,8.40,1,0.0100,0.02643,283.8
DQN_PER_seed_0_1790610022,DQN_PER,0,2719,192289,54.90,11,0.0100,0.02694,284.5
DQN_PER_seed_0_1790610022,DQN_PER,0,2720,192827,64.40,13,0.0100,0.02663,285.3
DQN_PER_seed_0_1790610022,DQN_PER,0,2721,192949,12.90,2,0.0100,0.02686,285.5
DQN_PER_seed_0_1790610022,DQN_PER,0,2722,193193,27.80,5,0.0100,0.02566,285.9
DQN_PER_seed_0_1790610022,DQN_PER,0,2723,193254,5.00,1,0.0100,0.02474,286.0
DQN_PER_seed_0_1790610022,DQN_PER,0,2724,193376,12.90,2,0.0100,0.02640,286.2
DQN_PER_seed_0_1790610022,DQN_PER,0,2725,193440,6.20,1,0.0100,0.02785,286.3
DQN_PER_seed_0_1790610022,DQN_PER,0,2726,193537,9.50,2,0.0100,0.02971,286.4
DQN_PER_seed_0_1790610022,DQN_PER,0,2727,193736,22.40,4,0.0100,0.02690,286.7
DQN_PER_seed_0_1790610022,DQN_PER,0,2728,193786,3.90,0,0.0100,0.02457,286.8
DQN_PER_seed_0_1790610022,DQN_PER,0,2729,194134,40.90,8,0.0100,0.02773,287.3
DQN_PER_seed_0_1790610022,DQN_PER,0,2730,194297,13.70,3,0.0100,0.02714,287.6
DQN_PER_seed_0_1790610022,DQN_PER,0,2731,194532,26.90,5,0.0100,0.02862,287.9
DQN_PER_seed_0_1790610022,DQN_PER,0,2732,194957,50.40,10,0.0100,0.02750,288.6
DQN_PER_seed_0_1790610022,DQN_PER,0,2733,195305,40.90,8,0.0100,0.02454,290.5
DQN_PER_seed_0_1790610022,DQN_PER,0,2734,195427,12.90,2,0.0100,0.02931,290.7
DQN_PER_seed_0_1790610022,DQN_PER,0,2735,195549,12.90,2,0.0100,0.02908,290.9
DQN_PER_seed_0_1790610022,DQN_PER,0,2736,195784,26.90,5,0.0100,0.02684,291.3
DQN_PER_seed_0_1790610022,DQN_PER,0,2737,195947,17.90,3,0.0100,0.02355,291.5
DQN_PER_seed_0_1790610022,DQN_PER,0,2738,196199,29.50,6,0.0100,0.02617,291.9
DQN_PER_seed_0_1790610022,DQN_PER,0,2739,196406,23.20,4,0.0100,0.02519,292.3
DQN_PER_seed_0_1790610022,DQN_PER,0,2740,196569,17.90,3,0.0100,0.02661,292.5
DQN_PER_seed_0_1790610022,DQN_PER,0,2741,196655,8.40,1,0.0100,0.02961,292.7
DQN_PER_seed_0_1790610022,DQN_PER,0,2742,196890,26.90,5,0.0100,0.02852,293.0
DQN_PER_seed_0_1790610022,DQN_PER,0,2743,197166,31.90,6,0.0100,0.02840,293.5
DQN_PER_seed_0_1790610022,DQN_PER,0,2744,197627,54.90,11,0.0100,0.02711,294.2
DQN_PER_seed_0_1790610022,DQN_PER,0,2745,197677,3.90,0,0.0100,0.02826,294.3
DQN_PER_seed_0_1790610022,DQN_PER,0,2746,198066,45.90,9,0.0100,0.02796,294.9
DQN_PER_seed_0_1790610022,DQN_PER,0,2747,198265,22.40,4,0.0100,0.02499,295.2
DQN_PER_seed_0_1790610022,DQN_PER,0,2748,198690,50.40,10,0.0100,0.02521,295.8
DQN_PER_seed_0_1790610022,DQN_PER,0,2749,199018,38.90,8,0.0100,0.02542,296.3
DQN_PER_seed_0_1790610022,DQN_PER,0,2750,199181,17.90,3,0.0100,0.02796,296.6
DQN_PER_seed_0_1790610022,DQN_PER,0,2751,199380,22.40,4,0.0100,0.02531,296.9
DQN_PER_seed_0_1790610022,DQN_PER,0,2752,199660,32.30,6,0.0100,0.02517,297.3
DQN_PER_seed_0_1790610022,DQN_PER,0,2753,199716,4.50,0,0.0100,0.02649,297.4
DQN_PER_seed_0_1790610022,DQN_PER,0,2754,199951,26.90,5,0.0100,0.02829,297.8
