run_id,method,seed,episode,step,ep_reward,score,epsilon,loss,wall_time
DQN_Double_PER_seed_1_1790611300,DQN_Double_PER,1,1,50,-8.10,0,0.9990,0.00000,0.0
DQN_Double_PER_seed_1_1790611300,DQN_Double_PER,1,2,100,-6.90,0,0.9980,0.00000,0.0
DQN_Double_PER_seed_1_1790611300,DQN_Double_PER,1,3,150,-8.10,0,0.9970,0.00000,0.0
DQN_Double_PER_seed_1_1790611300,DQN_Double_PER,1,4,200,-7.50,0,0.9960,0.00000,0.0
DQN_Double_PER_seed_1_1790611300,DQN_Double_PER,1,5,250,-5.70,0,0.9950,0.00000,0.0
DQN_Double_PER_seed_1_1790611300,DQN_Double_PER,1,6,300,-8.10,0,0.9941,0.00000,0.0
DQN_Double_PER_seed_1_1790611300,DQN_Double_PER,1,7,350,-7.50,0,0.9931,0.00000,0.0
DQN_Double_PER_seed_1_1790611300,DQN_Double_PER,1,8,400,-7.50,0,0.9921,0.00000,0.0
DQN_Double_PER_seed_1_1790611300,DQN_Double_PER,1,9,450,-6.90,0,0.9911,0.00000,0.0
DQN_Double_PER_seed_1_1790611300,DQN_Double_PER,1,10,500,-5.10,0,0.9901,0.00000,0.0
DQN_Double_PER_seed_1_1790611300,DQN_Double_PER,1,11,550,-5.70,0,0.9891,0.00000,0.0
DQN_Double_PER_seed_1_1790611300,DQN_Double_PER,1,12,600,-8.10,0,0.9881,0.00000,0.0
DQN_Double_PER_seed_1_1790611300,DQN_Double_PER,1,13,650,-7.50,0,0.9871,0.00000,0.0
DQN_Double_PER_seed_1_1790611300,DQN_Double_PER,1,14,700,-7.50,0,0.9861,0.00000,0.0
DQN_Double_PER_seed_1_1790611300,DQN_Double_PER,1,15,750,-7.50,0,0.9851,0.00000,0.0
DQN_Double_PER_seed_1_1790611300,DQN_Double_PER,1,16,800,-8.10,0,0.9842,0.00000,0.0
DQN_Double_PER_seed_1_1790611300,DQN_Double_PER,1,17,850,-8.10,0,0.9832,0.00000,0.0
DQN_Double_PER_seed_1_1790611300,DQN_Double_PER,1,18,900,-7.50,0,0.9822,0.00000,0.0
DQN_Double_PER_seed_1_1790611300,DQN_Double_PER,1,19,950,-7.50,0,0.9812,0.00000,0.0
DQN_Double_PER_seed_1_1790611300,DQN_Double_PER,1,20,1000,-5.70,0,0.9802,0.00000,0.0
DQN_Double_PER_seed_1_1790611300,DQN_Double_PER,1,21,1050,-8.10,0,0.9792,0.00000,0.0
DQN_Double_PER_seed_1_1790611300,DQN_Double_PER,1,22,1100,-8.10,0,0.9782,0.00000,0.0
DQN_Double_PER_seed_1_1790611300,DQN_Double_PER,1,23,1150,-8.70,0,0.9772,0.00000,0.0
DQN_Double_PER_seed_1_1790611300,DQN_Double_PER,1,24,1200,-7.50,0,0.9762,0.00000,0.0
DQN_Double_PER_seed_1_1790611300,DQN_Double_PER,1,25,1250,-9.30,0,0.9752,0.00000,0.0
DQN_Double_PER_seed_1_1790611300,DQN_Double_PER,1,26,1300,-6.30,0,0.9743,0.00000,0.0
DQN_Double_PER_seed_1_1790611300,DQN_Double_PER,1,27,1350,-8.70,0,0.9733,0.00000,0.0
DQN_Double_PER_seed_1_1790611300,DQN_Double_PER,1,28,1400,-8.10,0,0.9723,0.00000,0.0
DQN_Double_PER_seed_1_1790611300,DQN_Double_PER,1,29,1450,-6.90,0,0.9713,0.00000,0.0
DQN_Double_PER_seed_1_1790611300,DQN_Double_PER,1,30,1500,-8.10,0,0.9703,0.00000,0.0
DQN_Double_PER_seed_1_1790611300,DQN_Double_PER,1,31,1550,-7.50,0,0.9693,0.00000,0.0
DQN_Double_PER_seed_1_1790611300,DQN_Double_PER,1,32,1600,-6.30,0,0.9683,0.00000,0.0
DQN_Double_PER_seed_1_1790611300,DQN_Double_PER,1,33,1650,-5.70,0,0.9673,0.00000,0.0
DQN_Double_PER_seed_1_1790611300,DQN_Double_PER,1,34,1700,-7.50,0,0.9663,0.00000,0.0
DQN_Double_PER_seed_1_1790611300,DQN_Double_PER,1,35,1750,-6.30,0,0.9654,0.00000,0.0
DQN_Double_PER_seed_1_1790611300,DQN_Double_PER,1,36,1800,-8.10,0,0.9644,0.00000,0.0
DQN_Double_PER_seed_1_1790611300,DQN_Double_PER,1,37,1850,-8.10,0,0.9634,0.00000,0.0
DQN_Double_PER_seed_1_1790611300,DQN_Double_PER,1,38,1900,-8.10,0,0.9624,0.00000,0.0
DQN_Double_PER_seed_1_1790611300,DQN_Double_PER,1,39,1950,-8.70,0,0.9614,0.00000,0.0
DQN_Double_PER_seed_1_1790611300,DQN_Double_PER,1,40,2000,-8.10,0,0.9604,0.13299,0.0
DQN_Double_PER_seed_1_1790611300,DQN_Double_PER,1,41,2050,-7.50,0,0.9594,0.02675,0.1
DQN_Double_PER_seed_1_1790611300,DQN_Double_PER,1,42,2100,-7.50,0,0.9584,0.01473,0.2
DQN_Double_PER_seed_1_1790611300,DQN_Double_PER,1,43,2150,-8.10,0,0.9574,0.01184,0.2
DQN_Double_PER_seed_1_1790611300,DQN_Double_PER,1,44,2200,-8.10,0,0.9564,0.01028,0.3
DQN_Double_PER_seed_1_1790611300,DQN_Double_PER,1,45,2250,-3.30,0,0.9555,0.00830,0.4
DQN_Double_PER_seed_1_1790611300,DQN_Double_PER,1,46,2300,-8.10,0,0.9545,0.00808,0.5
DQN_Double_PER_seed_1_1790611300,DQN_Double_PER,1,47,2350,-8.10,0,0.9535,0.00685,0.5
DQN_Double_PER_seed_1_1790611300,DQN_Double_PER,1,48,2400,-7.50,0,0.9525,0.00641,0.6
DQN_Double_PER_seed_1_1790611300,DQN_Double_PER,1,49,2450,-8.10,0,0.9515,0.00614,0.7
DQN_Double_PER_seed_1_1790611300,DQN_Double_PER,1,50,2500,-6.90,0,0.9505,0.00656,0.7
DQN_Double_PER_seed_1_1790611300,DQN_Double_PER,1,51,2550,-7.50,0,0.9495,0.00626,0.8
DQN_Double_PER_seed_1_1790611300,DQN_Double_PER,1,52,2600,-7.50,0,0.9485,0.00618,0.9
DQN_Double_PER_seed_1_1790611300,DQN_Double_PER,1,53,2650,-7.50,0,0.9475,0.00600,0.9
DQN_Double_PER_seed_1_1790611300,DQN_Double_PER,1,54,2700,-3.90,0,0.9465,0.00576,1.0
DQN_Double_PER_seed_1_1790611300,DQN_Double_PER,1,55,2750,-8.10,0,0.9456,0.00556,1.1
DQN_Double_PER_seed_1_1790611300,DQN_Double_PER,1,56,2800,-8.10,0,0.9446,0.00581,1.1
DQN_Double_PER_seed_1_1790611300,DQN_Double_PER,1,57,2850,-8.70,0,0.9436,0.00546,1.2
DQN_Double_PER_seed_1_1790611300,DQN_Double_PER,1,58,2900,-7.50,0,0.9426,0.00524,1.3
DQN_Double_PER_seed_1_1790611300,DQN_Double_PER,1,59,2950,-8.70,0,0.9416,0.00537,1.3
DQN_Double_PER_seed_1_1790611300,DQN_Double_PER,1,60,3000,-8.70,0,0.9406,0.00521,1.4
DQN_Double_PER_seed_1_1790611300,DQN_Double_PER,1,61,3050,-8.10,0,0.9396,0.01237,1.5
DQN_Double_PER_seed_1_1790611300,DQN_Double_PER,1,62,3100,-8.10,0,0.9386,0.00658,1.5
DQN_Double_PER_seed_1_1790611300,DQN_Double_PER,1,63,3150,-5.70,0,0.9376,0.00526,1.6
DQN_Double_PER_seed_1_1790611300,DQN_Double_PER,1,64,3200,-8.10,0,0.9366,0.00543,1.7
DQN_Double_PER_seed_1_1790611300,DQN_Double_PER,1,65,3250,-7.50,0,0.9356,0.00505,1.7
DQN_Double_PER_seed_1_1790611300,DQN_Double_PER,1,66,3300,-7.50,0,0.9347,0.00438,1.8
DQN_Double_PER_seed_1_1790611300,DQN_Double_PER,1,67,3350,-7.50,0,0.9337,0.00396,1.9
DQN_Double_PER_seed_1_1790611300,DQN_Double_PER,1,68,3400,-7.50,0,0.9327,0.00402,1.9
DQN_Double_PER_seed_1_1790611300,DQN_Double_PER,1,69,3450,-8.10,0,0.9317,0.00377,2.0
DQN_Double_PER_seed_1_1790611300,DQN_Double_PER,1,70,3500,-7.50,0,0.9307,0.00375,2.1
DQN_Double_PER_seed_1_1790611300,DQN_Double_PER,1,71,3550,-7.50,0,0.9297,0.00351,2.1
DQN_Double_PER_seed_1_1790611300,DQN_Double_PER,1,72,3600,-7.50,0,0.9287,0.00349,2.2
DQN_Double_PER_seed_1_1790611300,DQN_Double_PER,1,73,3650,-7.50,0,0.9277,0.00363,2.3
DQN_Double_PER_seed_1_1790611300,DQN_Double_PER,1,74,3700,-8.10,0,0.9267,0.00343,2.4
DQN_Double_PER_seed_1_1790611300,DQN_Double_PER,1,75,3750,-6.90,0,0.9257,0.00342,2.4
DQN_Double_PER_seed_1_1790611300,DQN_Double_PER,1,76,3800,-6.30,0,0.9248,0.00286,2.5
DQN_Double_PER_seed_1_1790611300,DQN_Double_PER,1,77,3850,-8.10,0,0.9238,0.00333,2.6
DQN_Double_PER_seed_1_1790611300,DQN_Double_PER,1,78,3900,-8.10,0,0.9228,0.00273,2.6
DQN_Double_PER_seed_1_1790611300,DQN_Double_PER,1,79,3950,-8.70,0,0.9218,0.00276,2.7
DQN_Double_PER_seed_1_1790611300,DQN_Double_PER,1,80,4000,-7.50,0,0.9208,0.00256,2.8
DQN_Double_PER_seed_1_1790611300,DQN_Double_PER,1,81,4050,-8.10,0,0.9198,0.01403,2.8
DQN_Double_PER_seed_1_1790611300,DQN_Double_PER,1,82,4100,-6.30,0,0.9188,0.00792,2.9
DQN_Double_PER_seed_1_1790611300,DQN_Double_PER,1,83,4150,-6.30,0,0.9178,0.00745,3.0
DQN_Double_PER_seed_1_1790611300,DQN_Double_PER,1,84,4200,-8.10,0,0.9168,0.00863,3.0
DQN_Double_PER_seed_1_1790611300,DQN_Double_PER,1,85,4250,-8.10,0,0.9159,0.00678,3.1
DQN_Double_PER_seed_1_1790611300,DQN_Double_PER,1,86,4300,-6.90,0,0.9149,0.00723,3.2
DQN_Double_PER_seed_1_1790611300,DQN_Double_PER,1,87,4350,-8.10,0,0.9139,0.00760,3.2
DQN_Double_PER_seed_1_1790611300,DQN_Double_PER,1,88,4400,-6.30,0,0.9129,0.00725,3.3
DQN_Double_PER_seed_1_1790611300,DQN_Double_PER,1,89,4450,-5.10,0,0.9119,0.00674,3.4
DQN_Double_PER_seed_1_1790611300,DQN_Double_PER,1,90,4500,-7.50,0,0.9109,0.00635,3.4
DQN_Double_PER_seed_1_1790611300,DQN_Double_PER,1,91,4550,-7.50,0,0.9099,0.00672,3.5
DQN_Double_PER_seed_1_1790611300,DQN_Double_PER,1,92,4600,-8.70,0,0.9089,0.00669,3.6
DQN_Double_PER_seed_1_1790611300,DQN_Double_PER,1,93,4650,-7.50,0,0.9079,0.00620,3.6
DQN_Double_PER_seed_1_1790611300,DQN_Double_PER,1,94,4700,-6.90,0,0.9069,0.00696,3.7
DQN_Double_PER_seed_1_1790611300,DQN_Double_PER,1,95,4750,-5.70,0,0.9060,0.00665,3.8
DQN_Double_PER_seed_1_1790611300,DQN_Double_PER,1,96,4800,-8.70,0,0.9050,0.00692,3.8
DQN_Double_PER_seed_1_1790611300,DQN_Double_PER,1,97,4850,-6.90,0,0.9040,0.00622,3.9
DQN_Double_PER_seed_1_1790611300,DQN_Double_PER,1,98,4900,-7.50,0,0.9030,0.00633,4.0
DQN_Double_PER_seed_1_1790611300,DQN_Double_PER,1,99,4950,-6.90,0,0.9020,0.00603,4.0
DQN_Double_PER_seed_1_1790611300,DQN_Double_PER,1,100,5000,-7.50,0,0.9010,0.00580,4.1
DQN_Double_PER_seed_1_1790611300,DQN_Double_PER,1,101,5050,-7.50,0,0.9000,0.01571,4.3
DQN_Double_PER_seed_1_1790611300,DQN_Double_PER,1,102,5100,-7.50,0,0.8990,0.01030,4.3
DQN_Double_PER_seed_1_1790611300,DQN_Double_PER,1,103,5150,-8.70,0,0.8980,0.01053,4.4
DQN_Double_PER_seed_1_1790611300,DQN_Double_PER,1,104,5200,-7.50,0,0.8970,0.01005,4.5
DQN_Double_PER_seed_1_1790611300,DQN_Double_PER,1,105,5250,-7.50,0,0.8961,0.01059,4.5
DQN_Double_PER_seed_1_1790611300,DQN_Double_PER,1,106,5300,-8.70,0,0.8951,0.00944,4.6
DQN_Double_PER_seed_1_1790611300,DQN_Double_PER,1,107,5350,-8.10,0,0.8941,0.00886,4.7
DQN_Double_PER_seed_1_1790611300,DQN_Double_PER,1,108,5400,-6.30,0,0.8931,0.00981,4.7
DQN_Double_PER_seed_1_1790611300,DQN_Double_PER,1,109,5450,-6.30,0,0.8921,0.00858,4.8
DQN_Double_PER_seed_1_1790611300,DQN_Double_PER,1,110,5500,-8.10,0,0.8911,0.00796,4.9
DQN_Double_PER_seed_1_1790611300,DQN_Double_PER,1,111,5550,-8.70,0,0.8901,0.00852,5.0
DQN_Double_PER_seed_1_1790611300,DQN_Double_PER,1,112,5600,-7.50,0,0.8891,0.00811,5.0
DQN_Double_PER_seed_1_1790611300,DQN_Double_PER,1,113,5650,-7.50,0,0.8881,0.00821,5.1
DQN_Double_PER_seed_1_1790611300,DQN_Double_PER,1,114,5700,-8.70,0,0.8871,0.00839,5.2
DQN_Double_PER_seed_1_1790611300,DQN_Double_PER,1,115,5750,-7.50,0,0.8861,0.00752,5.2
DQN_Double_PER_seed_1_1790611300,DQN_Double_PER,1,116,5800,-7.50,0,0.8852,0.00718,5.3
DQN_Double_PER_seed_1_1790611300,DQN_Double_PER,1,117,5850,-6.30,0,0.8842,0.00706,5.4
DQN_Double_PER_seed_1_1790611300,DQN_Double_PER,1,118,5900,-8.10,0,0.8832,0.00743,5.4
DQN_Double_PER_seed_1_1790611300,DQN_Double_PER,1,119,5950,-6.30,0,0.8822,0.00745,5.5
DQN_Double_PER_seed_1_1790611300,DQN_Double_PER,1,120,6000,-6.90,0,0.8812,0.00775,5.6
DQN_Double_PER_seed_1_1790611300,DQN_Double_PER,1,121,6050,-6.90,0,0.8802,0.01438,5.6
DQN_Double_PER_seed_1_1790611300,DQN_Double_PER,1,122,6100,-8.10,0,0.8792,0.00755,5.7
DQN_Double_PER_seed_1_1790611300,DQN_Double_PER,1,123,6150,-8.10,0,0.8782,0.00722,5.8
DQN_Double_PER_seed_1_1790611300,DQN_Double_PER,1,124,6200,-7.50,0,0.8772,0.00720,5.8
DQN_Double_PER_seed_1_1790611300,DQN_Double_PER,1,125,6250,-6.90,0,0.8762,0.00731,5.9
DQN_Double_PER_seed_1_1790611300,DQN_Double_PER,1,126,6300,-7.50,0,0.8753,0.00600,6.0
DQN_Double_PER_seed_1_1790611300,DQN_Double_PER,1,127,6350,-8.70,0,0.8743,0.00588,6.0
DQN_Double_PER_seed_1_1790611300,DQN_Double_PER,1,128,6400,-8.70,0,0.8733,0.00606,6.1
DQN_Double_PER_seed_1_1790611300,DQN_Double_PER,1,129,6450,-8.10,0,0.8723,0.00586,6.2
DQN_Double_PER_seed_1_1790611300,DQN_Double_PER,1,130,6500,-8.10,0,0.8713,0.00594,6.2
DQN_Double_PER_seed_1_1790611300,DQN_Double_PER,1,131,6550,-7.50,0,0.8703,0.00552,6.3
DQN_Double_PER_seed_1_1790611300,DQN_Double_PER,1,132,6600,-8.10,0,0.8693,0.00497,6.4
DQN_Double_PER_seed_1_1790611300,DQN_Double_PER,1,133,6650,-6.90,0,0.8683,0.00433,6.4
DQN_Double_PER_seed_1_1790611300,DQN_Double_PER,1,134,6700,-7.50,0,0.8673,0.00469,6.5
DQN_Double_PER_seed_1_1790611300,DQN_Double_PER,1,135,6750,-8.10,0,0.8663,0.00543,6.6
DQN_Double_PER_seed_1_1790611300,DQN_Double_PER,1,136,6800,-6.30,0,0.8654,0.00453,6.7
DQN_Double_PER_seed_1_1790611300,DQN_Double_PER,1,137,6850,-6.90,0,0.8644,0.00480,6.7
DQN_Double_PER_seed_1_1790611300,DQN_Double_PER,1,138,6900,-8.70,0,0.8634,0.00418,6.8
DQN_Double_PER_seed_1_1790611300,DQN_Double_PER,1,139,6950,-8.70,0,0.8624,0.00498,6.9
DQN_Double_PER_seed_1_1790611300,DQN_Double_PER,1,140,7000,-7.50,0,0.8614,0.00391,6.9
DQN_Double_PER_seed_1_1790611300,DQN_Double_PER,1,141,7050,-7.50,0,0.8604,0.00627,7.0
DQN_Double_PER_seed_1_1790611300,DQN_Double_PER,1,142,7100,-6.90,0,0.8594,0.00245,7.1
DQN_Double_PER_seed_1_1790611300,DQN_Double_PER,1,143,7150,-8.10,0,0.8584,0.00319,7.1
DQN_Double_PER_seed_1_1790611300,DQN_Double_PER,1,144,7200,-6.90,0,0.8574,0.00321,7.2
DQN_Double_PER_seed_1_1790611300,DQN_Double_PER,1,145,7250,-7.50,0,0.8565,0.00234,7.3
DQN_Double_PER_seed_1_1790611300,DQN_Double_PER,1,146,7300,-7.50,0,0.8555,0.00209,7.3
DQN_Double_PER_seed_1_1790611300,DQN_Double_PER,1,147,7350,-7.50,0,0.8545,0.00178,7.4
DQN_Double_PER_seed_1_1790611300,DQN_Double_PER,1,148,7400,-6.90,0,0.8535,0.00206,7.5
DQN_Double_PER_seed_1_1790611300,DQN_Double_PER,1,149,7450,-6.90,0,0.8525,0.00195,7.5
DQN_Double_PER_seed_1_1790611300,DQN_Double_PER,1,150,7500,-7.50,0,0.8515,0.00210,7.6
DQN_Double_PER_seed_1_1790611300,DQN_Double_PER,1,151,7550,-8.10,0,0.8505,0.00251,7.7
DQN_Double_PER_seed_1_1790611300,DQN_Double_PER,1,152,7600,-8.10,0,0.8495,0.00199,7.7
DQN_Double_PER_seed_1_1790611300,DQN_Double_PER,1,153,7650,-7.50,0,0.8485,0.00222,7.8
DQN_Double_PER_seed_1_1790611300,DQN_Double_PER,1,154,7700,-6.90,0,0.8475,0.00184,7.9
DQN_Double_PER_seed_1_1790611300,DQN_Double_PER,1,155,7750,-8.10,0,0.8466,0.00179,7.9
DQN_Double_PER_seed_1_1790611300,DQN_Double_PER,1,156,7800,-8.10,0,0.8456,0.00189,8.0
DQN_Double_PER_seed_1_1790611300,DQN_Double_PER,1,157,7850,-8.10,0,0.8446,0.00194,8.1
DQN_Double_PER_seed_1_1790611300,DQN_Double_PER,1,158,7900,-8.10,0,0.8436,0.00204,8.2
DQN_Double_PER_seed_1_1790611300,DQN_Double_PER,1,159,7950,-8.10,0,0.8426,0.00259,8.2
DQN_Double_PER_seed_1_1790611300,DQN_Double_PER,1,160,8000,-7.50,0,0.8416,0.00207,8.3
DQN_Double_PER_seed_1_1790611300,DQN_Double_PER,1,161,8050,-8.10,0,0.8406,0.00709,8.4
DQN_Double_PER_seed_1_1790611300,DQN_Double_PER,1,162,8100,-5.10,0,0.8396,0.00174,8.4
DQN_Double_PER_seed_1_1790611300,DQN_Double_PER,1,163,8150,-6.90,0,0.8386,0.00153,8.5
DQN_Double_PER_seed_1_1790611300,DQN_Double_PER,1,164,8200,-6.90,0,0.8376,0.00165,8.6
DQN_Double_PER_seed_1_1790611300,DQN_Double_PER,1,165,8250,-7.50,0,0.8367,0.00165,8.6
DQN_Double_PER_seed_1_1790611300,DQN_Double_PER,1,166,8300,-6.90,0,0.8357,0.00214,8.7
DQN_Double_PER_seed_1_1790611300,DQN_Double_PER,1,167,8350,-7.50,0,0.8347,0.00136,8.8
DQN_Double_PER_seed_1_1790611300,DQN_Double_PER,1,168,8400,-6.30,0,0.8337,0.00144,8.8
DQN_Double_PER_seed_1_1790611300,DQN_Double_PER,1,169,8450,-5.70,0,0.8327,0.00154,8.9
DQN_Double_PER_seed_1_1790611300,DQN_Double_PER,1,170,8500,-6.30,0,0.8317,0.00162,9.0
DQN_Double_PER_seed_1_1790611300,DQN_Double_PER,1,171,8550,-7.50,0,0.8307,0.00171,9.0
DQN_Double_PER_seed_1_1790611300,DQN_Double_PER,1,172,8600,-6.30,0,0.8297,0.00169,9.1
DQN_Double_PER_seed_1_1790611300,DQN_Double_PER,1,173,8650,-7.50,0,0.8287,0.00206,9.2
DQN_Double_PER_seed_1_1790611300,DQN_Double_PER,1,174,8700,-6.90,0,0.8277,0.00140,9.2
DQN_Double_PER_seed_1_1790611300,DQN_Double_PER,1,175,8750,-8.70,0,0.8267,0.00148,9.3
DQN_Double_PER_seed_1_1790611300,DQN_Double_PER,1,176,8800,-6.30,0,0.8258,0.00149,9.4
DQN_Double_PER_seed_1_1790611300,DQN_Double_PER,1,177,8850,-6.90,0,0.8248,0.00130,9.4
DQN_Double_PER_seed_1_1790611300,DQN_Double_PER,1,178,8900,-8.10,0,0.8238,0.00155,9.5
DQN_Double_PER_seed_1_1790611300,DQN_Double_PER,1,179,8950,-7.50,0,0.8228,0.00142,9.6
DQN_Double_PER_seed_1_1790611300,DQN_Double_PER,1,180,9000,-8.10,0,0.8218,0.00129,9.7
DQN_Double_PER_seed_1_1790611300,DQN_Double_PER,1,181,9050,-3.90,0,0.8208,0.00461,9.7
DQN_Double_PER_seed_1_1790611300,DQN_Double_PER,1,182,9100,-5.70,0,0.8198,0.00153,9.8
DQN_Double_PER_seed_1_1790611300,DQN_Double_PER,1,183,9150,-6.90,0,0.8188,0.00146,9.9
DQN_Double_PER_seed_1_1790611300,DQN_Double_PER,1,184,9200,-0.30,0,0.8178,0.00150,9.9
DQN_Double_PER_seed_1_1790611300,DQN_Double_PER,1,185,9250,-8.10,0,0.8168,0.00152,10.0
DQN_Double_PER_seed_1_1790611300,DQN_Double_PER,1,186,9300,-8.10,0,0.8159,0.00166,10.1
DQN_Double_PER_seed_1_1790611300,DQN_Double_PER,1,187,9350,-8.10,0,0.8149,0.00159,10.1
DQN_Double_PER_seed_1_1790611300,DQN_Double_PER,1,188,9400,-8.10,0,0.8139,0.00155,10.2
DQN_Double_PER_seed_1_1790611300,DQN_Double_PER,1,189,9450,-7.50,0,0.8129,0.00176,10.3
DQN_Double_PER_seed_1_1790611300,DQN_Double_PER,1,190,9500,-7.50,0,0.8119,0.00170,10.3
DQN_Double_PER_seed_1_1790611300,DQN_Double_PER,1,191,9550,-6.30,0,0.8109,0.00117,10.4
DQN_Double_PER_seed_1_1790611300,DQN_Double_PER,1,192,9600,-8.10,0,0.8099,0.00137,10.5
DQN_Double_PER_seed_1_1790611300,DQN_Double_PER,1,193,9650,-7.50,0,0.8089,0.00120,10.5
DQN_Double_PER_seed_1_1790611300,DQN_Double_PER,1,194,9700,-8.10,0,0.8079,0.00158,10.6
DQN_Double_PER_seed_1_1790611300,DQN_Double_PER,1,195,9750,-2.70,0,0.8070,0.00137,10.7
DQN_Double_PER_seed_1_1790611300,DQN_Double_PER,1,196,9800,-7.50,0,0.8060,0.00139,10.7
DQN_Double_PER_seed_1_1790611300,DQN_Double_PER,1,197,9850,-6.90,0,0.8050,0.00129,10.8
DQN_Double_PER_seed_1_1790611300,DQN_Double_PER,1,198,9900,-7.50,0,0.8040,0.00203,10.9
DQN_Double_PER_seed_1_1790611300,DQN_Double_PER,1,199,9950,-8.10,0,0.8030,0.00163,11.0
DQN_Double_PER_seed_1_1790611300,DQN_Double_PER,1,200,10000,-6.90,0,0.8020,0.00113,11.0
DQN_Double_PER_seed_1_1790611300,DQN_Double_PER,1,201,10050,-6.90,0,0.8010,0.00588,11.2
DQN_Double_PER_seed_1_1790611300,DQN_Double_PER,1,202,10100,-7.50,0,0.8000,0.00124,11.2
DQN_Double_PER_seed_1_1790611300,DQN_Double_PER,1,203,10150,-8.10,0,0.7990,0.00152,11.3
DQN_Double_PER_seed_1_1790611300,DQN_Double_PER,1,204,10200,-5.70,0,0.7980,0.00190,11.4
DQN_Double_PER_seed_1_1790611300,DQN_Double_PER,1,205,10250,-8.10,0,0.7971,0.00138,11.5
DQN_Double_PER_seed_1_1790611300,DQN_Double_PER,1,206,10300,-6.90,0,0.7961,0.00190,11.5
DQN_Double_PER_seed_1_1790611300,DQN_Double_PER,1,207,10350,-5.10,0,0.7951,0.00123,11.6
DQN_Double_PER_seed_1_1790611300,DQN_Double_PER,1,208,10400,-6.90,0,0.7941,0.00127,11.7
DQN_Double_PER_seed_1_1790611300,DQN_Double_PER,1,209,10450,-5.70,0,0.7931,0.00182,11.7
DQN_Double_PER_seed_1_1790611300,DQN_Double_PER,1,210,10500,-7.50,0,0.7921,0.00128,11.8
DQN_Double_PER_seed_1_1790611300,DQN_Double_PER,1,211,10550,-6.30,0,0.7911,0.00198,11.9
DQN_Double_PER_seed_1_1790611300,DQN_Double_PER,1,212,10600,-5.70,0,0.7901,0.00205,11.9
DQN_Double_PER_seed_1_1790611300,DQN_Double_PER,1,213,10650,-6.90,0,0.7891,0.00322,12.0
DQN_Double_PER_seed_1_1790611300,DQN_Double_PER,1,214,10700,-5.10,0,0.7881,0.00297,12.1
DQN_Double_PER_seed_1_1790611300,DQN_Double_PER,1,215,10750,-6.30,0,0.7872,0.00148,12.1
DQN_Double_PER_seed_1_1790611300,DQN_Double_PER,1,216,10800,-5.70,0,0.7862,0.00114,12.2
DQN_Double_PER_seed_1_1790611300,DQN_Double_PER,1,217,10850,-5.70,0,0.7852,0.00120,12.3
DQN_Double_PER_seed_1_1790611300,DQN_Double_PER,1,218,10900,-5.10,0,0.7842,0.00129,12.3
DQN_Double_PER_seed_1_1790611300,DQN_Double_PER,1,219,10950,-7.50,0,0.7832,0.00140,12.4
DQN_Double_PER_seed_1_1790611300,DQN_Double_PER,1,220,11000,-8.10,0,0.7822,0.00133,12.5
DQN_Double_PER_seed_1_1790611300,DQN_Double_PER,1,221,11050,-7.50,0,0.7812,0.00748,12.6
DQN_Double_PER_seed_1_1790611300,DQN_Double_PER,1,222,11100,-7.50,0,0.7802,0.00153,12.6
DQN_Double_PER_seed_1_1790611300,DQN_Double_PER,1,223,11150,-8.10,0,0.7792,0.00130,12.7
DQN_Double_PER_seed_1_1790611300,DQN_Double_PER,1,224,11200,-7.50,0,0.7782,0.00157,12.8
DQN_Double_PER_seed_1_1790611300,DQN_Double_PER,1,225,11250,-5.10,0,0.7772,0.00158,12.8
DQN_Double_PER_seed_1_1790611300,DQN_Double_PER,1,226,11300,-7.50,0,0.7763,0.00152,12.9
DQN_Double_PER_seed_1_1790611300,DQN_Double_PER,1,227,11350,-6.30,0,0.7753,0.00132,13.0
DQN_Double_PER_seed_1_1790611300,DQN_Double_PER,1,228,11400,-8.10,0,0.7743,0.00162,13.0
DQN_Double_PER_seed_1_1790611300,DQN_Double_PER,1,229,11450,-7.50,0,0.7733,0.00169,13.1
DQN_Double_PER_seed_1_1790611300,DQN_Double_PER,1,230,11500,-7.50,0,0.7723,0.00261,13.2
DQN_Double_PER_seed_1_1790611300,DQN_Double_PER,1,231,11550,-6.30,0,0.7713,0.00133,13.2
DQN_Double_PER_seed_1_1790611300,DQN_Double_PER,1,232,11600,-7.50,0,0.7703,0.00153,13.3
DQN_Double_PER_seed_1_1790611300,DQN_Double_PER,1,233,11650,-0.90,0,0.7693,0.00199,13.4
DQN_Double_PER_seed_1_1790611300,DQN_Double_PER,1,234,11700,-8.10,0,0.7683,0.00185,13.4
DQN_Double_PER_seed_1_1790611300,DQN_Double_PER,1,235,11750,-5.70,0,0.7673,0.00171,13.5
DQN_Double_PER_seed_1_1790611300,DQN_Double_PER,1,236,11800,-6.90,0,0.7664,0.00135,13.6
DQN_Double_PER_seed_1_1790611300,DQN_Double_PER,1,237,11850,-6.30,0,0.7654,0.00129,13.7
DQN_Double_PER_seed_1_1790611300,DQN_Double_PER,1,238,11900,-7.50,0,0.7644,0.00155,13.7
DQN_Double_PER_seed_1_1790611300,DQN_Double_PER,1,239,11950,-7.50,0,0.7634,0.00157,13.8
DQN_Double_PER_seed_1_1790611300,DQN_Double_PER,1,240,12000,-6.90,0,0.7624,0.00138,13.9
DQN_Double_PER_seed_1_1790611300,DQN_Double_PER,1,241,12050,-6.90,0,0.7614,0.00704,13.9
DQN_Double_PER_seed_1_1790611300,DQN_Double_PER,1,242,12100,-6.90,0,0.7604,0.00190,14.0
DQN_Double_PER_seed_1_1790611300,DQN_Double_PER,1,243,12150,-6.90,0,0.7594,0.00139,14.1
DQN_Double_PER_seed_1_1790611300,DQN_Double_PER,1,244,12200,-8.70,0,0.7584,0.00123,14.1
DQN_Double_PER_seed_1_1790611300,DQN_Double_PER,1,245,12250,-7.50,0,0.7574,0.00117,14.2
DQN_Double_PER_seed_1_1790611300,DQN_Double_PER,1,246,12300,-6.30,0,0.7565,0.00116,14.3
DQN_Double_PER_seed_1_1790611300,DQN_Double_PER,1,247,12350,-6.90,0,0.7555,0.00155,14.3
DQN_Double_PER_seed_1_1790611300,DQN_Double_PER,1,248,12400,-6.90,0,0.7545,0.00170,14.4
DQN_Double_PER_seed_1_1790611300,DQN_Double_PER,1,249,12450,-5.10,0,0.7535,0.00117,14.5
DQN_Double_PER_seed_1_1790611300,DQN_Double_PER,1,250,12500,0.30,0,0.7525,0.00115,14.5
DQN_Double_PER_seed_1_1790611300,DQN_Double_PER,1,251,12550,-8.10,0,0.7515,0.00127,14.6
DQN_Double_PER_seed_1_1790611300,DQN_Double_PER,1,252,12600,-4.50,0,0.7505,0.00128,14.7
DQN_Double_PER_seed_1_1790611300,DQN_Double_PER,1,253,12650,-6.30,0,0.7495,0.00115,14.8
DQN_Double_PER_seed_1_1790611300,DQN_Double_PER,1,254,12700,-8.70,0,0.7485,0.00137,14.8
DQN_Double_PER_seed_1_1790611300,DQN_Double_PER,1,255,12750,-6.90,0,0.7475,0.00120,14.9
DQN_Double_PER_seed_1_1790611300,DQN_Double_PER,1,256,12800,-5.70,0,0.7466,0.00128,15.0
DQN_Double_PER_seed_1_1790611300,DQN_Double_PER,1,257,12850,-6.90,0,0.7456,0.00145,15.0
DQN_Double_PER_seed_1_1790611300,DQN_Double_PER,1,258,12900,-7.50,0,0.7446,0.00123,15.1
DQN_Double_PER_seed_1_1790611300,DQN_Double_PER,1,259,12950,-6.90,0,0.7436,0.00136,15.2
DQN_Double_PER_seed_1_1790611300,DQN_Double_PER,1,260,13000,-6.90,0,0.7426,0.00118,15.2
DQN_Double_PER_seed_1_1790611300,DQN_Double_PER,1,261,13050,-3.30,0,0.7416,0.00922,15.3
DQN_Double_PER_seed_1_1790611300,DQN_Double_PER,1,262,13100,-6.90,0,0.7406,0.00172,15.4
DQN_Double_PER_seed_1_1790611300,DQN_Double_PER,1,263,13150,-6.90,0,0.7396,0.00133,15.4
DQN_Double_PER_seed_1_1790611300,DQN_Double_PER,1,264,13200,-8.10,0,0.7386,0.00187,15.5
DQN_Double_PER_seed_1_1790611300,DQN_Double_PER,1,265,13250,-6.90,0,0.7376,0.00146,15.6
DQN_Double_PER_seed_1_1790611300,DQN_Double_PER,1,266,13300,-5.70,0,0.7367,0.00133,15.6
DQN_Double_PER_seed_1_1790611300,DQN_Double_PER,1,267,13350,-6.90,0,0.7357,0.00166,15.7
DQN_Double_PER_seed_1_1790611300,DQN_Double_PER,1,268,13400,-6.90,0,0.7347,0.00157,15.8
DQN_Double_PER_seed_1_1790611300,DQN_Double_PER,1,269,13450,-8.10,0,0.7337,0.00181,15.9
DQN_Double_PER_seed_1_1790611300,DQN_Double_PER,1,270,13500,-4.50,0,0.7327,0.00135,15.9
DQN_Double_PER_seed_1_1790611300,DQN_Double_PER,1,271,13550,-8.10,0,0.7317,0.00114,16.0
DQN_Double_PER_seed_1_1790611300,DQN_Double_PER,1,272,13600,-7.50,0,0.7307,0.00134,16.1
DQN_Double_PER_seed_1_1790611300,DQN_Double_PER,1,273,13650,-8.10,0,0.7297,0.00116,16.1
DQN_Double_PER_seed_1_1790611300,DQN_Double_PER,1,274,13700,-6.90,0,0.7287,0.00144,16.2
DQN_Double_PER_seed_1_1790611300,DQN_Double_PER,1,275,13750,-7.50,0,0.7278,0.00147,16.3
DQN_Double_PER_seed_1_1790611300,DQN_Double_PER,1,276,13800,-5.70,0,0.7268,0.00135,16.3
DQN_Double_PER_seed_1_1790611300,DQN_Double_PER,1,277,13850,-5.70,0,0.7258,0.00118,16.4
DQN_Double_PER_seed_1_1790611300,DQN_Double_PER,1,278,13900,-6.90,0,0.7248,0.00172,16.5
DQN_Double_PER_seed_1_1790611300,DQN_Double_PER,1,279,13950,-6.90,0,0.7238,0.00142,16.5
DQN_Double_PER_seed_1_1790611300,DQN_Double_PER,1,280,14000,-8.10,0,0.7228,0.00134,16.6
DQN_Double_PER_seed_1_1790611300,DQN_Double_PER,1,281,14050,-8.10,0,0.7218,0.00527,16.7
DQN_Double_PER_seed_1_1790611300,DQN_Double_PER,1,282,14100,-6.90,0,0.7208,0.00235,16.7
DQN_Double_PER_seed_1_1790611300,DQN_Double_PER,1,283,14150,-3.90,0,0.7198,0.00153,16.8
DQN_Double_PER_seed_1_1790611300,DQN_Double_PER,1,284,14200,-8.10,0,0.7188,0.00148,16.9
DQN_Double_PER_seed_1_1790611300,DQN_Double_PER,1,285,14250,-7.50,0,0.7179,0.00175,17.0
DQN_Double_PER_seed_1_1790611300,DQN_Double_PER,1,286,14300,-8.10,0,0.7169,0.00154,17.0
DQN_Double_PER_seed_1_1790611300,DQN_Double_PER,1,287,14350,-6.30,0,0.7159,0.00170,17.1
DQN_Double_PER_seed_1_1790611300,DQN_Double_PER,1,288,14400,-7.50,0,0.7149,0.00201,17.2
DQN_Double_PER_seed_1_1790611300,DQN_Double_PER,1,289,14450,-8.10,0,0.7139,0.00148,17.2
DQN_Double_PER_seed_1_1790611300,DQN_Double_PER,1,290,14500,-6.30,0,0.7129,0.00112,17.3
DQN_Double_PER_seed_1_1790611300,DQN_Double_PER,1,291,14550,-5.10,0,0.7119,0.00179,17.4
DQN_Double_PER_seed_1_1790611300,DQN_Double_PER,1,292,14600,-7.50,0,0.7109,0.00167,17.4
DQN_Double_PER_seed_1_1790611300,DQN_Double_PER,1,293,14650,-6.90,0,0.7099,0.00153,17.5
DQN_Double_PER_seed_1_1790611300,DQN_Double_PER,1,294,14700,-8.70,0,0.7089,0.00150,17.6
DQN_Double_PER_seed_1_1790611300,DQN_Double_PER,1,295,14750,-7.50,0,0.7080,0.00187,17.6
DQN_Double_PER_seed_1_1790611300,DQN_Double_PER,1,296,14800,-8.10,0,0.7070,0.00113,17.7
DQN_Double_PER_seed_1_1790611300,DQN_Double_PER,1,297,14850,-8.10,0,0.7060,0.00122,17.8
DQN_Double_PER_seed_1_1790611300,DQN_Double_PER,1,298,14900,-8.10,0,0.7050,0.00228,17.8
DQN_Double_PER_seed_1_1790611300,DQN_Double_PER,1,299,14950,-5.70,0,0.7040,0.00124,17.9
DQN_Double_PER_seed_1_1790611300,DQN_Double_PER,1,300,15000,-5.70,0,0.7030,0.00261,18.0
DQN_Double_PER_seed_1_1790611300,DQN_Double_PER,1,301,15050,-5.70,0,0.7020,0.00797,18.1
DQN_Double_PER_seed_1_1790611300,DQN_Double_PER,1,302,15100,-6.90,0,0.7010,0.00300,18.2
DQN_Double_PER_seed_1_1790611300,DQN_Double_PER,1,303,15150,-8.10,0,0.7000,0.00201,18.3
DQN_Double_PER_seed_1_1790611300,DQN_Double_PER,1,304,15200,-6.30,0,0.6990,0.00218,18.3
DQN_Double_PER_seed_1_1790611300,DQN_Double_PER,1,305,15250,-8.10,0,0.6981,0.00172,18.4
DQN_Double_PER_seed_1_1790611300,DQN_Double_PER,1,306,15300,-6.90,0,0.6971,0.00579,18.5
DQN_Double_PER_seed_1_1790611300,DQN_Double_PER,1,307,15350,-6.90,0,0.6961,0.00358,18.5
DQN_Double_PER_seed_1_1790611300,DQN_Double_PER,1,308,15400,-4.50,0,0.6951,0.00228,18.6
DQN_Double_PER_seed_1_1790611300,DQN_Double_PER,1,309,15450,-5.70,0,0.6941,0.00162,18.7
DQN_Double_PER_seed_1_1790611300,DQN_Double_PER,1,310,15500,-5.70,0,0.6931,0.00181,18.7
DQN_Double_PER_seed_1_1790611300,DQN_Double_PER,1,311,15550,-6.90,0,0.6921,0.00179,18.8
DQN_Double_PER_seed_1_1790611300,DQN_Double_PER,1,312,15600,-7.50,0,0.6911,0.00175,18.9
DQN_Double_PER_seed_1_1790611300,DQN_Double_PER,1,313,15650,-8.10,0,0.6901,0.00156,18.9
DQN_Double_PER_seed_1_1790611300,DQN_Double_PER,1,314,15700,-5.70,0,0.6891,0.00162,19.0
DQN_Double_PER_seed_1_1790611300,DQN_Double_PER,1,315,15750,-8.10,0,0.6882,0.00192,19.1
DQN_Double_PER_seed_1_1790611300,DQN_Double_PER,1,316,15800,-7.50,0,0.6872,0.00197,19.1
DQN_Double_PER_seed_1_1790611300,DQN_Double_PER,1,317,15850,-8.70,0,0.6862,0.00167,19.2
DQN_Double_PER_seed_1_1790611300,DQN_Double_PER,1,318,15900,-3.90,0,0.6852,0.00164,19.3
DQN_Double_PER_seed_1_1790611300,DQN_Double_PER,1,319,15950,-6.90,0,0.6842,0.00327,19.4
DQN_Double_PER_seed_1_1790611300,DQN_Double_PER,1,320,16000,-6.90,0,0.6832,0.00167,19.4
DQN_Double_PER_seed_1_1790611300,DQN_Double_PER,1,321,16050,-4.50,0,0.6822,0.00371,19.5
DQN_Double_PER_seed_1_1790611300,DQN_Double_PER,1,322,16100,-7.50,0,0.6812,0.00159,19.6
DQN_Double_PER_seed_1_1790611300,DQN_Double_PER,1,323,16150,-4.50,0,0.6802,0.00144,19.6
DQN_Double_PER_seed_1_1790611300,DQN_Double_PER,1,324,16200,-2.10,0,0.6792,0.00211,19.7
DQN_Double_PER_seed_1_1790611300,DQN_Double_PER,1,325,16250,-5.10,0,0.6783,0.00166,19.8
DQN_Double_PER_seed_1_1790611300,DQN_Double_PER,1,326,16300,-6.30,0,0.6773,0.00171,19.8
DQN_Double_PER_seed_1_1790611300,DQN_Double_PER,1,327,16350,-2.70,0,0.6763,0.00160,19.9
DQN_Double_PER_seed_1_1790611300,DQN_Double_PER,1,328,16400,-7.50,0,0.6753,0.00193,20.0
DQN_Double_PER_seed_1_1790611300,DQN_Double_PER,1,329,16450,-6.90,0,0.6743,0.00186,20.0
DQN_Double_PER_seed_1_1790611300,DQN_Double_PER,1,330,16500,-7.50,0,0.6733,0.00157,20.1
DQN_Double_PER_seed_1_1790611300,DQN_Double_PER,1,331,16550,-6.30,0,0.6723,0.00164,20.2
DQN_Double_PER_seed_1_1790611300,DQN_Double_PER,1,332,16600,-8.10,0,0.6713,0.00165,20.3
DQN_Double_PER_seed_1_1790611300,DQN_Double_PER,1,333,16650,-6.30,0,0.6703,0.00151,20.3
DQN_Double_PER_seed_1_1790611300,DQN_Double_PER,1,334,16700,-5.10,0,0.6693,0.00209,20.4
DQN_Double_PER_seed_1_1790611300,DQN_Double_PER,1,335,16750,-3.90,0,0.6683,0.00170,20.5
DQN_Double_PER_seed_1_1790611300,DQN_Double_PER,1,336,16800,-3.90,0,0.6674,0.00155,20.5
DQN_Double_PER_seed_1_1790611300,DQN_Double_PER,1,337,16850,-8.70,0,0.6664,0.00155,20.6
DQN_Double_PER_seed_1_1790611300,DQN_Double_PER,1,338,16900,-5.70,0,0.6654,0.00176,20.7
DQN_Double_PER_seed_1_1790611300,DQN_Double_PER,1,339,16950,-7.50,0,0.6644,0.00280,20.7
DQN_Double_PER_seed_1_1790611300,DQN_Double_PER,1,340,17000,-6.90,0,0.6634,0.00169,20.8
DQN_Double_PER_seed_1_1790611300,DQN_Double_PER,1,341,17050,-6.30,0,0.6624,0.01602,20.9
DQN_Double_PER_seed_1_1790611300,DQN_Double_PER,1,342,17100,-6.90,0,0.6614,0.00211,20.9
DQN_Double_PER_seed_1_1790611300,DQN_Double_PER,1,343,17150,-7.50,0,0.6604,0.00177,21.0
DQN_Double_PER_seed_1_1790611300,DQN_Double_PER,1,344,17200,-6.90,0,0.6594,0.00183,21.1
DQN_Double_PER_seed_1_1790611300,DQN_Double_PER,1,345,17250,-5.10,0,0.6584,0.00217,21.2
DQN_Double_PER_seed_1_1790611300,DQN_Double_PER,1,346,17300,-6.30,0,0.6575,0.00262,21.2
DQN_Double_PER_seed_1_1790611300,DQN_Double_PER,1,347,17350,-5.70,0,0.6565,0.00188,21.3
DQN_Double_PER_seed_1_1790611300,DQN_Double_PER,1,348,17400,-7.50,0,0.6555,0.00167,21.4
DQN_Double_PER_seed_1_1790611300,DQN_Double_PER,1,349,17450,-7.50,0,0.6545,0.00182,21.4
DQN_Double_PER_seed_1_1790611300,DQN_Double_PER,1,350,17500,-5.70,0,0.6535,0.00159,21.5
DQN_Double_PER_seed_1_1790611300,DQN_Double_PER,1,351,17550,-6.90,0,0.6525,0.00159,21.6
DQN_Double_PER_seed_1_1790611300,DQN_Double_PER,1,352,17600,-5.70,0,0.6515,0.00161,21.6
DQN_Double_PER_seed_1_1790611300,DQN_Double_PER,1,353,17650,-7.50,0,0.6505,0.00141,21.7
DQN_Double_PER_seed_1_1790611300,DQN_Double_PER,1,354,17700,-5.70,0,0.6495,0.00175,21.8
DQN_Double_PER_seed_1_1790611300,DQN_Double_PER,1,355,17750,-5.10,0,0.6485,0.00158,21.8
DQN_Double_PER_seed_1_1790611300,DQN_Double_PER,1,356,17800,-8.10,0,0.6476,0.00118,21.9
DQN_Double_PER_seed_1_1790611300,DQN_Double_PER,1,357,17850,-4.50,0,0.6466,0.00111,22.0
DQN_Double_PER_seed_1_1790611300,DQN_Double_PER,1,358,17900,-3.30,0,0.6456,0.00134,22.0
DQN_Double_PER_seed_1_1790611300,DQN_Double_PER,1,359,17950,-7.50,0,0.6446,0.00170,22.1
DQN_Double_PER_seed_1_1790611300,DQN_Double_PER,1,360,18000,-6.30,0,0.6436,0.00151,22.2
DQN_Double_PER_seed_1_1790611300,DQN_Double_PER,1,361,18050,-6.30,0,0.6426,0.00552,22.3
DQN_Double_PER_seed_1_1790611300,DQN_Double_PER,1,362,18100,-2.70,0,0.6416,0.00375,22.3
DQN_Double_PER_seed_1_1790611300,DQN_Double_PER,1,363,18150,-6.30,0,0.6406,0.00228,22.4
DQN_Double_PER_seed_1_1790611300,DQN_Double_PER,1,364,18200,-4.50,0,0.6396,0.00328,22.5
DQN_Double_PER_seed_1_1790611300,DQN_Double_PER,1,365,18250,-5.70,0,0.6386,0.00210,22.5
DQN_Double_PER_seed_1_1790611300,DQN_Double_PER,1,366,18300,-6.90,0,0.6377,0.00184,22.6
DQN_Double_PER_seed_1_1790611300,DQN_Double_PER,1,367,18350,-5.10,0,0.6367,0.00187,22.7
DQN_Double_PER_seed_1_1790611300,DQN_Double_PER,1,368,18400,-6.30,0,0.6357,0.00175,22.7
DQN_Double_PER_seed_1_1790611300,DQN_Double_PER,1,369,18450,-6.90,0,0.6347,0.00159,22.8
DQN_Double_PER_seed_1_1790611300,DQN_Double_PER,1,370,18500,-5.10,0,0.6337,0.00170,22.9
DQN_Double_PER_seed_1_1790611300,DQN_Double_PER,1,371,18550,-6.90,0,0.6327,0.00172,22.9
DQN_Double_PER_seed_1_1790611300,DQN_Double_PER,1,372,18600,-7.50,0,0.6317,0.00164,23.0
DQN_Double_PER_seed_1_1790611300,DQN_Double_PER,1,373,18650,-2.70,0,0.6307,0.00211,23.1
DQN_Double_PER_seed_1_1790611300,DQN_Double_PER,1,374,18700,-6.30,0,0.6297,0.00262,23.2
DQN_Double_PER_seed_1_1790611300,DQN_Double_PER,1,375,18750,-6.90,0,0.6288,0.00206,23.2
DQN_Double_PER_seed_1_1790611300,DQN_Double_PER,1,376,18800,-6.90,0,0.6278,0.00154,23.3
DQN_Double_PER_seed_1_1790611300,DQN_Double_PER,1,377,18850,-2.10,0,0.6268,0.00308,23.4
DQN_Double_PER_seed_1_1790611300,DQN_Double_PER,1,378,18900,-2.10,0,0.6258,0.00173,23.4
DQN_Double_PER_seed_1_1790611300,DQN_Double_PER,1,379,18950,-8.10,0,0.6248,0.00139,23.5
DQN_Double_PER_seed_1_1790611300,DQN_Double_PER,1,380,19000,2.70,0,0.6238,0.00203,23.6
DQN_Double_PER_seed_1_1790611300,DQN_Double_PER,1,381,19050,-8.70,0,0.6228,0.00647,23.6
DQN_Double_PER_seed_1_1790611300,DQN_Double_PER,1,382,19100,-6.90,0,0.6218,0.00466,23.7
DQN_Double_PER_seed_1_1790611300,DQN_Double_PER,1,383,19150,-7.50,0,0.6208,0.00291,23.8
DQN_Double_PER_seed_1_1790611300,DQN_Double_PER,1,384,19200,-7.50,0,0.6198,0.00232,23.8
DQN_Double_PER_seed_1_1790611300,DQN_Double_PER,1,385,19250,-6.30,0,0.6189,0.00239,23.9
DQN_Double_PER_seed_1_1790611300,DQN_Double_PER,1,386,19300,-7.50,0,0.6179,0.00189,24.0
DQN_Double_PER_seed_1_1790611300,DQN_Double_PER,1,387,19350,-6.90,0,0.6169,0.00199,24.1
DQN_Double_PER_seed_1_1790611300,DQN_Double_PER,1,388,19400,-5.10,0,0.6159,0.00402,24.1
DQN_Double_PER_seed_1_1790611300,DQN_Double_PER,1,389,19450,-8.70,0,0.6149,0.00290,24.2
DQN_Double_PER_seed_1_1790611300,DQN_Double_PER,1,390,19500,-3.90,0,0.6139,0.00221,24.3
DQN_Double_PER_seed_1_1790611300,DQN_Double_PER,1,391,19550,0.30,0,0.6129,0.00206,24.3
DQN_Double_PER_seed_1_1790611300,DQN_Double_PER,1,392,19600,-5.10,0,0.6119,0.00407,24.4
DQN_Double_PER_seed_1_1790611300,DQN_Double_PER,1,393,19650,-5.10,0,0.6109,0.00200,24.5
DQN_Double_PER_seed_1_1790611300,DQN_Double_PER,1,394,19700,-4.50,0,0.6099,0.00209,24.5
DQN_Double_PER_seed_1_1790611300,DQN_Double_PER,1,395,19750,-8.10,0,0.6089,0.00285,24.6
DQN_Double_PER_seed_1_1790611300,DQN_Double_PER,1,396,19800,-6.30,0,0.6080,0.00216,24.7
DQN_Double_PER_seed_1_1790611300,DQN_Double_PER,1,397,19850,-0.90,0,0.6070,0.00254,24.7
DQN_Double_PER_seed_1_1790611300,DQN_Double_PER,1,398,19900,-6.30,0,0.6060,0.00261,24.8
DQN_Double_PER_seed_1_1790611300,DQN_Double_PER,1,399,19950,-2.70,0,0.6050,0.00259,24.9
DQN_Double_PER_seed_1_1790611300,DQN_Double_PER,1,400,20000,-6.90,0,0.6040,0.00185,25.0
DQN_Double_PER_seed_1_1790611300,DQN_Double_PER,1,401,20050,-1.50,0,0.6030,0.00878,25.1
DQN_Double_PER_seed_1_1790611300,DQN_Double_PER,1,402,20100,-4.50,0,0.6020,0.00280,25.2
DQN_Double_PER_seed_1_1790611300,DQN_Double_PER,1,403,20150,-0.30,0,0.6010,0.00372,25.2
DQN_Double_PER_seed_1_1790611300,DQN_Double_PER,1,404,20200,-6.30,0,0.6000,0.00331,25.3
DQN_Double_PER_seed_1_1790611300,DQN_Double_PER,1,405,20250,-7.50,0,0.5990,0.00194,25.4
DQN_Double_PER_seed_1_1790611300,DQN_Double_PER,1,406,20300,-6.90,0,0.5981,0.00204,25.5
DQN_Double_PER_seed_1_1790611300,DQN_Double_PER,1,407,20350,-4.50,0,0.5971,0.00157,25.5
DQN_Double_PER_seed_1_1790611300,DQN_Double_PER,1,408,20400,-7.50,0,0.5961,0.00335,25.6
DQN_Double_PER_seed_1_1790611300,DQN_Double_PER,1,409,20450,-6.30,0,0.5951,0.00324,25.7
DQN_Double_PER_seed_1_1790611300,DQN_Double_PER,1,410,20500,-8.10,0,0.5941,0.00220,25.7
DQN_Double_PER_seed_1_1790611300,DQN_Double_PER,1,411,20550,-2.10,0,0.5931,0.00227,25.8
DQN_Double_PER_seed_1_1790611300,DQN_Double_PER,1,412,20600,-7.50,0,0.5921,0.00202,25.9
DQN_Double_PER_seed_1_1790611300,DQN_Double_PER,1,413,20650,-5.10,0,0.5911,0.00204,25.9
DQN_Double_PER_seed_1_1790611300,DQN_Double_PER,1,414,20700,-1.50,0,0.5901,0.00284,26.0
DQN_Double_PER_seed_1_1790611300,DQN_Double_PER,1,415,20750,-7.50,0,0.5892,0.00259,26.1
DQN_Double_PER_seed_1_1790611300,DQN_Double_PER,1,416,20800,-5.70,0,0.5882,0.00225,26.2
DQN_Double_PER_seed_1_1790611300,DQN_Double_PER,1,417,20850,-3.30,0,0.5872,0.00338,26.2
DQN_Double_PER_seed_1_1790611300,DQN_Double_PER,1,418,20900,-7.50,0,0.5862,0.00420,26.3
DQN_Double_PER_seed_1_1790611300,DQN_Double_PER,1,419,20950,-6.90,0,0.5852,0.00254,26.4
DQN_Double_PER_seed_1_1790611300,DQN_Double_PER,1,420,21000,-3.30,0,0.5842,0.00198,26.4
DQN_Double_PER_seed_1_1790611300,DQN_Double_PER,1,421,21050,-7.50,0,0.5832,0.00741,26.5
DQN_Double_PER_seed_1_1790611300,DQN_Double_PER,1,422,21100,-6.30,0,0.5822,0.00415,26.6
DQN_Double_PER_seed_1_1790611300,DQN_Double_PER,1,423,21150,-6.90,0,0.5812,0.00297,26.6
DQN_Double_PER_seed_1_1790611300,DQN_Double_PER,1,424,21200,-2.70,0,0.5802,0.00282,26.7
DQN_Double_PER_seed_1_1790611300,DQN_Double_PER,1,425,21250,-5.70,0,0.5793,0.00321,26.8
DQN_Double_PER_seed_1_1790611300,DQN_Double_PER,1,426,21300,-0.30,0,0.5783,0.00328,26.8
DQN_Double_PER_seed_1_1790611300,DQN_Double_PER,1,427,21350,-5.10,0,0.5773,0.00252,26.9
DQN_Double_PER_seed_1_1790611300,DQN_Double_PER,1,428,21400,-7.50,0,0.5763,0.00329,27.0
DQN_Double_PER_seed_1_1790611300,DQN_Double_PER,1,429,21450,-6.90,0,0.5753,0.00258,27.1
DQN_Double_PER_seed_1_1790611300,DQN_Double_PER,1,430,21500,-6.90,0,0.5743,0.00311,27.1
DQN_Double_PER_seed_1_1790611300,DQN_Double_PER,1,431,21550,-4.50,0,0.5733,0.00258,27.2
DQN_Double_PER_seed_1_1790611300,DQN_Double_PER,1,432,21600,-2.70,0,0.5723,0.00301,27.3
DQN_Double_PER_seed_1_1790611300,DQN_Double_PER,1,433,21650,-8.10,0,0.5713,0.00309,27.3
DQN_Double_PER_seed_1_1790611300,DQN_Double_PER,1,434,21700,-5.70,0,0.5703,0.00225,27.4
DQN_Double_PER_seed_1_1790611300,DQN_Double_PER,1,435,21750,-2.70,0,0.5694,0.00259,27.5
DQN_Double_PER_seed_1_1790611300,DQN_Double_PER,1,436,21800,-6.30,0,0.5684,0.00180,27.5
DQN_Double_PER_seed_1_1790611300,DQN_Double_PER,1,437,21850,-5.70,0,0.5674,0.00317,27.6
DQN_Double_PER_seed_1_1790611300,DQN_Double_PER,1,438,21900,-6.90,0,0.5664,0.00242,27.7
DQN_Double_PER_seed_1_1790611300,DQN_Double_PER,1,439,21950,-5.10,0,0.5654,0.00217,27.7
DQN_Double_PER_seed_1_1790611300,DQN_Double_PER,1,440,22000,-5.10,0,0.5644,0.00237,27.8
DQN_Double_PER_seed_1_1790611300,DQN_Double_PER,1,441,22050,-5.70,0,0.5634,0.00526,27.9
DQN_Double_PER_seed_1_1790611300,DQN_Double_PER,1,442,22100,-6.90,0,0.5624,0.00365,28.0
DQN_Double_PER_seed_1_1790611300,DQN_Double_PER,1,443,22150,0.30,0,0.5614,0.00688,28.0
DQN_Double_PER_seed_1_1790611300,DQN_Double_PER,1,444,22200,-6.30,0,0.5604,0.00330,28.1
DQN_Double_PER_seed_1_1790611300,DQN_Double_PER,1,445,22250,-6.30,0,0.5595,0.00290,28.2
DQN_Double_PER_seed_1_1790611300,DQN_Double_PER,1,446,22300,-4.50,0,0.5585,0.00503,28.2
DQN_Double_PER_seed_1_1790611300,DQN_Double_PER,1,447,22350,-6.90,0,0.5575,0.00578,28.3
DQN_Double_PER_seed_1_1790611300,DQN_Double_PER,1,448,22400,-6.90,0,0.5565,0.00402,28.4
DQN_Double_PER_seed_1_1790611300,DQN_Double_PER,1,449,22450,-8.70,0,0.5555,0.00311,28.4
DQN_Double_PER_seed_1_1790611300,DQN_Double_PER,1,450,22500,-6.90,0,0.5545,0.00311,28.5
DQN_Double_PER_seed_1_1790611300,DQN_Double_PER,1,451,22550,-7.50,0,0.5535,0.00320,28.6
DQN_Double_PER_seed_1_1790611300,DQN_Double_PER,1,452,22600,-5.10,0,0.5525,0.00277,28.7
DQN_Double_PER_seed_1_1790611300,DQN_Double_PER,1,453,22650,-5.70,0,0.5515,0.00209,28.7
DQN_Double_PER_seed_1_1790611300,DQN_Double_PER,1,454,22700,-3.30,0,0.5505,0.00266,28.8
DQN_Double_PER_seed_1_1790611300,DQN_Double_PER,1,455,22750,-3.30,0,0.5495,0.00304,28.9
DQN_Double_PER_seed_1_1790611300,DQN_Double_PER,1,456,22800,-5.70,0,0.5486,0.00365,28.9
DQN_Double_PER_seed_1_1790611300,DQN_Double_PER,1,457,22850,-3.30,0,0.5476,0.00237,29.0
DQN_Double_PER_seed_1_1790611300,DQN_Double_PER,1,458,22900,-5.70,0,0.5466,0.00413,29.1
DQN_Double_PER_seed_1_1790611300,DQN_Double_PER,1,459,22950,-2.70,0,0.5456,0.00395,29.1
DQN_Double_PER_seed_1_1790611300,DQN_Double_PER,1,460,23000,-0.30,0,0.5446,0.00292,29.2
DQN_Double_PER_seed_1_1790611300,DQN_Double_PER,1,461,23050,-6.30,0,0.5436,0.01161,29.3
DQN_Double_PER_seed_1_1790611300,DQN_Double_PER,1,462,23100,-6.30,0,0.5426,0.01028,29.3
DQN_Double_PER_seed_1_1790611300,DQN_Double_PER,1,463,23150,0.90,0,0.5416,0.00704,29.4
DQN_Double_PER_seed_1_1790611300,DQN_Double_PER,1,464,23200,-6.30,0,0.5406,0.00319,29.5
DQN_Double_PER_seed_1_1790611300,DQN_Double_PER,1,465,23250,-6.90,0,0.5396,0.00285,29.6
DQN_Double_PER_seed_1_1790611300,DQN_Double_PER,1,466,23300,-5.70,0,0.5387,0.00277,29.6
DQN_Double_PER_seed_1_1790611300,DQN_Double_PER,1,467,23350,-6.30,0,0.5377,0.00344,29.7
DQN_Double_PER_seed_1_1790611300,DQN_Double_PER,1,468,23400,-4.50,0,0.5367,0.00470,29.8
DQN_Double_PER_seed_1_1790611300,DQN_Double_PER,1,469,23450,-8.10,0,0.5357,0.00442,29.8
DQN_Double_PER_seed_1_1790611300,DQN_Double_PER,1,470,23500,-6.90,0,0.5347,0.00291,29.9
DQN_Double_PER_seed_1_1790611300,DQN_Double_PER,1,471,23550,-0.30,0,0.5337,0.00349,30.0
DQN_Double_PER_seed_1_1790611300,DQN_Double_PER,1,472,23600,-6.90,0,0.5327,0.00431,30.0
DQN_Double_PER_seed_1_1790611300,DQN_Double_PER,1,473,23650,3.90,0,0.5317,0.00293,30.1
DQN_Double_PER_seed_1_1790611300,DQN_Double_PER,1,474,23700,-6.30,0,0.5307,0.00553,30.2
DQN_Double_PER_seed_1_1790611300,DQN_Double_PER,1,475,23750,-5.70,0,0.5297,0.00374,30.3
DQN_Double_PER_seed_1_1790611300,DQN_Double_PER,1,476,23800,-5.70,0,0.5288,0.00495,30.3
DQN_Double_PER_seed_1_1790611300,DQN_Double_PER,1,477,23850,3.90,0,0.5278,0.00676,30.4
DQN_Double_PER_seed_1_1790611300,DQN_Double_PER,1,478,23900,-1.50,0,0.5268,0.00641,30.5
DQN_Double_PER_seed_1_1790611300,DQN_Double_PER,1,479,23950,-5.10,0,0.5258,0.00288,30.5
DQN_Double_PER_seed_1_1790611300,DQN_Double_PER,1,480,24000,-4.50,0,0.5248,0.00674,30.6
DQN_Double_PER_seed_1_1790611300,DQN_Double_PER,1,481,24050,-5.70,0,0.5238,0.00783,30.7
DQN_Double_PER_seed_1_1790611300,DQN_Double_PER,1,482,24100,-2.10,0,0.5228,0.00336,30.7
DQN_Double_PER_seed_1_1790611300,DQN_Double_PER,1,483,24150,-7.50,0,0.5218,0.00676,30.8
DQN_Double_PER_seed_1_1790611300,DQN_Double_PER,1,484,24200,0.90,0,0.5208,0.01159,30.9
DQN_Double_PER_seed_1_1790611300,DQN_Double_PER,1,485,24250,-7.50,0,0.5199,0.00489,30.9
DQN_Double_PER_seed_1_1790611300,DQN_Double_PER,1,486,24300,-5.70,0,0.5189,0.00459,31.0
DQN_Double_PER_seed_1_1790611300,DQN_Double_PER,1,487,24350,-6.30,0,0.5179,0.00447,31.1
DQN_Double_PER_seed_1_1790611300,DQN_Double_PER,1,488,24400,-6.90,0,0.5169,0.00458,31.2
DQN_Double_PER_seed_1_1790611300,DQN_Double_PER,1,489,24450,-0.30,0,0.5159,0.00456,31.2
DQN_Double_PER_seed_1_1790611300,DQN_Double_PER,1,490,24500,-6.30,0,0.5149,0.00434,31.3
DQN_Double_PER_seed_1_1790611300,DQN_Double_PER,1,491,24550,-3.90,0,0.5139,0.00543,31.4
DQN_Double_PER_seed_1_1790611300,DQN_Double_PER,1,492,24600,-4.50,0,0.5129,0.00462,31.4
DQN_Double_PER_seed_1_1790611300,DQN_Double_PER,1,493,24650,-5.70,0,0.5119,0.00422,31.5
DQN_Double_PER_seed_1_1790611300,DQN_Double_PER,1,494,24700,-4.50,0,0.5109,0.00457,31.6
DQN_Double_PER_seed_1_1790611300,DQN_Double_PER,1,495,24750,-3.90,0,0.5100,0.00380,31.6
DQN_Double_PER_seed_1_1790611300,DQN_Double_PER,1,496,24800,-6.30,0,0.5090,0.00356,31.7
DQN_Double_PER_seed_1_1790611300,DQN_Double_PER,1,497,24850,-7.50,0,0.5080,0.00323,31.8
DQN_Double_PER_seed_1_1790611300,DQN_Double_PER,1,498,24900,-6.90,0,0.5070,0.00427,31.9
DQN_Double_PER_seed_1_1790611300,DQN_Double_PER,1,499,24950,-0.90,0,0.5060,0.00418,31.9
DQN_Double_PER_seed_1_1790611300,DQN_Double_PER,1,500,25000,-4.50,0,0.5050,0.00364,32.0
DQN_Double_PER_seed_1_1790611300,DQN_Double_PER,1,501,25050,-5.70,0,0.5040,0.01384,32.2
DQN_Double_PER_seed_1_1790611300,DQN_Double_PER,1,502,25100,-3.90,0,0.5030,0.00571,32.2
DQN_Double_PER_seed_1_1790611300,DQN_Double_PER,1,503,25150,-5.10,0,0.5020,0.00475,32.3
DQN_Double_PER_seed_1_1790611300,DQN_Double_PER,1,504,25200,-7.50,0,0.5010,0.00430,32.4
DQN_Double_PER_seed_1_1790611300,DQN_Double_PER,1,505,25250,-5.10,0,0.5000,0.00561,32.4
DQN_Double_PER_seed_1_1790611300,DQN_Double_PER,1,506,25300,-3.30,0,0.4991,0.00898,32.5
DQN_Double_PER_seed_1_1790611300,DQN_Double_PER,1,507,25350,-6.90,0,0.4981,0.00418,32.6
DQN_Double_PER_seed_1_1790611300,DQN_Double_PER,1,508,25400,-6.90,0,0.4971,0.00373,32.6
DQN_Double_PER_seed_1_1790611300,DQN_Double_PER,1,509,25450,-7.50,0,0.4961,0.00491,32.7
DQN_Double_PER_seed_1_1790611300,DQN_Double_PER,1,510,25500,-2.10,0,0.4951,0.00401,32.8
DQN_Double_PER_seed_1_1790611300,DQN_Double_PER,1,511,25550,-3.90,0,0.4941,0.00412,32.9
DQN_Double_PER_seed_1_1790611300,DQN_Double_PER,1,512,25600,-4.50,0,0.4931,0.00484,32.9
DQN_Double_PER_seed_1_1790611300,DQN_Double_PER,1,513,25650,-1.50,0,0.4921,0.00416,33.0
DQN_Double_PER_seed_1_1790611300,DQN_Double_PER,1,514,25700,-8.10,0,0.4911,0.00378,33.1
DQN_Double_PER_seed_1_1790611300,DQN_Double_PER,1,515,25750,-7.50,0,0.4901,0.00550,33.1
DQN_Double_PER_seed_1_1790611300,DQN_Double_PER,1,516,25800,-6.90,0,0.4892,0.00461,33.2
DQN_Double_PER_seed_1_1790611300,DQN_Double_PER,1,517,25850,-7.50,0,0.4882,0.00373,33.3
DQN_Double_PER_seed_1_1790611300,DQN_Double_PER,1,518,25900,-6.90,0,0.4872,0.00490,33.3
DQN_Double_PER_seed_1_1790611300,DQN_Double_PER,1,519,25950,-6.90,0,0.4862,0.00511,33.4
DQN_Double_PER_seed_1_1790611300,DQN_Double_PER,1,520,26000,-5.10,0,0.4852,0.01164,33.5
DQN_Double_PER_seed_1_1790611300,DQN_Double_PER,1,521,26050,-4.50,0,0.4842,0.01281,33.6
DQN_Double_PER_seed_1_1790611300,DQN_Double_PER,1,522,26100,-0.90,0,0.4832,0.00837,33.6
DQN_Double_PER_seed_1_1790611300,DQN_Double_PER,1,523,26150,-5.10,0,0.4822,0.00494,33.7
DQN_Double_PER_seed_1_1790611300,DQN_Double_PER,1,524,26200,-5.10,0,0.4812,0.00497,33.8
DQN_Double_PER_seed_1_1790611300,DQN_Double_PER,1,525,26250,-5.10,0,0.4802,0.00440,33.8
DQN_Double_PER_seed_1_1790611300,DQN_Double_PER,1,526,26300,-6.90,0,0.4793,0.00535,33.9
DQN_Double_PER_seed_1_1790611300,DQN_Double_PER,1,527,26350,-0.90,0,0.4783,0.00384,34.0
DQN_Double_PER_seed_1_1790611300,DQN_Double_PER,1,528,26400,3.30,0,0.4773,0.00382,34.0
DQN_Double_PER_seed_1_1790611300,DQN_Double_PER,1,529,26450,-8.10,0,0.4763,0.00500,34.1
DQN_Double_PER_seed_1_1790611300,DQN_Double_PER,1,530,26500,-5.70,0,0.4753,0.00419,34.2
DQN_Double_PER_seed_1_1790611300,DQN_Double_PER,1,531,26550,-5.70,0,0.4743,0.00432,34.3
DQN_Double_PER_seed_1_1790611300,DQN_Double_PER,1,532,26600,-7.50,0,0.4733,0.00467,34.4
DQN_Double_PER_seed_1_1790611300,DQN_Double_PER,1,533,26650,-4.50,0,0.4723,0.00437,34.4
DQN_Double_PER_seed_1_1790611300,DQN_Double_PER,1,534,26700,-5.10,0,0.4713,0.00517,34.5
DQN_Double_PER_seed_1_1790611300,DQN_Double_PER,1,535,26750,-6.90,0,0.4703,0.00552,34.6
DQN_Double_PER_seed_1_1790611300,DQN_Double_PER,1,536,26800,3.30,0,0.4694,0.00514,34.6
DQN_Double_PER_seed_1_1790611300,DQN_Double_PER,1,537,26850,-8.10,0,0.4684,0.00446,34.7
DQN_Double_PER_seed_1_1790611300,DQN_Double_PER,1,538,26900,-6.30,0,0.4674,0.00429,34.8
DQN_Double_PER_seed_1_1790611300,DQN_Double_PER,1,539,26950,-6.90,0,0.4664,0.00497,34.8
DQN_Double_PER_seed_1_1790611300,DQN_Double_PER,1,540,27000,-4.50,0,0.4654,0.00536,34.9
DQN_Double_PER_seed_1_1790611300,DQN_Double_PER,1,541,27050,-2.10,0,0.4644,0.00860,35.0
DQN_Double_PER_seed_1_1790611300,DQN_Double_PER,1,542,27100,-8.10,0,0.4634,0.00608,35.1
DQN_Double_PER_seed_1_1790611300,DQN_Double_PER,1,543,27150,-6.90,0,0.4624,0.00740,35.1
DQN_Double_PER_seed_1_1790611300,DQN_Double_PER,1,544,27200,-0.90,0,0.4614,0.01009,35.2
DQN_Double_PER_seed_1_1790611300,DQN_Double_PER,1,545,27250,-3.90,0,0.4604,0.00611,35.3
DQN_Double_PER_seed_1_1790611300,DQN_Double_PER,1,546,27300,-8.10,0,0.4595,0.00624,35.3
DQN_Double_PER_seed_1_1790611300,DQN_Double_PER,1,547,27350,-6.30,0,0.4585,0.00536,35.4
DQN_Double_PER_seed_1_1790611300,DQN_Double_PER,1,548,27400,-7.50,0,0.4575,0.00640,35.5
DQN_Double_PER_seed_1_1790611300,DQN_Double_PER,1,549,27450,-7.50,0,0.4565,0.00512,35.5
DQN_Double_PER_seed_1_1790611300,DQN_Double_PER,1,550,27500,-7.50,0,0.4555,0.00678,35.6
DQN_Double_PER_seed_1_1790611300,DQN_Double_PER,1,551,27550,-0.90,0,0.4545,0.00603,35.7
DQN_Double_PER_seed_1_1790611300,DQN_Double_PER,1,552,27600,-7.50,0,0.4535,0.00544,35.8
DQN_Double_PER_seed_1_1790611300,DQN_Double_PER,1,553,27650,-6.90,0,0.4525,0.00659,35.8
DQN_Double_PER_seed_1_1790611300,DQN_Double_PER,1,554,27700,-5.10,0,0.4515,0.00712,35.9
DQN_Double_PER_seed_1_1790611300,DQN_Double_PER,1,555,27750,-6.90,0,0.4506,0.00597,36.0
DQN_Double_PER_seed_1_1790611300,DQN_Double_PER,1,556,27800,-6.30,0,0.4496,0.00659,36.0
DQN_Double_PER_seed_1_1790611300,DQN_Double_PER,1,557,27850,-6.90,0,0.4486,0.00852,36.1
DQN_Double_PER_seed_1_1790611300,DQN_Double_PER,1,558,27900,-7.50,0,0.4476,0.00577,36.2
DQN_Double_PER_seed_1_1790611300,DQN_Double_PER,1,559,27950,-6.30,0,0.4466,0.00601,36.2
DQN_Double_PER_seed_1_1790611300,DQN_Double_PER,1,560,28000,-4.50,0,0.4456,0.00593,36.3
DQN_Double_PER_seed_1_1790611300,DQN_Double_PER,1,561,28050,-5.10,0,0.4446,0.01168,36.4
DQN_Double_PER_seed_1_1790611300,DQN_Double_PER,1,562,28100,-7.50,0,0.4436,0.00644,36.5
DQN_Double_PER_seed_1_1790611300,DQN_Double_PER,1,563,28150,-7.50,0,0.4426,0.00708,36.5
DQN_Double_PER_seed_1_1790611300,DQN_Double_PER,1,564,28200,-7.50,0,0.4416,0.00807,36.6
DQN_Double_PER_seed_1_1790611300,DQN_Double_PER,1,565,28250,3.90,0,0.4407,0.00630,36.7
DQN_Double_PER_seed_1_1790611300,DQN_Double_PER,1,566,28300,1.50,0,0.4397,0.00568,36.7
DQN_Double_PER_seed_1_1790611300,DQN_Double_PER,1,567,28350,-6.90,0,0.4387,0.00985,36.8
DQN_Double_PER_seed_1_1790611300,DQN_Double_PER,1,568,28400,-7.50,0,0.4377,0.01048,36.9
DQN_Double_PER_seed_1_1790611300,DQN_Double_PER,1,569,28450,-5.10,0,0.4367,0.00663,36.9
DQN_Double_PER_seed_1_1790611300,DQN_Double_PER,1,570,28500,-6.30,0,0.4357,0.00803,37.0
DQN_Double_PER_seed_1_1790611300,DQN_Double_PER,1,571,28550,-8.10,0,0.4347,0.00748,37.1
DQN_Double_PER_seed_1_1790611300,DQN_Double_PER,1,572,28600,-6.30,0,0.4337,0.00805,37.2
DQN_Double_PER_seed_1_1790611300,DQN_Double_PER,1,573,28650,3.90,0,0.4327,0.00734,37.2
DQN_Double_PER_seed_1_1790611300,DQN_Double_PER,1,574,28700,-6.30,0,0.4317,0.00779,37.3
DQN_Double_PER_seed_1_1790611300,DQN_Double_PER,1,575,28750,0.30,0,0.4308,0.01239,37.4
DQN_Double_PER_seed_1_1790611300,DQN_Double_PER,1,576,28800,-8.10,0,0.4298,0.00621,37.4
DQN_Double_PER_seed_1_1790611300,DQN_Double_PER,1,577,28850,-6.90,0,0.4288,0.01021,37.5
DQN_Double_PER_seed_1_1790611300,DQN_Double_PER,1,578,28900,-6.30,0,0.4278,0.01199,37.6
DQN_Double_PER_seed_1_1790611300,DQN_Double_PER,1,579,28950,-5.10,0,0.4268,0.00845,37.6
DQN_Double_PER_seed_1_1790611300,DQN_Double_PER,1,580,29000,-4.50,0,0.4258,0.00976,37.7
DQN_Double_PER_seed_1_1790611300,DQN_Double_PER,1,581,29050,-0.30,0,0.4248,0.00974,37.8
DQN_Double_PER_seed_1_1790611300,DQN_Double_PER,1,582,29100,-5.10,0,0.4238,0.00799,37.9
DQN_Double_PER_seed_1_1790611300,DQN_Double_PER,1,583,29150,-5.10,0,0.4228,0.00622,37.9
DQN_Double_PER_seed_1_1790611300,DQN_Double_PER,1,584,29200,-8.10,0,0.4218,0.00684,38.0
DQN_Double_PER_seed_1_1790611300,DQN_Double_PER,1,585,29250,-7.50,0,0.4209,0.00883,38.1
DQN_Double_PER_seed_1_1790611300,DQN_Double_PER,1,586,29300,-6.90,0,0.4199,0.00748,38.1
DQN_Double_PER_seed_1_1790611300,DQN_Double_PER,1,587,29350,-6.30,0,0.4189,0.00625,38.2
DQN_Double_PER_seed_1_1790611300,DQN_Double_PER,1,588,29400,-8.10,0,0.4179,0.00550,38.3
DQN_Double_PER_seed_1_1790611300,DQN_Double_PER,1,589,29450,-6.90,0,0.4169,0.00640,38.3
DQN_Double_PER_seed_1_1790611300,DQN_Double_PER,1,590,29500,-8.10,0,0.4159,0.01014,38.4
DQN_Double_PER_seed_1_1790611300,DQN_Double_PER,1,591,29550,-6.90,0,0.4149,0.00715,38.5
DQN_Double_PER_seed_1_1790611300,DQN_Double_PER,1,592,29600,-7.50,0,0.4139,0.00582,38.6
DQN_Double_PER_seed_1_1790611300,DQN_Double_PER,1,593,29650,-8.70,0,0.4129,0.00577,38.6
DQN_Double_PER_seed_1_1790611300,DQN_Double_PER,1,594,29700,-8.10,0,0.4119,0.00698,38.7
DQN_Double_PER_seed_1_1790611300,DQN_Double_PER,1,595,29750,-7.50,0,0.4110,0.00485,38.8
DQN_Double_PER_seed_1_1790611300,DQN_Double_PER,1,596,29800,-1.50,0,0.4100,0.00627,38.8
DQN_Double_PER_seed_1_1790611300,DQN_Double_PER,1,597,29850,-7.50,0,0.4090,0.00672,38.9
DQN_Double_PER_seed_1_1790611300,DQN_Double_PER,1,598,29900,-7.50,0,0.4080,0.00766,39.0
DQN_Double_PER_seed_1_1790611300,DQN_Double_PER,1,599,29950,-3.90,0,0.4070,0.00693,39.1
DQN_Double_PER_seed_1_1790611300,DQN_Double_PER,1,600,30000,-7.50,0,0.4060,0.00646,39.1
DQN_Double_PER_seed_1_1790611300,DQN_Double_PER,1,601,30050,-6.90,0,0.4050,0.00984,39.3
DQN_Double_PER_seed_1_1790611300,DQN_Double_PER,1,602,30100,-5.70,0,0.4040,0.00746,39.4
DQN_Double_PER_seed_1_1790611300,DQN_Double_PER,1,603,30150,-8.10,0,0.4030,0.00857,39.4
DQN_Double_PER_seed_1_1790611300,DQN_Double_PER,1,604,30200,-8.10,0,0.4020,0.00801,39.5
DQN_Double_PER_seed_1_1790611300,DQN_Double_PER,1,605,30250,-8.10,0,0.4011,0.00699,39.6
DQN_Double_PER_seed_1_1790611300,DQN_Double_PER,1,606,30300,-7.50,0,0.4001,0.00628,39.6
DQN_Double_PER_seed_1_1790611300,DQN_Double_PER,1,607,30350,-7.50,0,0.3991,0.00670,39.7
DQN_Double_PER_seed_1_1790611300,DQN_Double_PER,1,608,30400,-4.50,0,0.3981,0.01311,39.8
DQN_Double_PER_seed_1_1790611300,DQN_Double_PER,1,609,30450,-8.10,0,0.3971,0.01069,39.8
DQN_Double_PER_seed_1_1790611300,DQN_Double_PER,1,610,30500,-5.70,0,0.3961,0.02420,39.9
DQN_Double_PER_seed_1_1790611300,DQN_Double_PER,1,611,30550,-6.90,0,0.3951,0.00977,40.0
DQN_Double_PER_seed_1_1790611300,DQN_Double_PER,1,612,30600,-8.10,0,0.3941,0.00728,40.1
DQN_Double_PER_seed_1_1790611300,DQN_Double_PER,1,613,30650,-6.90,0,0.3931,0.00808,40.1
DQN_Double_PER_seed_1_1790611300,DQN_Double_PER,1,614,30700,-4.50,0,0.3921,0.00478,40.2
DQN_Double_PER_seed_1_1790611300,DQN_Double_PER,1,615,30750,-6.90,0,0.3911,0.00612,40.3
DQN_Double_PER_seed_1_1790611300,DQN_Double_PER,1,616,30800,-6.90,0,0.3902,0.00682,40.3
DQN_Double_PER_seed_1_1790611300,DQN_Double_PER,1,617,30850,-7.50,0,0.3892,0.00619,40.4
DQN_Double_PER_seed_1_1790611300,DQN_Double_PER,1,618,30900,-6.90,0,0.3882,0.00670,40.5
DQN_Double_PER_seed_1_1790611300,DQN_Double_PER,1,619,30950,-8.10,0,0.3872,0.00622,40.5
DQN_Double_PER_seed_1_1790611300,DQN_Double_PER,1,620,31000,2.70,0,0.3862,0.00795,40.6
DQN_Double_PER_seed_1_1790611300,DQN_Double_PER,1,621,31050,3.90,0,0.3852,0.01100,40.7
DQN_Double_PER_seed_1_1790611300,DQN_Double_PER,1,622,31100,-6.90,0,0.3842,0.01318,40.8
DQN_Double_PER_seed_1_1790611300,DQN_Double_PER,1,623,31150,-5.10,0,0.3832,0.01150,40.8
DQN_Double_PER_seed_1_1790611300,DQN_Double_PER,1,624,31200,-6.30,0,0.3822,0.00781,40.9
DQN_Double_PER_seed_1_1790611300,DQN_Double_PER,1,625,31250,-6.90,0,0.3812,0.00881,41.0
DQN_Double_PER_seed_1_1790611300,DQN_Double_PER,1,626,31300,-5.10,0,0.3803,0.01216,41.0
DQN_Double_PER_seed_1_1790611300,DQN_Double_PER,1,627,31350,-5.70,0,0.3793,0.02002,41.1
DQN_Double_PER_seed_1_1790611300,DQN_Double_PER,1,628,31400,-3.90,0,0.3783,0.00765,41.2
DQN_Double_PER_seed_1_1790611300,DQN_Double_PER,1,629,31450,-8.10,0,0.3773,0.01022,41.2
DQN_Double_PER_seed_1_1790611300,DQN_Double_PER,1,630,31500,-2.10,0,0.3763,0.00661,41.3
DQN_Double_PER_seed_1_1790611300,DQN_Double_PER,1,631,31550,3.90,0,0.3753,0.00530,41.4
DQN_Double_PER_seed_1_1790611300,DQN_Double_PER,1,632,31600,2.10,0,0.3743,0.00585,41.5
DQN_Double_PER_seed_1_1790611300,DQN_Double_PER,1,633,31650,-7.50,0,0.3733,0.00854,41.5
DQN_Double_PER_seed_1_1790611300,DQN_Double_PER,1,634,31700,-6.90,0,0.3723,0.00889,41.6
DQN_Double_PER_seed_1_1790611300,DQN_Double_PER,1,635,31750,3.90,0,0.3713,0.00606,41.7
DQN_Double_PER_seed_1_1790611300,DQN_Double_PER,1,636,31800,-7.50,0,0.3704,0.00763,41.7
DQN_Double_PER_seed_1_1790611300,DQN_Double_PER,1,637,31850,-3.90,0,0.3694,0.00881,41.8
DQN_Double_PER_seed_1_1790611300,DQN_Double_PER,1,638,31900,-5.10,0,0.3684,0.01225,41.9
DQN_Double_PER_seed_1_1790611300,DQN_Double_PER,1,639,31950,-6.30,0,0.3674,0.01327,42.0
DQN_Double_PER_seed_1_1790611300,DQN_Double_PER,1,640,32000,-3.30,0,0.3664,0.01671,42.0
DQN_Double_PER_seed_1_1790611300,DQN_Double_PER,1,641,32050,3.90,0,0.3654,0.01460,42.1
DQN_Double_PER_seed_1_1790611300,DQN_Double_PER,1,642,32100,2.10,0,0.3644,0.01061,42.2
DQN_Double_PER_seed_1_1790611300,DQN_Double_PER,1,643,32150,-5.70,0,0.3634,0.00762,42.2
DQN_Double_PER_seed_1_1790611300,DQN_Double_PER,1,644,32200,-6.90,0,0.3624,0.00834,42.3
DQN_Double_PER_seed_1_1790611300,DQN_Double_PER,1,645,32250,-5.10,0,0.3614,0.00847,42.4
DQN_Double_PER_seed_1_1790611300,DQN_Double_PER,1,646,32300,-6.30,0,0.3605,0.01458,42.5
DQN_Double_PER_seed_1_1790611300,DQN_Double_PER,1,647,32350,-5.10,0,0.3595,0.01828,42.5
DQN_Double_PER_seed_1_1790611300,DQN_Double_PER,1,648,32400,-4.50,0,0.3585,0.01484,42.6
DQN_Double_PER_seed_1_1790611300,DQN_Double_PER,1,649,32450,-7.50,0,0.3575,0.01294,42.7
DQN_Double_PER_seed_1_1790611300,DQN_Double_PER,1,650,32500,-6.90,0,0.3565,0.02361,42.7
DQN_Double_PER_seed_1_1790611300,DQN_Double_PER,1,651,32550,-8.10,0,0.3555,0.02004,42.8
DQN_Double_PER_seed_1_1790611300,DQN_Double_PER,1,652,32600,-1.50,0,0.3545,0.00999,42.9
DQN_Double_PER_seed_1_1790611300,DQN_Double_PER,1,653,32650,-8.10,0,0.3535,0.00681,42.9
DQN_Double_PER_seed_1_1790611300,DQN_Double_PER,1,654,32700,-5.10,0,0.3525,0.00708,43.0
DQN_Double_PER_seed_1_1790611300,DQN_Double_PER,1,655,32750,-6.30,0,0.3516,0.01014,43.1
DQN_Double_PER_seed_1_1790611300,DQN_Double_PER,1,656,32800,-8.10,0,0.3506,0.01395,43.2
DQN_Double_PER_seed_1_1790611300,DQN_Double_PER,1,657,32850,-3.90,0,0.3496,0.01230,43.2
DQN_Double_PER_seed_1_1790611300,DQN_Double_PER,1,658,32900,-2.10,0,0.3486,0.00924,43.3
DQN_Double_PER_seed_1_1790611300,DQN_Double_PER,1,659,32950,0.30,0,0.3476,0.01091,43.4
DQN_Double_PER_seed_1_1790611300,DQN_Double_PER,1,660,33000,-4.50,0,0.3466,0.01376,43.4
DQN_Double_PER_seed_1_1790611300,DQN_Double_PER,1,661,33050,-5.70,0,0.3456,0.00913,43.5
DQN_Double_PER_seed_1_1790611300,DQN_Double_PER,1,662,33100,-6.30,0,0.3446,0.00540,43.6
DQN_Double_PER_seed_1_1790611300,DQN_Double_PER,1,663,33150,-1.50,0,0.3436,0.00456,43.7
DQN_Double_PER_seed_1_1790611300,DQN_Double_PER,1,664,33200,0.30,0,0.3426,0.00570,43.7
DQN_Double_PER_seed_1_1790611300,DQN_Double_PER,1,665,33250,-7.50,0,0.3417,0.00437,43.8
DQN_Double_PER_seed_1_1790611300,DQN_Double_PER,1,666,33300,-7.50,0,0.3407,0.00589,43.9
DQN_Double_PER_seed_1_1790611300,DQN_Double_PER,1,667,33350,-1.50,0,0.3397,0.00492,43.9
DQN_Double_PER_seed_1_1790611300,DQN_Double_PER,1,668,33400,-6.90,0,0.3387,0.00509,44.0
DQN_Double_PER_seed_1_1790611300,DQN_Double_PER,1,669,33450,-5.10,0,0.3377,0.00681,44.1
DQN_Double_PER_seed_1_1790611300,DQN_Double_PER,1,670,33500,-2.70,0,0.3367,0.00594,44.1
DQN_Double_PER_seed_1_1790611300,DQN_Double_PER,1,671,33550,-5.70,0,0.3357,0.00542,44.2
DQN_Double_PER_seed_1_1790611300,DQN_Double_PER,1,672,33600,-5.10,0,0.3347,0.00418,44.3
DQN_Double_PER_seed_1_1790611300,DQN_Double_PER,1,673,33650,-3.90,0,0.3337,0.00583,44.4
DQN_Double_PER_seed_1_1790611300,DQN_Double_PER,1,674,33700,-5.70,0,0.3327,0.00515,44.4
DQN_Double_PER_seed_1_1790611300,DQN_Double_PER,1,675,33750,-0.30,0,0.3317,0.00479,44.5
DQN_Double_PER_seed_1_1790611300,DQN_Double_PER,1,676,33800,-5.70,0,0.3308,0.00436,44.6
DQN_Double_PER_seed_1_1790611300,DQN_Double_PER,1,677,33850,-5.10,0,0.3298,0.00514,44.6
DQN_Double_PER_seed_1_1790611300,DQN_Double_PER,1,678,33900,-3.30,0,0.3288,0.00393,44.7
DQN_Double_PER_seed_1_1790611300,DQN_Double_PER,1,679,33950,-3.30,0,0.3278,0.00640,44.8
DQN_Double_PER_seed_1_1790611300,DQN_Double_PER,1,680,34000,0.90,0,0.3268,0.00612,44.8
DQN_Double_PER_seed_1_1790611300,DQN_Double_PER,1,681,34050,-3.90,0,0.3258,0.01035,44.9
DQN_Double_PER_seed_1_1790611300,DQN_Double_PER,1,682,34100,0.30,0,0.3248,0.00622,45.0
DQN_Double_PER_seed_1_1790611300,DQN_Double_PER,1,683,34150,1.50,0,0.3238,0.00747,45.1
DQN_Double_PER_seed_1_1790611300,DQN_Double_PER,1,684,34200,-3.90,0,0.3228,0.00418,45.1
DQN_Double_PER_seed_1_1790611300,DQN_Double_PER,1,685,34250,3.90,0,0.3218,0.00372,45.2
DQN_Double_PER_seed_1_1790611300,DQN_Double_PER,1,686,34300,1.50,0,0.3209,0.00407,45.3
DQN_Double_PER_seed_1_1790611300,DQN_Double_PER,1,687,34350,3.90,0,0.3199,0.00328,45.3
DQN_Double_PER_seed_1_1790611300,DQN_Double_PER,1,688,34400,0.30,0,0.3189,0.00350,45.4
DQN_Double_PER_seed_1_1790611300,DQN_Double_PER,1,689,34450,-1.50,0,0.3179,0.00854,45.5
DQN_Double_PER_seed_1_1790611300,DQN_Double_PER,1,690,34500,-2.10,0,0.3169,0.00671,45.6
DQN_Double_PER_seed_1_1790611300,DQN_Double_PER,1,691,34550,2.70,0,0.3159,0.00451,45.6
DQN_Double_PER_seed_1_1790611300,DQN_Double_PER,1,692,34600,-6.90,0,0.3149,0.00482,45.7
DQN_Double_PER_seed_1_1790611300,DQN_Double_PER,1,693,34650,-4.50,0,0.3139,0.00710,45.8
DQN_Double_PER_seed_1_1790611300,DQN_Double_PER,1,694,34700,-1.50,0,0.3129,0.00468,45.8
DQN_Double_PER_seed_1_1790611300,DQN_Double_PER,1,695,34750,-0.30,0,0.3120,0.00386,45.9
DQN_Double_PER_seed_1_1790611300,DQN_Double_PER,1,696,34800,-0.30,0,0.3110,0.00365,46.0
DQN_Double_PER_seed_1_1790611300,DQN_Double_PER,1,697,34850,-0.90,0,0.3100,0.00356,46.0
DQN_Double_PER_seed_1_1790611300,DQN_Double_PER,1,698,34900,-7.50,0,0.3090,0.00269,46.1
DQN_Double_PER_seed_1_1790611300,DQN_Double_PER,1,699,34950,-8.70,0,0.3080,0.00314,46.2
DQN_Double_PER_seed_1_1790611300,DQN_Double_PER,1,700,35000,3.90,0,0.3070,0.00386,46.3
DQN_Double_PER_seed_1_1790611300,DQN_Double_PER,1,701,35050,0.90,0,0.3060,0.00714,46.4
DQN_Double_PER_seed_1_1790611300,DQN_Double_PER,1,702,35100,3.90,0,0.3050,0.00526,46.5
DQN_Double_PER_seed_1_1790611300,DQN_Double_PER,1,703,35150,-5.70,0,0.3040,0.00436,46.6
DQN_Double_PER_seed_1_1790611300,DQN_Double_PER,1,704,35200,-0.90,0,0.3030,0.00368,46.6
DQN_Double_PER_seed_1_1790611300,DQN_Double_PER,1,705,35250,2.70,0,0.3021,0.00346,46.7
DQN_Double_PER_seed_1_1790611300,DQN_Double_PER,1,706,35300,0.30,0,0.3011,0.00432,46.8
DQN_Double_PER_seed_1_1790611300,DQN_Double_PER,1,707,35350,0.30,0,0.3001,0.00326,46.8
DQN_Double_PER_seed_1_1790611300,DQN_Double_PER,1,708,35400,-0.30,0,0.2991,0.00337,46.9
DQN_Double_PER_seed_1_1790611300,DQN_Double_PER,1,709,35450,-4.50,0,0.2981,0.00289,47.0
DQN_Double_PER_seed_1_1790611300,DQN_Double_PER,1,710,35500,-3.90,0,0.2971,0.00464,47.1
DQN_Double_PER_seed_1_1790611300,DQN_Double_PER,1,711,35550,-6.90,0,0.2961,0.00415,47.1
DQN_Double_PER_seed_1_1790611300,DQN_Double_PER,1,712,35600,-8.10,0,0.2951,0.00495,47.2
DQN_Double_PER_seed_1_1790611300,DQN_Double_PER,1,713,35650,3.90,0,0.2941,0.00345,47.3
DQN_Double_PER_seed_1_1790611300,DQN_Double_PER,1,714,35700,-5.70,0,0.2931,0.00297,47.3
DQN_Double_PER_seed_1_1790611300,DQN_Double_PER,1,715,35750,-5.10,0,0.2922,0.00302,47.4
DQN_Double_PER_seed_1_1790611300,DQN_Double_PER,1,716,35800,-4.50,0,0.2912,0.00300,47.5
DQN_Double_PER_seed_1_1790611300,DQN_Double_PER,1,717,35850,2.10,0,0.2902,0.00297,47.6
DQN_Double_PER_seed_1_1790611300,DQN_Double_PER,1,718,35900,0.30,0,0.2892,0.00331,47.6
DQN_Double_PER_seed_1_1790611300,DQN_Double_PER,1,719,35950,1.50,0,0.2882,0.00289,47.7
DQN_Double_PER_seed_1_1790611300,DQN_Double_PER,1,720,36000,0.30,0,0.2872,0.00403,47.8
DQN_Double_PER_seed_1_1790611300,DQN_Double_PER,1,721,36050,-3.90,0,0.2862,0.00498,47.8
DQN_Double_PER_seed_1_1790611300,DQN_Double_PER,1,722,36100,0.30,0,0.2852,0.00379,47.9
DQN_Double_PER_seed_1_1790611300,DQN_Double_PER,1,723,36150,3.90,0,0.2842,0.00342,48.0
DQN_Double_PER_seed_1_1790611300,DQN_Double_PER,1,724,36200,-5.70,0,0.2832,0.00508,48.0
DQN_Double_PER_seed_1_1790611300,DQN_Double_PER,1,725,36250,3.90,0,0.2823,0.00278,48.1
DQN_Double_PER_seed_1_1790611300,DQN_Double_PER,1,726,36300,-5.70,0,0.2813,0.00340,48.2
DQN_Double_PER_seed_1_1790611300,DQN_Double_PER,1,727,36350,-7.50,0,0.2803,0.00516,48.3
DQN_Double_PER_seed_1_1790611300,DQN_Double_PER,1,728,36400,-0.90,0,0.2793,0.00495,48.3
DQN_Double_PER_seed_1_1790611300,DQN_Double_PER,1,729,36450,-6.90,0,0.2783,0.00442,48.4
DQN_Double_PER_seed_1_1790611300,DQN_Double_PER,1,730,36500,3.90,0,0.2773,0.00459,48.5
DQN_Double_PER_seed_1_1790611300,DQN_Double_PER,1,731,36550,-3.30,0,0.2763,0.00379,48.5
DQN_Double_PER_seed_1_1790611300,DQN_Double_PER,1,732,36600,3.90,0,0.2753,0.00273,48.6
DQN_Double_PER_seed_1_1790611300,DQN_Double_PER,1,733,36650,0.30,0,0.2743,0.00706,48.7
DQN_Double_PER_seed_1_1790611300,DQN_Double_PER,1,734,36700,3.90,0,0.2733,0.00328,48.8
DQN_Double_PER_seed_1_1790611300,DQN_Double_PER,1,735,36750,1.50,0,0.2723,0.00307,48.8
DQN_Double_PER_seed_1_1790611300,DQN_Double_PER,1,736,36800,3.90,0,0.2714,0.00248,48.9
DQN_Double_PER_seed_1_1790611300,DQN_Double_PER,1,737,36850,-7.50,0,0.2704,0.00333,49.0
DQN_Double_PER_seed_1_1790611300,DQN_Double_PER,1,738,36900,0.90,0,0.2694,0.00261,49.0
DQN_Double_PER_seed_1_1790611300,DQN_Double_PER,1,739,36950,2.10,0,0.2684,0.00239,49.1
DQN_Double_PER_seed_1_1790611300,DQN_Double_PER,1,740,37000,-0.30,0,0.2674,0.00261,49.2
DQN_Double_PER_seed_1_1790611300,DQN_Double_PER,1,741,37050,3.90,0,0.2664,0.00643,49.2
DQN_Double_PER_seed_1_1790611300,DQN_Double_PER,1,742,37100,3.90,0,0.2654,0.00745,49.3
DQN_Double_PER_seed_1_1790611300,DQN_Double_PER,1,743,37150,3.30,0,0.2644,0.00369,49.4
DQN_Double_PER_seed_1_1790611300,DQN_Double_PER,1,744,37200,0.90,0,0.2634,0.00413,49.5
DQN_Double_PER_seed_1_1790611300,DQN_Double_PER,1,745,37250,-0.90,0,0.2624,0.00308,49.5
DQN_Double_PER_seed_1_1790611300,DQN_Double_PER,1,746,37300,2.70,0,0.2615,0.00336,49.6
DQN_Double_PER_seed_1_1790611300,DQN_Double_PER,1,747,37350,-5.70,0,0.2605,0.00453,49.7
DQN_Double_PER_seed_1_1790611300,DQN_Double_PER,1,748,37400,0.30,0,0.2595,0.02467,49.7
DQN_Double_PER_seed_1_1790611300,DQN_Double_PER,1,749,37450,3.90,0,0.2585,0.00411,49.8
DQN_Double_PER_seed_1_1790611300,DQN_Double_PER,1,750,37500,-6.90,0,0.2575,0.00307,49.9
DQN_Double_PER_seed_1_1790611300,DQN_Double_PER,1,751,37550,2.70,0,0.2565,0.00288,50.0
DQN_Double_PER_seed_1_1790611300,DQN_Double_PER,1,752,37600,3.90,0,0.2555,0.00295,50.0
DQN_Double_PER_seed_1_1790611300,DQN_Double_PER,1,753,37650,-2.10,0,0.2545,0.00277,50.1
DQN_Double_PER_seed_1_1790611300,DQN_Double_PER,1,754,37700,3.90,0,0.2535,0.00378,50.2
DQN_Double_PER_seed_1_1790611300,DQN_Double_PER,1,755,37750,0.30,0,0.2526,0.00382,50.2
DQN_Double_PER_seed_1_1790611300,DQN_Double_PER,1,756,37800,3.90,0,0.2516,0.00278,50.3
DQN_Double_PER_seed_1_1790611300,DQN_Double_PER,1,757,37850,3.90,0,0.2506,0.00279,50.4
DQN_Double_PER_seed_1_1790611300,DQN_Double_PER,1,758,37900,3.90,0,0.2496,0.00328,50.5
DQN_Double_PER_seed_1_1790611300,DQN_Double_PER,1,759,37950,-6.30,0,0.2486,0.00388,50.5
DQN_Double_PER_seed_1_1790611300,DQN_Double_PER,1,760,38000,-0.30,0,0.2476,0.00383,50.6
DQN_Double_PER_seed_1_1790611300,DQN_Double_PER,1,761,38050,-6.90,0,0.2466,0.00675,50.7
DQN_Double_PER_seed_1_1790611300,DQN_Double_PER,1,762,38100,3.90,0,0.2456,0.00415,50.7
DQN_Double_PER_seed_1_1790611300,DQN_Double_PER,1,763,38150,-6.30,0,0.2446,0.00355,50.8
DQN_Double_PER_seed_1_1790611300,DQN_Double_PER,1,764,38200,-6.90,0,0.2436,0.00354,50.9
DQN_Double_PER_seed_1_1790611300,DQN_Double_PER,1,765,38250,-2.10,0,0.2427,0.00416,51.0
DQN_Double_PER_seed_1_1790611300,DQN_Double_PER,1,766,38300,3.90,0,0.2417,0.00297,51.0
DQN_Double_PER_seed_1_1790611300,DQN_Double_PER,1,767,38350,-3.30,0,0.2407,0.00321,51.1
DQN_Double_PER_seed_1_1790611300,DQN_Double_PER,1,768,38400,-0.90,0,0.2397,0.00502,51.2
DQN_Double_PER_seed_1_1790611300,DQN_Double_PER,1,769,38450,3.90,0,0.2387,0.00289,51.2
DQN_Double_PER_seed_1_1790611300,DQN_Double_PER,1,770,38500,0.90,0,0.2377,0.00310,51.3
DQN_Double_PER_seed_1_1790611300,DQN_Double_PER,1,771,38550,-3.30,0,0.2367,0.00301,51.4
DQN_Double_PER_seed_1_1790611300,DQN_Double_PER,1,772,38600,3.90,0,0.2357,0.00385,51.4
DQN_Double_PER_seed_1_1790611300,DQN_Double_PER,1,773,38650,-2.10,0,0.2347,0.00479,51.5
DQN_Double_PER_seed_1_1790611300,DQN_Double_PER,1,774,38700,3.90,0,0.2337,0.00378,51.6
DQN_Double_PER_seed_1_1790611300,DQN_Double_PER,1,775,38750,3.90,0,0.2328,0.00384,51.7
DQN_Double_PER_seed_1_1790611300,DQN_Double_PER,1,776,38800,3.90,0,0.2318,0.00407,51.7
DQN_Double_PER_seed_1_1790611300,DQN_Double_PER,1,777,38850,2.70,0,0.2308,0.00412,51.8
DQN_Double_PER_seed_1_1790611300,DQN_Double_PER,1,778,38900,0.90,0,0.2298,0.00349,51.9
DQN_Double_PER_seed_1_1790611300,DQN_Double_PER,1,779,38950,-3.90,0,0.2288,0.00303,51.9
DQN_Double_PER_seed_1_1790611300,DQN_Double_PER,1,780,39000,3.90,0,0.2278,0.00325,52.0
DQN_Double_PER_seed_1_1790611300,DQN_Double_PER,1,781,39050,3.90,0,0.2268,0.00586,52.1
DQN_Double_PER_seed_1_1790611300,DQN_Double_PER,1,782,39100,-2.70,0,0.2258,0.00432,52.2
DQN_Double_PER_seed_1_1790611300,DQN_Double_PER,1,783,39150,-8.10,0,0.2248,0.00525,52.2
DQN_Double_PER_seed_1_1790611300,DQN_Double_PER,1,784,39200,1.50,0,0.2238,0.00880,52.3
DQN_Double_PER_seed_1_1790611300,DQN_Double_PER,1,785,39250,-2.10,0,0.2228,0.01045,52.4
DQN_Double_PER_seed_1_1790611300,DQN_Double_PER,1,786,39300,-2.70,0,0.2219,0.00617,52.4
DQN_Double_PER_seed_1_1790611300,DQN_Double_PER,1,787,39350,-0.90,0,0.2209,0.00311,52.5
DQN_Double_PER_seed_1_1790611300,DQN_Double_PER,1,788,39400,-5.10,0,0.2199,0.00296,52.6
DQN_Double_PER_seed_1_1790611300,DQN_Double_PER,1,789,39450,0.30,0,0.2189,0.00345,52.7
DQN_Double_PER_seed_1_1790611300,DQN_Double_PER,1,790,39500,3.90,0,0.2179,0.00335,52.7
DQN_Double_PER_seed_1_1790611300,DQN_Double_PER,1,791,39550,-3.90,0,0.2169,0.00302,52.8
DQN_Double_PER_seed_1_1790611300,DQN_Double_PER,1,792,39600,-4.50,0,0.2159,0.00356,52.9
DQN_Double_PER_seed_1_1790611300,DQN_Double_PER,1,793,39650,-7.50,0,0.2149,0.00479,52.9
DQN_Double_PER_seed_1_1790611300,DQN_Double_PER,1,794,39700,3.90,0,0.2139,0.00424,53.0
DQN_Double_PER_seed_1_1790611300,DQN_Double_PER,1,795,39750,-2.10,0,0.2129,0.00429,53.1
DQN_Double_PER_seed_1_1790611300,DQN_Double_PER,1,796,39800,0.30,0,0.2120,0.00393,53.1
DQN_Double_PER_seed_1_1790611300,DQN_Double_PER,1,797,39850,-3.30,0,0.2110,0.00325,53.2
DQN_Double_PER_seed_1_1790611300,DQN_Double_PER,1,798,39900,3.30,0,0.2100,0.00388,53.3
DQN_Double_PER_seed_1_1790611300,DQN_Double_PER,1,799,39950,-3.30,0,0.2090,0.00358,53.4
DQN_Double_PER_seed_1_1790611300,DQN_Double_PER,1,800,40000,3.90,0,0.2080,0.00512,53.4
DQN_Double_PER_seed_1_1790611300,DQN_Double_PER,1,801,40050,3.90,0,0.2070,0.00888,53.6
DQN_Double_PER_seed_1_1790611300,DQN_Double_PER,1,802,40100,-2.10,0,0.2060,0.00624,53.7
DQN_Double_PER_seed_1_1790611300,DQN_Double_PER,1,803,40150,3.90,0,0.2050,0.00363,53.7
DQN_Double_PER_seed_1_1790611300,DQN_Double_PER,1,804,40200,3.90,0,0.2040,0.00496,53.8
DQN_Double_PER_seed_1_1790611300,DQN_Double_PER,1,805,40250,3.90,0,0.2030,0.00642,53.9
DQN_Double_PER_seed_1_1790611300,DQN_Double_PER,1,806,40300,0.30,0,0.2021,0.00568,53.9
DQN_Double_PER_seed_1_1790611300,DQN_Double_PER,1,807,40350,3.90,0,0.2011,0.00466,54.0
DQN_Double_PER_seed_1_1790611300,DQN_Double_PER,1,808,40400,3.90,0,0.2001,0.00478,54.1
DQN_Double_PER_seed_1_1790611300,DQN_Double_PER,1,809,40450,3.90,0,0.1991,0.00583,54.2
DQN_Double_PER_seed_1_1790611300,DQN_Double_PER,1,810,40500,-2.70,0,0.1981,0.00493,54.2
DQN_Double_PER_seed_1_1790611300,DQN_Double_PER,1,811,40550,-4.50,0,0.1971,0.00420,54.3
DQN_Double_PER_seed_1_1790611300,DQN_Double_PER,1,812,40601,4.00,0,0.1961,0.00521,54.4
DQN_Double_PER_seed_1_1790611300,DQN_Double_PER,1,813,40651,0.90,0,0.1951,0.00368,54.4
DQN_Double_PER_seed_1_1790611300,DQN_Double_PER,1,814,40701,-2.10,0,0.1941,0.00482,54.5
DQN_Double_PER_seed_1_1790611300,DQN_Double_PER,1,815,40751,-2.70,0,0.1931,0.00408,54.6
DQN_Double_PER_seed_1_1790611300,DQN_Double_PER,1,816,40801,3.90,0,0.1921,0.00506,54.7
DQN_Double_PER_seed_1_1790611300,DQN_Double_PER,1,817,40851,3.90,0,0.1912,0.00434,54.7
DQN_Double_PER_seed_1_1790611300,DQN_Double_PER,1,818,40906,4.40,0,0.1901,0.00325,54.8
DQN_Double_PER_seed_1_1790611300,DQN_Double_PER,1,819,40956,-3.30,0,0.1891,0.00437,54.9
DQN_Double_PER_seed_1_1790611300,DQN_Double_PER,1,820,41006,3.90,0,0.1881,0.00477,54.9
DQN_Double_PER_seed_1_1790611300,DQN_Double_PER,1,821,41063,4.60,0,0.1870,0.00903,55.0
DQN_Double_PER_seed_1_1790611300,DQN_Double_PER,1,822,41113,-3.30,0,0.1860,0.00477,55.1
DQN_Double_PER_seed_1_1790611300,DQN_Double_PER,1,823,41163,3.90,0,0.1850,0.00401,55.2
DQN_Double_PER_seed_1_1790611300,DQN_Double_PER,1,824,41213,3.90,0,0.1840,0.00648,55.2
DQN_Double_PER_seed_1_1790611300,DQN_Double_PER,1,825,41263,3.90,0,0.1830,0.00387,55.3
DQN_Double_PER_seed_1_1790611300,DQN_Double_PER,1,826,41313,3.90,0,0.1820,0.00601,55.4
DQN_Double_PER_seed_1_1790611300,DQN_Double_PER,1,827,41363,3.90,0,0.1810,0.00500,55.5
DQN_Double_PER_seed_1_1790611300,DQN_Double_PER,1,828,41413,3.90,0,0.1800,0.00577,55.5
DQN_Double_PER_seed_1_1790611300,DQN_Double_PER,1,829,41463,-4.50,0,0.1790,0.00382,55.6
DQN_Double_PER_seed_1_1790611300,DQN_Double_PER,1,830,41513,-2.10,0,0.1780,0.00471,55.7
DQN_Double_PER_seed_1_1790611300,DQN_Double_PER,1,831,41563,3.90,0,0.1771,0.00689,55.7
DQN_Double_PER_seed_1_1790611300,DQN_Double_PER,1,832,41613,3.90,0,0.1761,0.00573,55.8
DQN_Double_PER_seed_1_1790611300,DQN_Double_PER,1,833,41663,3.90,0,0.1751,0.00560,55.9
DQN_Double_PER_seed_1_1790611300,DQN_Double_PER,1,834,41713,3.30,0,0.1741,0.00385,56.0
DQN_Double_PER_seed_1_1790611300,DQN_Double_PER,1,835,41772,4.80,0,0.1729,0.00501,56.0
DQN_Double_PER_seed_1_1790611300,DQN_Double_PER,1,836,41822,3.90,0,0.1719,0.00723,56.1
DQN_Double_PER_seed_1_1790611300,DQN_Double_PER,1,837,41872,3.90,0,0.1709,0.00506,56.2
DQN_Double_PER_seed_1_1790611300,DQN_Double_PER,1,838,41922,3.90,0,0.1699,0.00439,56.3
DQN_Double_PER_seed_1_1790611300,DQN_Double_PER,1,839,41972,3.90,0,0.1690,0.00437,56.3
DQN_Double_PER_seed_1_1790611300,DQN_Double_PER,1,840,42022,3.90,0,0.1680,0.00531,56.4
DQN_Double_PER_seed_1_1790611300,DQN_Double_PER,1,841,42078,4.50,0,0.1669,0.00506,56.5
DQN_Double_PER_seed_1_1790611300,DQN_Double_PER,1,842,42130,4.10,0,0.1658,0.00544,56.6
DQN_Double_PER_seed_1_1790611300,DQN_Double_PER,1,843,42180,3.90,0,0.1648,0.00394,56.6
DQN_Double_PER_seed_1_1790611300,DQN_Double_PER,1,844,42233,4.20,0,0.1638,0.00389,56.7
DQN_Double_PER_seed_1_1790611300,DQN_Double_PER,1,845,42283,-3.30,0,0.1628,0.00417,56.8
DQN_Double_PER_seed_1_1790611300,DQN_Double_PER,1,846,42336,4.20,0,0.1617,0.00650,56.9
DQN_Double_PER_seed_1_1790611300,DQN_Double_PER,1,847,42386,3.90,0,0.1608,0.00402,56.9
DQN_Double_PER_seed_1_1790611300,DQN_Double_PER,1,848,42436,3.90,0,0.1598,0.00417,57.0
DQN_Double_PER_seed_1_1790611300,DQN_Double_PER,1,849,42486,3.90,0,0.1588,0.00419,57.1
DQN_Double_PER_seed_1_1790611300,DQN_Double_PER,1,850,42536,3.90,0,0.1578,0.00413,57.1
DQN_Double_PER_seed_1_1790611300,DQN_Double_PER,1,851,42586,3.90,0,0.1568,0.00373,57.2
DQN_Double_PER_seed_1_1790611300,DQN_Double_PER,1,852,42636,3.90,0,0.1558,0.00389,57.3
DQN_Double_PER_seed_1_1790611300,DQN_Double_PER,1,853,42686,3.90,0,0.1548,0.00408,57.4
DQN_Double_PER_seed_1_1790611300,DQN_Double_PER,1,854,42736,3.90,0,0.1538,0.00398,57.4
DQN_Double_PER_seed_1_1790611300,DQN_Double_PER,1,855,42786,3.90,0,0.1528,0.00668,57.5
DQN_Double_PER_seed_1_1790611300,DQN_Double_PER,1,856,42836,3.90,0,0.1518,0.01030,57.6
DQN_Double_PER_seed_1_1790611300,DQN_Double_PER,1,857,42886,-3.90,0,0.1509,0.00533,57.6
DQN_Double_PER_seed_1_1790611300,DQN_Double_PER,1,858,42936,-0.90,0,0.1499,0.00387,57.7
DQN_Double_PER_seed_1_1790611300,DQN_Double_PER,1,859,42992,4.50,0,0.1488,0.00490,57.8
DQN_Double_PER_seed_1_1790611300,DQN_Double_PER,1,860,43042,3.90,0,0.1478,0.00455,57.9
DQN_Double_PER_seed_1_1790611300,DQN_Double_PER,1,861,43092,3.90,0,0.1468,0.00454,57.9
DQN_Double_PER_seed_1_1790611300,DQN_Double_PER,1,862,43142,3.90,0,0.1458,0.00493,58.0
DQN_Double_PER_seed_1_1790611300,DQN_Double_PER,1,863,43192,3.90,0,0.1448,0.00355,58.1
DQN_Double_PER_seed_1_1790611300,DQN_Double_PER,1,864,43248,4.50,0,0.1437,0.00346,58.2
DQN_Double_PER_seed_1_1790611300,DQN_Double_PER,1,865,43298,0.90,0,0.1427,0.00420,58.2
DQN_Double_PER_seed_1_1790611300,DQN_Double_PER,1,866,43348,3.90,0,0.1417,0.00485,58.3
DQN_Double_PER_seed_1_1790611300,DQN_Double_PER,1,867,43398,3.90,0,0.1407,0.00462,58.4
DQN_Double_PER_seed_1_1790611300,DQN_Double_PER,1,868,43448,3.90,0,0.1397,0.00530,58.4
DQN_Double_PER_seed_1_1790611300,DQN_Double_PER,1,869,43498,3.90,0,0.1387,0.00406,58.5
DQN_Double_PER_seed_1_1790611300,DQN_Double_PER,1,870,43548,1.50,0,0.1377,0.00300,58.6
DQN_Double_PER_seed_1_1790611300,DQN_Double_PER,1,871,43598,3.90,0,0.1368,0.00497,58.7
DQN_Double_PER_seed_1_1790611300,DQN_Double_PER,1,872,43648,3.90,0,0.1358,0.00394,58.7
DQN_Double_PER_seed_1_1790611300,DQN_Double_PER,1,873,43698,3.90,0,0.1348,0.00281,58.8
DQN_Double_PER_seed_1_1790611300,DQN_Double_PER,1,874,43748,3.90,0,0.1338,0.00315,58.9
DQN_Double_PER_seed_1_1790611300,DQN_Double_PER,1,875,43798,-5.10,0,0.1328,0.00315,58.9
DQN_Double_PER_seed_1_1790611300,DQN_Double_PER,1,876,43848,2.70,0,0.1318,0.00354,59.0
DQN_Double_PER_seed_1_1790611300,DQN_Double_PER,1,877,43898,3.90,0,0.1308,0.00341,59.1
DQN_Double_PER_seed_1_1790611300,DQN_Double_PER,1,878,43948,3.90,0,0.1298,0.00873,59.2
DQN_Double_PER_seed_1_1790611300,DQN_Double_PER,1,879,43998,0.90,0,0.1288,0.00556,59.2
DQN_Double_PER_seed_1_1790611300,DQN_Double_PER,1,880,44048,3.90,0,0.1278,0.00742,59.3
DQN_Double_PER_seed_1_1790611300,DQN_Double_PER,1,881,44098,3.90,0,0.1269,0.00468,59.4
DQN_Double_PER_seed_1_1790611300,DQN_Double_PER,1,882,44148,3.90,0,0.1259,0.00412,59.4
DQN_Double_PER_seed_1_1790611300,DQN_Double_PER,1,883,44198,3.90,0,0.1249,0.00399,59.5
DQN_Double_PER_seed_1_1790611300,DQN_Double_PER,1,884,44248,3.90,0,0.1239,0.00351,59.6
DQN_Double_PER_seed_1_1790611300,DQN_Double_PER,1,885,44298,3.90,0,0.1229,0.00415,59.7
DQN_Double_PER_seed_1_1790611300,DQN_Double_PER,1,886,44348,3.90,0,0.1219,0.00422,59.7
DQN_Double_PER_seed_1_1790611300,DQN_Double_PER,1,887,44412,6.20,1,0.1206,0.00342,59.8
DQN_Double_PER_seed_1_1790611300,DQN_Double_PER,1,888,44462,3.90,0,0.1197,0.00372,59.9
DQN_Double_PER_seed_1_1790611300,DQN_Double_PER,1,889,44512,3.90,0,0.1187,0.00367,60.0
DQN_Double_PER_seed_1_1790611300,DQN_Double_PER,1,890,44562,3.90,0,0.1177,0.00395,60.0
DQN_Double_PER_seed_1_1790611300,DQN_Double_PER,1,891,44612,3.90,0,0.1167,0.00340,60.1
DQN_Double_PER_seed_1_1790611300,DQN_Double_PER,1,892,44662,3.90,0,0.1157,0.00452,60.2
DQN_Double_PER_seed_1_1790611300,DQN_Double_PER,1,893,44712,3.90,0,0.1147,0.00486,60.2
DQN_Double_PER_seed_1_1790611300,DQN_Double_PER,1,894,44764,4.10,0,0.1137,0.00474,60.3
DQN_Double_PER_seed_1_1790611300,DQN_Double_PER,1,895,44814,3.90,0,0.1127,0.00418,60.4
DQN_Double_PER_seed_1_1790611300,DQN_Double_PER,1,896,44864,3.90,0,0.1117,0.00477,60.5
DQN_Double_PER_seed_1_1790611300,DQN_Double_PER,1,897,44914,3.90,0,0.1107,0.00437,60.5
DQN_Double_PER_seed_1_1790611300,DQN_Double_PER,1,898,44964,3.90,0,0.1097,0.00449,60.6
DQN_Double_PER_seed_1_1790611300,DQN_Double_PER,1,899,45014,3.90,0,0.1087,0.00704,60.8
DQN_Double_PER_seed_1_1790611300,DQN_Double_PER,1,900,45064,-2.70,0,0.1077,0.01396,60.8
DQN_Double_PER_seed_1_1790611300,DQN_Double_PER,1,901,45114,2.70,0,0.1067,0.00567,60.9
DQN_Double_PER_seed_1_1790611300,DQN_Double_PER,1,902,45164,3.90,0,0.1058,0.00466,61.0
DQN_Double_PER_seed_1_1790611300,DQN_Double_PER,1,903,45214,3.90,0,0.1048,0.00612,61.1
DQN_Double_PER_seed_1_1790611300,DQN_Double_PER,1,904,45264,3.90,0,0.1038,0.00565,61.1
DQN_Double_PER_seed_1_1790611300,DQN_Double_PER,1,905,45319,4.40,0,0.1027,0.00518,61.2
DQN_Double_PER_seed_1_1790611300,DQN_Double_PER,1,906,45369,3.90,0,0.1017,0.00441,61.3
DQN_Double_PER_seed_1_1790611300,DQN_Double_PER,1,907,45419,3.90,0,0.1007,0.00436,61.3
DQN_Double_PER_seed_1_1790611300,DQN_Double_PER,1,908,45470,4.00,0,0.0997,0.00562,61.4
DQN_Double_PER_seed_1_1790611300,DQN_Double_PER,1,909,45520,3.90,0,0.0987,0.00546,61.5
DQN_Double_PER_seed_1_1790611300,DQN_Double_PER,1,910,45570,3.90,0,0.0977,0.00602,61.6
DQN_Double_PER_seed_1_1790611300,DQN_Double_PER,1,911,45624,4.30,0,0.0966,0.00467,61.6
DQN_Double_PER_seed_1_1790611300,DQN_Double_PER,1,912,45674,1.50,0,0.0957,0.00799,61.7
DQN_Double_PER_seed_1_1790611300,DQN_Double_PER,1,913,45724,3.90,0,0.0947,0.00711,61.8
DQN_Double_PER_seed_1_1790611300,DQN_Double_PER,1,914,45774,3.90,0,0.0937,0.00525,61.8
DQN_Double_PER_seed_1_1790611300,DQN_Double_PER,1,915,45824,3.90,0,0.0927,0.00510,61.9
DQN_Double_PER_seed_1_1790611300,DQN_Double_PER,1,916,45887,6.10,1,0.0914,0.00624,62.0
DQN_Double_PER_seed_1_1790611300,DQN_Double_PER,1,917,45937,3.90,0,0.0904,0.01257,62.1
DQN_Double_PER_seed_1_1790611300,DQN_Double_PER,1,918,45987,3.90,0,0.0895,0.00718,62.1
DQN_Double_PER_seed_1_1790611300,DQN_Double_PER,1,919,46037,-3.90,0,0.0885,0.00965,62.2
DQN_Double_PER_seed_1_1790611300,DQN_Double_PER,1,920,46087,3.90,0,0.0875,0.00988,62.3
DQN_Double_PER_seed_1_1790611300,DQN_Double_PER,1,921,46137,0.90,0,0.0865,0.00752,62.4
DQN_Double_PER_seed_1_1790611300,DQN_Double_PER,1,922,46187,-0.90,0,0.0855,0.00635,62.4
DQN_Double_PER_seed_1_1790611300,DQN_Double_PER,1,923,46237,3.90,0,0.0845,0.00786,62.5
DQN_Double_PER_seed_1_1790611300,DQN_Double_PER,1,924,46287,3.90,0,0.0835,0.01174,62.6
DQN_Double_PER_seed_1_1790611300,DQN_Double_PER,1,925,46351,6.20,1,0.0823,0.00607,62.7
DQN_Double_PER_seed_1_1790611300,DQN_Double_PER,1,926,46401,3.90,0,0.0813,0.00677,62.7
DQN_Double_PER_seed_1_1790611300,DQN_Double_PER,1,927,46451,3.90,0,0.0803,0.00542,62.8
DQN_Double_PER_seed_1_1790611300,DQN_Double_PER,1,928,46501,3.90,0,0.0793,0.00477,62.9
DQN_Double_PER_seed_1_1790611300,DQN_Double_PER,1,929,46551,3.90,0,0.0783,0.00860,62.9
DQN_Double_PER_seed_1_1790611300,DQN_Double_PER,1,930,46601,3.90,0,0.0773,0.00718,63.0
DQN_Double_PER_seed_1_1790611300,DQN_Double_PER,1,931,46651,3.90,0,0.0763,0.00421,63.1
DQN_Double_PER_seed_1_1790611300,DQN_Double_PER,1,932,46701,3.90,0,0.0753,0.00718,63.2
DQN_Double_PER_seed_1_1790611300,DQN_Double_PER,1,933,46751,3.90,0,0.0743,0.00425,63.2
DQN_Double_PER_seed_1_1790611300,DQN_Double_PER,1,934,46801,3.30,0,0.0733,0.00579,63.3
DQN_Double_PER_seed_1_1790611300,DQN_Double_PER,1,935,46851,3.90,0,0.0724,0.00636,63.4
DQN_Double_PER_seed_1_1790611300,DQN_Double_PER,1,936,46901,3.90,0,0.0714,0.00765,63.4
DQN_Double_PER_seed_1_1790611300,DQN_Double_PER,1,937,46951,3.90,0,0.0704,0.00619,63.5
DQN_Double_PER_seed_1_1790611300,DQN_Double_PER,1,938,47001,3.90,0,0.0694,0.00761,63.6
DQN_Double_PER_seed_1_1790611300,DQN_Double_PER,1,939,47051,3.90,0,0.0684,0.00425,63.7
DQN_Double_PER_seed_1_1790611300,DQN_Double_PER,1,940,47101,3.90,0,0.0674,0.00295,63.7
DQN_Double_PER_seed_1_1790611300,DQN_Double_PER,1,941,47151,3.90,0,0.0664,0.00331,63.8
DQN_Double_PER_seed_1_1790611300,DQN_Double_PER,1,942,47201,3.90,0,0.0654,0.00324,63.9
DQN_Double_PER_seed_1_1790611300,DQN_Double_PER,1,943,47251,3.90,0,0.0644,0.00336,63.9
DQN_Double_PER_seed_1_1790611300,DQN_Double_PER,1,944,47301,3.90,0,0.0634,0.00358,64.0
DQN_Double_PER_seed_1_1790611300,DQN_Double_PER,1,945,47351,3.90,0,0.0625,0.00287,64.1
DQN_Double_PER_seed_1_1790611300,DQN_Double_PER,1,946,47401,3.90,0,0.0615,0.00294,64.2
DQN_Double_PER_seed_1_1790611300,DQN_Double_PER,1,947,47451,3.90,0,0.0605,0.00278,64.2
DQN_Double_PER_seed_1_1790611300,DQN_Double_PER,1,948,47501,3.90,0,0.0595,0.00303,64.3
DQN_Double_PER_seed_1_1790611300,DQN_Double_PER,1,949,47552,4.00,0,0.0585,0.00302,64.4
DQN_Double_PER_seed_1_1790611300,DQN_Double_PER,1,950,47602,3.90,0,0.0575,0.00314,64.4
DQN_Double_PER_seed_1_1790611300,DQN_Double_PER,1,951,47652,3.90,0,0.0565,0.00320,64.5
DQN_Double_PER_seed_1_1790611300,DQN_Double_PER,1,952,47702,3.90,0,0.0555,0.00278,64.6
DQN_Double_PER_seed_1_1790611300,DQN_Double_PER,1,953,47752,3.90,0,0.0545,0.00288,64.6
DQN_Double_PER_seed_1_1790611300,DQN_Double_PER,1,954,47802,3.90,0,0.0535,0.00300,64.7
DQN_Double_PER_seed_1_1790611300,DQN_Double_PER,1,955,47859,4.60,0,0.0524,0.00316,64.8
DQN_Double_PER_seed_1_1790611300,DQN_Double_PER,1,956,47909,3.90,0,0.0514,0.00350,64.9
DQN_Double_PER_seed_1_1790611300,DQN_Double_PER,1,957,47959,3.90,0,0.0504,0.00302,64.9
DQN_Double_PER_seed_1_1790611300,DQN_Double_PER,1,958,48009,3.90,0,0.0494,0.00393,65.0
DQN_Double_PER_seed_1_1790611300,DQN_Double_PER,1,959,48059,3.90,0,0.0484,0.00675,65.1
DQN_Double_PER_seed_1_1790611300,DQN_Double_PER,1,960,48109,3.90,0,0.0474,0.00624,65.2
DQN_Double_PER_seed_1_1790611300,DQN_Double_PER,1,961,48159,3.90,0,0.0465,0.00289,65.2
DQN_Double_PER_seed_1_1790611300,DQN_Double_PER,1,962,48209,3.90,0,0.0455,0.00270,65.3
DQN_Double_PER_seed_1_1790611300,DQN_Double_PER,1,963,48259,3.90,0,0.0445,0.00308,65.4
DQN_Double_PER_seed_1_1790611300,DQN_Double_PER,1,964,48309,3.90,0,0.0435,0.00288,65.4
DQN_Double_PER_seed_1_1790611300,DQN_Double_PER,1,965,48359,3.90,0,0.0425,0.00253,65.5
DQN_Double_PER_seed_1_1790611300,DQN_Double_PER,1,966,48409,3.90,0,0.0415,0.00289,65.6
DQN_Double_PER_seed_1_1790611300,DQN_Double_PER,1,967,48459,3.90,0,0.0405,0.00246,65.7
DQN_Double_PER_seed_1_1790611300,DQN_Double_PER,1,968,48509,3.90,0,0.0395,0.00297,65.7
DQN_Double_PER_seed_1_1790611300,DQN_Double_PER,1,969,48559,3.90,0,0.0385,0.00328,65.8
DQN_Double_PER_seed_1_1790611300,DQN_Double_PER,1,970,48613,4.30,0,0.0375,0.00285,65.9
DQN_Double_PER_seed_1_1790611300,DQN_Double_PER,1,971,48663,3.90,0,0.0365,0.00362,65.9
DQN_Double_PER_seed_1_1790611300,DQN_Double_PER,1,972,48713,3.90,0,0.0355,0.00282,66.0
DQN_Double_PER_seed_1_1790611300,DQN_Double_PER,1,973,48763,3.90,0,0.0345,0.00285,66.1
DQN_Double_PER_seed_1_1790611300,DQN_Double_PER,1,974,48811,3.70,0,0.0335,0.00262,66.2
DQN_Double_PER_seed_1_1790611300,DQN_Double_PER,1,975,48861,3.90,0,0.0326,0.00443,66.2
DQN_Double_PER_seed_1_1790611300,DQN_Double_PER,1,976,48911,3.90,0,0.0316,0.00334,66.3
DQN_Double_PER_seed_1_1790611300,DQN_Double_PER,1,977,48961,3.90,0,0.0306,0.00283,66.4
DQN_Double_PER_seed_1_1790611300,DQN_Double_PER,1,978,49011,3.90,0,0.0296,0.00330,66.4
DQN_Double_PER_seed_1_1790611300,DQN_Double_PER,1,979,49061,3.90,0,0.0286,0.00402,66.5
DQN_Double_PER_seed_1_1790611300,DQN_Double_PER,1,980,49111,3.90,0,0.0276,0.00480,66.6
DQN_Double_PER_seed_1_1790611300,DQN_Double_PER,1,981,49163,4.10,0,0.0266,0.00362,66.7
DQN_Double_PER_seed_1_1790611300,DQN_Double_PER,1,982,49213,3.90,0,0.0256,0.00342,66.7
DQN_Double_PER_seed_1_1790611300,DQN_Double_PER,1,983,49263,3.90,0,0.0246,0.00279,66.8
DQN_Double_PER_seed_1_1790611300,DQN_Double_PER,1,984,49313,3.90,0,0.0236,0.00297,66.9
DQN_Double_PER_seed_1_1790611300,DQN_Double_PER,1,985,49363,3.90,0,0.0226,0.00295,66.9
DQN_Double_PER_seed_1_1790611300,DQN_Double_PER,1,986,49413,3.90,0,0.0216,0.00292,67.0
DQN_Double_PER_seed_1_1790611300,DQN_Double_PER,1,987,49463,3.90,0,0.0206,0.00352,67.1
DQN_Double_PER_seed_1_1790611300,DQN_Double_PER,1,988,49513,3.90,0,0.0196,0.00398,67.2
DQN_Double_PER_seed_1_1790611300,DQN_Double_PER,1,989,49563,3.90,0,0.0187,0.00299,67.2
DQN_Double_PER_seed_1_1790611300,DQN_Double_PER,1,990,49613,3.90,0,0.0177,0.00345,67.3
DQN_Double_PER_seed_1_1790611300,DQN_Double_PER,1,991,49663,3.90,0,0.0167,0.00414,67.4
DQN_Double_PER_seed_1_1790611300,DQN_Double_PER,1,992,49713,3.90,0,0.0157,0.00561,67.4
DQN_Double_PER_seed_1_1790611300,DQN_Double_PER,1,993,49763,3.90,0,0.0147,0.00566,67.5
DQN_Double_PER_seed_1_1790611300,DQN_Double_PER,1,994,49813,3.90,0,0.0137,0.00306,67.6
DQN_Double_PER_seed_1_1790611300,DQN_Double_PER,1,995,49863,3.90,0,0.0127,0.00254,67.7
DQN_Double_PER_seed_1_1790611300,DQN_Double_PER,1,996,49913,3.90,0,0.0117,0.00251,67.7
DQN_Double_PER_seed_1_1790611300,DQN_Double_PER,1,997,49963,3.90,0,0.0107,0.00310,67.8
DQN_Double_PER_seed_1_1790611300,DQN_Double_PER,1,998,50013,3.90,0,0.0100,0.00422,68.0
DQN_Double_PER_seed_1_1790611300,DQN_Double_PER,1,999,50063,3.90,0,0.0100,0.00423,68.0
DQN_Double_PER_seed_1_1790611300,DQN_Double_PER,1,1000,50113,3.90,0,0.0100,0.00341,68.1
DQN_Double_PER_seed_1_1790611300,DQN_Double_PER,1,1001,50163,3.90,0,0.0100,0.00506,68.2
DQN_Double_PER_seed_1_1790611300,DQN_Double_PER,1,1002,50213,3.90,0,0.0100,0.00834,68.2
DQN_Double_PER_seed_1_1790611300,DQN_Double_PER,1,1003,50263,3.90,0,0.0100,0.00372,68.3
DQN_Double_PER_seed_1_1790611300,DQN_Double_PER,1,1004,50313,3.90,0,0.0100,0.00279,68.4
DQN_Double_PER_seed_1_1790611300,DQN_Double_PER,1,1005,50363,3.90,0,0.0100,0.00292,68.5
DQN_Double_PER_seed_1_1790611300,DQN_Double_PER,1,1006,50413,3.90,0,0.0100,0.00281,68.5
DQN_Double_PER_seed_1_1790611300,DQN_Double_PER,1,1007,50463,3.90,0,0.0100,0.00359,68.6
DQN_Double_PER_seed_1_1790611300,DQN_Double_PER,1,1008,50513,3.90,0,0.0100,0.00331,68.7
DQN_Double_PER_seed_1_1790611300,DQN_Double_PER,1,1009,50563,3.90,0,0.0100,0.00306,68.7
DQN_Double_PER_seed_1_1790611300,DQN_Double_PER,1,1010,50613,3.90,0,0.0100,0.00318,68.8
DQN_Double_PER_seed_1_1790611300,DQN_Double_PER,1,1011,50663,3.90,0,0.0100,0.00325,68.9
DQN_Double_PER_seed_1_1790611300,DQN_Double_PER,1,1012,50714,4.00,0,0.0100,0.00299,69.0
DQN_Double_PER_seed_1_1790611300,DQN_Double_PER,1,1013,50764,3.90,0,0.0100,0.00455,69.0
DQN_Double_PER_seed_1_1790611300,DQN_Double_PER,1,1014,50814,3.90,0,0.0100,0.00456,69.1
DQN_Double_PER_seed_1_1790611300,DQN_Double_PER,1,1015,50864,3.90,0,0.0100,0.00439,69.2
DQN_Double_PER_seed_1_1790611300,DQN_Double_PER,1,1016,50914,3.90,0,0.0100,0.00340,69.3
DQN_Double_PER_seed_1_1790611300,DQN_Double_PER,1,1017,50964,3.90,0,0.0100,0.00399,69.3
DQN_Double_PER_seed_1_1790611300,DQN_Double_PER,1,1018,51017,4.20,0,0.0100,0.00381,69.4
DQN_Double_PER_seed_1_1790611300,DQN_Double_PER,1,1019,51067,3.90,0,0.0100,0.00242,69.5
DQN_Double_PER_seed_1_1790611300,DQN_Double_PER,1,1020,51117,3.90,0,0.0100,0.00282,69.5
DQN_Double_PER_seed_1_1790611300,DQN_Double_PER,1,1021,51167,3.90,0,0.0100,0.00187,69.6
DQN_Double_PER_seed_1_1790611300,DQN_Double_PER,1,1022,51217,3.90,0,0.0100,0.00270,69.7
DQN_Double_PER_seed_1_1790611300,DQN_Double_PER,1,1023,51267,3.90,0,0.0100,0.00342,69.8
DQN_Double_PER_seed_1_1790611300,DQN_Double_PER,1,1024,51317,3.90,0,0.0100,0.00419,69.8
DQN_Double_PER_seed_1_1790611300,DQN_Double_PER,1,1025,51368,4.00,0,0.0100,0.00443,69.9
DQN_Double_PER_seed_1_1790611300,DQN_Double_PER,1,1026,51418,3.90,0,0.0100,0.00278,70.0
DQN_Double_PER_seed_1_1790611300,DQN_Double_PER,1,1027,51473,4.40,0,0.0100,0.00249,70.1
DQN_Double_PER_seed_1_1790611300,DQN_Double_PER,1,1028,51523,3.90,0,0.0100,0.00238,70.1
DQN_Double_PER_seed_1_1790611300,DQN_Double_PER,1,1029,51573,3.90,0,0.0100,0.00260,70.2
DQN_Double_PER_seed_1_1790611300,DQN_Double_PER,1,1030,51623,3.90,0,0.0100,0.00305,70.3
DQN_Double_PER_seed_1_1790611300,DQN_Double_PER,1,1031,51673,3.90,0,0.0100,0.00189,70.3
DQN_Double_PER_seed_1_1790611300,DQN_Double_PER,1,1032,51725,4.10,0,0.0100,0.00377,70.4
DQN_Double_PER_seed_1_1790611300,DQN_Double_PER,1,1033,51775,3.90,0,0.0100,0.00425,70.5
DQN_Double_PER_seed_1_1790611300,DQN_Double_PER,1,1034,51825,3.90,0,0.0100,0.00240,70.6
DQN_Double_PER_seed_1_1790611300,DQN_Double_PER,1,1035,51875,3.90,0,0.0100,0.00209,70.6
DQN_Double_PER_seed_1_1790611300,DQN_Double_PER,1,1036,51925,3.90,0,0.0100,0.00212,70.7
DQN_Double_PER_seed_1_1790611300,DQN_Double_PER,1,1037,51975,3.90,0,0.0100,0.00228,70.8
DQN_Double_PER_seed_1_1790611300,DQN_Double_PER,1,1038,52025,3.90,0,0.0100,0.00269,70.9
DQN_Double_PER_seed_1_1790611300,DQN_Double_PER,1,1039,52079,4.30,0,0.0100,0.00259,70.9
DQN_Double_PER_seed_1_1790611300,DQN_Double_PER,1,1040,52130,4.00,0,0.0100,0.00218,71.0
DQN_Double_PER_seed_1_1790611300,DQN_Double_PER,1,1041,52182,4.10,0,0.0100,0.00258,71.1
DQN_Double_PER_seed_1_1790611300,DQN_Double_PER,1,1042,52232,3.90,0,0.0100,0.00245,71.2
DQN_Double_PER_seed_1_1790611300,DQN_Double_PER,1,1043,52282,3.90,0,0.0100,0.00228,71.2
DQN_Double_PER_seed_1_1790611300,DQN_Double_PER,1,1044,52332,3.90,0,0.0100,0.00244,71.3
DQN_Double_PER_seed_1_1790611300,DQN_Double_PER,1,1045,52382,3.90,0,0.0100,0.00200,71.4
DQN_Double_PER_seed_1_1790611300,DQN_Double_PER,1,1046,52432,3.90,0,0.0100,0.00244,71.4
DQN_Double_PER_seed_1_1790611300,DQN_Double_PER,1,1047,52482,3.90,0,0.0100,0.00197,71.5
DQN_Double_PER_seed_1_1790611300,DQN_Double_PER,1,1048,52532,3.90,0,0.0100,0.00239,71.6
DQN_Double_PER_seed_1_1790611300,DQN_Double_PER,1,1049,52582,3.90,0,0.0100,0.00278,71.7
DQN_Double_PER_seed_1_1790611300,DQN_Double_PER,1,1050,52632,3.90,0,0.0100,0.00262,71.7
DQN_Double_PER_seed_1_1790611300,DQN_Double_PER,1,1051,52682,3.90,0,0.0100,0.00244,71.8
DQN_Double_PER_seed_1_1790611300,DQN_Double_PER,1,1052,52732,3.90,0,0.0100,0.00215,71.9
DQN_Double_PER_seed_1_1790611300,DQN_Double_PER,1,1053,52782,3.90,0,0.0100,0.00300,72.0
DQN_Double_PER_seed_1_1790611300,DQN_Double_PER,1,1054,52832,3.90,0,0.0100,0.00282,72.0
DQN_Double_PER_seed_1_1790611300,DQN_Double_PER,1,1055,52882,3.90,0,0.0100,0.00262,72.1
DQN_Double_PER_seed_1_1790611300,DQN_Double_PER,1,1056,52939,4.60,0,0.0100,0.00285,72.2
DQN_Double_PER_seed_1_1790611300,DQN_Double_PER,1,1057,52989,3.90,0,0.0100,0.00240,72.3
DQN_Double_PER_seed_1_1790611300,DQN_Double_PER,1,1058,53039,3.90,0,0.0100,0.00248,72.3
DQN_Double_PER_seed_1_1790611300,DQN_Double_PER,1,1059,53089,3.90,0,0.0100,0.00282,72.4
DQN_Double_PER_seed_1_1790611300,DQN_Double_PER,1,1060,53139,3.90,0,0.0100,0.00352,72.5
DQN_Double_PER_seed_1_1790611300,DQN_Double_PER,1,1061,53189,3.90,0,0.0100,0.00361,72.5
DQN_Double_PER_seed_1_1790611300,DQN_Double_PER,1,1062,53243,4.30,0,0.0100,0.00243,72.6
DQN_Double_PER_seed_1_1790611300,DQN_Double_PER,1,1063,53293,3.90,0,0.0100,0.00219,72.7
DQN_Double_PER_seed_1_1790611300,DQN_Double_PER,1,1064,53343,3.90,0,0.0100,0.00460,72.8
DQN_Double_PER_seed_1_1790611300,DQN_Double_PER,1,1065,53400,4.60,0,0.0100,0.00255,72.8
DQN_Double_PER_seed_1_1790611300,DQN_Double_PER,1,1066,53450,3.90,0,0.0100,0.00218,72.9
DQN_Double_PER_seed_1_1790611300,DQN_Double_PER,1,1067,53508,4.70,0,0.0100,0.00215,73.0
DQN_Double_PER_seed_1_1790611300,DQN_Double_PER,1,1068,53558,3.90,0,0.0100,0.00258,73.1
DQN_Double_PER_seed_1_1790611300,DQN_Double_PER,1,1069,53608,3.90,0,0.0100,0.00225,73.1
DQN_Double_PER_seed_1_1790611300,DQN_Double_PER,1,1070,53658,3.90,0,0.0100,0.00279,73.2
DQN_Double_PER_seed_1_1790611300,DQN_Double_PER,1,1071,53708,3.90,0,0.0100,0.00438,73.3
DQN_Double_PER_seed_1_1790611300,DQN_Double_PER,1,1072,53758,3.90,0,0.0100,0.00309,73.4
DQN_Double_PER_seed_1_1790611300,DQN_Double_PER,1,1073,53808,3.90,0,0.0100,0.00411,73.4
DQN_Double_PER_seed_1_1790611300,DQN_Double_PER,1,1074,53858,3.90,0,0.0100,0.00185,73.5
DQN_Double_PER_seed_1_1790611300,DQN_Double_PER,1,1075,53909,4.00,0,0.0100,0.00224,73.6
DQN_Double_PER_seed_1_1790611300,DQN_Double_PER,1,1076,53959,3.90,0,0.0100,0.00261,73.7
DQN_Double_PER_seed_1_1790611300,DQN_Double_PER,1,1077,54013,4.30,0,0.0100,0.00362,73.7
DQN_Double_PER_seed_1_1790611300,DQN_Double_PER,1,1078,54067,4.30,0,0.0100,0.00268,73.8
DQN_Double_PER_seed_1_1790611300,DQN_Double_PER,1,1079,54117,3.90,0,0.0100,0.00259,73.9
DQN_Double_PER_seed_1_1790611300,DQN_Double_PER,1,1080,54170,4.20,0,0.0100,0.00251,74.0
DQN_Double_PER_seed_1_1790611300,DQN_Double_PER,1,1081,54220,3.90,0,0.0100,0.00279,74.0
DQN_Double_PER_seed_1_1790611300,DQN_Double_PER,1,1082,54270,3.90,0,0.0100,0.00251,74.1
DQN_Double_PER_seed_1_1790611300,DQN_Double_PER,1,1083,54323,4.20,0,0.0100,0.00503,74.2
DQN_Double_PER_seed_1_1790611300,DQN_Double_PER,1,1084,54373,3.90,0,0.0100,0.00247,74.3
DQN_Double_PER_seed_1_1790611300,DQN_Double_PER,1,1085,54423,3.90,0,0.0100,0.00227,74.3
DQN_Double_PER_seed_1_1790611300,DQN_Double_PER,1,1086,54476,4.20,0,0.0100,0.00214,74.4
DQN_Double_PER_seed_1_1790611300,DQN_Double_PER,1,1087,54526,3.90,0,0.0100,0.00209,74.5
DQN_Double_PER_seed_1_1790611300,DQN_Double_PER,1,1088,54576,3.90,0,0.0100,0.00214,74.5
DQN_Double_PER_seed_1_1790611300,DQN_Double_PER,1,1089,54626,3.90,0,0.0100,0.00237,74.6
DQN_Double_PER_seed_1_1790611300,DQN_Double_PER,1,1090,54657,2.00,0,0.0100,0.00207,74.7
DQN_Double_PER_seed_1_1790611300,DQN_Double_PER,1,1091,54707,3.90,0,0.0100,0.00731,74.7
DQN_Double_PER_seed_1_1790611300,DQN_Double_PER,1,1092,54766,4.80,0,0.0100,0.00474,74.8
DQN_Double_PER_seed_1_1790611300,DQN_Double_PER,1,1093,54816,3.90,0,0.0100,0.00241,74.9
DQN_Double_PER_seed_1_1790611300,DQN_Double_PER,1,1094,54866,3.90,0,0.0100,0.00206,75.0
DQN_Double_PER_seed_1_1790611300,DQN_Double_PER,1,1095,54916,3.90,0,0.0100,0.00243,75.0
DQN_Double_PER_seed_1_1790611300,DQN_Double_PER,1,1096,54966,3.90,0,0.0100,0.00258,75.1
DQN_Double_PER_seed_1_1790611300,DQN_Double_PER,1,1097,55022,4.50,0,0.0100,0.00248,75.3
DQN_Double_PER_seed_1_1790611300,DQN_Double_PER,1,1098,55072,3.90,0,0.0100,0.00257,75.3
DQN_Double_PER_seed_1_1790611300,DQN_Double_PER,1,1099,55122,3.90,0,0.0100,0.00271,75.4
DQN_Double_PER_seed_1_1790611300,DQN_Double_PER,1,1100,55172,3.90,0,0.0100,0.00262,75.5
DQN_Double_PER_seed_1_1790611300,DQN_Double_PER,1,1101,55222,3.90,0,0.0100,0.00272,75.5
DQN_Double_PER_seed_1_1790611300,DQN_Double_PER,1,1102,55272,3.90,0,0.0100,0.00260,75.6
DQN_Double_PER_seed_1_1790611300,DQN_Double_PER,1,1103,55322,3.90,0,0.0100,0.00304,75.7
DQN_Double_PER_seed_1_1790611300,DQN_Double_PER,1,1104,55372,3.90,0,0.0100,0.00258,75.8
DQN_Double_PER_seed_1_1790611300,DQN_Double_PER,1,1105,55422,3.90,0,0.0100,0.00267,75.8
DQN_Double_PER_seed_1_1790611300,DQN_Double_PER,1,1106,55472,3.90,0,0.0100,0.00401,75.9
DQN_Double_PER_seed_1_1790611300,DQN_Double_PER,1,1107,55522,3.90,0,0.0100,0.00322,76.0
DQN_Double_PER_seed_1_1790611300,DQN_Double_PER,1,1108,55572,3.90,0,0.0100,0.00211,76.0
DQN_Double_PER_seed_1_1790611300,DQN_Double_PER,1,1109,55622,3.90,0,0.0100,0.00364,76.1
DQN_Double_PER_seed_1_1790611300,DQN_Double_PER,1,1110,55672,3.90,0,0.0100,0.00476,76.2
DQN_Double_PER_seed_1_1790611300,DQN_Double_PER,1,1111,55722,3.90,0,0.0100,0.00468,76.3
DQN_Double_PER_seed_1_1790611300,DQN_Double_PER,1,1112,55772,3.90,0,0.0100,0.00290,76.3
DQN_Double_PER_seed_1_1790611300,DQN_Double_PER,1,1113,55822,3.90,0,0.0100,0.00226,76.4
DQN_Double_PER_seed_1_1790611300,DQN_Double_PER,1,1114,55872,3.90,0,0.0100,0.00275,76.5
DQN_Double_PER_seed_1_1790611300,DQN_Double_PER,1,1115,55922,3.90,0,0.0100,0.00327,76.6
DQN_Double_PER_seed_1_1790611300,DQN_Double_PER,1,1116,55972,3.90,0,0.0100,0.00264,76.6
DQN_Double_PER_seed_1_1790611300,DQN_Double_PER,1,1117,56022,3.90,0,0.0100,0.00340,76.7
DQN_Double_PER_seed_1_1790611300,DQN_Double_PER,1,1118,56072,3.90,0,0.0100,0.00325,76.8
DQN_Double_PER_seed_1_1790611300,DQN_Double_PER,1,1119,56122,3.90,0,0.0100,0.00393,76.8
DQN_Double_PER_seed_1_1790611300,DQN_Double_PER,1,1120,56172,3.90,0,0.0100,0.00357,76.9
DQN_Double_PER_seed_1_1790611300,DQN_Double_PER,1,1121,56222,3.90,0,0.0100,0.00337,77.0
DQN_Double_PER_seed_1_1790611300,DQN_Double_PER,1,1122,56272,3.90,0,0.0100,0.00379,77.1
DQN_Double_PER_seed_1_1790611300,DQN_Double_PER,1,1123,56322,3.90,0,0.0100,0.00365,77.1
DQN_Double_PER_seed_1_1790611300,DQN_Double_PER,1,1124,56372,3.90,0,0.0100,0.00340,77.2
DQN_Double_PER_seed_1_1790611300,DQN_Double_PER,1,1125,56422,3.90,0,0.0100,0.00451,77.3
DQN_Double_PER_seed_1_1790611300,DQN_Double_PER,1,1126,56472,3.90,0,0.0100,0.00422,77.4
DQN_Double_PER_seed_1_1790611300,DQN_Double_PER,1,1127,56522,3.90,0,0.0100,0.00661,77.4
DQN_Double_PER_seed_1_1790611300,DQN_Double_PER,1,1128,56572,-2.10,0,0.0100,0.00455,77.5
DQN_Double_PER_seed_1_1790611300,DQN_Double_PER,1,1129,56622,3.90,0,0.0100,0.00429,77.6
DQN_Double_PER_seed_1_1790611300,DQN_Double_PER,1,1130,56672,3.90,0,0.0100,0.00387,77.6
DQN_Double_PER_seed_1_1790611300,DQN_Double_PER,1,1131,56722,3.90,0,0.0100,0.00565,77.7
DQN_Double_PER_seed_1_1790611300,DQN_Double_PER,1,1132,56772,3.90,0,0.0100,0.00378,77.8
DQN_Double_PER_seed_1_1790611300,DQN_Double_PER,1,1133,56822,3.90,0,0.0100,0.00416,77.9
DQN_Double_PER_seed_1_1790611300,DQN_Double_PER,1,1134,56872,3.90,0,0.0100,0.00483,77.9
DQN_Double_PER_seed_1_1790611300,DQN_Double_PER,1,1135,56922,-4.50,0,0.0100,0.00932,78.0
DQN_Double_PER_seed_1_1790611300,DQN_Double_PER,1,1136,56972,3.90,0,0.0100,0.00612,78.1
DQN_Double_PER_seed_1_1790611300,DQN_Double_PER,1,1137,57022,3.90,0,0.0100,0.00555,78.1
DQN_Double_PER_seed_1_1790611300,DQN_Double_PER,1,1138,57072,3.90,0,0.0100,0.00213,78.2
DQN_Double_PER_seed_1_1790611300,DQN_Double_PER,1,1139,57122,3.90,0,0.0100,0.00203,78.3
DQN_Double_PER_seed_1_1790611300,DQN_Double_PER,1,1140,57172,3.90,0,0.0100,0.00293,78.4
DQN_Double_PER_seed_1_1790611300,DQN_Double_PER,1,1141,57222,3.90,0,0.0100,0.00244,78.4
DQN_Double_PER_seed_1_1790611300,DQN_Double_PER,1,1142,57272,3.90,0,0.0100,0.00318,78.5
DQN_Double_PER_seed_1_1790611300,DQN_Double_PER,1,1143,57322,3.90,0,0.0100,0.00226,78.6
DQN_Double_PER_seed_1_1790611300,DQN_Double_PER,1,1144,57372,3.90,0,0.0100,0.00245,78.7
DQN_Double_PER_seed_1_1790611300,DQN_Double_PER,1,1145,57422,3.90,0,0.0100,0.00228,78.7
DQN_Double_PER_seed_1_1790611300,DQN_Double_PER,1,1146,57472,3.90,0,0.0100,0.00289,78.8
DQN_Double_PER_seed_1_1790611300,DQN_Double_PER,1,1147,57522,3.90,0,0.0100,0.00227,78.9
DQN_Double_PER_seed_1_1790611300,DQN_Double_PER,1,1148,57572,3.90,0,0.0100,0.00242,78.9
DQN_Double_PER_seed_1_1790611300,DQN_Double_PER,1,1149,57622,3.90,0,0.0100,0.00202,79.0
DQN_Double_PER_seed_1_1790611300,DQN_Double_PER,1,1150,57676,4.30,0,0.0100,0.00216,79.1
DQN_Double_PER_seed_1_1790611300,DQN_Double_PER,1,1151,57726,3.90,0,0.0100,0.00208,79.2
DQN_Double_PER_seed_1_1790611300,DQN_Double_PER,1,1152,57776,3.90,0,0.0100,0.00208,79.2
DQN_Double_PER_seed_1_1790611300,DQN_Double_PER,1,1153,57826,3.90,0,0.0100,0.00276,79.3
DQN_Double_PER_seed_1_1790611300,DQN_Double_PER,1,1154,57876,3.90,0,0.0100,0.00332,79.4
DQN_Double_PER_seed_1_1790611300,DQN_Double_PER,1,1155,57926,3.90,0,0.0100,0.00387,79.5
DQN_Double_PER_seed_1_1790611300,DQN_Double_PER,1,1156,57976,3.90,0,0.0100,0.00287,79.5
DQN_Double_PER_seed_1_1790611300,DQN_Double_PER,1,1157,58026,3.90,0,0.0100,0.00348,79.6
DQN_Double_PER_seed_1_1790611300,DQN_Double_PER,1,1158,58083,4.60,0,0.0100,0.00277,79.7
DQN_Double_PER_seed_1_1790611300,DQN_Double_PER,1,1159,58133,3.90,0,0.0100,0.00257,79.8
DQN_Double_PER_seed_1_1790611300,DQN_Double_PER,1,1160,58183,3.90,0,0.0100,0.00202,79.8
DQN_Double_PER_seed_1_1790611300,DQN_Double_PER,1,1161,58233,3.90,0,0.0100,0.00187,79.9
DQN_Double_PER_seed_1_1790611300,DQN_Double_PER,1,1162,58283,3.90,0,0.0100,0.00186,80.0
DQN_Double_PER_seed_1_1790611300,DQN_Double_PER,1,1163,58333,3.90,0,0.0100,0.00225,80.1
DQN_Double_PER_seed_1_1790611300,DQN_Double_PER,1,1164,58383,3.90,0,0.0100,0.00232,80.1
DQN_Double_PER_seed_1_1790611300,DQN_Double_PER,1,1165,58433,3.90,0,0.0100,0.00218,80.2
DQN_Double_PER_seed_1_1790611300,DQN_Double_PER,1,1166,58483,3.90,0,0.0100,0.00340,80.3
DQN_Double_PER_seed_1_1790611300,DQN_Double_PER,1,1167,58533,3.90,0,0.0100,0.00280,80.3
DQN_Double_PER_seed_1_1790611300,DQN_Double_PER,1,1168,58583,3.90,0,0.0100,0.00265,80.4
DQN_Double_PER_seed_1_1790611300,DQN_Double_PER,1,1169,58633,3.30,0,0.0100,0.00224,80.5
DQN_Double_PER_seed_1_1790611300,DQN_Double_PER,1,1170,58683,3.90,0,0.0100,0.00218,80.6
DQN_Double_PER_seed_1_1790611300,DQN_Double_PER,1,1171,58733,3.90,0,0.0100,0.00188,80.6
DQN_Double_PER_seed_1_1790611300,DQN_Double_PER,1,1172,58783,3.90,0,0.0100,0.00216,80.7
DQN_Double_PER_seed_1_1790611300,DQN_Double_PER,1,1173,58833,-5.10,0,0.0100,0.00191,80.8
DQN_Double_PER_seed_1_1790611300,DQN_Double_PER,1,1174,58883,3.90,0,0.0100,0.00239,80.9
DQN_Double_PER_seed_1_1790611300,DQN_Double_PER,1,1175,58933,3.90,0,0.0100,0.00217,80.9
DQN_Double_PER_seed_1_1790611300,DQN_Double_PER,1,1176,58989,4.50,0,0.0100,0.00332,81.0
DQN_Double_PER_seed_1_1790611300,DQN_Double_PER,1,1177,59041,4.10,0,0.0100,0.00266,81.1
DQN_Double_PER_seed_1_1790611300,DQN_Double_PER,1,1178,59091,3.90,0,0.0100,0.00237,81.2
DQN_Double_PER_seed_1_1790611300,DQN_Double_PER,1,1179,59141,3.90,0,0.0100,0.00316,81.2
DQN_Double_PER_seed_1_1790611300,DQN_Double_PER,1,1180,59191,3.90,0,0.0100,0.00311,81.3
DQN_Double_PER_seed_1_1790611300,DQN_Double_PER,1,1181,59246,4.40,0,0.0100,0.00321,81.4
DQN_Double_PER_seed_1_1790611300,DQN_Double_PER,1,1182,59296,3.90,0,0.0100,0.00299,81.5
DQN_Double_PER_seed_1_1790611300,DQN_Double_PER,1,1183,59346,3.90,0,0.0100,0.00212,81.5
DQN_Double_PER_seed_1_1790611300,DQN_Double_PER,1,1184,59396,3.90,0,0.0100,0.00448,81.6
DQN_Double_PER_seed_1_1790611300,DQN_Double_PER,1,1185,59448,4.10,0,0.0100,0.00359,81.7
DQN_Double_PER_seed_1_1790611300,DQN_Double_PER,1,1186,59498,3.90,0,0.0100,0.00206,81.7
DQN_Double_PER_seed_1_1790611300,DQN_Double_PER,1,1187,59548,3.90,0,0.0100,0.00206,81.8
DQN_Double_PER_seed_1_1790611300,DQN_Double_PER,1,1188,59598,3.90,0,0.0100,0.00193,81.9
DQN_Double_PER_seed_1_1790611300,DQN_Double_PER,1,1189,59648,3.90,0,0.0100,0.00286,82.0
DQN_Double_PER_seed_1_1790611300,DQN_Double_PER,1,1190,59698,3.90,0,0.0100,0.00298,82.0
DQN_Double_PER_seed_1_1790611300,DQN_Double_PER,1,1191,59757,4.80,0,0.0100,0.00228,82.1
DQN_Double_PER_seed_1_1790611300,DQN_Double_PER,1,1192,59807,3.90,0,0.0100,0.00209,82.2
DQN_Double_PER_seed_1_1790611300,DQN_Double_PER,1,1193,59857,3.90,0,0.0100,0.00185,82.3
DQN_Double_PER_seed_1_1790611300,DQN_Double_PER,1,1194,59907,3.90,0,0.0100,0.00231,82.3
DQN_Double_PER_seed_1_1790611300,DQN_Double_PER,1,1195,59961,4.30,0,0.0100,0.00758,82.4
DQN_Double_PER_seed_1_1790611300,DQN_Double_PER,1,1196,60011,3.90,0,0.0100,0.00348,82.6
DQN_Double_PER_seed_1_1790611300,DQN_Double_PER,1,1197,60061,3.90,0,0.0100,0.00571,82.7
DQN_Double_PER_seed_1_1790611300,DQN_Double_PER,1,1198,60111,3.90,0,0.0100,0.00249,82.7
DQN_Double_PER_seed_1_1790611300,DQN_Double_PER,1,1199,60161,-4.50,0,0.0100,0.00276,82.8
DQN_Double_PER_seed_1_1790611300,DQN_Double_PER,1,1200,60211,3.90,0,0.0100,0.00254,82.9
DQN_Double_PER_seed_1_1790611300,DQN_Double_PER,1,1201,60261,3.90,0,0.0100,0.00196,82.9
DQN_Double_PER_seed_1_1790611300,DQN_Double_PER,1,1202,60316,4.40,0,0.0100,0.00240,83.0
DQN_Double_PER_seed_1_1790611300,DQN_Double_PER,1,1203,60366,3.90,0,0.0100,0.00268,83.1
DQN_Double_PER_seed_1_1790611300,DQN_Double_PER,1,1204,60416,3.90,0,0.0100,0.00185,83.2
DQN_Double_PER_seed_1_1790611300,DQN_Double_PER,1,1205,60466,3.90,0,0.0100,0.00258,83.2
DQN_Double_PER_seed_1_1790611300,DQN_Double_PER,1,1206,60517,4.00,0,0.0100,0.00287,83.3
DQN_Double_PER_seed_1_1790611300,DQN_Double_PER,1,1207,60567,3.90,0,0.0100,0.00203,83.4
DQN_Double_PER_seed_1_1790611300,DQN_Double_PER,1,1208,60617,3.90,0,0.0100,0.00391,83.5
DQN_Double_PER_seed_1_1790611300,DQN_Double_PER,1,1209,60674,4.60,0,0.0100,0.00357,83.6
DQN_Double_PER_seed_1_1790611300,DQN_Double_PER,1,1210,60724,3.90,0,0.0100,0.00280,83.6
DQN_Double_PER_seed_1_1790611300,DQN_Double_PER,1,1211,60787,6.10,1,0.0100,0.00221,83.7
DQN_Double_PER_seed_1_1790611300,DQN_Double_PER,1,1212,60837,3.90,0,0.0100,0.00273,83.8
DQN_Double_PER_seed_1_1790611300,DQN_Double_PER,1,1213,60887,3.90,0,0.0100,0.00267,83.9
DQN_Double_PER_seed_1_1790611300,DQN_Double_PER,1,1214,60937,3.90,0,0.0100,0.00227,83.9
DQN_Double_PER_seed_1_1790611300,DQN_Double_PER,1,1215,60987,3.90,0,0.0100,0.00267,84.0
DQN_Double_PER_seed_1_1790611300,DQN_Double_PER,1,1216,61037,3.90,0,0.0100,0.00271,84.1
DQN_Double_PER_seed_1_1790611300,DQN_Double_PER,1,1217,61087,3.90,0,0.0100,0.00280,84.2
DQN_Double_PER_seed_1_1790611300,DQN_Double_PER,1,1218,61137,-4.50,0,0.0100,0.00236,84.2
DQN_Double_PER_seed_1_1790611300,DQN_Double_PER,1,1219,61187,3.90,0,0.0100,0.00297,84.3
DQN_Double_PER_seed_1_1790611300,DQN_Double_PER,1,1220,61237,3.90,0,0.0100,0.00246,84.4
DQN_Double_PER_seed_1_1790611300,DQN_Double_PER,1,1221,61290,4.20,0,0.0100,0.00251,84.4
DQN_Double_PER_seed_1_1790611300,DQN_Double_PER,1,1222,61340,3.90,0,0.0100,0.00239,84.5
DQN_Double_PER_seed_1_1790611300,DQN_Double_PER,1,1223,61390,3.90,0,0.0100,0.00184,84.6
DQN_Double_PER_seed_1_1790611300,DQN_Double_PER,1,1224,61445,4.40,0,0.0100,0.00203,84.7
DQN_Double_PER_seed_1_1790611300,DQN_Double_PER,1,1225,61495,3.90,0,0.0100,0.00195,84.7
DQN_Double_PER_seed_1_1790611300,DQN_Double_PER,1,1226,61545,3.90,0,0.0100,0.00318,84.8
DQN_Double_PER_seed_1_1790611300,DQN_Double_PER,1,1227,61595,3.90,0,0.0100,0.00190,84.9
DQN_Double_PER_seed_1_1790611300,DQN_Double_PER,1,1228,61645,3.90,0,0.0100,0.00249,85.0
DQN_Double_PER_seed_1_1790611300,DQN_Double_PER,1,1229,61695,3.90,0,0.0100,0.00201,85.0
DQN_Double_PER_seed_1_1790611300,DQN_Double_PER,1,1230,61745,-3.90,0,0.0100,0.00344,85.1
DQN_Double_PER_seed_1_1790611300,DQN_Double_PER,1,1231,61795,3.90,0,0.0100,0.00227,85.2
DQN_Double_PER_seed_1_1790611300,DQN_Double_PER,1,1232,61856,5.00,1,0.0100,0.00216,85.3
DQN_Double_PER_seed_1_1790611300,DQN_Double_PER,1,1233,61906,3.90,0,0.0100,0.00280,85.3
DQN_Double_PER_seed_1_1790611300,DQN_Double_PER,1,1234,61956,3.90,0,0.0100,0.00210,85.4
DQN_Double_PER_seed_1_1790611300,DQN_Double_PER,1,1235,62006,3.90,0,0.0100,0.00232,85.5
DQN_Double_PER_seed_1_1790611300,DQN_Double_PER,1,1236,62056,3.90,0,0.0100,0.00223,85.6
DQN_Double_PER_seed_1_1790611300,DQN_Double_PER,1,1237,62109,4.20,0,0.0100,0.00237,85.6
DQN_Double_PER_seed_1_1790611300,DQN_Double_PER,1,1238,62159,3.90,0,0.0100,0.00217,85.7
DQN_Double_PER_seed_1_1790611300,DQN_Double_PER,1,1239,62215,4.50,0,0.0100,0.00197,85.8
DQN_Double_PER_seed_1_1790611300,DQN_Double_PER,1,1240,62265,3.90,0,0.0100,0.00243,85.9
DQN_Double_PER_seed_1_1790611300,DQN_Double_PER,1,1241,62317,4.10,0,0.0100,0.00160,86.0
DQN_Double_PER_seed_1_1790611300,DQN_Double_PER,1,1242,62367,3.90,0,0.0100,0.00220,86.0
DQN_Double_PER_seed_1_1790611300,DQN_Double_PER,1,1243,62423,4.50,0,0.0100,0.00316,86.1
DQN_Double_PER_seed_1_1790611300,DQN_Double_PER,1,1244,62473,-0.30,0,0.0100,0.00299,86.2
DQN_Double_PER_seed_1_1790611300,DQN_Double_PER,1,1245,62523,3.90,0,0.0100,0.00263,86.3
DQN_Double_PER_seed_1_1790611300,DQN_Double_PER,1,1246,62573,3.90,0,0.0100,0.00152,86.3
DQN_Double_PER_seed_1_1790611300,DQN_Double_PER,1,1247,62623,3.90,0,0.0100,0.00168,86.4
DQN_Double_PER_seed_1_1790611300,DQN_Double_PER,1,1248,62673,3.90,0,0.0100,0.00262,86.5
DQN_Double_PER_seed_1_1790611300,DQN_Double_PER,1,1249,62723,3.90,0,0.0100,0.00427,86.6
DQN_Double_PER_seed_1_1790611300,DQN_Double_PER,1,1250,62773,3.90,0,0.0100,0.00317,86.6
DQN_Double_PER_seed_1_1790611300,DQN_Double_PER,1,1251,62823,3.90,0,0.0100,0.00240,86.7
DQN_Double_PER_seed_1_1790611300,DQN_Double_PER,1,1252,62873,3.90,0,0.0100,0.00326,86.8
DQN_Double_PER_seed_1_1790611300,DQN_Double_PER,1,1253,62923,3.90,0,0.0100,0.00171,86.8
DQN_Double_PER_seed_1_1790611300,DQN_Double_PER,1,1254,62973,3.90,0,0.0100,0.00165,86.9
DQN_Double_PER_seed_1_1790611300,DQN_Double_PER,1,1255,63023,3.90,0,0.0100,0.00236,87.0
DQN_Double_PER_seed_1_1790611300,DQN_Double_PER,1,1256,63073,3.90,0,0.0100,0.00252,87.1
DQN_Double_PER_seed_1_1790611300,DQN_Double_PER,1,1257,63123,3.90,0,0.0100,0.00188,87.1
DQN_Double_PER_seed_1_1790611300,DQN_Double_PER,1,1258,63173,3.90,0,0.0100,0.00569,87.2
DQN_Double_PER_seed_1_1790611300,DQN_Double_PER,1,1259,63236,6.10,1,0.0100,0.00387,87.3
DQN_Double_PER_seed_1_1790611300,DQN_Double_PER,1,1260,63286,3.90,0,0.0100,0.00226,87.4
DQN_Double_PER_seed_1_1790611300,DQN_Double_PER,1,1261,63336,3.90,0,0.0100,0.00254,87.5
DQN_Double_PER_seed_1_1790611300,DQN_Double_PER,1,1262,63386,3.90,0,0.0100,0.00234,87.5
DQN_Double_PER_seed_1_1790611300,DQN_Double_PER,1,1263,63436,3.90,0,0.0100,0.00186,87.6
DQN_Double_PER_seed_1_1790611300,DQN_Double_PER,1,1264,63480,3.30,0,0.0100,0.00161,87.7
DQN_Double_PER_seed_1_1790611300,DQN_Double_PER,1,1265,63530,3.90,0,0.0100,0.00257,87.7
DQN_Double_PER_seed_1_1790611300,DQN_Double_PER,1,1266,63580,3.90,0,0.0100,0.00228,87.8
DQN_Double_PER_seed_1_1790611300,DQN_Double_PER,1,1267,63627,3.60,0,0.0100,0.00155,87.9
DQN_Double_PER_seed_1_1790611300,DQN_Double_PER,1,1268,63658,2.00,0,0.0100,0.00164,87.9
DQN_Double_PER_seed_1_1790611300,DQN_Double_PER,1,1269,63708,3.90,0,0.0100,0.00206,88.0
DQN_Double_PER_seed_1_1790611300,DQN_Double_PER,1,1270,63739,2.00,0,0.0100,0.00148,88.0
DQN_Double_PER_seed_1_1790611300,DQN_Double_PER,1,1271,63789,3.90,0,0.0100,0.00256,88.1
DQN_Double_PER_seed_1_1790611300,DQN_Double_PER,1,1272,63826,2.60,0,0.0100,0.00199,88.2
DQN_Double_PER_seed_1_1790611300,DQN_Double_PER,1,1273,63876,3.90,0,0.0100,0.00185,88.2
DQN_Double_PER_seed_1_1790611300,DQN_Double_PER,1,1274,63926,3.90,0,0.0100,0.00206,88.3
DQN_Double_PER_seed_1_1790611300,DQN_Double_PER,1,1275,63976,3.90,0,0.0100,0.00211,88.4
DQN_Double_PER_seed_1_1790611300,DQN_Double_PER,1,1276,64026,3.90,0,0.0100,0.00189,88.5
DQN_Double_PER_seed_1_1790611300,DQN_Double_PER,1,1277,64076,3.90,0,0.0100,0.00245,88.5
DQN_Double_PER_seed_1_1790611300,DQN_Double_PER,1,1278,64116,2.90,0,0.0100,0.00225,88.6
DQN_Double_PER_seed_1_1790611300,DQN_Double_PER,1,1279,64159,3.20,0,0.0100,0.00181,88.7
DQN_Double_PER_seed_1_1790611300,DQN_Double_PER,1,1280,64197,2.70,0,0.0100,0.00251,88.7
DQN_Double_PER_seed_1_1790611300,DQN_Double_PER,1,1281,64241,3.30,0,0.0100,0.00227,88.8
DQN_Double_PER_seed_1_1790611300,DQN_Double_PER,1,1282,64299,4.70,0,0.0100,0.00317,88.9
DQN_Double_PER_seed_1_1790611300,DQN_Double_PER,1,1283,64349,3.90,0,0.0100,0.00513,88.9
DQN_Double_PER_seed_1_1790611300,DQN_Double_PER,1,1284,64399,3.90,0,0.0100,0.00794,89.0
DQN_Double_PER_seed_1_1790611300,DQN_Double_PER,1,1285,64441,3.10,0,0.0100,0.00450,89.1
DQN_Double_PER_seed_1_1790611300,DQN_Double_PER,1,1286,64487,3.50,0,0.0100,0.00335,89.1
DQN_Double_PER_seed_1_1790611300,DQN_Double_PER,1,1287,64537,3.90,0,0.0100,0.00320,89.2
DQN_Double_PER_seed_1_1790611300,DQN_Double_PER,1,1288,64588,4.00,0,0.0100,0.00211,89.3
DQN_Double_PER_seed_1_1790611300,DQN_Double_PER,1,1289,64638,3.90,0,0.0100,0.00212,89.4
DQN_Double_PER_seed_1_1790611300,DQN_Double_PER,1,1290,64688,3.90,0,0.0100,0.00296,89.4
DQN_Double_PER_seed_1_1790611300,DQN_Double_PER,1,1291,64738,3.90,0,0.0100,0.00179,89.5
DQN_Double_PER_seed_1_1790611300,DQN_Double_PER,1,1292,64788,3.90,0,0.0100,0.00242,89.6
DQN_Double_PER_seed_1_1790611300,DQN_Double_PER,1,1293,64838,3.90,0,0.0100,0.00313,89.7
DQN_Double_PER_seed_1_1790611300,DQN_Double_PER,1,1294,64888,3.90,0,0.0100,0.00209,89.7
DQN_Double_PER_seed_1_1790611300,DQN_Double_PER,1,1295,64938,3.90,0,0.0100,0.00207,89.8
DQN_Double_PER_seed_1_1790611300,DQN_Double_PER,1,1296,64975,2.60,0,0.0100,0.00247,89.9
DQN_Double_PER_seed_1_1790611300,DQN_Double_PER,1,1297,65025,3.90,0,0.0100,0.00214,90.0
DQN_Double_PER_seed_1_1790611300,DQN_Double_PER,1,1298,65075,3.90,0,0.0100,0.00214,90.1
DQN_Double_PER_seed_1_1790611300,DQN_Double_PER,1,1299,65125,3.90,0,0.0100,0.00232,90.2
DQN_Double_PER_seed_1_1790611300,DQN_Double_PER,1,1300,65162,2.60,0,0.0100,0.00206,90.2
DQN_Double_PER_seed_1_1790611300,DQN_Double_PER,1,1301,65212,3.90,0,0.0100,0.00256,90.3
DQN_Double_PER_seed_1_1790611300,DQN_Double_PER,1,1302,65262,3.90,0,0.0100,0.00193,90.4
DQN_Double_PER_seed_1_1790611300,DQN_Double_PER,1,1303,65312,3.90,0,0.0100,0.00261,90.4
DQN_Double_PER_seed_1_1790611300,DQN_Double_PER,1,1304,65362,3.90,0,0.0100,0.00210,90.5
DQN_Double_PER_seed_1_1790611300,DQN_Double_PER,1,1305,65412,3.90,0,0.0100,0.00182,90.6
DQN_Double_PER_seed_1_1790611300,DQN_Double_PER,1,1306,65462,3.90,0,0.0100,0.00173,90.7
DQN_Double_PER_seed_1_1790611300,DQN_Double_PER,1,1307,65512,3.90,0,0.0100,0.00155,90.7
DQN_Double_PER_seed_1_1790611300,DQN_Double_PER,1,1308,65551,2.80,0,0.0100,0.00192,90.8
DQN_Double_PER_seed_1_1790611300,DQN_Double_PER,1,1309,65601,3.90,0,0.0100,0.00244,90.9
DQN_Double_PER_seed_1_1790611300,DQN_Double_PER,1,1310,65651,3.90,0,0.0100,0.00246,90.9
DQN_Double_PER_seed_1_1790611300,DQN_Double_PER,1,1311,65701,3.90,0,0.0100,0.00213,91.0
DQN_Double_PER_seed_1_1790611300,DQN_Double_PER,1,1312,65751,3.90,0,0.0100,0.00312,91.1
DQN_Double_PER_seed_1_1790611300,DQN_Double_PER,1,1313,65801,3.90,0,0.0100,0.00316,91.2
DQN_Double_PER_seed_1_1790611300,DQN_Double_PER,1,1314,65843,3.10,0,0.0100,0.00477,91.2
DQN_Double_PER_seed_1_1790611300,DQN_Double_PER,1,1315,65893,3.90,0,0.0100,0.00564,91.3
DQN_Double_PER_seed_1_1790611300,DQN_Double_PER,1,1316,65935,3.10,0,0.0100,0.00225,91.4
DQN_Double_PER_seed_1_1790611300,DQN_Double_PER,1,1317,65985,3.90,0,0.0100,0.00183,91.4
DQN_Double_PER_seed_1_1790611300,DQN_Double_PER,1,1318,66027,3.10,0,0.0100,0.00228,91.5
DQN_Double_PER_seed_1_1790611300,DQN_Double_PER,1,1319,66060,2.20,0,0.0100,0.00179,91.5
DQN_Double_PER_seed_1_1790611300,DQN_Double_PER,1,1320,66101,3.00,0,0.0100,0.00200,91.6
DQN_Double_PER_seed_1_1790611300,DQN_Double_PER,1,1321,66140,2.80,0,0.0100,0.00195,91.7
DQN_Double_PER_seed_1_1790611300,DQN_Double_PER,1,1322,66190,3.90,0,0.0100,0.00239,91.7
DQN_Double_PER_seed_1_1790611300,DQN_Double_PER,1,1323,66240,3.90,0,0.0100,0.00196,91.8
DQN_Double_PER_seed_1_1790611300,DQN_Double_PER,1,1324,66290,3.90,0,0.0100,0.00218,91.9
DQN_Double_PER_seed_1_1790611300,DQN_Double_PER,1,1325,66321,2.00,0,0.0100,0.00248,91.9
DQN_Double_PER_seed_1_1790611300,DQN_Double_PER,1,1326,66371,3.90,0,0.0100,0.00312,92.0
DQN_Double_PER_seed_1_1790611300,DQN_Double_PER,1,1327,66421,3.90,0,0.0100,0.00359,92.1
DQN_Double_PER_seed_1_1790611300,DQN_Double_PER,1,1328,66471,3.90,0,0.0100,0.00240,92.2
DQN_Double_PER_seed_1_1790611300,DQN_Double_PER,1,1329,66521,3.90,0,0.0100,0.00190,92.2
DQN_Double_PER_seed_1_1790611300,DQN_Double_PER,1,1330,66571,3.90,0,0.0100,0.00292,92.3
DQN_Double_PER_seed_1_1790611300,DQN_Double_PER,1,1331,66621,3.90,0,0.0100,0.00233,92.4
DQN_Double_PER_seed_1_1790611300,DQN_Double_PER,1,1332,66652,2.00,0,0.0100,0.00208,92.4
DQN_Double_PER_seed_1_1790611300,DQN_Double_PER,1,1333,66702,3.90,0,0.0100,0.00195,92.5
DQN_Double_PER_seed_1_1790611300,DQN_Double_PER,1,1334,66761,4.80,0,0.0100,0.00282,92.6
DQN_Double_PER_seed_1_1790611300,DQN_Double_PER,1,1335,66792,2.00,0,0.0100,0.00221,92.6
DQN_Double_PER_seed_1_1790611300,DQN_Double_PER,1,1336,66823,2.00,0,0.0100,0.00183,92.7
DQN_Double_PER_seed_1_1790611300,DQN_Double_PER,1,1337,66873,3.90,0,0.0100,0.00164,92.8
DQN_Double_PER_seed_1_1790611300,DQN_Double_PER,1,1338,66914,3.00,0,0.0100,0.00173,92.8
DQN_Double_PER_seed_1_1790611300,DQN_Double_PER,1,1339,66964,3.90,0,0.0100,0.00184,92.9
DQN_Double_PER_seed_1_1790611300,DQN_Double_PER,1,1340,67006,3.10,0,0.0100,0.00215,92.9
DQN_Double_PER_seed_1_1790611300,DQN_Double_PER,1,1341,67056,3.90,0,0.0100,0.00469,93.0
DQN_Double_PER_seed_1_1790611300,DQN_Double_PER,1,1342,67106,3.90,0,0.0100,0.00530,93.1
DQN_Double_PER_seed_1_1790611300,DQN_Double_PER,1,1343,67156,3.90,0,0.0100,0.00357,93.2
DQN_Double_PER_seed_1_1790611300,DQN_Double_PER,1,1344,67216,4.90,0,0.0100,0.00270,93.3
DQN_Double_PER_seed_1_1790611300,DQN_Double_PER,1,1345,67266,3.90,0,0.0100,0.00213,93.3
DQN_Double_PER_seed_1_1790611300,DQN_Double_PER,1,1346,67316,3.90,0,0.0100,0.00250,93.4
DQN_Double_PER_seed_1_1790611300,DQN_Double_PER,1,1347,67366,3.90,0,0.0100,0.00232,93.5
DQN_Double_PER_seed_1_1790611300,DQN_Double_PER,1,1348,67397,2.00,0,0.0100,0.00235,93.5
DQN_Double_PER_seed_1_1790611300,DQN_Double_PER,1,1349,67447,3.90,0,0.0100,0.00197,93.6
DQN_Double_PER_seed_1_1790611300,DQN_Double_PER,1,1350,67497,3.90,0,0.0100,0.00253,93.7
DQN_Double_PER_seed_1_1790611300,DQN_Double_PER,1,1351,67547,3.90,0,0.0100,0.00173,93.8
DQN_Double_PER_seed_1_1790611300,DQN_Double_PER,1,1352,67597,3.90,0,0.0100,0.00211,93.8
DQN_Double_PER_seed_1_1790611300,DQN_Double_PER,1,1353,67647,3.90,0,0.0100,0.00164,93.9
DQN_Double_PER_seed_1_1790611300,DQN_Double_PER,1,1354,67697,3.90,0,0.0100,0.00172,94.0
DQN_Double_PER_seed_1_1790611300,DQN_Double_PER,1,1355,67747,3.90,0,0.0100,0.00213,94.0
DQN_Double_PER_seed_1_1790611300,DQN_Double_PER,1,1356,67797,3.90,0,0.0100,0.00269,94.1
DQN_Double_PER_seed_1_1790611300,DQN_Double_PER,1,1357,67857,4.90,0,0.0100,0.00195,94.2
DQN_Double_PER_seed_1_1790611300,DQN_Double_PER,1,1358,67907,3.90,0,0.0100,0.00201,94.3
DQN_Double_PER_seed_1_1790611300,DQN_Double_PER,1,1359,67957,3.90,0,0.0100,0.00282,94.4
DQN_Double_PER_seed_1_1790611300,DQN_Double_PER,1,1360,68007,3.90,0,0.0100,0.00290,94.5
DQN_Double_PER_seed_1_1790611300,DQN_Double_PER,1,1361,68057,3.90,0,0.0100,0.00221,94.5
DQN_Double_PER_seed_1_1790611300,DQN_Double_PER,1,1362,68116,4.80,0,0.0100,0.00241,94.6
DQN_Double_PER_seed_1_1790611300,DQN_Double_PER,1,1363,68166,3.90,0,0.0100,0.00179,94.7
DQN_Double_PER_seed_1_1790611300,DQN_Double_PER,1,1364,68216,3.90,0,0.0100,0.00254,94.8
DQN_Double_PER_seed_1_1790611300,DQN_Double_PER,1,1365,68272,4.50,0,0.0100,0.00206,94.9
DQN_Double_PER_seed_1_1790611300,DQN_Double_PER,1,1366,68322,3.90,0,0.0100,0.00244,94.9
DQN_Double_PER_seed_1_1790611300,DQN_Double_PER,1,1367,68382,4.90,0,0.0100,0.00281,95.0
DQN_Double_PER_seed_1_1790611300,DQN_Double_PER,1,1368,68438,4.50,0,0.0100,0.00197,95.1
DQN_Double_PER_seed_1_1790611300,DQN_Double_PER,1,1369,68491,4.20,0,0.0100,0.00230,95.2
DQN_Double_PER_seed_1_1790611300,DQN_Double_PER,1,1370,68551,4.90,0,0.0100,0.00194,95.3
DQN_Double_PER_seed_1_1790611300,DQN_Double_PER,1,1371,68601,3.90,0,0.0100,0.00219,95.4
DQN_Double_PER_seed_1_1790611300,DQN_Double_PER,1,1372,68651,3.90,0,0.0100,0.00243,95.4
DQN_Double_PER_seed_1_1790611300,DQN_Double_PER,1,1373,68711,4.90,0,0.0100,0.00175,95.5
DQN_Double_PER_seed_1_1790611300,DQN_Double_PER,1,1374,68761,3.90,0,0.0100,0.00275,95.6
DQN_Double_PER_seed_1_1790611300,DQN_Double_PER,1,1375,68811,3.90,0,0.0100,0.00204,95.7
DQN_Double_PER_seed_1_1790611300,DQN_Double_PER,1,1376,68872,5.00,1,0.0100,0.00194,95.8
DQN_Double_PER_seed_1_1790611300,DQN_Double_PER,1,1377,68922,3.90,0,0.0100,0.00218,95.8
DQN_Double_PER_seed_1_1790611300,DQN_Double_PER,1,1378,68972,3.90,0,0.0100,0.00248,95.9
DQN_Double_PER_seed_1_1790611300,DQN_Double_PER,1,1379,69022,3.90,0,0.0100,0.00301,96.0
DQN_Double_PER_seed_1_1790611300,DQN_Double_PER,1,1380,69077,4.40,0,0.0100,0.00236,96.1
DQN_Double_PER_seed_1_1790611300,DQN_Double_PER,1,1381,69127,3.90,0,0.0100,0.00167,96.1
DQN_Double_PER_seed_1_1790611300,DQN_Double_PER,1,1382,69181,4.30,0,0.0100,0.00175,96.2
DQN_Double_PER_seed_1_1790611300,DQN_Double_PER,1,1383,69238,4.60,0,0.0100,0.00196,96.3
DQN_Double_PER_seed_1_1790611300,DQN_Double_PER,1,1384,69288,3.90,0,0.0100,0.00249,96.4
DQN_Double_PER_seed_1_1790611300,DQN_Double_PER,1,1385,69346,4.70,0,0.0100,0.00342,96.5
DQN_Double_PER_seed_1_1790611300,DQN_Double_PER,1,1386,69407,5.00,1,0.0100,0.00206,96.6
DQN_Double_PER_seed_1_1790611300,DQN_Double_PER,1,1387,69467,4.90,0,0.0100,0.00248,96.6
DQN_Double_PER_seed_1_1790611300,DQN_Double_PER,1,1388,69517,3.90,0,0.0100,0.00299,96.7
DQN_Double_PER_seed_1_1790611300,DQN_Double_PER,1,1389,69567,3.90,0,0.0100,0.00264,96.8
DQN_Double_PER_seed_1_1790611300,DQN_Double_PER,1,1390,69623,4.50,0,0.0100,0.00251,96.9
DQN_Double_PER_seed_1_1790611300,DQN_Double_PER,1,1391,69673,3.90,0,0.0100,0.00464,97.0
DQN_Double_PER_seed_1_1790611300,DQN_Double_PER,1,1392,69723,3.90,0,0.0100,0.00929,97.0
DQN_Double_PER_seed_1_1790611300,DQN_Double_PER,1,1393,69776,4.20,0,0.0100,0.00247,97.1
DQN_Double_PER_seed_1_1790611300,DQN_Double_PER,1,1394,69826,3.90,0,0.0100,0.00167,97.2
DQN_Double_PER_seed_1_1790611300,DQN_Double_PER,1,1395,69876,3.90,0,0.0100,0.00186,97.3
DQN_Double_PER_seed_1_1790611300,DQN_Double_PER,1,1396,69929,4.20,0,0.0100,0.00162,97.3
DQN_Double_PER_seed_1_1790611300,DQN_Double_PER,1,1397,69982,4.20,0,0.0100,0.00156,97.4
DQN_Double_PER_seed_1_1790611300,DQN_Double_PER,1,1398,70036,4.30,0,0.0100,0.00239,97.6
DQN_Double_PER_seed_1_1790611300,DQN_Double_PER,1,1399,70089,4.20,0,0.0100,0.00204,97.7
DQN_Double_PER_seed_1_1790611300,DQN_Double_PER,1,1400,70149,4.90,0,0.0100,0.00177,97.8
DQN_Double_PER_seed_1_1790611300,DQN_Double_PER,1,1401,70199,3.90,0,0.0100,0.00161,97.8
DQN_Double_PER_seed_1_1790611300,DQN_Double_PER,1,1402,70249,3.90,0,0.0100,0.00149,97.9
DQN_Double_PER_seed_1_1790611300,DQN_Double_PER,1,1403,70299,3.90,0,0.0100,0.00167,98.0
DQN_Double_PER_seed_1_1790611300,DQN_Double_PER,1,1404,70349,3.90,0,0.0100,0.00374,98.1
DQN_Double_PER_seed_1_1790611300,DQN_Double_PER,1,1405,70399,3.90,0,0.0100,0.00262,98.1
DQN_Double_PER_seed_1_1790611300,DQN_Double_PER,1,1406,70458,4.80,0,0.0100,0.00197,98.2
DQN_Double_PER_seed_1_1790611300,DQN_Double_PER,1,1407,70508,3.90,0,0.0100,0.00172,98.3
DQN_Double_PER_seed_1_1790611300,DQN_Double_PER,1,1408,70563,4.40,0,0.0100,0.00200,98.4
DQN_Double_PER_seed_1_1790611300,DQN_Double_PER,1,1409,70613,3.90,0,0.0100,0.00155,98.5
DQN_Double_PER_seed_1_1790611300,DQN_Double_PER,1,1410,70663,3.90,0,0.0100,0.00207,98.5
DQN_Double_PER_seed_1_1790611300,DQN_Double_PER,1,1411,70713,3.90,0,0.0100,0.00190,98.6
DQN_Double_PER_seed_1_1790611300,DQN_Double_PER,1,1412,70763,3.90,0,0.0100,0.00182,98.7
DQN_Double_PER_seed_1_1790611300,DQN_Double_PER,1,1413,70813,3.90,0,0.0100,0.00138,98.8
DQN_Double_PER_seed_1_1790611300,DQN_Double_PER,1,1414,70863,3.90,0,0.0100,0.00175,98.8
DQN_Double_PER_seed_1_1790611300,DQN_Double_PER,1,1415,70913,3.90,0,0.0100,0.00266,98.9
DQN_Double_PER_seed_1_1790611300,DQN_Double_PER,1,1416,70969,4.50,0,0.0100,0.00298,99.0
DQN_Double_PER_seed_1_1790611300,DQN_Double_PER,1,1417,71019,3.90,0,0.0100,0.00205,99.1
DQN_Double_PER_seed_1_1790611300,DQN_Double_PER,1,1418,71069,3.90,0,0.0100,0.00353,99.1
DQN_Double_PER_seed_1_1790611300,DQN_Double_PER,1,1419,71119,3.90,0,0.0100,0.00194,99.2
DQN_Double_PER_seed_1_1790611300,DQN_Double_PER,1,1420,71172,4.20,0,0.0100,0.00214,99.3
DQN_Double_PER_seed_1_1790611300,DQN_Double_PER,1,1421,71222,3.90,0,0.0100,0.00156,99.4
DQN_Double_PER_seed_1_1790611300,DQN_Double_PER,1,1422,71272,3.90,0,0.0100,0.00163,99.4
DQN_Double_PER_seed_1_1790611300,DQN_Double_PER,1,1423,71323,4.00,0,0.0100,0.00388,99.5
DQN_Double_PER_seed_1_1790611300,DQN_Double_PER,1,1424,71373,3.90,0,0.0100,0.00720,99.6
DQN_Double_PER_seed_1_1790611300,DQN_Double_PER,1,1425,71424,4.00,0,0.0100,0.00221,99.7
DQN_Double_PER_seed_1_1790611300,DQN_Double_PER,1,1426,71480,4.50,0,0.0100,0.00183,99.8
DQN_Double_PER_seed_1_1790611300,DQN_Double_PER,1,1427,71530,3.90,0,0.0100,0.00291,99.8
DQN_Double_PER_seed_1_1790611300,DQN_Double_PER,1,1428,71580,3.90,0,0.0100,0.00184,99.9
DQN_Double_PER_seed_1_1790611300,DQN_Double_PER,1,1429,71634,4.30,0,0.0100,0.00149,100.0
DQN_Double_PER_seed_1_1790611300,DQN_Double_PER,1,1430,71684,3.90,0,0.0100,0.00145,100.1
DQN_Double_PER_seed_1_1790611300,DQN_Double_PER,1,1431,71739,4.40,0,0.0100,0.00164,100.1
DQN_Double_PER_seed_1_1790611300,DQN_Double_PER,1,1432,71791,4.10,0,0.0100,0.00180,100.2
DQN_Double_PER_seed_1_1790611300,DQN_Double_PER,1,1433,71841,3.90,0,0.0100,0.00208,100.3
DQN_Double_PER_seed_1_1790611300,DQN_Double_PER,1,1434,71891,3.90,0,0.0100,0.00171,100.4
DQN_Double_PER_seed_1_1790611300,DQN_Double_PER,1,1435,71949,4.70,0,0.0100,0.00187,100.5
DQN_Double_PER_seed_1_1790611300,DQN_Double_PER,1,1436,71999,3.90,0,0.0100,0.00170,100.5
DQN_Double_PER_seed_1_1790611300,DQN_Double_PER,1,1437,72049,3.90,0,0.0100,0.00205,100.6
DQN_Double_PER_seed_1_1790611300,DQN_Double_PER,1,1438,72099,3.90,0,0.0100,0.00220,100.7
DQN_Double_PER_seed_1_1790611300,DQN_Double_PER,1,1439,72154,4.40,0,0.0100,0.00205,100.8
DQN_Double_PER_seed_1_1790611300,DQN_Double_PER,1,1440,72204,3.90,0,0.0100,0.00167,100.8
DQN_Double_PER_seed_1_1790611300,DQN_Double_PER,1,1441,72257,4.20,0,0.0100,0.00429,100.9
DQN_Double_PER_seed_1_1790611300,DQN_Double_PER,1,1442,72307,3.90,0,0.0100,0.00340,101.0
DQN_Double_PER_seed_1_1790611300,DQN_Double_PER,1,1443,72357,3.90,0,0.0100,0.00139,101.1
DQN_Double_PER_seed_1_1790611300,DQN_Double_PER,1,1444,72407,3.90,0,0.0100,0.00236,101.1
DQN_Double_PER_seed_1_1790611300,DQN_Double_PER,1,1445,72457,3.90,0,0.0100,0.00178,101.2
DQN_Double_PER_seed_1_1790611300,DQN_Double_PER,1,1446,72507,3.90,0,0.0100,0.00176,101.3
DQN_Double_PER_seed_1_1790611300,DQN_Double_PER,1,1447,72559,4.10,0,0.0100,0.00154,101.4
DQN_Double_PER_seed_1_1790611300,DQN_Double_PER,1,1448,72609,3.90,0,0.0100,0.00174,101.4
DQN_Double_PER_seed_1_1790611300,DQN_Double_PER,1,1449,72659,3.90,0,0.0100,0.00149,101.5
DQN_Double_PER_seed_1_1790611300,DQN_Double_PER,1,1450,72709,3.90,0,0.0100,0.00154,101.6
DQN_Double_PER_seed_1_1790611300,DQN_Double_PER,1,1451,72759,3.90,0,0.0100,0.00203,101.7
DQN_Double_PER_seed_1_1790611300,DQN_Double_PER,1,1452,72809,3.90,0,0.0100,0.00169,101.8
DQN_Double_PER_seed_1_1790611300,DQN_Double_PER,1,1453,72859,3.90,0,0.0100,0.00164,101.8
DQN_Double_PER_seed_1_1790611300,DQN_Double_PER,1,1454,72909,3.90,0,0.0100,0.00153,101.9
DQN_Double_PER_seed_1_1790611300,DQN_Double_PER,1,1455,72963,4.30,0,0.0100,0.00154,102.0
DQN_Double_PER_seed_1_1790611300,DQN_Double_PER,1,1456,73013,3.90,0,0.0100,0.00228,102.1
DQN_Double_PER_seed_1_1790611300,DQN_Double_PER,1,1457,73063,3.90,0,0.0100,0.00247,102.1
DQN_Double_PER_seed_1_1790611300,DQN_Double_PER,1,1458,73113,3.90,0,0.0100,0.00230,102.2
DQN_Double_PER_seed_1_1790611300,DQN_Double_PER,1,1459,73166,4.20,0,0.0100,0.00198,102.3
DQN_Double_PER_seed_1_1790611300,DQN_Double_PER,1,1460,73216,3.90,0,0.0100,0.00199,102.4
DQN_Double_PER_seed_1_1790611300,DQN_Double_PER,1,1461,73266,3.90,0,0.0100,0.00277,102.4
DQN_Double_PER_seed_1_1790611300,DQN_Double_PER,1,1462,73316,3.90,0,0.0100,0.00190,102.5
DQN_Double_PER_seed_1_1790611300,DQN_Double_PER,1,1463,73366,3.90,0,0.0100,0.00228,102.6
DQN_Double_PER_seed_1_1790611300,DQN_Double_PER,1,1464,73416,3.90,0,0.0100,0.00214,102.7
DQN_Double_PER_seed_1_1790611300,DQN_Double_PER,1,1465,73466,3.90,0,0.0100,0.00156,102.7
DQN_Double_PER_seed_1_1790611300,DQN_Double_PER,1,1466,73516,3.90,0,0.0100,0.00147,102.8
DQN_Double_PER_seed_1_1790611300,DQN_Double_PER,1,1467,73566,3.90,0,0.0100,0.00228,102.9
DQN_Double_PER_seed_1_1790611300,DQN_Double_PER,1,1468,73616,3.90,0,0.0100,0.00226,103.0
DQN_Double_PER_seed_1_1790611300,DQN_Double_PER,1,1469,73666,3.90,0,0.0100,0.00200,103.0
DQN_Double_PER_seed_1_1790611300,DQN_Double_PER,1,1470,73716,3.90,0,0.0100,0.00149,103.1
DQN_Double_PER_seed_1_1790611300,DQN_Double_PER,1,1471,73766,3.90,0,0.0100,0.00177,103.2
DQN_Double_PER_seed_1_1790611300,DQN_Double_PER,1,1472,73816,3.90,0,0.0100,0.00182,103.3
DQN_Double_PER_seed_1_1790611300,DQN_Double_PER,1,1473,73866,3.90,0,0.0100,0.00183,103.3
DQN_Double_PER_seed_1_1790611300,DQN_Double_PER,1,1474,73916,3.90,0,0.0100,0.00156,103.4
DQN_Double_PER_seed_1_1790611300,DQN_Double_PER,1,1475,73969,4.20,0,0.0100,0.00171,103.5
DQN_Double_PER_seed_1_1790611300,DQN_Double_PER,1,1476,74019,3.90,0,0.0100,0.00277,103.6
DQN_Double_PER_seed_1_1790611300,DQN_Double_PER,1,1477,74078,4.80,0,0.0100,0.00601,103.7
DQN_Double_PER_seed_1_1790611300,DQN_Double_PER,1,1478,74128,3.90,0,0.0100,0.00301,103.7
DQN_Double_PER_seed_1_1790611300,DQN_Double_PER,1,1479,74179,4.00,0,0.0100,0.00302,103.8
DQN_Double_PER_seed_1_1790611300,DQN_Double_PER,1,1480,74233,4.30,0,0.0100,0.00238,103.9
DQN_Double_PER_seed_1_1790611300,DQN_Double_PER,1,1481,74283,3.90,0,0.0100,0.00403,104.0
DQN_Double_PER_seed_1_1790611300,DQN_Double_PER,1,1482,74338,4.40,0,0.0100,0.00569,104.1
DQN_Double_PER_seed_1_1790611300,DQN_Double_PER,1,1483,74388,3.90,0,0.0100,0.00269,104.1
DQN_Double_PER_seed_1_1790611300,DQN_Double_PER,1,1484,74438,3.90,0,0.0100,0.00286,104.2
DQN_Double_PER_seed_1_1790611300,DQN_Double_PER,1,1485,74488,3.90,0,0.0100,0.00210,104.3
DQN_Double_PER_seed_1_1790611300,DQN_Double_PER,1,1486,74538,3.90,0,0.0100,0.00310,104.4
DQN_Double_PER_seed_1_1790611300,DQN_Double_PER,1,1487,74588,3.90,0,0.0100,0.00275,104.4
DQN_Double_PER_seed_1_1790611300,DQN_Double_PER,1,1488,74638,3.90,0,0.0100,0.00258,104.5
DQN_Double_PER_seed_1_1790611300,DQN_Double_PER,1,1489,74688,3.90,0,0.0100,0.00300,104.6
DQN_Double_PER_seed_1_1790611300,DQN_Double_PER,1,1490,74738,3.90,0,0.0100,0.00478,104.7
DQN_Double_PER_seed_1_1790611300,DQN_Double_PER,1,1491,74788,3.90,0,0.0100,0.00207,104.7
DQN_Double_PER_seed_1_1790611300,DQN_Double_PER,1,1492,74838,3.90,0,0.0100,0.00195,104.8
DQN_Double_PER_seed_1_1790611300,DQN_Double_PER,1,1493,74888,3.90,0,0.0100,0.00274,104.9
DQN_Double_PER_seed_1_1790611300,DQN_Double_PER,1,1494,74938,3.90,0,0.0100,0.00266,105.0
DQN_Double_PER_seed_1_1790611300,DQN_Double_PER,1,1495,74988,3.90,0,0.0100,0.00236,105.0
DQN_Double_PER_seed_1_1790611300,DQN_Double_PER,1,1496,75040,4.10,0,0.0100,0.00234,105.2
DQN_Double_PER_seed_1_1790611300,DQN_Double_PER,1,1497,75090,3.90,0,0.0100,0.00204,105.3
DQN_Double_PER_seed_1_1790611300,DQN_Double_PER,1,1498,75140,3.90,0,0.0100,0.00281,105.4
DQN_Double_PER_seed_1_1790611300,DQN_Double_PER,1,1499,75190,3.90,0,0.0100,0.00226,105.4
DQN_Double_PER_seed_1_1790611300,DQN_Double_PER,1,1500,75241,4.00,0,0.0100,0.00327,105.5
DQN_Double_PER_seed_1_1790611300,DQN_Double_PER,1,1501,75291,3.90,0,0.0100,0.00201,105.6
DQN_Double_PER_seed_1_1790611300,DQN_Double_PER,1,1502,75350,4.80,0,0.0100,0.00160,105.7
DQN_Double_PER_seed_1_1790611300,DQN_Double_PER,1,1503,75400,3.90,0,0.0100,0.00168,105.7
DQN_Double_PER_seed_1_1790611300,DQN_Double_PER,1,1504,75450,3.90,0,0.0100,0.00183,105.8
DQN_Double_PER_seed_1_1790611300,DQN_Double_PER,1,1505,75500,3.90,0,0.0100,0.00162,105.9
DQN_Double_PER_seed_1_1790611300,DQN_Double_PER,1,1506,75556,4.50,0,0.0100,0.00151,106.0
DQN_Double_PER_seed_1_1790611300,DQN_Double_PER,1,1507,75606,3.90,0,0.0100,0.00148,106.1
DQN_Double_PER_seed_1_1790611300,DQN_Double_PER,1,1508,75656,3.90,0,0.0100,0.00148,106.1
DQN_Double_PER_seed_1_1790611300,DQN_Double_PER,1,1509,75709,4.20,0,0.0100,0.00149,106.2
DQN_Double_PER_seed_1_1790611300,DQN_Double_PER,1,1510,75759,3.90,0,0.0100,0.00170,106.3
DQN_Double_PER_seed_1_1790611300,DQN_Double_PER,1,1511,75813,4.30,0,0.0100,0.00156,106.4
DQN_Double_PER_seed_1_1790611300,DQN_Double_PER,1,1512,75863,3.90,0,0.0100,0.00161,106.4
DQN_Double_PER_seed_1_1790611300,DQN_Double_PER,1,1513,75913,3.90,0,0.0100,0.00226,106.5
DQN_Double_PER_seed_1_1790611300,DQN_Double_PER,1,1514,75963,3.90,0,0.0100,0.00138,106.6
DQN_Double_PER_seed_1_1790611300,DQN_Double_PER,1,1515,76013,3.90,0,0.0100,0.00163,106.7
DQN_Double_PER_seed_1_1790611300,DQN_Double_PER,1,1516,76063,3.90,0,0.0100,0.00158,106.7
DQN_Double_PER_seed_1_1790611300,DQN_Double_PER,1,1517,76113,3.90,0,0.0100,0.00137,106.8
DQN_Double_PER_seed_1_1790611300,DQN_Double_PER,1,1518,76163,3.90,0,0.0100,0.00139,106.9
DQN_Double_PER_seed_1_1790611300,DQN_Double_PER,1,1519,76213,3.90,0,0.0100,0.00178,107.0
DQN_Double_PER_seed_1_1790611300,DQN_Double_PER,1,1520,76263,3.90,0,0.0100,0.00233,107.0
DQN_Double_PER_seed_1_1790611300,DQN_Double_PER,1,1521,76313,3.90,0,0.0100,0.00208,107.1
DQN_Double_PER_seed_1_1790611300,DQN_Double_PER,1,1522,76363,3.90,0,0.0100,0.00134,107.2
DQN_Double_PER_seed_1_1790611300,DQN_Double_PER,1,1523,76413,3.90,0,0.0100,0.00165,107.3
DQN_Double_PER_seed_1_1790611300,DQN_Double_PER,1,1524,76463,3.90,0,0.0100,0.00288,107.3
DQN_Double_PER_seed_1_1790611300,DQN_Double_PER,1,1525,76522,4.80,0,0.0100,0.00198,107.4
DQN_Double_PER_seed_1_1790611300,DQN_Double_PER,1,1526,76579,4.60,0,0.0100,0.00150,107.5
DQN_Double_PER_seed_1_1790611300,DQN_Double_PER,1,1527,76629,3.90,0,0.0100,0.00204,107.6
DQN_Double_PER_seed_1_1790611300,DQN_Double_PER,1,1528,76685,4.50,0,0.0100,0.00202,107.7
DQN_Double_PER_seed_1_1790611300,DQN_Double_PER,1,1529,76735,3.90,0,0.0100,0.00152,107.8
DQN_Double_PER_seed_1_1790611300,DQN_Double_PER,1,1530,76785,3.90,0,0.0100,0.00216,107.8
DQN_Double_PER_seed_1_1790611300,DQN_Double_PER,1,1531,76835,3.90,0,0.0100,0.00143,107.9
DQN_Double_PER_seed_1_1790611300,DQN_Double_PER,1,1532,76885,3.90,0,0.0100,0.00154,108.0
DQN_Double_PER_seed_1_1790611300,DQN_Double_PER,1,1533,76935,3.90,0,0.0100,0.00157,108.1
DQN_Double_PER_seed_1_1790611300,DQN_Double_PER,1,1534,76991,4.50,0,0.0100,0.00227,108.1
DQN_Double_PER_seed_1_1790611300,DQN_Double_PER,1,1535,77041,3.90,0,0.0100,0.00180,108.2
DQN_Double_PER_seed_1_1790611300,DQN_Double_PER,1,1536,77099,4.70,0,0.0100,0.00197,108.3
DQN_Double_PER_seed_1_1790611300,DQN_Double_PER,1,1537,77149,3.90,0,0.0100,0.00127,108.4
DQN_Double_PER_seed_1_1790611300,DQN_Double_PER,1,1538,77199,3.90,0,0.0100,0.00158,108.5
DQN_Double_PER_seed_1_1790611300,DQN_Double_PER,1,1539,77249,3.90,0,0.0100,0.00204,108.5
DQN_Double_PER_seed_1_1790611300,DQN_Double_PER,1,1540,77299,3.90,0,0.0100,0.00138,108.6
DQN_Double_PER_seed_1_1790611300,DQN_Double_PER,1,1541,77349,3.90,0,0.0100,0.00170,108.7
DQN_Double_PER_seed_1_1790611300,DQN_Double_PER,1,1542,77399,3.90,0,0.0100,0.00127,108.8
DQN_Double_PER_seed_1_1790611300,DQN_Double_PER,1,1543,77449,3.90,0,0.0100,0.00135,108.8
DQN_Double_PER_seed_1_1790611300,DQN_Double_PER,1,1544,77499,3.90,0,0.0100,0.00131,108.9
DQN_Double_PER_seed_1_1790611300,DQN_Double_PER,1,1545,77549,3.90,0,0.0100,0.00185,109.0
DQN_Double_PER_seed_1_1790611300,DQN_Double_PER,1,1546,77599,3.90,0,0.0100,0.00219,109.1
DQN_Double_PER_seed_1_1790611300,DQN_Double_PER,1,1547,77649,3.90,0,0.0100,0.00220,109.1
DQN_Double_PER_seed_1_1790611300,DQN_Double_PER,1,1548,77703,4.30,0,0.0100,0.00200,109.2
DQN_Double_PER_seed_1_1790611300,DQN_Double_PER,1,1549,77753,3.90,0,0.0100,0.00273,109.3
DQN_Double_PER_seed_1_1790611300,DQN_Double_PER,1,1550,77803,3.90,0,0.0100,0.00320,109.4
DQN_Double_PER_seed_1_1790611300,DQN_Double_PER,1,1551,77853,3.90,0,0.0100,0.00168,109.4
DQN_Double_PER_seed_1_1790611300,DQN_Double_PER,1,1552,77903,3.90,0,0.0100,0.00124,109.5
DQN_Double_PER_seed_1_1790611300,DQN_Double_PER,1,1553,77961,4.70,0,0.0100,0.00135,109.6
DQN_Double_PER_seed_1_1790611300,DQN_Double_PER,1,1554,78016,4.40,0,0.0100,0.00136,109.7
DQN_Double_PER_seed_1_1790611300,DQN_Double_PER,1,1555,78066,3.90,0,0.0100,0.00138,109.8
DQN_Double_PER_seed_1_1790611300,DQN_Double_PER,1,1556,78116,3.90,0,0.0100,0.00195,109.8
DQN_Double_PER_seed_1_1790611300,DQN_Double_PER,1,1557,78171,4.40,0,0.0100,0.00181,109.9
DQN_Double_PER_seed_1_1790611300,DQN_Double_PER,1,1558,78226,4.40,0,0.0100,0.00135,110.0
DQN_Double_PER_seed_1_1790611300,DQN_Double_PER,1,1559,78281,4.40,0,0.0100,0.00131,110.1
DQN_Double_PER_seed_1_1790611300,DQN_Double_PER,1,1560,78331,3.90,0,0.0100,0.00121,110.2
DQN_Double_PER_seed_1_1790611300,DQN_Double_PER,1,1561,78386,4.40,0,0.0100,0.00116,110.3
DQN_Double_PER_seed_1_1790611300,DQN_Double_PER,1,1562,78436,3.90,0,0.0100,0.00125,110.3
DQN_Double_PER_seed_1_1790611300,DQN_Double_PER,1,1563,78489,4.20,0,0.0100,0.00160,110.4
DQN_Double_PER_seed_1_1790611300,DQN_Double_PER,1,1564,78539,3.90,0,0.0100,0.00140,110.5
DQN_Double_PER_seed_1_1790611300,DQN_Double_PER,1,1565,78590,4.00,0,0.0100,0.00153,110.6
DQN_Double_PER_seed_1_1790611300,DQN_Double_PER,1,1566,78640,3.90,0,0.0100,0.00120,110.6
DQN_Double_PER_seed_1_1790611300,DQN_Double_PER,1,1567,78690,3.90,0,0.0100,0.00287,110.7
DQN_Double_PER_seed_1_1790611300,DQN_Double_PER,1,1568,78740,3.90,0,0.0100,0.00174,110.8
DQN_Double_PER_seed_1_1790611300,DQN_Double_PER,1,1569,78790,3.90,0,0.0100,0.00162,110.9
DQN_Double_PER_seed_1_1790611300,DQN_Double_PER,1,1570,78841,4.00,0,0.0100,0.00135,110.9
DQN_Double_PER_seed_1_1790611300,DQN_Double_PER,1,1571,78894,4.20,0,0.0100,0.00175,111.0
DQN_Double_PER_seed_1_1790611300,DQN_Double_PER,1,1572,78946,4.10,0,0.0100,0.00143,111.1
DQN_Double_PER_seed_1_1790611300,DQN_Double_PER,1,1573,78997,4.00,0,0.0100,0.00127,111.2
DQN_Double_PER_seed_1_1790611300,DQN_Double_PER,1,1574,79047,3.90,0,0.0100,0.00122,111.3
DQN_Double_PER_seed_1_1790611300,DQN_Double_PER,1,1575,79097,3.90,0,0.0100,0.00109,111.3
DQN_Double_PER_seed_1_1790611300,DQN_Double_PER,1,1576,79147,3.90,0,0.0100,0.00213,111.4
DQN_Double_PER_seed_1_1790611300,DQN_Double_PER,1,1577,79197,3.90,0,0.0100,0.00340,111.5
DQN_Double_PER_seed_1_1790611300,DQN_Double_PER,1,1578,79247,3.90,0,0.0100,0.00240,111.6
DQN_Double_PER_seed_1_1790611300,DQN_Double_PER,1,1579,79297,3.90,0,0.0100,0.00247,111.6
DQN_Double_PER_seed_1_1790611300,DQN_Double_PER,1,1580,79347,3.90,0,0.0100,0.00122,111.7
DQN_Double_PER_seed_1_1790611300,DQN_Double_PER,1,1581,79397,3.90,0,0.0100,0.00194,111.8
DQN_Double_PER_seed_1_1790611300,DQN_Double_PER,1,1582,79447,3.90,0,0.0100,0.00183,111.9
DQN_Double_PER_seed_1_1790611300,DQN_Double_PER,1,1583,79497,3.90,0,0.0100,0.00130,111.9
DQN_Double_PER_seed_1_1790611300,DQN_Double_PER,1,1584,79547,3.90,0,0.0100,0.00111,112.0
DQN_Double_PER_seed_1_1790611300,DQN_Double_PER,1,1585,79599,4.10,0,0.0100,0.00119,112.1
DQN_Double_PER_seed_1_1790611300,DQN_Double_PER,1,1586,79649,3.90,0,0.0100,0.00129,112.2
DQN_Double_PER_seed_1_1790611300,DQN_Double_PER,1,1587,79699,3.90,0,0.0100,0.00113,112.2
DQN_Double_PER_seed_1_1790611300,DQN_Double_PER,1,1588,79749,3.90,0,0.0100,0.00232,112.3
DQN_Double_PER_seed_1_1790611300,DQN_Double_PER,1,1589,79799,3.90,0,0.0100,0.00284,112.4
DQN_Double_PER_seed_1_1790611300,DQN_Double_PER,1,1590,79849,3.90,0,0.0100,0.00171,112.5
DQN_Double_PER_seed_1_1790611300,DQN_Double_PER,1,1591,79903,4.30,0,0.0100,0.00095,112.6
DQN_Double_PER_seed_1_1790611300,DQN_Double_PER,1,1592,79953,3.90,0,0.0100,0.00116,112.6
DQN_Double_PER_seed_1_1790611300,DQN_Double_PER,1,1593,80003,3.90,0,0.0100,0.00140,112.8
DQN_Double_PER_seed_1_1790611300,DQN_Double_PER,1,1594,80053,3.90,0,0.0100,0.00118,112.9
DQN_Double_PER_seed_1_1790611300,DQN_Double_PER,1,1595,80103,3.90,0,0.0100,0.00153,112.9
DQN_Double_PER_seed_1_1790611300,DQN_Double_PER,1,1596,80153,3.90,0,0.0100,0.00138,113.0
DQN_Double_PER_seed_1_1790611300,DQN_Double_PER,1,1597,80203,3.90,0,0.0100,0.00130,113.1
DQN_Double_PER_seed_1_1790611300,DQN_Double_PER,1,1598,80253,3.90,0,0.0100,0.00130,113.2
DQN_Double_PER_seed_1_1790611300,DQN_Double_PER,1,1599,80303,3.90,0,0.0100,0.00226,113.3
DQN_Double_PER_seed_1_1790611300,DQN_Double_PER,1,1600,80353,3.90,0,0.0100,0.00237,113.3
DQN_Double_PER_seed_1_1790611300,DQN_Double_PER,1,1601,80403,3.90,0,0.0100,0.00141,113.4
DQN_Double_PER_seed_1_1790611300,DQN_Double_PER,1,1602,80453,3.90,0,0.0100,0.00109,113.5
DQN_Double_PER_seed_1_1790611300,DQN_Double_PER,1,1603,80506,4.20,0,0.0100,0.00095,113.6
DQN_Double_PER_seed_1_1790611300,DQN_Double_PER,1,1604,80560,4.30,0,0.0100,0.00119,113.6
DQN_Double_PER_seed_1_1790611300,DQN_Double_PER,1,1605,80610,3.90,0,0.0100,0.00081,113.7
DQN_Double_PER_seed_1_1790611300,DQN_Double_PER,1,1606,80660,3.90,0,0.0100,0.00175,113.8
DQN_Double_PER_seed_1_1790611300,DQN_Double_PER,1,1607,80710,3.90,0,0.0100,0.00427,113.9
DQN_Double_PER_seed_1_1790611300,DQN_Double_PER,1,1608,80760,3.90,0,0.0100,0.00384,113.9
DQN_Double_PER_seed_1_1790611300,DQN_Double_PER,1,1609,80818,4.70,0,0.0100,0.00127,114.0
DQN_Double_PER_seed_1_1790611300,DQN_Double_PER,1,1610,80869,4.00,0,0.0100,0.00149,114.1
DQN_Double_PER_seed_1_1790611300,DQN_Double_PER,1,1611,80921,4.10,0,0.0100,0.00100,114.2
DQN_Double_PER_seed_1_1790611300,DQN_Double_PER,1,1612,80976,4.40,0,0.0100,0.00108,114.3
DQN_Double_PER_seed_1_1790611300,DQN_Double_PER,1,1613,81026,3.90,0,0.0100,0.00106,114.4
DQN_Double_PER_seed_1_1790611300,DQN_Double_PER,1,1614,81076,3.90,0,0.0100,0.00128,114.4
DQN_Double_PER_seed_1_1790611300,DQN_Double_PER,1,1615,81126,3.90,0,0.0100,0.00116,114.5
DQN_Double_PER_seed_1_1790611300,DQN_Double_PER,1,1616,81176,3.90,0,0.0100,0.00108,114.6
DQN_Double_PER_seed_1_1790611300,DQN_Double_PER,1,1617,81231,4.40,0,0.0100,0.00135,114.7
DQN_Double_PER_seed_1_1790611300,DQN_Double_PER,1,1618,81281,3.90,0,0.0100,0.00098,114.7
DQN_Double_PER_seed_1_1790611300,DQN_Double_PER,1,1619,81331,3.90,0,0.0100,0.00292,114.8
DQN_Double_PER_seed_1_1790611300,DQN_Double_PER,1,1620,81381,3.90,0,0.0100,0.00212,114.9
DQN_Double_PER_seed_1_1790611300,DQN_Double_PER,1,1621,81432,4.00,0,0.0100,0.00217,115.0
DQN_Double_PER_seed_1_1790611300,DQN_Double_PER,1,1622,81500,6.60,1,0.0100,0.00146,115.1
DQN_Double_PER_seed_1_1790611300,DQN_Double_PER,1,1623,81550,3.90,0,0.0100,0.00118,115.1
DQN_Double_PER_seed_1_1790611300,DQN_Double_PER,1,1624,81600,3.90,0,0.0100,0.00086,115.2
DQN_Double_PER_seed_1_1790611300,DQN_Double_PER,1,1625,81650,3.90,0,0.0100,0.00077,115.3
DQN_Double_PER_seed_1_1790611300,DQN_Double_PER,1,1626,81700,3.90,0,0.0100,0.00086,115.4
DQN_Double_PER_seed_1_1790611300,DQN_Double_PER,1,1627,81750,3.90,0,0.0100,0.00093,115.5
DQN_Double_PER_seed_1_1790611300,DQN_Double_PER,1,1628,81809,4.80,0,0.0100,0.00119,115.5
DQN_Double_PER_seed_1_1790611300,DQN_Double_PER,1,1629,81859,3.90,0,0.0100,0.00118,115.6
DQN_Double_PER_seed_1_1790611300,DQN_Double_PER,1,1630,81909,3.90,0,0.0100,0.00112,115.7
DQN_Double_PER_seed_1_1790611300,DQN_Double_PER,1,1631,81964,4.40,0,0.0100,0.00095,115.8
DQN_Double_PER_seed_1_1790611300,DQN_Double_PER,1,1632,82025,5.00,1,0.0100,0.00171,115.9
DQN_Double_PER_seed_1_1790611300,DQN_Double_PER,1,1633,82077,4.10,0,0.0100,0.00346,116.0
DQN_Double_PER_seed_1_1790611300,DQN_Double_PER,1,1634,82127,3.90,0,0.0100,0.00175,116.0
DQN_Double_PER_seed_1_1790611300,DQN_Double_PER,1,1635,82181,4.30,0,0.0100,0.00158,116.1
DQN_Double_PER_seed_1_1790611300,DQN_Double_PER,1,1636,82231,3.90,0,0.0100,0.00135,116.2
DQN_Double_PER_seed_1_1790611300,DQN_Double_PER,1,1637,82281,3.90,0,0.0100,0.00139,116.3
DQN_Double_PER_seed_1_1790611300,DQN_Double_PER,1,1638,82332,4.00,0,0.0100,0.00116,116.3
DQN_Double_PER_seed_1_1790611300,DQN_Double_PER,1,1639,82382,3.90,0,0.0100,0.00195,116.4
DQN_Double_PER_seed_1_1790611300,DQN_Double_PER,1,1640,82432,3.90,0,0.0100,0.00214,116.5
DQN_Double_PER_seed_1_1790611300,DQN_Double_PER,1,1641,82485,4.20,0,0.0100,0.00127,116.6
DQN_Double_PER_seed_1_1790611300,DQN_Double_PER,1,1642,82548,6.10,1,0.0100,0.00142,116.7
DQN_Double_PER_seed_1_1790611300,DQN_Double_PER,1,1643,82598,3.90,0,0.0100,0.00189,116.8
DQN_Double_PER_seed_1_1790611300,DQN_Double_PER,1,1644,82648,3.90,0,0.0100,0.00142,116.8
DQN_Double_PER_seed_1_1790611300,DQN_Double_PER,1,1645,82705,4.60,0,0.0100,0.00355,116.9
DQN_Double_PER_seed_1_1790611300,DQN_Double_PER,1,1646,82755,3.90,0,0.0100,0.00330,117.0
DQN_Double_PER_seed_1_1790611300,DQN_Double_PER,1,1647,82805,3.90,0,0.0100,0.00203,117.1
DQN_Double_PER_seed_1_1790611300,DQN_Double_PER,1,1648,82855,3.90,0,0.0100,0.00119,117.1
DQN_Double_PER_seed_1_1790611300,DQN_Double_PER,1,1649,82925,6.80,1,0.0100,0.00121,117.2
DQN_Double_PER_seed_1_1790611300,DQN_Double_PER,1,1650,82975,3.90,0,0.0100,0.00110,117.3
DQN_Double_PER_seed_1_1790611300,DQN_Double_PER,1,1651,83025,3.90,0,0.0100,0.00106,117.4
DQN_Double_PER_seed_1_1790611300,DQN_Double_PER,1,1652,83075,3.90,0,0.0100,0.00180,117.5
DQN_Double_PER_seed_1_1790611300,DQN_Double_PER,1,1653,83125,3.90,0,0.0100,0.00126,117.6
DQN_Double_PER_seed_1_1790611300,DQN_Double_PER,1,1654,83175,3.90,0,0.0100,0.00110,117.6
DQN_Double_PER_seed_1_1790611300,DQN_Double_PER,1,1655,83225,3.90,0,0.0100,0.00141,117.7
DQN_Double_PER_seed_1_1790611300,DQN_Double_PER,1,1656,83275,3.90,0,0.0100,0.00125,117.8
DQN_Double_PER_seed_1_1790611300,DQN_Double_PER,1,1657,83330,4.40,0,0.0100,0.00139,117.9
DQN_Double_PER_seed_1_1790611300,DQN_Double_PER,1,1658,83380,3.90,0,0.0100,0.00139,117.9
DQN_Double_PER_seed_1_1790611300,DQN_Double_PER,1,1659,83430,3.90,0,0.0100,0.00133,118.0
DQN_Double_PER_seed_1_1790611300,DQN_Double_PER,1,1660,83480,3.90,0,0.0100,0.00123,118.1
DQN_Double_PER_seed_1_1790611300,DQN_Double_PER,1,1661,83530,3.90,0,0.0100,0.00113,118.2
DQN_Double_PER_seed_1_1790611300,DQN_Double_PER,1,1662,83580,3.90,0,0.0100,0.00097,118.2
DQN_Double_PER_seed_1_1790611300,DQN_Double_PER,1,1663,83645,6.30,1,0.0100,0.00086,118.3
DQN_Double_PER_seed_1_1790611300,DQN_Double_PER,1,1664,83695,3.90,0,0.0100,0.00122,118.4
DQN_Double_PER_seed_1_1790611300,DQN_Double_PER,1,1665,83745,3.90,0,0.0100,0.00106,118.5
DQN_Double_PER_seed_1_1790611300,DQN_Double_PER,1,1666,83801,4.50,0,0.0100,0.00100,118.6
DQN_Double_PER_seed_1_1790611300,DQN_Double_PER,1,1667,83857,4.50,0,0.0100,0.00187,118.7
DQN_Double_PER_seed_1_1790611300,DQN_Double_PER,1,1668,83907,3.90,0,0.0100,0.00263,118.7
DQN_Double_PER_seed_1_1790611300,DQN_Double_PER,1,1669,83964,4.60,0,0.0100,0.00328,118.8
DQN_Double_PER_seed_1_1790611300,DQN_Double_PER,1,1670,84014,3.90,0,0.0100,0.00180,118.9
DQN_Double_PER_seed_1_1790611300,DQN_Double_PER,1,1671,84078,6.20,1,0.0100,0.00127,119.0
DQN_Double_PER_seed_1_1790611300,DQN_Double_PER,1,1672,84128,3.90,0,0.0100,0.00107,119.1
DQN_Double_PER_seed_1_1790611300,DQN_Double_PER,1,1673,84178,3.90,0,0.0100,0.00115,119.2
DQN_Double_PER_seed_1_1790611300,DQN_Double_PER,1,1674,84228,3.90,0,0.0100,0.00092,119.2
DQN_Double_PER_seed_1_1790611300,DQN_Double_PER,1,1675,84278,3.90,0,0.0100,0.00107,119.3
DQN_Double_PER_seed_1_1790611300,DQN_Double_PER,1,1676,84334,4.50,0,0.0100,0.00094,119.4
DQN_Double_PER_seed_1_1790611300,DQN_Double_PER,1,1677,84384,3.90,0,0.0100,0.00101,119.5
DQN_Double_PER_seed_1_1790611300,DQN_Double_PER,1,1678,84438,4.30,0,0.0100,0.00143,119.6
DQN_Double_PER_seed_1_1790611300,DQN_Double_PER,1,1679,84488,3.90,0,0.0100,0.00131,119.6
DQN_Double_PER_seed_1_1790611300,DQN_Double_PER,1,1680,84574,8.40,1,0.0100,0.00109,119.8
DQN_Double_PER_seed_1_1790611300,DQN_Double_PER,1,1681,84625,4.00,0,0.0100,0.00113,119.8
DQN_Double_PER_seed_1_1790611300,DQN_Double_PER,1,1682,84689,6.20,1,0.0100,0.00122,119.9
DQN_Double_PER_seed_1_1790611300,DQN_Double_PER,1,1683,84739,3.90,0,0.0100,0.00158,120.0
DQN_Double_PER_seed_1_1790611300,DQN_Double_PER,1,1684,84789,3.90,0,0.0100,0.00154,120.1
DQN_Double_PER_seed_1_1790611300,DQN_Double_PER,1,1685,84839,3.90,0,0.0100,0.00118,120.2
DQN_Double_PER_seed_1_1790611300,DQN_Double_PER,1,1686,84889,3.90,0,0.0100,0.00099,120.2
DQN_Double_PER_seed_1_1790611300,DQN_Double_PER,1,1687,84939,3.90,0,0.0100,0.00121,120.3
DQN_Double_PER_seed_1_1790611300,DQN_Double_PER,1,1688,84993,4.30,0,0.0100,0.00106,120.4
DQN_Double_PER_seed_1_1790611300,DQN_Double_PER,1,1689,85043,3.90,0,0.0100,0.00134,120.6
DQN_Double_PER_seed_1_1790611300,DQN_Double_PER,1,1690,85099,4.50,0,0.0100,0.00099,120.7
DQN_Double_PER_seed_1_1790611300,DQN_Double_PER,1,1691,85149,3.90,0,0.0100,0.00405,120.7
DQN_Double_PER_seed_1_1790611300,DQN_Double_PER,1,1692,85199,3.90,0,0.0100,0.00450,120.8
DQN_Double_PER_seed_1_1790611300,DQN_Double_PER,1,1693,85249,3.90,0,0.0100,0.00121,120.9
DQN_Double_PER_seed_1_1790611300,DQN_Double_PER,1,1694,85299,3.90,0,0.0100,0.00125,121.0
DQN_Double_PER_seed_1_1790611300,DQN_Double_PER,1,1695,85349,3.90,0,0.0100,0.00114,121.0
DQN_Double_PER_seed_1_1790611300,DQN_Double_PER,1,1696,85406,4.60,0,0.0100,0.00112,121.1
DQN_Double_PER_seed_1_1790611300,DQN_Double_PER,1,1697,85476,6.80,1,0.0100,0.00135,121.2
DQN_Double_PER_seed_1_1790611300,DQN_Double_PER,1,1698,85526,3.90,0,0.0100,0.00147,121.3
DQN_Double_PER_seed_1_1790611300,DQN_Double_PER,1,1699,85576,3.90,0,0.0100,0.00117,121.4
DQN_Double_PER_seed_1_1790611300,DQN_Double_PER,1,1700,85626,1.50,0,0.0100,0.00154,121.5
DQN_Double_PER_seed_1_1790611300,DQN_Double_PER,1,1701,85681,4.40,0,0.0100,0.00114,121.6
DQN_Double_PER_seed_1_1790611300,DQN_Double_PER,1,1702,85735,4.30,0,0.0100,0.00106,121.6
DQN_Double_PER_seed_1_1790611300,DQN_Double_PER,1,1703,85786,4.00,0,0.0100,0.00112,121.7
DQN_Double_PER_seed_1_1790611300,DQN_Double_PER,1,1704,85836,3.90,0,0.0100,0.00107,121.8
DQN_Double_PER_seed_1_1790611300,DQN_Double_PER,1,1705,85886,3.90,0,0.0100,0.00159,121.9
DQN_Double_PER_seed_1_1790611300,DQN_Double_PER,1,1706,85936,3.90,0,0.0100,0.00092,121.9
DQN_Double_PER_seed_1_1790611300,DQN_Double_PER,1,1707,85986,3.90,0,0.0100,0.00127,122.0
DQN_Double_PER_seed_1_1790611300,DQN_Double_PER,1,1708,86036,3.90,0,0.0100,0.00228,122.1
DQN_Double_PER_seed_1_1790611300,DQN_Double_PER,1,1709,86086,3.90,0,0.0100,0.00256,122.2
DQN_Double_PER_seed_1_1790611300,DQN_Double_PER,1,1710,86136,3.90,0,0.0100,0.00148,122.3
DQN_Double_PER_seed_1_1790611300,DQN_Double_PER,1,1711,86186,3.90,0,0.0100,0.00246,122.3
DQN_Double_PER_seed_1_1790611300,DQN_Double_PER,1,1712,86236,3.90,0,0.0100,0.00270,122.4
DQN_Double_PER_seed_1_1790611300,DQN_Double_PER,1,1713,86286,3.90,0,0.0100,0.00300,122.5
DQN_Double_PER_seed_1_1790611300,DQN_Double_PER,1,1714,86336,3.90,0,0.0100,0.00137,122.6
DQN_Double_PER_seed_1_1790611300,DQN_Double_PER,1,1715,86386,3.90,0,0.0100,0.00112,122.6
DQN_Double_PER_seed_1_1790611300,DQN_Double_PER,1,1716,86436,3.90,0,0.0100,0.00142,122.7
DQN_Double_PER_seed_1_1790611300,DQN_Double_PER,1,1717,86486,3.90,0,0.0100,0.00148,122.8
DQN_Double_PER_seed_1_1790611300,DQN_Double_PER,1,1718,86536,3.90,0,0.0100,0.00170,122.9
DQN_Double_PER_seed_1_1790611300,DQN_Double_PER,1,1719,86586,3.90,0,0.0100,0.00113,122.9
DQN_Double_PER_seed_1_1790611300,DQN_Double_PER,1,1720,86636,3.90,0,0.0100,0.00127,123.0
DQN_Double_PER_seed_1_1790611300,DQN_Double_PER,1,1721,86686,3.90,0,0.0100,0.00140,123.1
DQN_Double_PER_seed_1_1790611300,DQN_Double_PER,1,1722,86736,3.90,0,0.0100,0.00143,123.2
DQN_Double_PER_seed_1_1790611300,DQN_Double_PER,1,1723,86792,4.50,0,0.0100,0.00130,123.3
DQN_Double_PER_seed_1_1790611300,DQN_Double_PER,1,1724,86847,4.40,0,0.0100,0.00120,123.3
DQN_Double_PER_seed_1_1790611300,DQN_Double_PER,1,1725,86901,4.30,0,0.0100,0.00104,123.4
DQN_Double_PER_seed_1_1790611300,DQN_Double_PER,1,1726,86951,3.90,0,0.0100,0.00162,123.5
DQN_Double_PER_seed_1_1790611300,DQN_Double_PER,1,1727,87037,8.40,1,0.0100,0.00229,123.6
DQN_Double_PER_seed_1_1790611300,DQN_Double_PER,1,1728,87089,4.10,0,0.0100,0.00145,123.7
DQN_Double_PER_seed_1_1790611300,DQN_Double_PER,1,1729,87142,4.20,0,0.0100,0.00161,123.8
DQN_Double_PER_seed_1_1790611300,DQN_Double_PER,1,1730,87192,3.90,0,0.0100,0.00221,123.9
DQN_Double_PER_seed_1_1790611300,DQN_Double_PER,1,1731,87278,8.40,1,0.0100,0.00144,124.0
DQN_Double_PER_seed_1_1790611300,DQN_Double_PER,1,1732,87341,6.10,1,0.0100,0.00118,124.1
DQN_Double_PER_seed_1_1790611300,DQN_Double_PER,1,1733,87406,6.30,1,0.0100,0.00122,124.2
DQN_Double_PER_seed_1_1790611300,DQN_Double_PER,1,1734,87472,6.40,1,0.0100,0.00155,124.3
DQN_Double_PER_seed_1_1790611300,DQN_Double_PER,1,1735,87522,3.90,0,0.0100,0.00152,124.4
DQN_Double_PER_seed_1_1790611300,DQN_Double_PER,1,1736,87572,3.90,0,0.0100,0.00237,124.4
DQN_Double_PER_seed_1_1790611300,DQN_Double_PER,1,1737,87622,3.90,0,0.0100,0.00255,124.5
DQN_Double_PER_seed_1_1790611300,DQN_Double_PER,1,1738,87682,4.90,0,0.0100,0.00293,124.6
DQN_Double_PER_seed_1_1790611300,DQN_Double_PER,1,1739,87732,3.90,0,0.0100,0.00166,124.7
DQN_Double_PER_seed_1_1790611300,DQN_Double_PER,1,1740,87791,4.80,0,0.0100,0.00118,124.8
DQN_Double_PER_seed_1_1790611300,DQN_Double_PER,1,1741,87841,3.90,0,0.0100,0.00145,124.9
DQN_Double_PER_seed_1_1790611300,DQN_Double_PER,1,1742,87891,3.90,0,0.0100,0.00109,124.9
DQN_Double_PER_seed_1_1790611300,DQN_Double_PER,1,1743,87944,4.20,0,0.0100,0.00107,125.0
DQN_Double_PER_seed_1_1790611300,DQN_Double_PER,1,1744,87994,3.90,0,0.0100,0.00114,125.1
DQN_Double_PER_seed_1_1790611300,DQN_Double_PER,1,1745,88044,3.90,0,0.0100,0.00109,125.2
DQN_Double_PER_seed_1_1790611300,DQN_Double_PER,1,1746,88094,3.90,0,0.0100,0.00092,125.2
DQN_Double_PER_seed_1_1790611300,DQN_Double_PER,1,1747,88145,4.00,0,0.0100,0.00167,125.3
DQN_Double_PER_seed_1_1790611300,DQN_Double_PER,1,1748,88196,4.00,0,0.0100,0.00142,125.4
DQN_Double_PER_seed_1_1790611300,DQN_Double_PER,1,1749,88246,3.90,0,0.0100,0.00123,125.5
DQN_Double_PER_seed_1_1790611300,DQN_Double_PER,1,1750,88296,3.90,0,0.0100,0.00100,125.6
DQN_Double_PER_seed_1_1790611300,DQN_Double_PER,1,1751,88346,3.90,0,0.0100,0.00155,125.6
DQN_Double_PER_seed_1_1790611300,DQN_Double_PER,1,1752,88396,3.90,0,0.0100,0.00113,125.7
DQN_Double_PER_seed_1_1790611300,DQN_Double_PER,1,1753,88446,1.50,0,0.0100,0.00104,125.8
DQN_Double_PER_seed_1_1790611300,DQN_Double_PER,1,1754,88508,6.00,1,0.0100,0.00132,125.9
DQN_Double_PER_seed_1_1790611300,DQN_Double_PER,1,1755,88560,4.10,0,0.0100,0.00149,126.0
DQN_Double_PER_seed_1_1790611300,DQN_Double_PER,1,1756,88610,3.90,0,0.0100,0.00138,126.0
DQN_Double_PER_seed_1_1790611300,DQN_Double_PER,1,1757,88696,8.40,1,0.0100,0.00147,126.2
DQN_Double_PER_seed_1_1790611300,DQN_Double_PER,1,1758,88766,6.80,1,0.0100,0.00123,126.3
DQN_Double_PER_seed_1_1790611300,DQN_Double_PER,1,1759,88816,3.90,0,0.0100,0.00171,126.4
DQN_Double_PER_seed_1_1790611300,DQN_Double_PER,1,1760,88866,3.90,0,0.0100,0.00127,126.4
DQN_Double_PER_seed_1_1790611300,DQN_Double_PER,1,1761,88916,3.90,0,0.0100,0.00128,126.5
DQN_Double_PER_seed_1_1790611300,DQN_Double_PER,1,1762,88970,4.30,0,0.0100,0.00184,126.6
DQN_Double_PER_seed_1_1790611300,DQN_Double_PER,1,1763,89020,3.90,0,0.0100,0.00153,126.7
DQN_Double_PER_seed_1_1790611300,DQN_Double_PER,1,1764,89070,3.90,0,0.0100,0.00146,126.7
DQN_Double_PER_seed_1_1790611300,DQN_Double_PER,1,1765,89120,3.90,0,0.0100,0.00113,126.8
DQN_Double_PER_seed_1_1790611300,DQN_Double_PER,1,1766,89170,3.90,0,0.0100,0.00105,126.9
DQN_Double_PER_seed_1_1790611300,DQN_Double_PER,1,1767,89220,3.90,0,0.0100,0.00195,127.0
DQN_Double_PER_seed_1_1790611300,DQN_Double_PER,1,1768,89270,3.90,0,0.0100,0.00164,127.0
DQN_Double_PER_seed_1_1790611300,DQN_Double_PER,1,1769,89321,4.00,0,0.0100,0.00163,127.1
DQN_Double_PER_seed_1_1790611300,DQN_Double_PER,1,1770,89389,6.60,1,0.0100,0.00123,127.2
DQN_Double_PER_seed_1_1790611300,DQN_Double_PER,1,1771,89444,4.40,0,0.0100,0.00109,127.3
DQN_Double_PER_seed_1_1790611300,DQN_Double_PER,1,1772,89494,3.90,0,0.0100,0.00144,127.4
DQN_Double_PER_seed_1_1790611300,DQN_Double_PER,1,1773,89547,4.20,0,0.0100,0.00141,127.5
DQN_Double_PER_seed_1_1790611300,DQN_Double_PER,1,1774,89597,3.90,0,0.0100,0.00129,127.5
DQN_Double_PER_seed_1_1790611300,DQN_Double_PER,1,1775,89683,8.40,1,0.0100,0.00112,127.7
DQN_Double_PER_seed_1_1790611300,DQN_Double_PER,1,1776,89733,3.90,0,0.0100,0.00161,127.8
DQN_Double_PER_seed_1_1790611300,DQN_Double_PER,1,1777,89783,3.90,0,0.0100,0.00121,127.8
DQN_Double_PER_seed_1_1790611300,DQN_Double_PER,1,1778,89838,4.40,0,0.0100,0.00142,127.9
DQN_Double_PER_seed_1_1790611300,DQN_Double_PER,1,1779,89888,3.90,0,0.0100,0.00158,128.0
DQN_Double_PER_seed_1_1790611300,DQN_Double_PER,1,1780,89940,4.10,0,0.0100,0.00171,128.1
DQN_Double_PER_seed_1_1790611300,DQN_Double_PER,1,1781,89990,3.90,0,0.0100,0.00152,128.1
DQN_Double_PER_seed_1_1790611300,DQN_Double_PER,1,1782,90040,3.90,0,0.0100,0.00221,128.3
DQN_Double_PER_seed_1_1790611300,DQN_Double_PER,1,1783,90090,3.90,0,0.0100,0.00264,128.4
DQN_Double_PER_seed_1_1790611300,DQN_Double_PER,1,1784,90176,8.40,1,0.0100,0.00152,128.5
DQN_Double_PER_seed_1_1790611300,DQN_Double_PER,1,1785,90226,3.90,0,0.0100,0.00175,128.6
DQN_Double_PER_seed_1_1790611300,DQN_Double_PER,1,1786,90276,3.90,0,0.0100,0.00149,128.7
DQN_Double_PER_seed_1_1790611300,DQN_Double_PER,1,1787,90326,3.90,0,0.0100,0.00132,128.8
DQN_Double_PER_seed_1_1790611300,DQN_Double_PER,1,1788,90380,4.30,0,0.0100,0.00144,128.8
DQN_Double_PER_seed_1_1790611300,DQN_Double_PER,1,1789,90430,3.90,0,0.0100,0.00212,128.9
DQN_Double_PER_seed_1_1790611300,DQN_Double_PER,1,1790,90480,3.90,0,0.0100,0.00177,129.0
DQN_Double_PER_seed_1_1790611300,DQN_Double_PER,1,1791,90530,3.90,0,0.0100,0.00105,129.1
DQN_Double_PER_seed_1_1790611300,DQN_Double_PER,1,1792,90580,3.90,0,0.0100,0.00089,129.2
DQN_Double_PER_seed_1_1790611300,DQN_Double_PER,1,1793,90630,3.90,0,0.0100,0.00112,129.2
DQN_Double_PER_seed_1_1790611300,DQN_Double_PER,1,1794,90680,3.90,0,0.0100,0.00145,129.3
DQN_Double_PER_seed_1_1790611300,DQN_Double_PER,1,1795,90730,3.90,0,0.0100,0.00132,129.4
DQN_Double_PER_seed_1_1790611300,DQN_Double_PER,1,1796,90795,6.30,1,0.0100,0.00144,129.5
DQN_Double_PER_seed_1_1790611300,DQN_Double_PER,1,1797,90845,3.90,0,0.0100,0.00135,129.6
DQN_Double_PER_seed_1_1790611300,DQN_Double_PER,1,1798,90895,3.90,0,0.0100,0.00144,129.6
DQN_Double_PER_seed_1_1790611300,DQN_Double_PER,1,1799,90945,3.90,0,0.0100,0.00329,129.7
DQN_Double_PER_seed_1_1790611300,DQN_Double_PER,1,1800,91015,6.80,1,0.0100,0.00147,129.8
DQN_Double_PER_seed_1_1790611300,DQN_Double_PER,1,1801,91065,3.90,0,0.0100,0.00142,129.9
DQN_Double_PER_seed_1_1790611300,DQN_Double_PER,1,1802,91115,3.90,0,0.0100,0.00139,130.0
DQN_Double_PER_seed_1_1790611300,DQN_Double_PER,1,1803,91201,8.40,1,0.0100,0.00110,130.1
DQN_Double_PER_seed_1_1790611300,DQN_Double_PER,1,1804,91287,8.40,1,0.0100,0.00129,130.2
DQN_Double_PER_seed_1_1790611300,DQN_Double_PER,1,1805,91339,4.10,0,0.0100,0.00141,130.3
DQN_Double_PER_seed_1_1790611300,DQN_Double_PER,1,1806,91389,3.90,0,0.0100,0.00142,130.4
DQN_Double_PER_seed_1_1790611300,DQN_Double_PER,1,1807,91439,3.90,0,0.0100,0.00108,130.5
DQN_Double_PER_seed_1_1790611300,DQN_Double_PER,1,1808,91495,4.50,0,0.0100,0.00184,130.6
DQN_Double_PER_seed_1_1790611300,DQN_Double_PER,1,1809,91545,3.90,0,0.0100,0.00139,130.6
DQN_Double_PER_seed_1_1790611300,DQN_Double_PER,1,1810,91595,3.90,0,0.0100,0.00114,130.7
DQN_Double_PER_seed_1_1790611300,DQN_Double_PER,1,1811,91645,3.90,0,0.0100,0.00126,130.8
DQN_Double_PER_seed_1_1790611300,DQN_Double_PER,1,1812,91695,3.90,0,0.0100,0.00132,130.9
DQN_Double_PER_seed_1_1790611300,DQN_Double_PER,1,1813,91753,4.70,0,0.0100,0.00178,131.0
DQN_Double_PER_seed_1_1790611300,DQN_Double_PER,1,1814,91803,3.90,0,0.0100,0.00136,131.0
DQN_Double_PER_seed_1_1790611300,DQN_Double_PER,1,1815,91857,4.30,0,0.0100,0.00103,131.1
DQN_Double_PER_seed_1_1790611300,DQN_Double_PER,1,1816,91948,8.90,1,0.0100,0.00176,131.3
DQN_Double_PER_seed_1_1790611300,DQN_Double_PER,1,1817,91998,3.90,0,0.0100,0.00136,131.3
DQN_Double_PER_seed_1_1790611300,DQN_Double_PER,1,1818,92048,3.90,0,0.0100,0.00142,131.4
DQN_Double_PER_seed_1_1790611300,DQN_Double_PER,1,1819,92134,8.40,1,0.0100,0.00138,131.5
DQN_Double_PER_seed_1_1790611300,DQN_Double_PER,1,1820,92187,4.20,0,0.0100,0.00168,131.6
DQN_Double_PER_seed_1_1790611300,DQN_Double_PER,1,1821,92237,3.90,0,0.0100,0.00161,131.7
DQN_Double_PER_seed_1_1790611300,DQN_Double_PER,1,1822,92323,8.40,1,0.0100,0.00107,131.8
DQN_Double_PER_seed_1_1790611300,DQN_Double_PER,1,1823,92373,3.90,0,0.0100,0.00072,131.9
DQN_Double_PER_seed_1_1790611300,DQN_Double_PER,1,1824,92423,3.90,0,0.0100,0.00102,132.0
DQN_Double_PER_seed_1_1790611300,DQN_Double_PER,1,1825,92473,3.90,0,0.0100,0.00189,132.1
DQN_Double_PER_seed_1_1790611300,DQN_Double_PER,1,1826,92541,6.60,1,0.0100,0.00131,132.2
DQN_Double_PER_seed_1_1790611300,DQN_Double_PER,1,1827,92591,3.90,0,0.0100,0.00119,132.2
DQN_Double_PER_seed_1_1790611300,DQN_Double_PER,1,1828,92641,3.90,0,0.0100,0.00140,132.3
DQN_Double_PER_seed_1_1790611300,DQN_Double_PER,1,1829,92691,3.90,0,0.0100,0.00201,132.4
DQN_Double_PER_seed_1_1790611300,DQN_Double_PER,1,1830,92741,3.90,0,0.0100,0.00114,132.5
DQN_Double_PER_seed_1_1790611300,DQN_Double_PER,1,1831,92792,4.00,0,0.0100,0.00095,132.6
DQN_Double_PER_seed_1_1790611300,DQN_Double_PER,1,1832,92859,6.50,1,0.0100,0.00114,132.7
DQN_Double_PER_seed_1_1790611300,DQN_Double_PER,1,1833,92927,6.60,1,0.0100,0.00121,132.8
DQN_Double_PER_seed_1_1790611300,DQN_Double_PER,1,1834,92977,3.90,0,0.0100,0.00131,132.8
DQN_Double_PER_seed_1_1790611300,DQN_Double_PER,1,1835,93027,3.90,0,0.0100,0.00106,132.9
DQN_Double_PER_seed_1_1790611300,DQN_Double_PER,1,1836,93077,3.90,0,0.0100,0.00159,133.0
DQN_Double_PER_seed_1_1790611300,DQN_Double_PER,1,1837,93127,3.90,0,0.0100,0.00177,133.1
DQN_Double_PER_seed_1_1790611300,DQN_Double_PER,1,1838,93177,3.90,0,0.0100,0.00184,133.1
DQN_Double_PER_seed_1_1790611300,DQN_Double_PER,1,1839,93227,3.90,0,0.0100,0.00126,133.2
DQN_Double_PER_seed_1_1790611300,DQN_Double_PER,1,1840,93277,3.90,0,0.0100,0.00189,133.3
DQN_Double_PER_seed_1_1790611300,DQN_Double_PER,1,1841,93327,-0.90,0,0.0100,0.00160,133.4
DQN_Double_PER_seed_1_1790611300,DQN_Double_PER,1,1842,93385,4.70,0,0.0100,0.00139,133.5
DQN_Double_PER_seed_1_1790611300,DQN_Double_PER,1,1843,93435,3.90,0,0.0100,0.00131,133.5
DQN_Double_PER_seed_1_1790611300,DQN_Double_PER,1,1844,93486,4.00,0,0.0100,0.00131,133.6
DQN_Double_PER_seed_1_1790611300,DQN_Double_PER,1,1845,93539,4.20,0,0.0100,0.00203,133.7
DQN_Double_PER_seed_1_1790611300,DQN_Double_PER,1,1846,93589,3.90,0,0.0100,0.00175,133.8
DQN_Double_PER_seed_1_1790611300,DQN_Double_PER,1,1847,93675,8.40,1,0.0100,0.00122,133.9
DQN_Double_PER_seed_1_1790611300,DQN_Double_PER,1,1848,93761,8.40,1,0.0100,0.00163,134.0
DQN_Double_PER_seed_1_1790611300,DQN_Double_PER,1,1849,93811,3.90,0,0.0100,0.00132,134.1
DQN_Double_PER_seed_1_1790611300,DQN_Double_PER,1,1850,93861,3.90,0,0.0100,0.00177,134.2
DQN_Double_PER_seed_1_1790611300,DQN_Double_PER,1,1851,93911,3.90,0,0.0100,0.00151,134.3
DQN_Double_PER_seed_1_1790611300,DQN_Double_PER,1,1852,93961,3.90,0,0.0100,0.00098,134.3
DQN_Double_PER_seed_1_1790611300,DQN_Double_PER,1,1853,94011,3.90,0,0.0100,0.00157,134.4
DQN_Double_PER_seed_1_1790611300,DQN_Double_PER,1,1854,94061,3.90,0,0.0100,0.00199,134.5
DQN_Double_PER_seed_1_1790611300,DQN_Double_PER,1,1855,94111,3.90,0,0.0100,0.00251,134.6
DQN_Double_PER_seed_1_1790611300,DQN_Double_PER,1,1856,94161,3.90,0,0.0100,0.00179,134.7
DQN_Double_PER_seed_1_1790611300,DQN_Double_PER,1,1857,94227,6.40,1,0.0100,0.00130,134.8
DQN_Double_PER_seed_1_1790611300,DQN_Double_PER,1,1858,94296,6.70,1,0.0100,0.00138,134.9
DQN_Double_PER_seed_1_1790611300,DQN_Double_PER,1,1859,94346,3.90,0,0.0100,0.00160,134.9
DQN_Double_PER_seed_1_1790611300,DQN_Double_PER,1,1860,94396,3.90,0,0.0100,0.00175,135.0
DQN_Double_PER_seed_1_1790611300,DQN_Double_PER,1,1861,94446,3.90,0,0.0100,0.00152,135.1
DQN_Double_PER_seed_1_1790611300,DQN_Double_PER,1,1862,94499,4.20,0,0.0100,0.00144,135.2
DQN_Double_PER_seed_1_1790611300,DQN_Double_PER,1,1863,94549,3.90,0,0.0100,0.00133,135.3
DQN_Double_PER_seed_1_1790611300,DQN_Double_PER,1,1864,94610,5.00,1,0.0100,0.00158,135.3
DQN_Double_PER_seed_1_1790611300,DQN_Double_PER,1,1865,94660,3.90,0,0.0100,0.00172,135.4
DQN_Double_PER_seed_1_1790611300,DQN_Double_PER,1,1866,94710,3.90,0,0.0100,0.00188,135.5
DQN_Double_PER_seed_1_1790611300,DQN_Double_PER,1,1867,94760,3.90,0,0.0100,0.00145,135.6
DQN_Double_PER_seed_1_1790611300,DQN_Double_PER,1,1868,94810,3.90,0,0.0100,0.00171,135.7
DQN_Double_PER_seed_1_1790611300,DQN_Double_PER,1,1869,94863,4.20,0,0.0100,0.00119,135.7
DQN_Double_PER_seed_1_1790611300,DQN_Double_PER,1,1870,94913,3.90,0,0.0100,0.00161,135.8
DQN_Double_PER_seed_1_1790611300,DQN_Double_PER,1,1871,94966,4.20,0,0.0100,0.00143,135.9
DQN_Double_PER_seed_1_1790611300,DQN_Double_PER,1,1872,95016,3.90,0,0.0100,0.00179,136.1
DQN_Double_PER_seed_1_1790611300,DQN_Double_PER,1,1873,95066,3.90,0,0.0100,0.00156,136.1
DQN_Double_PER_seed_1_1790611300,DQN_Double_PER,1,1874,95116,3.90,0,0.0100,0.00166,136.2
DQN_Double_PER_seed_1_1790611300,DQN_Double_PER,1,1875,95166,3.90,0,0.0100,0.00152,136.3
DQN_Double_PER_seed_1_1790611300,DQN_Double_PER,1,1876,95234,6.60,1,0.0100,0.00318,136.4
DQN_Double_PER_seed_1_1790611300,DQN_Double_PER,1,1877,95285,4.00,0,0.0100,0.00233,136.5
DQN_Double_PER_seed_1_1790611300,DQN_Double_PER,1,1878,95335,3.90,0,0.0100,0.00155,136.6
DQN_Double_PER_seed_1_1790611300,DQN_Double_PER,1,1879,95388,4.20,0,0.0100,0.00137,136.6
DQN_Double_PER_seed_1_1790611300,DQN_Double_PER,1,1880,95439,4.00,0,0.0100,0.00226,136.7
DQN_Double_PER_seed_1_1790611300,DQN_Double_PER,1,1881,95489,3.90,0,0.0100,0.00155,136.8
DQN_Double_PER_seed_1_1790611300,DQN_Double_PER,1,1882,95539,3.90,0,0.0100,0.00150,136.9
DQN_Double_PER_seed_1_1790611300,DQN_Double_PER,1,1883,95589,3.90,0,0.0100,0.00423,136.9
DQN_Double_PER_seed_1_1790611300,DQN_Double_PER,1,1884,95639,3.90,0,0.0100,0.00277,137.0
DQN_Double_PER_seed_1_1790611300,DQN_Double_PER,1,1885,95689,3.90,0,0.0100,0.00181,137.1
DQN_Double_PER_seed_1_1790611300,DQN_Double_PER,1,1886,95741,4.10,0,0.0100,0.00158,137.2
DQN_Double_PER_seed_1_1790611300,DQN_Double_PER,1,1887,95793,4.10,0,0.0100,0.00167,137.3
DQN_Double_PER_seed_1_1790611300,DQN_Double_PER,1,1888,95846,4.20,0,0.0100,0.00134,137.3
DQN_Double_PER_seed_1_1790611300,DQN_Double_PER,1,1889,95898,4.10,0,0.0100,0.00125,137.4
DQN_Double_PER_seed_1_1790611300,DQN_Double_PER,1,1890,95966,6.60,1,0.0100,0.00162,137.5
DQN_Double_PER_seed_1_1790611300,DQN_Double_PER,1,1891,96016,3.90,0,0.0100,0.00138,137.6
DQN_Double_PER_seed_1_1790611300,DQN_Double_PER,1,1892,96074,4.70,0,0.0100,0.00116,137.7
DQN_Double_PER_seed_1_1790611300,DQN_Double_PER,1,1893,96131,4.60,0,0.0100,0.00138,137.8
DQN_Double_PER_seed_1_1790611300,DQN_Double_PER,1,1894,96187,4.50,0,0.0100,0.00145,137.9
DQN_Double_PER_seed_1_1790611300,DQN_Double_PER,1,1895,96242,4.40,0,0.0100,0.00163,137.9
DQN_Double_PER_seed_1_1790611300,DQN_Double_PER,1,1896,96292,3.90,0,0.0100,0.00175,138.0
DQN_Double_PER_seed_1_1790611300,DQN_Double_PER,1,1897,96342,3.90,0,0.0100,0.00139,138.1
DQN_Double_PER_seed_1_1790611300,DQN_Double_PER,1,1898,96392,3.90,0,0.0100,0.00154,138.2
DQN_Double_PER_seed_1_1790611300,DQN_Double_PER,1,1899,96442,0.30,0,0.0100,0.00150,138.3
DQN_Double_PER_seed_1_1790611300,DQN_Double_PER,1,1900,96492,3.90,0,0.0100,0.00175,138.3
DQN_Double_PER_seed_1_1790611300,DQN_Double_PER,1,1901,96545,4.20,0,0.0100,0.00134,138.4
DQN_Double_PER_seed_1_1790611300,DQN_Double_PER,1,1902,96597,4.10,0,0.0100,0.00145,138.5
DQN_Double_PER_seed_1_1790611300,DQN_Double_PER,1,1903,96647,3.90,0,0.0100,0.00147,138.6
DQN_Double_PER_seed_1_1790611300,DQN_Double_PER,1,1904,96733,8.40,1,0.0100,0.00141,138.7
DQN_Double_PER_seed_1_1790611300,DQN_Double_PER,1,1905,96784,4.00,0,0.0100,0.00151,138.8
DQN_Double_PER_seed_1_1790611300,DQN_Double_PER,1,1906,96839,4.40,0,0.0100,0.00167,138.9
DQN_Double_PER_seed_1_1790611300,DQN_Double_PER,1,1907,96925,8.40,1,0.0100,0.00187,139.0
DQN_Double_PER_seed_1_1790611300,DQN_Double_PER,1,1908,96975,-3.30,0,0.0100,0.00139,139.1
DQN_Double_PER_seed_1_1790611300,DQN_Double_PER,1,1909,97032,4.60,0,0.0100,0.00217,139.2
DQN_Double_PER_seed_1_1790611300,DQN_Double_PER,1,1910,97083,4.00,0,0.0100,0.00237,139.2
DQN_Double_PER_seed_1_1790611300,DQN_Double_PER,1,1911,97133,3.90,0,0.0100,0.00212,139.3
DQN_Double_PER_seed_1_1790611300,DQN_Double_PER,1,1912,97192,4.80,0,0.0100,0.00204,139.4
DQN_Double_PER_seed_1_1790611300,DQN_Double_PER,1,1913,97278,7.80,1,0.0100,0.00171,139.5
DQN_Double_PER_seed_1_1790611300,DQN_Double_PER,1,1914,97328,3.90,0,0.0100,0.00156,139.6
DQN_Double_PER_seed_1_1790611300,DQN_Double_PER,1,1915,97382,4.30,0,0.0100,0.00182,139.7
DQN_Double_PER_seed_1_1790611300,DQN_Double_PER,1,1916,97432,3.90,0,0.0100,0.00171,139.8
DQN_Double_PER_seed_1_1790611300,DQN_Double_PER,1,1917,97482,-0.90,0,0.0100,0.00221,139.9
DQN_Double_PER_seed_1_1790611300,DQN_Double_PER,1,1918,97533,4.00,0,0.0100,0.00197,139.9
DQN_Double_PER_seed_1_1790611300,DQN_Double_PER,1,1919,97592,4.80,0,0.0100,0.00185,140.0
DQN_Double_PER_seed_1_1790611300,DQN_Double_PER,1,1920,97653,5.00,1,0.0100,0.00207,140.1
DQN_Double_PER_seed_1_1790611300,DQN_Double_PER,1,1921,97707,4.30,0,0.0100,0.00189,140.2
DQN_Double_PER_seed_1_1790611300,DQN_Double_PER,1,1922,97763,4.50,0,0.0100,0.00262,140.3
DQN_Double_PER_seed_1_1790611300,DQN_Double_PER,1,1923,97813,3.90,0,0.0100,0.00171,140.4
DQN_Double_PER_seed_1_1790611300,DQN_Double_PER,1,1924,97863,3.90,0,0.0100,0.00123,140.4
DQN_Double_PER_seed_1_1790611300,DQN_Double_PER,1,1925,97921,4.70,0,0.0100,0.00162,140.5
DQN_Double_PER_seed_1_1790611300,DQN_Double_PER,1,1926,98008,8.50,1,0.0100,0.00149,140.7
DQN_Double_PER_seed_1_1790611300,DQN_Double_PER,1,1927,98063,4.40,0,0.0100,0.00125,140.8
DQN_Double_PER_seed_1_1790611300,DQN_Double_PER,1,1928,98118,4.40,0,0.0100,0.00143,140.8
DQN_Double_PER_seed_1_1790611300,DQN_Double_PER,1,1929,98173,4.40,0,0.0100,0.00157,140.9
DQN_Double_PER_seed_1_1790611300,DQN_Double_PER,1,1930,98223,3.90,0,0.0100,0.00142,141.0
DQN_Double_PER_seed_1_1790611300,DQN_Double_PER,1,1931,98283,4.90,0,0.0100,0.00136,141.1
DQN_Double_PER_seed_1_1790611300,DQN_Double_PER,1,1932,98333,3.90,0,0.0100,0.00112,141.2
DQN_Double_PER_seed_1_1790611300,DQN_Double_PER,1,1933,98390,4.60,0,0.0100,0.00142,141.3
DQN_Double_PER_seed_1_1790611300,DQN_Double_PER,1,1934,98451,5.00,1,0.0100,0.00135,141.3
DQN_Double_PER_seed_1_1790611300,DQN_Double_PER,1,1935,98509,4.70,0,0.0100,0.00185,141.4
DQN_Double_PER_seed_1_1790611300,DQN_Double_PER,1,1936,98564,4.40,0,0.0100,0.00200,141.5
DQN_Double_PER_seed_1_1790611300,DQN_Double_PER,1,1937,98650,8.40,1,0.0100,0.00144,141.7
DQN_Double_PER_seed_1_1790611300,DQN_Double_PER,1,1938,98703,4.20,0,0.0100,0.00182,141.7
DQN_Double_PER_seed_1_1790611300,DQN_Double_PER,1,1939,98757,4.30,0,0.0100,0.00178,141.8
DQN_Double_PER_seed_1_1790611300,DQN_Double_PER,1,1940,98807,3.90,0,0.0100,0.00131,141.9
DQN_Double_PER_seed_1_1790611300,DQN_Double_PER,1,1941,98875,6.60,1,0.0100,0.00161,142.0
DQN_Double_PER_seed_1_1790611300,DQN_Double_PER,1,1942,98925,3.90,0,0.0100,0.00177,142.1
DQN_Double_PER_seed_1_1790611300,DQN_Double_PER,1,1943,98979,4.30,0,0.0100,0.00166,142.2
DQN_Double_PER_seed_1_1790611300,DQN_Double_PER,1,1944,99029,3.90,0,0.0100,0.00186,142.2
DQN_Double_PER_seed_1_1790611300,DQN_Double_PER,1,1945,99079,3.90,0,0.0100,0.00158,142.3
DQN_Double_PER_seed_1_1790611300,DQN_Double_PER,1,1946,99129,3.90,0,0.0100,0.00129,142.4
DQN_Double_PER_seed_1_1790611300,DQN_Double_PER,1,1947,99215,8.40,1,0.0100,0.00215,142.5
DQN_Double_PER_seed_1_1790611300,DQN_Double_PER,1,1948,99265,3.90,0,0.0100,0.00150,142.6
DQN_Double_PER_seed_1_1790611300,DQN_Double_PER,1,1949,99315,3.90,0,0.0100,0.00168,142.7
DQN_Double_PER_seed_1_1790611300,DQN_Double_PER,1,1950,99370,4.40,0,0.0100,0.00171,142.8
DQN_Double_PER_seed_1_1790611300,DQN_Double_PER,1,1951,99456,8.40,1,0.0100,0.00134,142.9
DQN_Double_PER_seed_1_1790611300,DQN_Double_PER,1,1952,99506,0.90,0,0.0100,0.00139,143.0
DQN_Double_PER_seed_1_1790611300,DQN_Double_PER,1,1953,99556,3.90,0,0.0100,0.00131,143.1
DQN_Double_PER_seed_1_1790611300,DQN_Double_PER,1,1954,99642,8.40,1,0.0100,0.00122,143.2
DQN_Double_PER_seed_1_1790611300,DQN_Double_PER,1,1955,99692,3.90,0,0.0100,0.00154,143.3
DQN_Double_PER_seed_1_1790611300,DQN_Double_PER,1,1956,99742,3.90,0,0.0100,0.00162,143.3
DQN_Double_PER_seed_1_1790611300,DQN_Double_PER,1,1957,99792,3.90,0,0.0100,0.00281,143.4
DQN_Double_PER_seed_1_1790611300,DQN_Double_PER,1,1958,99842,3.90,0,0.0100,0.00187,143.5
DQN_Double_PER_seed_1_1790611300,DQN_Double_PER,1,1959,99903,5.00,1,0.0100,0.00144,143.6
DQN_Double_PER_seed_1_1790611300,DQN_Double_PER,1,1960,99969,6.40,1,0.0100,0.00140,143.7
DQN_Double_PER_seed_1_1790611300,DQN_Double_PER,1,1961,100033,6.20,1,0.0100,0.00180,143.9
DQN_Double_PER_seed_1_1790611300,DQN_Double_PER,1,1962,100090,4.60,0,0.0100,0.00231,144.0
DQN_Double_PER_seed_1_1790611300,DQN_Double_PER,1,1963,100155,6.30,1,0.0100,0.00177,144.1
DQN_Double_PER_seed_1_1790611300,DQN_Double_PER,1,1964,100225,6.80,1,0.0100,0.00223,144.2
DQN_Double_PER_seed_1_1790611300,DQN_Double_PER,1,1965,100285,4.90,0,0.0100,0.00226,144.3
DQN_Double_PER_seed_1_1790611300,DQN_Double_PER,1,1966,100371,8.40,1,0.0100,0.00316,144.4
DQN_Double_PER_seed_1_1790611300,DQN_Double_PER,1,1967,100426,4.40,0,0.0100,0.00191,144.5
DQN_Double_PER_seed_1_1790611300,DQN_Double_PER,1,1968,100476,3.90,0,0.0100,0.00169,144.6
DQN_Double_PER_seed_1_1790611300,DQN_Double_PER,1,1969,100535,4.80,0,0.0100,0.00187,144.6
DQN_Double_PER_seed_1_1790611300,DQN_Double_PER,1,1970,100595,4.90,0,0.0100,0.00183,144.7
DQN_Double_PER_seed_1_1790611300,DQN_Double_PER,1,1971,100681,8.40,1,0.0100,0.00181,144.9
DQN_Double_PER_seed_1_1790611300,DQN_Double_PER,1,1972,100767,8.40,1,0.0100,0.00180,145.0
DQN_Double_PER_seed_1_1790611300,DQN_Double_PER,1,1973,100835,6.60,1,0.0100,0.00168,145.1
DQN_Double_PER_seed_1_1790611300,DQN_Double_PER,1,1974,100890,4.40,0,0.0100,0.00172,145.2
DQN_Double_PER_seed_1_1790611300,DQN_Double_PER,1,1975,100958,6.60,1,0.0100,0.00163,145.3
DQN_Double_PER_seed_1_1790611300,DQN_Double_PER,1,1976,101017,4.80,0,0.0100,0.00176,145.4
DQN_Double_PER_seed_1_1790611300,DQN_Double_PER,1,1977,101075,4.70,0,0.0100,0.00169,145.5
DQN_Double_PER_seed_1_1790611300,DQN_Double_PER,1,1978,101125,3.90,0,0.0100,0.00183,145.6
DQN_Double_PER_seed_1_1790611300,DQN_Double_PER,1,1979,101190,6.30,1,0.0100,0.00172,145.7
DQN_Double_PER_seed_1_1790611300,DQN_Double_PER,1,1980,101276,8.40,1,0.0100,0.00177,145.8
DQN_Double_PER_seed_1_1790611300,DQN_Double_PER,1,1981,101362,8.40,1,0.0100,0.00142,145.9
DQN_Double_PER_seed_1_1790611300,DQN_Double_PER,1,1982,101448,8.40,1,0.0100,0.00180,146.1
DQN_Double_PER_seed_1_1790611300,DQN_Double_PER,1,1983,101534,8.40,1,0.0100,0.00163,146.2
DQN_Double_PER_seed_1_1790611300,DQN_Double_PER,1,1984,101620,8.40,1,0.0100,0.00173,146.3
DQN_Double_PER_seed_1_1790611300,DQN_Double_PER,1,1985,101706,8.40,1,0.0100,0.00165,146.5
DQN_Double_PER_seed_1_1790611300,DQN_Double_PER,1,1986,101792,8.40,1,0.0100,0.00152,146.6
DQN_Double_PER_seed_1_1790611300,DQN_Double_PER,1,1987,101853,5.00,1,0.0100,0.00130,146.7
DQN_Double_PER_seed_1_1790611300,DQN_Double_PER,1,1988,101903,3.90,0,0.0100,0.00138,146.8
DQN_Double_PER_seed_1_1790611300,DQN_Double_PER,1,1989,101989,8.40,1,0.0100,0.00178,146.9
DQN_Double_PER_seed_1_1790611300,DQN_Double_PER,1,1990,102075,7.80,1,0.0100,0.00199,147.0
DQN_Double_PER_seed_1_1790611300,DQN_Double_PER,1,1991,102125,3.90,0,0.0100,0.00215,147.1
DQN_Double_PER_seed_1_1790611300,DQN_Double_PER,1,1992,102211,8.40,1,0.0100,0.00221,147.2
DQN_Double_PER_seed_1_1790611300,DQN_Double_PER,1,1993,102261,-0.90,0,0.0100,0.00237,147.3
DQN_Double_PER_seed_1_1790611300,DQN_Double_PER,1,1994,102311,3.90,0,0.0100,0.00273,147.4
DQN_Double_PER_seed_1_1790611300,DQN_Double_PER,1,1995,102371,4.90,0,0.0100,0.00206,147.5
DQN_Double_PER_seed_1_1790611300,DQN_Double_PER,1,1996,102429,4.70,0,0.0100,0.00181,147.6
DQN_Double_PER_seed_1_1790611300,DQN_Double_PER,1,1997,102488,4.80,0,0.0100,0.00247,147.7
DQN_Double_PER_seed_1_1790611300,DQN_Double_PER,1,1998,102544,4.50,0,0.0100,0.00409,147.8
DQN_Double_PER_seed_1_1790611300,DQN_Double_PER,1,1999,102630,8.40,1,0.0100,0.00319,147.9
DQN_Double_PER_seed_1_1790611300,DQN_Double_PER,1,2000,102682,4.10,0,0.0100,0.00258,148.0
DQN_Double_PER_seed_1_1790611300,DQN_Double_PER,1,2001,102768,8.40,1,0.0100,0.00238,148.1
DQN_Double_PER_seed_1_1790611300,DQN_Double_PER,1,2002,102826,4.70,0,0.0100,0.00204,148.2
DQN_Double_PER_seed_1_1790611300,DQN_Double_PER,1,2003,102876,3.90,0,0.0100,0.00203,148.3
DQN_Double_PER_seed_1_1790611300,DQN_Double_PER,1,2004,102929,4.20,0,0.0100,0.00226,148.3
DQN_Double_PER_seed_1_1790611300,DQN_Double_PER,1,2005,102988,4.80,0,0.0100,0.00196,148.4
DQN_Double_PER_seed_1_1790611300,DQN_Double_PER,1,2006,103038,3.90,0,0.0100,0.00189,148.5
DQN_Double_PER_seed_1_1790611300,DQN_Double_PER,1,2007,103124,8.40,1,0.0100,0.00204,148.6
DQN_Double_PER_seed_1_1790611300,DQN_Double_PER,1,2008,103182,4.70,0,0.0100,0.00203,148.7
DQN_Double_PER_seed_1_1790611300,DQN_Double_PER,1,2009,103232,3.90,0,0.0100,0.00192,148.8
DQN_Double_PER_seed_1_1790611300,DQN_Double_PER,1,2010,103290,4.70,0,0.0100,0.00212,148.9
DQN_Double_PER_seed_1_1790611300,DQN_Double_PER,1,2011,103340,3.90,0,0.0100,0.00205,149.0
DQN_Double_PER_seed_1_1790611300,DQN_Double_PER,1,2012,103402,6.00,1,0.0100,0.00180,149.1
DQN_Double_PER_seed_1_1790611300,DQN_Double_PER,1,2013,103458,4.50,0,0.0100,0.00333,149.2
DQN_Double_PER_seed_1_1790611300,DQN_Double_PER,1,2014,103544,8.40,1,0.0100,0.00288,149.3
DQN_Double_PER_seed_1_1790611300,DQN_Double_PER,1,2015,103594,3.90,0,0.0100,0.00263,149.4
DQN_Double_PER_seed_1_1790611300,DQN_Double_PER,1,2016,103651,4.60,0,0.0100,0.00270,149.5
DQN_Double_PER_seed_1_1790611300,DQN_Double_PER,1,2017,103707,4.50,0,0.0100,0.00174,149.5
DQN_Double_PER_seed_1_1790611300,DQN_Double_PER,1,2018,103766,4.80,0,0.0100,0.00254,149.6
DQN_Double_PER_seed_1_1790611300,DQN_Double_PER,1,2019,103824,4.70,0,0.0100,0.00196,149.7
DQN_Double_PER_seed_1_1790611300,DQN_Double_PER,1,2020,103879,4.40,0,0.0100,0.00195,149.8
DQN_Double_PER_seed_1_1790611300,DQN_Double_PER,1,2021,103944,6.30,1,0.0100,0.00196,149.9
DQN_Double_PER_seed_1_1790611300,DQN_Double_PER,1,2022,103997,4.20,0,0.0100,0.00189,150.0
DQN_Double_PER_seed_1_1790611300,DQN_Double_PER,1,2023,104057,4.90,0,0.0100,0.00169,150.1
DQN_Double_PER_seed_1_1790611300,DQN_Double_PER,1,2024,104115,4.70,0,0.0100,0.00198,150.2
DQN_Double_PER_seed_1_1790611300,DQN_Double_PER,1,2025,104201,8.40,1,0.0100,0.00195,150.3
DQN_Double_PER_seed_1_1790611300,DQN_Double_PER,1,2026,104251,3.90,0,0.0100,0.00207,150.4
DQN_Double_PER_seed_1_1790611300,DQN_Double_PER,1,2027,104337,8.40,1,0.0100,0.00237,150.5
DQN_Double_PER_seed_1_1790611300,DQN_Double_PER,1,2028,104387,3.90,0,0.0100,0.00210,150.6
DQN_Double_PER_seed_1_1790611300,DQN_Double_PER,1,2029,104473,8.40,1,0.0100,0.00174,150.7
DQN_Double_PER_seed_1_1790611300,DQN_Double_PER,1,2030,104559,8.40,1,0.0100,0.00204,150.9
DQN_Double_PER_seed_1_1790611300,DQN_Double_PER,1,2031,104613,4.30,0,0.0100,0.00170,150.9
DQN_Double_PER_seed_1_1790611300,DQN_Double_PER,1,2032,104663,3.90,0,0.0100,0.00188,151.0
DQN_Double_PER_seed_1_1790611300,DQN_Double_PER,1,2033,104749,8.40,1,0.0100,0.00177,151.2
DQN_Double_PER_seed_1_1790611300,DQN_Double_PER,1,2034,104835,8.40,1,0.0100,0.00207,151.3
DQN_Double_PER_seed_1_1790611300,DQN_Double_PER,1,2035,104885,3.90,0,0.0100,0.00187,151.4
DQN_Double_PER_seed_1_1790611300,DQN_Double_PER,1,2036,104947,6.00,1,0.0100,0.00188,151.5
DQN_Double_PER_seed_1_1790611300,DQN_Double_PER,1,2037,105004,4.60,0,0.0100,0.00179,151.7
DQN_Double_PER_seed_1_1790611300,DQN_Double_PER,1,2038,105067,6.10,1,0.0100,0.00206,151.8
DQN_Double_PER_seed_1_1790611300,DQN_Double_PER,1,2039,105125,4.70,0,0.0100,0.00200,151.9
DQN_Double_PER_seed_1_1790611300,DQN_Double_PER,1,2040,105211,8.40,1,0.0100,0.00187,152.0
DQN_Double_PER_seed_1_1790611300,DQN_Double_PER,1,2041,105297,8.40,1,0.0100,0.00177,152.1
DQN_Double_PER_seed_1_1790611300,DQN_Double_PER,1,2042,105347,-4.50,0,0.0100,0.00213,152.2
DQN_Double_PER_seed_1_1790611300,DQN_Double_PER,1,2043,105397,3.90,0,0.0100,0.00188,152.3
DQN_Double_PER_seed_1_1790611300,DQN_Double_PER,1,2044,105454,4.60,0,0.0100,0.00196,152.4
DQN_Double_PER_seed_1_1790611300,DQN_Double_PER,1,2045,105504,3.90,0,0.0100,0.00168,152.5
DQN_Double_PER_seed_1_1790611300,DQN_Double_PER,1,2046,105590,8.40,1,0.0100,0.00209,152.6
DQN_Double_PER_seed_1_1790611300,DQN_Double_PER,1,2047,105676,8.40,1,0.0100,0.00208,152.7
DQN_Double_PER_seed_1_1790611300,DQN_Double_PER,1,2048,105726,3.90,0,0.0100,0.00323,152.8
DQN_Double_PER_seed_1_1790611300,DQN_Double_PER,1,2049,105812,8.40,1,0.0100,0.00189,152.9
DQN_Double_PER_seed_1_1790611300,DQN_Double_PER,1,2050,105862,3.90,0,0.0100,0.00175,153.0
DQN_Double_PER_seed_1_1790611300,DQN_Double_PER,1,2051,105948,8.40,1,0.0100,0.00187,153.2
DQN_Double_PER_seed_1_1790611300,DQN_Double_PER,1,2052,105999,4.00,0,0.0100,0.00204,153.2
DQN_Double_PER_seed_1_1790611300,DQN_Double_PER,1,2053,106049,3.90,0,0.0100,0.00252,153.3
DQN_Double_PER_seed_1_1790611300,DQN_Double_PER,1,2054,106106,4.60,0,0.0100,0.00221,153.4
DQN_Double_PER_seed_1_1790611300,DQN_Double_PER,1,2055,106192,8.40,1,0.0100,0.00228,153.5
DQN_Double_PER_seed_1_1790611300,DQN_Double_PER,1,2056,106278,8.40,1,0.0100,0.00206,153.7
DQN_Double_PER_seed_1_1790611300,DQN_Double_PER,1,2057,106328,3.90,0,0.0100,0.00250,153.7
DQN_Double_PER_seed_1_1790611300,DQN_Double_PER,1,2058,106384,4.50,0,0.0100,0.00212,153.8
DQN_Double_PER_seed_1_1790611300,DQN_Double_PER,1,2059,106440,4.50,0,0.0100,0.00227,153.9
DQN_Double_PER_seed_1_1790611300,DQN_Double_PER,1,2060,106492,4.10,0,0.0100,0.00204,154.0
DQN_Double_PER_seed_1_1790611300,DQN_Double_PER,1,2061,106578,8.40,1,0.0100,0.00172,154.2
DQN_Double_PER_seed_1_1790611300,DQN_Double_PER,1,2062,106632,4.30,0,0.0100,0.00200,154.3
DQN_Double_PER_seed_1_1790611300,DQN_Double_PER,1,2063,106682,3.90,0,0.0100,0.00229,154.3
DQN_Double_PER_seed_1_1790611300,DQN_Double_PER,1,2064,106732,3.90,0,0.0100,0.00235,154.4
DQN_Double_PER_seed_1_1790611300,DQN_Double_PER,1,2065,106788,4.50,0,0.0100,0.00186,154.5
DQN_Double_PER_seed_1_1790611300,DQN_Double_PER,1,2066,106845,4.60,0,0.0100,0.00213,154.6
DQN_Double_PER_seed_1_1790611300,DQN_Double_PER,1,2067,106895,3.90,0,0.0100,0.00211,154.7
DQN_Double_PER_seed_1_1790611300,DQN_Double_PER,1,2068,106981,7.80,1,0.0100,0.00247,154.8
DQN_Double_PER_seed_1_1790611300,DQN_Double_PER,1,2069,107038,4.60,0,0.0100,0.00238,154.9
DQN_Double_PER_seed_1_1790611300,DQN_Double_PER,1,2070,107088,3.90,0,0.0100,0.00267,155.0
DQN_Double_PER_seed_1_1790611300,DQN_Double_PER,1,2071,107143,4.40,0,0.0100,0.00235,155.0
DQN_Double_PER_seed_1_1790611300,DQN_Double_PER,1,2072,107229,8.40,1,0.0100,0.00233,155.2
DQN_Double_PER_seed_1_1790611300,DQN_Double_PER,1,2073,107285,4.50,0,0.0100,0.00267,155.3
DQN_Double_PER_seed_1_1790611300,DQN_Double_PER,1,2074,107343,4.70,0,0.0100,0.00219,155.4
DQN_Double_PER_seed_1_1790611300,DQN_Double_PER,1,2075,107429,8.40,1,0.0100,0.00250,155.5
DQN_Double_PER_seed_1_1790611300,DQN_Double_PER,1,2076,107487,4.70,0,0.0100,0.00213,155.6
DQN_Double_PER_seed_1_1790611300,DQN_Double_PER,1,2077,107545,4.70,0,0.0100,0.00222,155.7
DQN_Double_PER_seed_1_1790611300,DQN_Double_PER,1,2078,107607,6.00,1,0.0100,0.00191,155.8
DQN_Double_PER_seed_1_1790611300,DQN_Double_PER,1,2079,107657,-3.30,0,0.0100,0.00227,155.8
DQN_Double_PER_seed_1_1790611300,DQN_Double_PER,1,2080,107715,4.70,0,0.0100,0.00178,155.9
DQN_Double_PER_seed_1_1790611300,DQN_Double_PER,1,2081,107801,8.40,1,0.0100,0.00207,156.1
DQN_Double_PER_seed_1_1790611300,DQN_Double_PER,1,2082,107858,4.60,0,0.0100,0.00227,156.2
DQN_Double_PER_seed_1_1790611300,DQN_Double_PER,1,2083,107916,4.70,0,0.0100,0.00227,156.2
DQN_Double_PER_seed_1_1790611300,DQN_Double_PER,1,2084,107975,4.80,0,0.0100,0.00206,156.3
DQN_Double_PER_seed_1_1790611300,DQN_Double_PER,1,2085,108061,8.40,1,0.0100,0.00290,156.5
DQN_Double_PER_seed_1_1790611300,DQN_Double_PER,1,2086,108147,8.40,1,0.0100,0.00284,156.6
DQN_Double_PER_seed_1_1790611300,DQN_Double_PER,1,2087,108207,4.90,0,0.0100,0.00357,156.7
DQN_Double_PER_seed_1_1790611300,DQN_Double_PER,1,2088,108293,8.40,1,0.0100,0.00251,156.8
DQN_Double_PER_seed_1_1790611300,DQN_Double_PER,1,2089,108379,7.20,1,0.0100,0.00243,157.0
DQN_Double_PER_seed_1_1790611300,DQN_Double_PER,1,2090,108465,8.40,1,0.0100,0.00266,157.1
DQN_Double_PER_seed_1_1790611300,DQN_Double_PER,1,2091,108551,8.40,1,0.0100,0.00232,157.2
DQN_Double_PER_seed_1_1790611300,DQN_Double_PER,1,2092,108601,3.90,0,0.0100,0.00313,157.3
DQN_Double_PER_seed_1_1790611300,DQN_Double_PER,1,2093,108656,4.40,0,0.0100,0.00271,157.4
DQN_Double_PER_seed_1_1790611300,DQN_Double_PER,1,2094,108742,8.40,1,0.0100,0.00265,157.5
DQN_Double_PER_seed_1_1790611300,DQN_Double_PER,1,2095,108799,4.60,0,0.0100,0.00260,157.6
DQN_Double_PER_seed_1_1790611300,DQN_Double_PER,1,2096,108885,8.40,1,0.0100,0.00300,157.7
DQN_Double_PER_seed_1_1790611300,DQN_Double_PER,1,2097,108935,3.90,0,0.0100,0.00266,157.8
DQN_Double_PER_seed_1_1790611300,DQN_Double_PER,1,2098,109021,8.40,1,0.0100,0.00274,158.0
DQN_Double_PER_seed_1_1790611300,DQN_Double_PER,1,2099,109088,6.50,1,0.0100,0.00289,158.1
DQN_Double_PER_seed_1_1790611300,DQN_Double_PER,1,2100,109146,4.70,0,0.0100,0.00270,158.2
DQN_Double_PER_seed_1_1790611300,DQN_Double_PER,1,2101,109202,4.50,0,0.0100,0.00294,158.2
DQN_Double_PER_seed_1_1790611300,DQN_Double_PER,1,2102,109324,12.90,2,0.0100,0.00259,158.4
DQN_Double_PER_seed_1_1790611300,DQN_Double_PER,1,2103,109410,8.40,1,0.0100,0.00259,158.6
DQN_Double_PER_seed_1_1790611300,DQN_Double_PER,1,2104,109496,8.40,1,0.0100,0.00251,158.7
DQN_Double_PER_seed_1_1790611300,DQN_Double_PER,1,2105,109582,8.40,1,0.0100,0.00250,158.8
DQN_Double_PER_seed_1_1790611300,DQN_Double_PER,1,2106,109668,8.40,1,0.0100,0.00280,159.0
DQN_Double_PER_seed_1_1790611300,DQN_Double_PER,1,2107,109754,8.40,1,0.0100,0.00248,159.1
DQN_Double_PER_seed_1_1790611300,DQN_Double_PER,1,2108,109840,8.40,1,0.0100,0.00256,159.2
DQN_Double_PER_seed_1_1790611300,DQN_Double_PER,1,2109,109890,3.90,0,0.0100,0.00247,159.3
DQN_Double_PER_seed_1_1790611300,DQN_Double_PER,1,2110,109976,8.40,1,0.0100,0.00241,159.4
DQN_Double_PER_seed_1_1790611300,DQN_Double_PER,1,2111,110062,8.40,1,0.0100,0.00248,159.7
DQN_Double_PER_seed_1_1790611300,DQN_Double_PER,1,2112,110148,8.40,1,0.0100,0.00302,159.9
DQN_Double_PER_seed_1_1790611300,DQN_Double_PER,1,2113,110234,8.40,1,0.0100,0.00366,160.0
DQN_Double_PER_seed_1_1790611300,DQN_Double_PER,1,2114,110320,8.40,1,0.0100,0.00305,160.1
DQN_Double_PER_seed_1_1790611300,DQN_Double_PER,1,2115,110406,8.40,1,0.0100,0.00297,160.3
DQN_Double_PER_seed_1_1790611300,DQN_Double_PER,1,2116,110463,4.60,0,0.0100,0.00264,160.3
DQN_Double_PER_seed_1_1790611300,DQN_Double_PER,1,2117,110549,8.40,1,0.0100,0.00229,160.5
DQN_Double_PER_seed_1_1790611300,DQN_Double_PER,1,2118,110645,9.40,1,0.0100,0.00256,160.6
DQN_Double_PER_seed_1_1790611300,DQN_Double_PER,1,2119,110731,8.40,1,0.0100,0.00267,160.8
DQN_Double_PER_seed_1_1790611300,DQN_Double_PER,1,2120,110817,8.40,1,0.0100,0.00246,160.9
DQN_Double_PER_seed_1_1790611300,DQN_Double_PER,1,2121,110887,6.80,1,0.0100,0.00260,161.0
DQN_Double_PER_seed_1_1790611300,DQN_Double_PER,1,2122,110973,8.40,1,0.0100,0.00268,161.1
DQN_Double_PER_seed_1_1790611300,DQN_Double_PER,1,2123,111059,8.40,1,0.0100,0.00281,161.3
DQN_Double_PER_seed_1_1790611300,DQN_Double_PER,1,2124,111145,8.40,1,0.0100,0.00296,161.4
DQN_Double_PER_seed_1_1790611300,DQN_Double_PER,1,2125,111213,6.60,1,0.0100,0.00216,161.5
DQN_Double_PER_seed_1_1790611300,DQN_Double_PER,1,2126,111335,12.90,2,0.0100,0.00229,161.7
DQN_Double_PER_seed_1_1790611300,DQN_Double_PER,1,2127,111549,24.80,5,0.0100,0.00373,162.0
DQN_Double_PER_seed_1_1790611300,DQN_Double_PER,1,2128,111682,14.00,3,0.0100,0.00245,162.2
DQN_Double_PER_seed_1_1790611300,DQN_Double_PER,1,2129,111768,8.40,1,0.0100,0.00200,162.4
DQN_Double_PER_seed_1_1790611300,DQN_Double_PER,1,2130,111864,9.40,1,0.0100,0.00246,162.5
DQN_Double_PER_seed_1_1790611300,DQN_Double_PER,1,2131,111950,8.40,1,0.0100,0.00234,162.7
DQN_Double_PER_seed_1_1790611300,DQN_Double_PER,1,2132,112036,8.40,1,0.0100,0.00292,162.8
DQN_Double_PER_seed_1_1790611300,DQN_Double_PER,1,2133,112088,4.10,0,0.0100,0.00367,162.9
DQN_Double_PER_seed_1_1790611300,DQN_Double_PER,1,2134,112174,8.40,1,0.0100,0.00318,163.0
DQN_Double_PER_seed_1_1790611300,DQN_Double_PER,1,2135,112233,4.80,0,0.0100,0.00342,163.1
DQN_Double_PER_seed_1_1790611300,DQN_Double_PER,1,2136,112295,6.00,1,0.0100,0.00354,163.2
DQN_Double_PER_seed_1_1790611300,DQN_Double_PER,1,2137,112356,5.00,1,0.0100,0.00350,163.3
DQN_Double_PER_seed_1_1790611300,DQN_Double_PER,1,2138,112442,6.60,1,0.0100,0.00350,163.4
DQN_Double_PER_seed_1_1790611300,DQN_Double_PER,1,2139,112506,6.20,1,0.0100,0.00335,163.5
DQN_Double_PER_seed_1_1790611300,DQN_Double_PER,1,2140,112573,6.50,1,0.0100,0.00312,163.6
DQN_Double_PER_seed_1_1790611300,DQN_Double_PER,1,2141,112659,7.80,1,0.0100,0.00329,163.8
DQN_Double_PER_seed_1_1790611300,DQN_Double_PER,1,2142,112719,4.90,0,0.0100,0.00315,163.8
DQN_Double_PER_seed_1_1790611300,DQN_Double_PER,1,2143,112781,6.00,1,0.0100,0.00311,163.9
DQN_Double_PER_seed_1_1790611300,DQN_Double_PER,1,2144,112840,4.80,0,0.0100,0.00337,164.0
DQN_Double_PER_seed_1_1790611300,DQN_Double_PER,1,2145,112926,8.40,1,0.0100,0.00297,164.2
DQN_Double_PER_seed_1_1790611300,DQN_Double_PER,1,2146,112983,4.60,0,0.0100,0.00392,164.3
DQN_Double_PER_seed_1_1790611300,DQN_Double_PER,1,2147,113049,6.40,1,0.0100,0.00430,164.4
DQN_Double_PER_seed_1_1790611300,DQN_Double_PER,1,2148,113135,8.40,1,0.0100,0.00358,164.5
DQN_Double_PER_seed_1_1790611300,DQN_Double_PER,1,2149,113189,4.30,0,0.0100,0.00440,164.6
DQN_Double_PER_seed_1_1790611300,DQN_Double_PER,1,2150,113254,6.30,1,0.0100,0.00399,164.7
DQN_Double_PER_seed_1_1790611300,DQN_Double_PER,1,2151,113340,8.40,1,0.0100,0.00404,164.8
DQN_Double_PER_seed_1_1790611300,DQN_Double_PER,1,2152,113426,7.80,1,0.0100,0.00384,164.9
DQN_Double_PER_seed_1_1790611300,DQN_Double_PER,1,2153,113486,4.90,0,0.0100,0.00352,165.0
DQN_Double_PER_seed_1_1790611300,DQN_Double_PER,1,2154,113572,8.40,1,0.0100,0.00392,165.2
DQN_Double_PER_seed_1_1790611300,DQN_Double_PER,1,2155,113627,4.40,0,0.0100,0.00370,165.3
DQN_Double_PER_seed_1_1790611300,DQN_Double_PER,1,2156,113713,8.40,1,0.0100,0.00384,165.4
DQN_Double_PER_seed_1_1790611300,DQN_Double_PER,1,2157,113799,8.40,1,0.0100,0.00364,165.5
DQN_Double_PER_seed_1_1790611300,DQN_Double_PER,1,2158,113856,4.60,0,0.0100,0.00454,165.6
DQN_Double_PER_seed_1_1790611300,DQN_Double_PER,1,2159,113942,7.80,1,0.0100,0.00351,165.7
DQN_Double_PER_seed_1_1790611300,DQN_Double_PER,1,2160,113999,4.60,0,0.0100,0.00325,165.8
DQN_Double_PER_seed_1_1790611300,DQN_Double_PER,1,2161,114065,6.40,1,0.0100,0.00421,165.9
DQN_Double_PER_seed_1_1790611300,DQN_Double_PER,1,2162,114151,8.40,1,0.0100,0.00408,166.1
DQN_Double_PER_seed_1_1790611300,DQN_Double_PER,1,2163,114209,4.70,0,0.0100,0.00522,166.2
DQN_Double_PER_seed_1_1790611300,DQN_Double_PER,1,2164,114265,4.50,0,0.0100,0.00480,166.2
DQN_Double_PER_seed_1_1790611300,DQN_Double_PER,1,2165,114351,8.40,1,0.0100,0.00352,166.4
DQN_Double_PER_seed_1_1790611300,DQN_Double_PER,1,2166,114437,8.40,1,0.0100,0.00343,166.5
DQN_Double_PER_seed_1_1790611300,DQN_Double_PER,1,2167,114523,8.40,1,0.0100,0.00426,166.6
DQN_Double_PER_seed_1_1790611300,DQN_Double_PER,1,2168,114618,9.30,1,0.0100,0.00387,166.8
DQN_Double_PER_seed_1_1790611300,DQN_Double_PER,1,2169,114704,8.40,1,0.0100,0.00410,166.9
DQN_Double_PER_seed_1_1790611300,DQN_Double_PER,1,2170,114826,12.90,2,0.0100,0.00441,167.1
DQN_Double_PER_seed_1_1790611300,DQN_Double_PER,1,2171,114912,8.40,1,0.0100,0.00446,167.3
DQN_Double_PER_seed_1_1790611300,DQN_Double_PER,1,2172,114998,8.40,1,0.0100,0.00360,167.4
DQN_Double_PER_seed_1_1790611300,DQN_Double_PER,1,2173,115084,8.40,1,0.0100,0.00429,167.7
DQN_Double_PER_seed_1_1790611300,DQN_Double_PER,1,2174,115145,5.00,1,0.0100,0.00374,167.8
DQN_Double_PER_seed_1_1790611300,DQN_Double_PER,1,2175,115239,9.20,1,0.0100,0.00392,167.9
DQN_Double_PER_seed_1_1790611300,DQN_Double_PER,1,2176,115361,12.90,2,0.0100,0.00420,168.1
DQN_Double_PER_seed_1_1790611300,DQN_Double_PER,1,2177,115411,3.90,0,0.0100,0.00399,168.2
DQN_Double_PER_seed_1_1790611300,DQN_Double_PER,1,2178,115497,8.40,1,0.0100,0.00460,168.3
DQN_Double_PER_seed_1_1790611300,DQN_Double_PER,1,2179,115548,4.00,0,0.0100,0.00653,168.4
DQN_Double_PER_seed_1_1790611300,DQN_Double_PER,1,2180,115634,8.40,1,0.0100,0.00414,168.5
DQN_Double_PER_seed_1_1790611300,DQN_Double_PER,1,2181,115756,12.90,2,0.0100,0.00408,168.7
DQN_Double_PER_seed_1_1790611300,DQN_Double_PER,1,2182,115817,5.00,1,0.0100,0.00293,168.8
DQN_Double_PER_seed_1_1790611300,DQN_Double_PER,1,2183,115873,4.50,0,0.0100,0.00422,168.9
DQN_Double_PER_seed_1_1790611300,DQN_Double_PER,1,2184,115934,5.00,1,0.0100,0.00359,169.0
DQN_Double_PER_seed_1_1790611300,DQN_Double_PER,1,2185,116026,9.00,1,0.0100,0.00407,169.1
DQN_Double_PER_seed_1_1790611300,DQN_Double_PER,1,2186,116112,8.40,1,0.0100,0.00389,169.3
DQN_Double_PER_seed_1_1790611300,DQN_Double_PER,1,2187,116167,4.40,0,0.0100,0.00315,169.4
DQN_Double_PER_seed_1_1790611300,DQN_Double_PER,1,2188,116229,6.00,1,0.0100,0.00411,169.5
DQN_Double_PER_seed_1_1790611300,DQN_Double_PER,1,2189,116357,13.50,2,0.0100,0.00389,169.7
DQN_Double_PER_seed_1_1790611300,DQN_Double_PER,1,2190,116451,9.20,1,0.0100,0.00410,169.8
DQN_Double_PER_seed_1_1790611300,DQN_Double_PER,1,2191,116513,6.00,1,0.0100,0.00533,169.9
DQN_Double_PER_seed_1_1790611300,DQN_Double_PER,1,2192,116572,4.80,0,0.0100,0.00404,170.0
DQN_Double_PER_seed_1_1790611300,DQN_Double_PER,1,2193,116634,6.00,1,0.0100,0.00459,170.1
DQN_Double_PER_seed_1_1790611300,DQN_Double_PER,1,2194,116797,17.90,3,0.0100,0.00477,170.3
DQN_Double_PER_seed_1_1790611300,DQN_Double_PER,1,2195,116898,10.80,2,0.0100,0.00437,170.5
DQN_Double_PER_seed_1_1790611300,DQN_Double_PER,1,2196,117061,17.90,3,0.0100,0.00503,170.7
DQN_Double_PER_seed_1_1790611300,DQN_Double_PER,1,2197,117147,8.40,1,0.0100,0.00526,170.9
DQN_Double_PER_seed_1_1790611300,DQN_Double_PER,1,2198,117211,6.20,1,0.0100,0.00602,171.0
DQN_Double_PER_seed_1_1790611300,DQN_Double_PER,1,2199,117267,4.50,0,0.0100,0.00544,171.1
DQN_Double_PER_seed_1_1790611300,DQN_Double_PER,1,2200,117336,6.70,1,0.0100,0.00512,171.2
DQN_Double_PER_seed_1_1790611300,DQN_Double_PER,1,2201,117422,8.40,1,0.0100,0.00709,171.3
DQN_Double_PER_seed_1_1790611300,DQN_Double_PER,1,2202,117486,6.20,1,0.0100,0.00828,171.4
DQN_Double_PER_seed_1_1790611300,DQN_Double_PER,1,2203,117545,4.80,0,0.0100,0.00624,171.5
DQN_Double_PER_seed_1_1790611300,DQN_Double_PER,1,2204,117612,6.50,1,0.0100,0.00510,171.6
DQN_Double_PER_seed_1_1790611300,DQN_Double_PER,1,2205,117672,4.90,0,0.0100,0.00566,171.7
DQN_Double_PER_seed_1_1790611300,DQN_Double_PER,1,2206,117726,4.30,0,0.0100,0.00497,171.8
DQN_Double_PER_seed_1_1790611300,DQN_Double_PER,1,2207,117812,8.40,1,0.0100,0.00607,171.9
DQN_Double_PER_seed_1_1790611300,DQN_Double_PER,1,2208,117877,6.30,1,0.0100,0.00557,172.0
DQN_Double_PER_seed_1_1790611300,DQN_Double_PER,1,2209,117973,9.40,1,0.0100,0.00477,172.2
DQN_Double_PER_seed_1_1790611300,DQN_Double_PER,1,2210,118102,13.60,2,0.0100,0.00507,172.4
DQN_Double_PER_seed_1_1790611300,DQN_Double_PER,1,2211,118301,22.40,4,0.0100,0.00532,172.7
DQN_Double_PER_seed_1_1790611300,DQN_Double_PER,1,2212,118368,6.50,1,0.0100,0.00583,172.8
DQN_Double_PER_seed_1_1790611300,DQN_Double_PER,1,2213,118434,6.40,1,0.0100,0.00581,172.9
DQN_Double_PER_seed_1_1790611300,DQN_Double_PER,1,2214,118496,6.00,1,0.0100,0.00548,173.0
DQN_Double_PER_seed_1_1790611300,DQN_Double_PER,1,2215,118562,6.40,1,0.0100,0.00548,173.1
DQN_Double_PER_seed_1_1790611300,DQN_Double_PER,1,2216,118684,12.90,2,0.0100,0.00477,173.3
DQN_Double_PER_seed_1_1790611300,DQN_Double_PER,1,2217,118782,10.50,2,0.0100,0.00535,173.4
DQN_Double_PER_seed_1_1790611300,DQN_Double_PER,1,2218,118868,8.40,1,0.0100,0.00617,173.5
DQN_Double_PER_seed_1_1790611300,DQN_Double_PER,1,2219,118954,8.40,1,0.0100,0.00510,173.7
DQN_Double_PER_seed_1_1790611300,DQN_Double_PER,1,2220,119076,12.90,2,0.0100,0.00610,173.9
DQN_Double_PER_seed_1_1790611300,DQN_Double_PER,1,2221,119248,18.80,3,0.0100,0.00649,174.1
DQN_Double_PER_seed_1_1790611300,DQN_Double_PER,1,2222,119334,8.40,1,0.0100,0.00716,174.3
DQN_Double_PER_seed_1_1790611300,DQN_Double_PER,1,2223,119394,4.90,0,0.0100,0.00612,174.4
DQN_Double_PER_seed_1_1790611300,DQN_Double_PER,1,2224,119460,6.40,1,0.0100,0.00587,174.5
DQN_Double_PER_seed_1_1790611300,DQN_Double_PER,1,2225,119595,15.10,3,0.0100,0.00602,174.7
DQN_Double_PER_seed_1_1790611300,DQN_Double_PER,1,2226,119659,6.20,1,0.0100,0.00569,174.8
DQN_Double_PER_seed_1_1790611300,DQN_Double_PER,1,2227,119745,8.40,1,0.0100,0.00647,174.9
DQN_Double_PER_seed_1_1790611300,DQN_Double_PER,1,2228,119839,9.20,1,0.0100,0.00544,175.1
DQN_Double_PER_seed_1_1790611300,DQN_Double_PER,1,2229,119925,8.40,1,0.0100,0.00649,175.2
DQN_Double_PER_seed_1_1790611300,DQN_Double_PER,1,2230,120027,10.90,2,0.0100,0.00571,175.6
DQN_Double_PER_seed_1_1790611300,DQN_Double_PER,1,2231,120149,12.90,2,0.0100,0.00605,175.8
DQN_Double_PER_seed_1_1790611300,DQN_Double_PER,1,2232,120235,8.40,1,0.0100,0.00693,175.9
DQN_Double_PER_seed_1_1790611300,DQN_Double_PER,1,2233,120357,12.90,2,0.0100,0.00638,176.1
DQN_Double_PER_seed_1_1790611300,DQN_Double_PER,1,2234,120457,10.70,2,0.0100,0.00558,176.2
DQN_Double_PER_seed_1_1790611300,DQN_Double_PER,1,2235,120543,8.40,1,0.0100,0.00564,176.4
DQN_Double_PER_seed_1_1790611300,DQN_Double_PER,1,2236,120593,3.90,0,0.0100,0.00558,176.4
DQN_Double_PER_seed_1_1790611300,DQN_Double_PER,1,2237,120679,8.40,1,0.0100,0.00658,176.6
DQN_Double_PER_seed_1_1790611300,DQN_Double_PER,1,2238,120765,8.40,1,0.0100,0.00575,176.7
DQN_Double_PER_seed_1_1790611300,DQN_Double_PER,1,2239,120887,12.90,2,0.0100,0.00707,176.9
DQN_Double_PER_seed_1_1790611300,DQN_Double_PER,1,2240,121050,17.90,3,0.0100,0.00658,177.2
DQN_Double_PER_seed_1_1790611300,DQN_Double_PER,1,2241,121478,50.70,10,0.0100,0.00590,177.8
DQN_Double_PER_seed_1_1790611300,DQN_Double_PER,1,2242,121532,4.30,0,0.0100,0.00582,177.9
DQN_Double_PER_seed_1_1790611300,DQN_Double_PER,1,2243,121618,8.40,1,0.0100,0.00736,178.0
DQN_Double_PER_seed_1_1790611300,DQN_Double_PER,1,2244,121704,8.40,1,0.0100,0.00536,178.2
DQN_Double_PER_seed_1_1790611300,DQN_Double_PER,1,2245,121790,8.40,1,0.0100,0.00666,178.3
DQN_Double_PER_seed_1_1790611300,DQN_Double_PER,1,2246,121842,4.10,0,0.0100,0.00502,178.4
DQN_Double_PER_seed_1_1790611300,DQN_Double_PER,1,2247,122093,29.40,6,0.0100,0.00590,178.8
DQN_Double_PER_seed_1_1790611300,DQN_Double_PER,1,2248,122215,12.90,2,0.0100,0.00580,179.0
DQN_Double_PER_seed_1_1790611300,DQN_Double_PER,1,2249,122301,8.40,1,0.0100,0.00717,179.1
DQN_Double_PER_seed_1_1790611300,DQN_Double_PER,1,2250,122387,8.40,1,0.0100,0.00648,179.2
DQN_Double_PER_seed_1_1790611300,DQN_Double_PER,1,2251,122439,4.10,0,0.0100,0.00742,179.3
DQN_Double_PER_seed_1_1790611300,DQN_Double_PER,1,2252,122561,12.90,2,0.0100,0.00599,179.5
DQN_Double_PER_seed_1_1790611300,DQN_Double_PER,1,2253,122849,33.10,7,0.0100,0.00620,180.0
DQN_Double_PER_seed_1_1790611300,DQN_Double_PER,1,2254,123048,22.40,4,0.0100,0.00726,180.3
DQN_Double_PER_seed_1_1790611300,DQN_Double_PER,1,2255,123170,12.90,2,0.0100,0.00803,180.4
DQN_Double_PER_seed_1_1790611300,DQN_Double_PER,1,2256,123225,4.40,0,0.0100,0.00796,180.5
DQN_Double_PER_seed_1_1790611300,DQN_Double_PER,1,2257,123311,8.40,1,0.0100,0.00761,180.7
DQN_Double_PER_seed_1_1790611300,DQN_Double_PER,1,2258,123381,6.80,1,0.0100,0.00878,180.8
DQN_Double_PER_seed_1_1790611300,DQN_Double_PER,1,2259,123627,28.00,5,0.0100,0.00835,181.2
DQN_Double_PER_seed_1_1790611300,DQN_Double_PER,1,2260,123696,6.70,1,0.0100,0.00895,181.3
DQN_Double_PER_seed_1_1790611300,DQN_Double_PER,1,2261,123746,3.90,0,0.0100,0.00746,181.3
DQN_Double_PER_seed_1_1790611300,DQN_Double_PER,1,2262,123811,6.30,1,0.0100,0.00964,181.4
DQN_Double_PER_seed_1_1790611300,DQN_Double_PER,1,2263,123897,8.40,1,0.0100,0.00883,181.6
DQN_Double_PER_seed_1_1790611300,DQN_Double_PER,1,2264,123983,8.40,1,0.0100,0.01328,181.7
DQN_Double_PER_seed_1_1790611300,DQN_Double_PER,1,2265,124033,2.70,0,0.0100,0.00954,181.8
DQN_Double_PER_seed_1_1790611300,DQN_Double_PER,1,2266,124119,8.40,1,0.0100,0.00706,181.9
DQN_Double_PER_seed_1_1790611300,DQN_Double_PER,1,2267,124205,8.40,1,0.0100,0.00763,182.1
DQN_Double_PER_seed_1_1790611300,DQN_Double_PER,1,2268,124327,12.90,2,0.0100,0.00802,182.2
DQN_Double_PER_seed_1_1790611300,DQN_Double_PER,1,2269,124377,3.90,0,0.0100,0.00801,182.3
DQN_Double_PER_seed_1_1790611300,DQN_Double_PER,1,2270,124439,6.00,1,0.0100,0.00770,182.4
DQN_Double_PER_seed_1_1790611300,DQN_Double_PER,1,2271,124525,8.40,1,0.0100,0.00699,182.6
DQN_Double_PER_seed_1_1790611300,DQN_Double_PER,1,2272,124611,8.40,1,0.0100,0.00716,182.7
DQN_Double_PER_seed_1_1790611300,DQN_Double_PER,1,2273,124661,3.90,0,0.0100,0.00826,182.8
DQN_Double_PER_seed_1_1790611300,DQN_Double_PER,1,2274,124783,12.90,2,0.0100,0.00701,183.0
DQN_Double_PER_seed_1_1790611300,DQN_Double_PER,1,2275,124880,9.50,2,0.0100,0.00573,183.1
DQN_Double_PER_seed_1_1790611300,DQN_Double_PER,1,2276,125002,12.90,2,0.0100,0.00791,183.5
DQN_Double_PER_seed_1_1790611300,DQN_Double_PER,1,2277,125201,22.40,4,0.0100,0.00796,183.8
DQN_Double_PER_seed_1_1790611300,DQN_Double_PER,1,2278,125251,3.30,0,0.0100,0.00781,183.9
DQN_Double_PER_seed_1_1790611300,DQN_Double_PER,1,2279,125337,8.40,1,0.0100,0.00815,184.1
DQN_Double_PER_seed_1_1790611300,DQN_Double_PER,1,2280,125459,12.90,2,0.0100,0.00793,184.2
DQN_Double_PER_seed_1_1790611300,DQN_Double_PER,1,2281,125546,8.50,1,0.0100,0.00682,184.4
DQN_Double_PER_seed_1_1790611300,DQN_Double_PER,1,2282,125668,12.90,2,0.0100,0.00798,184.6
DQN_Double_PER_seed_1_1790611300,DQN_Double_PER,1,2283,125754,8.40,1,0.0100,0.00710,184.7
DQN_Double_PER_seed_1_1790611300,DQN_Double_PER,1,2284,125890,15.20,3,0.0100,0.00817,184.9
DQN_Double_PER_seed_1_1790611300,DQN_Double_PER,1,2285,125976,8.40,1,0.0100,0.00848,185.0
DQN_Double_PER_seed_1_1790611300,DQN_Double_PER,1,2286,126098,12.90,2,0.0100,0.00910,185.2
DQN_Double_PER_seed_1_1790611300,DQN_Double_PER,1,2287,126261,17.90,3,0.0100,0.00776,185.5
DQN_Double_PER_seed_1_1790611300,DQN_Double_PER,1,2288,126384,13.00,2,0.0100,0.00837,185.7
DQN_Double_PER_seed_1_1790611300,DQN_Double_PER,1,2289,126506,12.90,2,0.0100,0.00834,185.9
DQN_Double_PER_seed_1_1790611300,DQN_Double_PER,1,2290,126628,12.90,2,0.0100,0.00933,186.1
DQN_Double_PER_seed_1_1790611300,DQN_Double_PER,1,2291,126714,8.40,1,0.0100,0.00778,186.2
DQN_Double_PER_seed_1_1790611300,DQN_Double_PER,1,2292,126802,8.60,1,0.0100,0.00818,186.3
DQN_Double_PER_seed_1_1790611300,DQN_Double_PER,1,2293,126924,12.90,2,0.0100,0.00829,186.5
DQN_Double_PER_seed_1_1790611300,DQN_Double_PER,1,2294,126980,4.50,0,0.0100,0.00888,186.6
DQN_Double_PER_seed_1_1790611300,DQN_Double_PER,1,2295,127066,8.40,1,0.0100,0.00744,186.7
DQN_Double_PER_seed_1_1790611300,DQN_Double_PER,1,2296,127152,8.40,1,0.0100,0.00760,186.9
DQN_Double_PER_seed_1_1790611300,DQN_Double_PER,1,2297,127238,8.40,1,0.0100,0.00794,187.0
DQN_Double_PER_seed_1_1790611300,DQN_Double_PER,1,2298,127372,15.00,3,0.0100,0.00841,187.2
DQN_Double_PER_seed_1_1790611300,DQN_Double_PER,1,2299,127458,8.40,1,0.0100,0.00748,187.4
DQN_Double_PER_seed_1_1790611300,DQN_Double_PER,1,2300,127544,8.40,1,0.0100,0.00742,187.5
DQN_Double_PER_seed_1_1790611300,DQN_Double_PER,1,2301,127630,8.40,1,0.0100,0.00820,187.6
DQN_Double_PER_seed_1_1790611300,DQN_Double_PER,1,2302,127700,6.80,1,0.0100,0.00816,187.7
DQN_Double_PER_seed_1_1790611300,DQN_Double_PER,1,2303,127881,20.60,4,0.0100,0.00960,188.0
DQN_Double_PER_seed_1_1790611300,DQN_Double_PER,1,2304,127967,8.40,1,0.0100,0.00775,188.1
DQN_Double_PER_seed_1_1790611300,DQN_Double_PER,1,2305,128053,8.40,1,0.0100,0.00752,188.3
DQN_Double_PER_seed_1_1790611300,DQN_Double_PER,1,2306,128103,3.90,0,0.0100,0.00883,188.4
DQN_Double_PER_seed_1_1790611300,DQN_Double_PER,1,2307,128157,4.30,0,0.0100,0.00668,188.4
DQN_Double_PER_seed_1_1790611300,DQN_Double_PER,1,2308,128582,50.40,10,0.0100,0.00797,189.1
DQN_Double_PER_seed_1_1790611300,DQN_Double_PER,1,2309,128747,18.10,3,0.0100,0.00831,189.4
DQN_Double_PER_seed_1_1790611300,DQN_Double_PER,1,2310,128833,8.40,1,0.0100,0.00887,189.5
DQN_Double_PER_seed_1_1790611300,DQN_Double_PER,1,2311,128955,12.90,2,0.0100,0.00825,189.7
DQN_Double_PER_seed_1_1790611300,DQN_Double_PER,1,2312,129154,22.40,4,0.0100,0.00868,190.0
DQN_Double_PER_seed_1_1790611300,DQN_Double_PER,1,2313,129240,8.40,1,0.0100,0.01060,190.1
DQN_Double_PER_seed_1_1790611300,DQN_Double_PER,1,2314,129439,22.40,4,0.0100,0.00855,190.4
DQN_Double_PER_seed_1_1790611300,DQN_Double_PER,1,2315,129563,13.10,2,0.0100,0.00831,190.6
DQN_Double_PER_seed_1_1790611300,DQN_Double_PER,1,2316,129620,4.60,0,0.0100,0.00904,190.7
DQN_Double_PER_seed_1_1790611300,DQN_Double_PER,1,2317,129742,12.90,2,0.0100,0.00803,190.9
DQN_Double_PER_seed_1_1790611300,DQN_Double_PER,1,2318,129828,8.40,1,0.0100,0.00784,191.0
DQN_Double_PER_seed_1_1790611300,DQN_Double_PER,1,2319,129914,8.40,1,0.0100,0.00771,191.2
DQN_Double_PER_seed_1_1790611300,DQN_Double_PER,1,2320,130084,18.60,3,0.0100,0.00774,191.8
DQN_Double_PER_seed_1_1790611300,DQN_Double_PER,1,2321,130154,6.80,1,0.0100,0.01105,191.9
DQN_Double_PER_seed_1_1790611300,DQN_Double_PER,1,2322,130276,12.90,2,0.0100,0.00834,192.1
DQN_Double_PER_seed_1_1790611300,DQN_Double_PER,1,2323,130326,3.90,0,0.0100,0.00823,192.2
DQN_Double_PER_seed_1_1790611300,DQN_Double_PER,1,2324,130448,12.90,2,0.0100,0.00919,192.4
DQN_Double_PER_seed_1_1790611300,DQN_Double_PER,1,2325,130647,22.40,4,0.0100,0.00825,192.7
DQN_Double_PER_seed_1_1790611300,DQN_Double_PER,1,2326,130733,8.40,1,0.0100,0.00781,192.8
DQN_Double_PER_seed_1_1790611300,DQN_Double_PER,1,2327,130968,26.90,5,0.0100,0.00905,193.2
DQN_Double_PER_seed_1_1790611300,DQN_Double_PER,1,2328,131069,10.80,2,0.0100,0.00937,193.4
DQN_Double_PER_seed_1_1790611300,DQN_Double_PER,1,2329,131131,6.00,1,0.0100,0.00726,193.5
DQN_Double_PER_seed_1_1790611300,DQN_Double_PER,1,2330,131217,8.40,1,0.0100,0.00890,193.6
DQN_Double_PER_seed_1_1790611300,DQN_Double_PER,1,2331,131472,29.80,6,0.0100,0.00967,194.0
DQN_Double_PER_seed_1_1790611300,DQN_Double_PER,1,2332,131522,3.90,0,0.0100,0.00838,194.1
DQN_Double_PER_seed_1_1790611300,DQN_Double_PER,1,2333,131656,15.00,3,0.0100,0.00933,194.3
DQN_Double_PER_seed_1_1790611300,DQN_Double_PER,1,2334,131835,20.40,4,0.0100,0.00783,194.6
DQN_Double_PER_seed_1_1790611300,DQN_Double_PER,1,2335,131921,8.40,1,0.0100,0.00903,194.7
DQN_Double_PER_seed_1_1790611300,DQN_Double_PER,1,2336,132007,8.40,1,0.0100,0.00923,194.8
DQN_Double_PER_seed_1_1790611300,DQN_Double_PER,1,2337,132093,8.40,1,0.0100,0.00911,195.0
DQN_Double_PER_seed_1_1790611300,DQN_Double_PER,1,2338,132150,4.60,0,0.0100,0.01079,195.0
DQN_Double_PER_seed_1_1790611300,DQN_Double_PER,1,2339,132385,26.90,5,0.0100,0.00901,195.4
DQN_Double_PER_seed_1_1790611300,DQN_Double_PER,1,2340,132471,8.40,1,0.0100,0.00925,195.5
DQN_Double_PER_seed_1_1790611300,DQN_Double_PER,1,2341,132670,22.40,4,0.0100,0.00839,195.9
DQN_Double_PER_seed_1_1790611300,DQN_Double_PER,1,2342,132756,8.40,1,0.0100,0.00903,196.0
DQN_Double_PER_seed_1_1790611300,DQN_Double_PER,1,2343,132878,12.90,2,0.0100,0.00885,196.2
DQN_Double_PER_seed_1_1790611300,DQN_Double_PER,1,2344,132964,8.40,1,0.0100,0.00845,196.3
DQN_Double_PER_seed_1_1790611300,DQN_Double_PER,1,2345,133053,8.70,1,0.0100,0.00897,196.5
DQN_Double_PER_seed_1_1790611300,DQN_Double_PER,1,2346,133139,8.40,1,0.0100,0.00983,196.6
DQN_Double_PER_seed_1_1790611300,DQN_Double_PER,1,2347,133189,3.90,0,0.0100,0.01072,196.7
DQN_Double_PER_seed_1_1790611300,DQN_Double_PER,1,2348,133311,12.90,2,0.0100,0.00810,196.9
DQN_Double_PER_seed_1_1790611300,DQN_Double_PER,1,2349,133397,8.40,1,0.0100,0.00974,197.0
DQN_Double_PER_seed_1_1790611300,DQN_Double_PER,1,2350,133601,22.90,4,0.0100,0.00914,197.3
DQN_Double_PER_seed_1_1790611300,DQN_Double_PER,1,2351,133687,8.40,1,0.0100,0.00921,197.4
DQN_Double_PER_seed_1_1790611300,DQN_Double_PER,1,2352,133773,8.40,1,0.0100,0.00885,197.6
DQN_Double_PER_seed_1_1790611300,DQN_Double_PER,1,2353,133956,20.80,4,0.0100,0.00975,197.9
DQN_Double_PER_seed_1_1790611300,DQN_Double_PER,1,2354,134078,12.90,2,0.0100,0.00972,198.1
DQN_Double_PER_seed_1_1790611300,DQN_Double_PER,1,2355,134164,8.40,1,0.0100,0.00918,198.2
DQN_Double_PER_seed_1_1790611300,DQN_Double_PER,1,2356,134233,6.70,1,0.0100,0.00955,198.3
DQN_Double_PER_seed_1_1790611300,DQN_Double_PER,1,2357,134355,12.90,2,0.0100,0.01044,198.5
DQN_Double_PER_seed_1_1790611300,DQN_Double_PER,1,2358,134441,8.40,1,0.0100,0.00971,198.6
DQN_Double_PER_seed_1_1790611300,DQN_Double_PER,1,2359,134527,8.40,1,0.0100,0.00964,198.8
DQN_Double_PER_seed_1_1790611300,DQN_Double_PER,1,2360,134690,17.90,3,0.0100,0.00943,199.0
DQN_Double_PER_seed_1_1790611300,DQN_Double_PER,1,2361,135017,38.80,8,0.0100,0.00934,199.9
DQN_Double_PER_seed_1_1790611300,DQN_Double_PER,1,2362,135139,12.90,2,0.0100,0.00963,200.0
DQN_Double_PER_seed_1_1790611300,DQN_Double_PER,1,2363,135239,10.70,2,0.0100,0.00948,200.2
DQN_Double_PER_seed_1_1790611300,DQN_Double_PER,1,2364,135331,9.00,1,0.0100,0.00898,200.4
DQN_Double_PER_seed_1_1790611300,DQN_Double_PER,1,2365,135494,17.90,3,0.0100,0.01261,200.6
DQN_Double_PER_seed_1_1790611300,DQN_Double_PER,1,2366,135580,8.40,1,0.0100,0.00805,200.7
DQN_Double_PER_seed_1_1790611300,DQN_Double_PER,1,2367,135702,12.90,2,0.0100,0.00865,200.9
DQN_Double_PER_seed_1_1790611300,DQN_Double_PER,1,2368,135788,8.40,1,0.0100,0.00849,201.1
DQN_Double_PER_seed_1_1790611300,DQN_Double_PER,1,2369,135951,17.90,3,0.0100,0.01060,201.3
DQN_Double_PER_seed_1_1790611300,DQN_Double_PER,1,2370,136269,37.00,7,0.0100,0.00946,201.8
DQN_Double_PER_seed_1_1790611300,DQN_Double_PER,1,2371,136391,12.90,2,0.0100,0.01035,202.0
DQN_Double_PER_seed_1_1790611300,DQN_Double_PER,1,2372,136477,8.40,1,0.0100,0.01009,202.2
DQN_Double_PER_seed_1_1790611300,DQN_Double_PER,1,2373,136534,4.60,0,0.0100,0.00889,202.2
DQN_Double_PER_seed_1_1790611300,DQN_Double_PER,1,2374,136734,22.50,4,0.0100,0.00981,202.6
DQN_Double_PER_seed_1_1790611300,DQN_Double_PER,1,2375,136856,12.90,2,0.0100,0.00991,202.8
DQN_Double_PER_seed_1_1790611300,DQN_Double_PER,1,2376,136942,8.40,1,0.0100,0.00919,202.9
DQN_Double_PER_seed_1_1790611300,DQN_Double_PER,1,2377,137029,8.50,1,0.0100,0.01057,203.0
DQN_Double_PER_seed_1_1790611300,DQN_Double_PER,1,2378,137115,8.40,1,0.0100,0.00908,203.2
DQN_Double_PER_seed_1_1790611300,DQN_Double_PER,1,2379,137202,8.50,1,0.0100,0.01110,203.3
DQN_Double_PER_seed_1_1790611300,DQN_Double_PER,1,2380,137401,22.40,4,0.0100,0.01028,203.6
DQN_Double_PER_seed_1_1790611300,DQN_Double_PER,1,2381,137492,8.90,1,0.0100,0.01046,203.7
DQN_Double_PER_seed_1_1790611300,DQN_Double_PER,1,2382,137614,12.90,2,0.0100,0.00906,203.9
DQN_Double_PER_seed_1_1790611300,DQN_Double_PER,1,2383,137700,8.40,1,0.0100,0.01020,204.1
DQN_Double_PER_seed_1_1790611300,DQN_Double_PER,1,2384,137786,8.40,1,0.0100,0.00934,204.2
DQN_Double_PER_seed_1_1790611300,DQN_Double_PER,1,2385,138098,36.40,7,0.0100,0.01018,204.7
DQN_Double_PER_seed_1_1790611300,DQN_Double_PER,1,2386,138184,8.40,1,0.0100,0.01233,204.8
DQN_Double_PER_seed_1_1790611300,DQN_Double_PER,1,2387,138270,8.40,1,0.0100,0.01021,205.0
DQN_Double_PER_seed_1_1790611300,DQN_Double_PER,1,2388,138356,8.40,1,0.0100,0.00931,205.1
DQN_Double_PER_seed_1_1790611300,DQN_Double_PER,1,2389,138555,22.40,4,0.0100,0.00998,205.4
DQN_Double_PER_seed_1_1790611300,DQN_Double_PER,1,2390,138645,8.80,1,0.0100,0.01107,205.6
DQN_Double_PER_seed_1_1790611300,DQN_Double_PER,1,2391,138894,29.20,6,0.0100,0.01010,205.9
DQN_Double_PER_seed_1_1790611300,DQN_Double_PER,1,2392,138983,8.70,1,0.0100,0.01044,206.1
DQN_Double_PER_seed_1_1790611300,DQN_Double_PER,1,2393,139106,13.00,2,0.0100,0.01110,206.3
DQN_Double_PER_seed_1_1790611300,DQN_Double_PER,1,2394,139228,12.90,2,0.0100,0.01075,206.5
DQN_Double_PER_seed_1_1790611300,DQN_Double_PER,1,2395,139439,23.60,5,0.0100,0.01055,206.8
DQN_Double_PER_seed_1_1790611300,DQN_Double_PER,1,2396,139525,8.40,1,0.0100,0.01137,206.9
DQN_Double_PER_seed_1_1790611300,DQN_Double_PER,1,2397,139611,8.40,1,0.0100,0.01162,207.1
DQN_Double_PER_seed_1_1790611300,DQN_Double_PER,1,2398,139733,12.90,2,0.0100,0.00949,207.3
DQN_Double_PER_seed_1_1790611300,DQN_Double_PER,1,2399,139855,12.90,2,0.0100,0.01107,207.5
DQN_Double_PER_seed_1_1790611300,DQN_Double_PER,1,2400,139941,8.40,1,0.0100,0.01033,207.6
DQN_Double_PER_seed_1_1790611300,DQN_Double_PER,1,2401,140028,8.50,1,0.0100,0.01087,208.1
DQN_Double_PER_seed_1_1790611300,DQN_Double_PER,1,2402,140455,50.60,10,0.0100,0.01073,208.8
DQN_Double_PER_seed_1_1790611300,DQN_Double_PER,1,2403,140506,4.00,0,0.0100,0.00881,208.9
DQN_Double_PER_seed_1_1790611300,DQN_Double_PER,1,2404,140705,22.40,4,0.0100,0.01020,209.2
DQN_Double_PER_seed_1_1790611300,DQN_Double_PER,1,2405,140940,26.90,5,0.0100,0.01018,209.6
DQN_Double_PER_seed_1_1790611300,DQN_Double_PER,1,2406,141480,64.60,13,0.0100,0.01232,210.4
DQN_Double_PER_seed_1_1790611300,DQN_Double_PER,1,2407,141679,22.40,4,0.0100,0.01252,210.7
DQN_Double_PER_seed_1_1790611300,DQN_Double_PER,1,2408,141801,12.90,2,0.0100,0.01194,210.9
DQN_Double_PER_seed_1_1790611300,DQN_Double_PER,1,2409,142375,68.90,14,0.0100,0.01265,211.8
DQN_Double_PER_seed_1_1790611300,DQN_Double_PER,1,2410,142509,15.00,3,0.0100,0.01158,212.0
DQN_Double_PER_seed_1_1790611300,DQN_Double_PER,1,2411,142574,6.30,1,0.0100,0.01260,212.1
DQN_Double_PER_seed_1_1790611300,DQN_Double_PER,1,2412,142809,26.90,5,0.0100,0.01190,212.5
DQN_Double_PER_seed_1_1790611300,DQN_Double_PER,1,2413,142865,4.50,0,0.0100,0.01152,212.6
DQN_Double_PER_seed_1_1790611300,DQN_Double_PER,1,2414,142987,12.90,2,0.0100,0.01053,212.8
DQN_Double_PER_seed_1_1790611300,DQN_Double_PER,1,2415,143092,11.20,2,0.0100,0.01311,213.0
DQN_Double_PER_seed_1_1790611300,DQN_Double_PER,1,2416,143294,22.70,4,0.0100,0.01301,213.3
DQN_Double_PER_seed_1_1790611300,DQN_Double_PER,1,2417,143391,9.50,2,0.0100,0.01289,213.4
DQN_Double_PER_seed_1_1790611300,DQN_Double_PER,1,2418,144155,92.40,19,0.0100,0.01219,214.7
DQN_Double_PER_seed_1_1790611300,DQN_Double_PER,1,2419,144354,22.40,4,0.0100,0.01291,215.0
DQN_Double_PER_seed_1_1790611300,DQN_Double_PER,1,2420,144404,1.50,0,0.0100,0.01543,215.1
DQN_Double_PER_seed_1_1790611300,DQN_Double_PER,1,2421,144492,8.60,1,0.0100,0.01435,215.2
DQN_Double_PER_seed_1_1790611300,DQN_Double_PER,1,2422,144578,8.40,1,0.0100,0.01243,215.3
DQN_Double_PER_seed_1_1790611300,DQN_Double_PER,1,2423,144664,8.40,1,0.0100,0.01142,215.5
DQN_Double_PER_seed_1_1790611300,DQN_Double_PER,1,2424,144864,22.50,4,0.0100,0.01277,215.8
DQN_Double_PER_seed_1_1790611300,DQN_Double_PER,1,2425,144950,8.40,1,0.0100,0.01321,215.9
DQN_Double_PER_seed_1_1790611300,DQN_Double_PER,1,2426,145129,20.40,4,0.0100,0.01396,216.7
DQN_Double_PER_seed_1_1790611300,DQN_Double_PER,1,2427,145192,6.10,1,0.0100,0.01417,216.8
DQN_Double_PER_seed_1_1790611300,DQN_Double_PER,1,2428,145278,8.40,1,0.0100,0.01350,216.9
DQN_Double_PER_seed_1_1790611300,DQN_Double_PER,1,2429,145328,3.90,0,0.0100,0.01367,217.0
DQN_Double_PER_seed_1_1790611300,DQN_Double_PER,1,2430,145789,54.90,11,0.0100,0.01468,217.7
DQN_Double_PER_seed_1_1790611300,DQN_Double_PER,1,2431,146101,36.40,7,0.0100,0.01264,218.2
DQN_Double_PER_seed_1_1790611300,DQN_Double_PER,1,2432,146676,69.00,14,0.0100,0.01138,219.1
DQN_Double_PER_seed_1_1790611300,DQN_Double_PER,1,2433,146992,36.80,7,0.0100,0.01231,219.6
DQN_Double_PER_seed_1_1790611300,DQN_Double_PER,1,2434,147114,12.90,2,0.0100,0.01418,219.8
DQN_Double_PER_seed_1_1790611300,DQN_Double_PER,1,2435,147349,26.90,5,0.0100,0.01313,220.2
DQN_Double_PER_seed_1_1790611300,DQN_Double_PER,1,2436,147471,12.90,2,0.0100,0.01418,220.4
DQN_Double_PER_seed_1_1790611300,DQN_Double_PER,1,2437,147527,4.50,0,0.0100,0.01679,220.5
DQN_Double_PER_seed_1_1790611300,DQN_Double_PER,1,2438,147839,36.40,7,0.0100,0.01297,221.0
DQN_Double_PER_seed_1_1790611300,DQN_Double_PER,1,2439,148038,22.40,4,0.0100,0.01154,221.3
DQN_Double_PER_seed_1_1790611300,DQN_Double_PER,1,2440,148124,8.40,1,0.0100,0.01416,221.4
DQN_Double_PER_seed_1_1790611300,DQN_Double_PER,1,2441,148248,13.10,2,0.0100,0.01434,221.6
DQN_Double_PER_seed_1_1790611300,DQN_Double_PER,1,2442,148498,29.30,6,0.0100,0.01342,222.0
DQN_Double_PER_seed_1_1790611300,DQN_Double_PER,1,2443,148584,8.40,1,0.0100,0.01299,222.1
DQN_Double_PER_seed_1_1790611300,DQN_Double_PER,1,2444,148819,26.90,5,0.0100,0.01419,222.5
DQN_Double_PER_seed_1_1790611300,DQN_Double_PER,1,2445,148957,15.40,3,0.0100,0.01365,222.7
DQN_Double_PER_seed_1_1790611300,DQN_Double_PER,1,2446,149025,6.60,1,0.0100,0.01513,222.8
DQN_Double_PER_seed_1_1790611300,DQN_Double_PER,1,2447,149260,26.90,5,0.0100,0.01238,223.2
DQN_Double_PER_seed_1_1790611300,DQN_Double_PER,1,2448,149876,74.00,15,0.0100,0.01447,224.2
DQN_Double_PER_seed_1_1790611300,DQN_Double_PER,1,2449,149962,8.40,1,0.0100,0.01343,224.3
DQN_Double_PER_seed_1_1790611300,DQN_Double_PER,1,2450,150090,13.50,2,0.0100,0.01562,225.0
DQN_Double_PER_seed_1_1790611300,DQN_Double_PER,1,2451,150160,6.80,1,0.0100,0.01472,225.1
DQN_Double_PER_seed_1_1790611300,DQN_Double_PER,1,2452,150323,17.90,3,0.0100,0.01309,225.4
DQN_Double_PER_seed_1_1790611300,DQN_Double_PER,1,2453,150671,40.90,8,0.0100,0.01431,226.0
DQN_Double_PER_seed_1_1790611300,DQN_Double_PER,1,2454,150870,22.40,4,0.0100,0.01339,226.3
DQN_Double_PER_seed_1_1790611300,DQN_Double_PER,1,2455,151259,45.90,9,0.0100,0.01453,226.9
DQN_Double_PER_seed_1_1790611300,DQN_Double_PER,1,2456,151422,17.90,3,0.0100,0.01529,227.1
DQN_Double_PER_seed_1_1790611300,DQN_Double_PER,1,2457,151770,40.90,8,0.0100,0.01456,227.7
DQN_Double_PER_seed_1_1790611300,DQN_Double_PER,1,2458,151969,22.40,4,0.0100,0.01802,228.0
DQN_Double_PER_seed_1_1790611300,DQN_Double_PER,1,2459,152055,8.40,1,0.0100,0.01402,228.1
DQN_Double_PER_seed_1_1790611300,DQN_Double_PER,1,2460,152117,6.00,1,0.0100,0.01394,228.2
DQN_Double_PER_seed_1_1790611300,DQN_Double_PER,1,2461,152239,12.90,2,0.0100,0.01615,228.4
DQN_Double_PER_seed_1_1790611300,DQN_Double_PER,1,2462,152854,73.90,15,0.0100,0.01452,229.4
DQN_Double_PER_seed_1_1790611300,DQN_Double_PER,1,2463,153142,33.10,7,0.0100,0.01425,229.9
DQN_Double_PER_seed_1_1790611300,DQN_Double_PER,1,2464,153264,12.90,2,0.0100,0.01554,230.0
DQN_Double_PER_seed_1_1790611300,DQN_Double_PER,1,2465,153350,8.40,1,0.0100,0.01542,230.2
DQN_Double_PER_seed_1_1790611300,DQN_Double_PER,1,2466,153436,8.40,1,0.0100,0.01530,230.3
DQN_Double_PER_seed_1_1790611300,DQN_Double_PER,1,2467,153938,59.90,12,0.0100,0.01474,231.1
DQN_Double_PER_seed_1_1790611300,DQN_Double_PER,1,2468,154060,12.90,2,0.0100,0.01487,231.3
DQN_Double_PER_seed_1_1790611300,DQN_Double_PER,1,2469,154162,10.90,2,0.0100,0.01242,231.5
DQN_Double_PER_seed_1_1790611300,DQN_Double_PER,1,2470,154526,43.40,9,0.0100,0.01653,232.0
DQN_Double_PER_seed_1_1790611300,DQN_Double_PER,1,2471,154625,10.60,2,0.0100,0.01410,232.2
DQN_Double_PER_seed_1_1790611300,DQN_Double_PER,1,2472,154937,36.40,7,0.0100,0.01498,232.7
DQN_Double_PER_seed_1_1790611300,DQN_Double_PER,1,2473,155285,40.90,8,0.0100,0.01554,234.0
DQN_Double_PER_seed_1_1790611300,DQN_Double_PER,1,2474,155520,26.90,5,0.0100,0.01611,234.4
DQN_Double_PER_seed_1_1790611300,DQN_Double_PER,1,2475,155796,31.90,6,0.0100,0.01611,234.8
DQN_Double_PER_seed_1_1790611300,DQN_Double_PER,1,2476,156185,45.90,9,0.0100,0.01611,235.4
DQN_Double_PER_seed_1_1790611300,DQN_Double_PER,1,2477,156289,11.10,2,0.0100,0.01795,235.6
DQN_Double_PER_seed_1_1790611300,DQN_Double_PER,1,2478,156375,8.40,1,0.0100,0.01769,235.7
DQN_Double_PER_seed_1_1790611300,DQN_Double_PER,1,2479,156435,4.90,0,0.0100,0.01865,235.8
DQN_Double_PER_seed_1_1790611300,DQN_Double_PER,1,2480,156639,22.90,4,0.0100,0.01682,236.1
DQN_Double_PER_seed_1_1790611300,DQN_Double_PER,1,2481,157028,45.90,9,0.0100,0.01666,236.8
DQN_Double_PER_seed_1_1790611300,DQN_Double_PER,1,2482,157134,11.30,2,0.0100,0.02191,236.9
DQN_Double_PER_seed_1_1790611300,DQN_Double_PER,1,2483,157342,23.30,4,0.0100,0.01676,237.3
DQN_Double_PER_seed_1_1790611300,DQN_Double_PER,1,2484,157445,11.00,2,0.0100,0.01502,237.4
DQN_Double_PER_seed_1_1790611300,DQN_Double_PER,1,2485,157531,8.40,1,0.0100,0.01539,237.6
DQN_Double_PER_seed_1_1790611300,DQN_Double_PER,1,2486,157766,26.90,5,0.0100,0.01615,237.9
DQN_Double_PER_seed_1_1790611300,DQN_Double_PER,1,2487,157949,20.80,4,0.0100,0.01566,238.2
DQN_Double_PER_seed_1_1790611300,DQN_Double_PER,1,2488,158035,8.40,1,0.0100,0.01458,238.4
DQN_Double_PER_seed_1_1790611300,DQN_Double_PER,1,2489,158609,68.90,14,0.0100,0.01492,239.3
DQN_Double_PER_seed_1_1790611300,DQN_Double_PER,1,2490,158695,8.40,1,0.0100,0.01440,239.4
DQN_Double_PER_seed_1_1790611300,DQN_Double_PER,1,2491,158817,12.90,2,0.0100,0.01305,239.6
DQN_Double_PER_seed_1_1790611300,DQN_Double_PER,1,2492,159129,36.40,7,0.0100,0.01545,240.1
DQN_Double_PER_seed_1_1790611300,DQN_Double_PER,1,2493,159292,17.90,3,0.0100,0.01595,240.3
DQN_Double_PER_seed_1_1790611300,DQN_Double_PER,1,2494,159547,29.80,6,0.0100,0.01657,240.8
DQN_Double_PER_seed_1_1790611300,DQN_Double_PER,1,2495,160121,68.90,14,0.0100,0.01529,242.7
DQN_Double_PER_seed_1_1790611300,DQN_Double_PER,1,2496,160320,22.40,4,0.0100,0.01868,243.0
DQN_Double_PER_seed_1_1790611300,DQN_Double_PER,1,2497,160632,36.40,7,0.0100,0.01786,243.5
DQN_Double_PER_seed_1_1790611300,DQN_Double_PER,1,2498,160718,8.40,1,0.0100,0.01599,243.6
DQN_Double_PER_seed_1_1790611300,DQN_Double_PER,1,2499,160804,8.40,1,0.0100,0.01662,243.8
DQN_Double_PER_seed_1_1790611300,DQN_Double_PER,1,2500,160926,12.90,2,0.0100,0.01650,244.0
DQN_Double_PER_seed_1_1790611300,DQN_Double_PER,1,2501,161012,8.40,1,0.0100,0.01604,244.1
DQN_Double_PER_seed_1_1790611300,DQN_Double_PER,1,2502,161134,12.90,2,0.0100,0.01727,244.3
DQN_Double_PER_seed_1_1790611300,DQN_Double_PER,1,2503,161333,22.40,4,0.0100,0.01706,244.6
DQN_Double_PER_seed_1_1790611300,DQN_Double_PER,1,2504,161465,13.90,2,0.0100,0.01825,244.8
DQN_Double_PER_seed_1_1790611300,DQN_Double_PER,1,2505,161664,22.40,4,0.0100,0.01722,245.1
DQN_Double_PER_seed_1_1790611300,DQN_Double_PER,1,2506,161834,18.60,3,0.0100,0.01994,245.4
DQN_Double_PER_seed_1_1790611300,DQN_Double_PER,1,2507,162420,70.10,15,0.0100,0.01955,246.3
DQN_Double_PER_seed_1_1790611300,DQN_Double_PER,1,2508,162542,12.90,2,0.0100,0.01895,246.5
DQN_Double_PER_seed_1_1790611300,DQN_Double_PER,1,2509,162741,22.40,4,0.0100,0.01934,246.8
DQN_Double_PER_seed_1_1790611300,DQN_Double_PER,1,2510,162808,6.50,1,0.0100,0.02223,246.9
DQN_Double_PER_seed_1_1790611300,DQN_Double_PER,1,2511,163156,40.90,8,0.0100,0.01797,247.5
DQN_Double_PER_seed_1_1790611300,DQN_Double_PER,1,2512,163249,9.10,1,0.0100,0.01917,247.6
DQN_Double_PER_seed_1_1790611300,DQN_Double_PER,1,2513,163448,22.40,4,0.0100,0.01959,248.0
DQN_Double_PER_seed_1_1790611300,DQN_Double_PER,1,2514,163570,12.90,2,0.0100,0.01881,248.2
DQN_Double_PER_seed_1_1790611300,DQN_Double_PER,1,2515,163656,8.40,1,0.0100,0.02010,248.3
DQN_Double_PER_seed_1_1790611300,DQN_Double_PER,1,2516,163742,8.40,1,0.0100,0.01756,248.4
DQN_Double_PER_seed_1_1790611300,DQN_Double_PER,1,2517,163864,12.90,2,0.0100,0.02066,248.6
DQN_Double_PER_seed_1_1790611300,DQN_Double_PER,1,2518,164289,50.40,10,0.0100,0.01844,249.3
DQN_Double_PER_seed_1_1790611300,DQN_Double_PER,1,2519,164375,8.40,1,0.0100,0.01969,249.4
DQN_Double_PER_seed_1_1790611300,DQN_Double_PER,1,2520,164497,12.90,2,0.0100,0.01654,249.6
DQN_Double_PER_seed_1_1790611300,DQN_Double_PER,1,2521,164627,13.70,2,0.0100,0.02227,249.8
DQN_Double_PER_seed_1_1790611300,DQN_Double_PER,1,2522,165072,53.30,11,0.0100,0.01903,251.1
DQN_Double_PER_seed_1_1790611300,DQN_Double_PER,1,2523,165194,12.90,2,0.0100,0.01747,251.3
DQN_Double_PER_seed_1_1790611300,DQN_Double_PER,1,2524,165429,26.90,5,0.0100,0.01949,251.6
DQN_Double_PER_seed_1_1790611300,DQN_Double_PER,1,2525,165566,15.30,3,0.0100,0.01963,251.9
DQN_Double_PER_seed_1_1790611300,DQN_Double_PER,1,2526,165729,17.90,3,0.0100,0.02171,252.1
DQN_Double_PER_seed_1_1790611300,DQN_Double_PER,1,2527,165943,24.80,5,0.0100,0.01808,252.5
DQN_Double_PER_seed_1_1790611300,DQN_Double_PER,1,2528,166933,120.40,25,0.0100,0.01966,254.0
DQN_Double_PER_seed_1_1790611300,DQN_Double_PER,1,2529,167075,15.80,3,0.0100,0.02011,254.3
DQN_Double_PER_seed_1_1790611300,DQN_Double_PER,1,2530,167916,101.90,21,0.0100,0.01952,255.6
DQN_Double_PER_seed_1_1790611300,DQN_Double_PER,1,2531,168490,68.90,14,0.0100,0.02136,256.5
DQN_Double_PER_seed_1_1790611300,DQN_Double_PER,1,2532,168555,6.30,1,0.0100,0.01935,256.6
DQN_Double_PER_seed_1_1790611300,DQN_Double_PER,1,2533,168731,20.10,4,0.0100,0.01929,256.9
DQN_Double_PER_seed_1_1790611300,DQN_Double_PER,1,2534,169058,38.80,8,0.0100,0.01936,257.4
DQN_Double_PER_seed_1_1790611300,DQN_Double_PER,1,2535,169524,55.40,11,0.0100,0.02082,258.2
DQN_Double_PER_seed_1_1790611300,DQN_Double_PER,1,2536,169610,8.40,1,0.0100,0.03085,258.3
DQN_Double_PER_seed_1_1790611300,DQN_Double_PER,1,2537,169696,8.40,1,0.0100,0.02154,258.4
DQN_Double_PER_seed_1_1790611300,DQN_Double_PER,1,2538,169940,27.80,5,0.0100,0.02205,258.8
DQN_Double_PER_seed_1_1790611300,DQN_Double_PER,1,2539,170062,12.90,2,0.0100,0.02097,259.7
DQN_Double_PER_seed_1_1790611300,DQN_Double_PER,1,2540,170564,59.90,12,0.0100,0.02297,260.5
DQN_Double_PER_seed_1_1790611300,DQN_Double_PER,1,2541,170661,9.50,2,0.0100,0.01927,260.6
DQN_Double_PER_seed_1_1790611300,DQN_Double_PER,1,2542,170798,15.30,3,0.0100,0.01967,260.8
DQN_Double_PER_seed_1_1790611300,DQN_Double_PER,1,2543,170930,13.90,2,0.0100,0.01942,261.0
DQN_Double_PER_seed_1_1790611300,DQN_Double_PER,1,2544,170980,3.90,0,0.0100,0.02554,261.1
DQN_Double_PER_seed_1_1790611300,DQN_Double_PER,1,2545,171744,92.40,19,0.0100,0.02088,262.3
DQN_Double_PER_seed_1_1790611300,DQN_Double_PER,1,2546,171979,26.90,5,0.0100,0.02050,262.7
DQN_Double_PER_seed_1_1790611300,DQN_Double_PER,1,2547,172044,6.30,1,0.0100,0.02123,262.8
DQN_Double_PER_seed_1_1790611300,DQN_Double_PER,1,2548,172130,8.40,1,0.0100,0.02124,263.0
DQN_Double_PER_seed_1_1790611300,DQN_Double_PER,1,2549,172252,12.90,2,0.0100,0.01950,263.2
DQN_Double_PER_seed_1_1790611300,DQN_Double_PER,1,2550,172619,43.70,9,0.0100,0.02088,263.7
DQN_Double_PER_seed_1_1790611300,DQN_Double_PER,1,2551,172833,24.80,5,0.0100,0.01921,264.1
DQN_Double_PER_seed_1_1790611300,DQN_Double_PER,1,2552,173145,36.40,7,0.0100,0.01905,264.6
DQN_Double_PER_seed_1_1790611300,DQN_Double_PER,1,2553,173364,25.30,5,0.0100,0.02158,264.9
DQN_Double_PER_seed_1_1790611300,DQN_Double_PER,1,2554,173414,3.90,0,0.0100,0.01849,265.0
DQN_Double_PER_seed_1_1790611300,DQN_Double_PER,1,2555,173577,17.90,3,0.0100,0.01902,265.3
DQN_Double_PER_seed_1_1790611300,DQN_Double_PER,1,2556,174022,53.30,11,0.0100,0.02033,266.0
DQN_Double_PER_seed_1_1790611300,DQN_Double_PER,1,2557,174596,68.90,14,0.0100,0.02143,266.9
DQN_Double_PER_seed_1_1790611300,DQN_Double_PER,1,2558,175057,54.90,11,0.0100,0.01989,268.8
DQN_Double_PER_seed_1_1790611300,DQN_Double_PER,1,2559,175462,48.40,10,0.0100,0.02321,269.5
DQN_Double_PER_seed_1_1790611300,DQN_Double_PER,1,2560,175625,17.90,3,0.0100,0.02033,269.7
DQN_Double_PER_seed_1_1790611300,DQN_Double_PER,1,2561,175872,28.10,6,0.0100,0.02046,270.1
DQN_Double_PER_seed_1_1790611300,DQN_Double_PER,1,2562,175994,12.90,2,0.0100,0.01859,270.3
DQN_Double_PER_seed_1_1790611300,DQN_Double_PER,1,2563,176116,12.90,2,0.0100,0.01741,270.5
DQN_Double_PER_seed_1_1790611300,DQN_Double_PER,1,2564,176524,48.70,10,0.0100,0.02241,271.2
DQN_Double_PER_seed_1_1790611300,DQN_Double_PER,1,2565,176646,12.90,2,0.0100,0.02251,271.4
DQN_Double_PER_seed_1_1790611300,DQN_Double_PER,1,2566,177055,48.80,10,0.0100,0.02135,272.0
DQN_Double_PER_seed_1_1790611300,DQN_Double_PER,1,2567,178158,134.40,28,0.0100,0.02232,273.8
DQN_Double_PER_seed_1_1790611300,DQN_Double_PER,1,2568,178321,17.90,3,0.0100,0.03072,274.1
DQN_Double_PER_seed_1_1790611300,DQN_Double_PER,1,2569,178443,12.90,2,0.0100,0.02181,274.3
DQN_Double_PER_seed_1_1790611300,DQN_Double_PER,1,2570,178565,12.90,2,0.0100,0.02902,274.5
DQN_Double_PER_seed_1_1790611300,DQN_Double_PER,1,2571,178764,22.40,4,0.0100,0.02473,274.8
DQN_Double_PER_seed_1_1790611300,DQN_Double_PER,1,2572,179131,43.70,9,0.0100,0.02250,275.4
DQN_Double_PER_seed_1_1790611300,DQN_Double_PER,1,2573,179335,22.90,4,0.0100,0.02393,275.7
DQN_Double_PER_seed_1_1790611300,DQN_Double_PER,1,2574,179741,48.50,10,0.0100,0.02386,276.4
DQN_Double_PER_seed_1_1790611300,DQN_Double_PER,1,2575,179987,28.00,5,0.0100,0.02215,276.8
DQN_Double_PER_seed_1_1790611300,DQN_Double_PER,1,2576,180037,3.90,0,0.0100,0.02415,278.0
DQN_Double_PER_seed_1_1790611300,DQN_Double_PER,1,2577,180446,48.80,10,0.0100,0.02464,278.7
DQN_Double_PER_seed_1_1790611300,DQN_Double_PER,1,2578,180794,40.90,8,0.0100,0.02254,279.2
DQN_Double_PER_seed_1_1790611300,DQN_Double_PER,1,2579,180888,9.20,1,0.0100,0.02240,279.4
DQN_Double_PER_seed_1_1790611300,DQN_Double_PER,1,2580,181010,12.90,2,0.0100,0.02430,279.6
DQN_Double_PER_seed_1_1790611300,DQN_Double_PER,1,2581,181584,68.90,14,0.0100,0.02218,280.5
DQN_Double_PER_seed_1_1790611300,DQN_Double_PER,1,2582,181819,26.90,5,0.0100,0.02633,280.9
DQN_Double_PER_seed_1_1790611300,DQN_Double_PER,1,2583,181905,8.40,1,0.0100,0.02309,281.0
DQN_Double_PER_seed_1_1790611300,DQN_Double_PER,1,2584,182198,34.50,7,0.0100,0.02323,281.5
DQN_Double_PER_seed_1_1790611300,DQN_Double_PER,1,2585,182248,3.90,0,0.0100,0.02647,281.6
DQN_Double_PER_seed_1_1790611300,DQN_Double_PER,1,2586,182411,17.90,3,0.0100,0.02344,281.8
DQN_Double_PER_seed_1_1790611300,DQN_Double_PER,1,2587,182507,9.40,1,0.0100,0.02186,282.0
DQN_Double_PER_seed_1_1790611300,DQN_Double_PER,1,2588,182783,31.90,6,0.0100,0.02208,282.4
DQN_Double_PER_seed_1_1790611300,DQN_Double_PER,1,2589,182833,3.90,0,0.0100,0.02207,282.5
DQN_Double_PER_seed_1_1790611300,DQN_Double_PER,1,2590,183242,48.80,10,0.0100,0.02245,283.2
DQN_Double_PER_seed_1_1790611300,DQN_Double_PER,1,2591,183590,40.90,8,0.0100,0.02256,283.7
DQN_Double_PER_seed_1_1790611300,DQN_Double_PER,1,2592,183640,3.90,0,0.0100,0.02037,283.8
DQN_Double_PER_seed_1_1790611300,DQN_Double_PER,1,2593,183839,22.40,4,0.0100,0.02092,284.1
DQN_Double_PER_seed_1_1790611300,DQN_Double_PER,1,2594,184002,17.90,3,0.0100,0.02395,284.4
DQN_Double_PER_seed_1_1790611300,DQN_Double_PER,1,2595,184427,50.40,10,0.0100,0.02469,285.1
DQN_Double_PER_seed_1_1790611300,DQN_Double_PER,1,2596,184549,12.90,2,0.0100,0.02323,285.3
DQN_Double_PER_seed_1_1790611300,DQN_Double_PER,1,2597,184599,3.90,0,0.0100,0.02945,285.4
DQN_Double_PER_seed_1_1790611300,DQN_Double_PER,1,2598,184798,22.40,4,0.0100,0.02365,285.7
DQN_Double_PER_seed_1_1790611300,DQN_Double_PER,1,2599,184829,2.00,0,0.0100,0.02527,285.7
DQN_Double_PER_seed_1_1790611300,DQN_Double_PER,1,2600,184860,2.00,0,0.0100,0.02297,285.8
DQN_Double_PER_seed_1_1790611300,DQN_Double_PER,1,2601,184946,8.40,1,0.0100,0.02531,285.9
DQN_Double_PER_seed_1_1790611300,DQN_Double_PER,1,2602,185068,12.90,2,0.0100,0.02165,286.2
DQN_Double_PER_seed_1_1790611300,DQN_Double_PER,1,2603,185233,18.10,3,0.0100,0.02318,286.4
DQN_Double_PER_seed_1_1790611300,DQN_Double_PER,1,2604,185295,6.00,1,0.0100,0.02520,286.5
DQN_Double_PER_seed_1_1790611300,DQN_Double_PER,1,2605,185417,12.90,2,0.0100,0.02736,286.7
DQN_Double_PER_seed_1_1790611300,DQN_Double_PER,1,2606,185503,8.40,1,0.0100,0.02212,286.9
DQN_Double_PER_seed_1_1790611300,DQN_Double_PER,1,2607,185609,11.30,2,0.0100,0.02437,287.0
DQN_Double_PER_seed_1_1790611300,DQN_Double_PER,1,2608,185890,32.40,6,0.0100,0.02299,287.5
DQN_Double_PER_seed_1_1790611300,DQN_Double_PER,1,2609,186202,36.40,7,0.0100,0.02078,288.0
DQN_Double_PER_seed_1_1790611300,DQN_Double_PER,1,2610,186324,12.90,2,0.0100,0.02206,288.2
DQN_Double_PER_seed_1_1790611300,DQN_Double_PER,1,2611,186410,8.40,1,0.0100,0.02394,288.3
DQN_Double_PER_seed_1_1790611300,DQN_Double_PER,1,2612,186499,8.70,1,0.0100,0.02286,288.5
DQN_Double_PER_seed_1_1790611300,DQN_Double_PER,1,2613,187005,60.30,12,0.0100,0.02266,289.3
DQN_Double_PER_seed_1_1790611300,DQN_Double_PER,1,2614,187093,8.60,1,0.0100,0.02505,289.4
DQN_Double_PER_seed_1_1790611300,DQN_Double_PER,1,2615,187708,73.90,15,0.0100,0.02483,290.4
DQN_Double_PER_seed_1_1790611300,DQN_Double_PER,1,2616,187874,18.20,3,0.0100,0.02155,290.7
DQN_Double_PER_seed_1_1790611300,DQN_Double_PER,1,2617,188037,17.90,3,0.0100,0.02361,290.9
DQN_Double_PER_seed_1_1790611300,DQN_Double_PER,1,2618,188095,4.70,0,0.0100,0.02833,291.0
DQN_Double_PER_seed_1_1790611300,DQN_Double_PER,1,2619,188162,6.50,1,0.0100,0.01931,291.1
DQN_Double_PER_seed_1_1790611300,DQN_Double_PER,1,2620,188412,29.30,6,0.0100,0.02207,291.6
DQN_Double_PER_seed_1_1790611300,DQN_Double_PER,1,2621,188476,6.20,1,0.0100,0.02009,291.7
DQN_Double_PER_seed_1_1790611300,DQN_Double_PER,1,2622,188937,54.90,11,0.0100,0.02340,292.4
DQN_Double_PER_seed_1_1790611300,DQN_Double_PER,1,2623,189249,36.40,7,0.0100,0.02480,292.9
DQN_Double_PER_seed_1_1790611300,DQN_Double_PER,1,2624,189425,20.10,4,0.0100,0.02242,293.2
DQN_Double_PER_seed_1_1790611300,DQN_Double_PER,1,2625,189481,4.50,0,0.0100,0.02615,293.3
DQN_Double_PER_seed_1_1790611300,DQN_Double_PER,1,2626,189798,36.90,7,0.0100,0.02249,293.8
DQN_Double_PER_seed_1_1790611300,DQN_Double_PER,1,2627,189920,12.90,2,0.0100,0.02024,294.0
DQN_Double_PER_seed_1_1790611300,DQN_Double_PER,1,2628,190095,19.10,4,0.0100,0.02118,295.3
DQN_Double_PER_seed_1_1790611300,DQN_Double_PER,1,2629,190217,12.90,2,0.0100,0.02670,295.5
DQN_Double_PER_seed_1_1790611300,DQN_Double_PER,1,2630,190303,8.40,1,0.0100,0.02064,295.7
DQN_Double_PER_seed_1_1790611300,DQN_Double_PER,1,2631,190551,29.10,6,0.0100,0.02176,296.1
DQN_Double_PER_seed_1_1790611300,DQN_Double_PER,1,2632,190797,28.00,5,0.0100,0.02318,296.5
DQN_Double_PER_seed_1_1790611300,DQN_Double_PER,1,2633,191052,29.80,6,0.0100,0.02175,296.9
DQN_Double_PER_seed_1_1790611300,DQN_Double_PER,1,2634,191186,15.00,3,0.0100,0.02147,297.1
DQN_Double_PER_seed_1_1790611300,DQN_Double_PER,1,2635,191285,10.60,2,0.0100,0.02321,297.3
DQN_Double_PER_seed_1_1790611300,DQN_Double_PER,1,2636,191710,50.40,10,0.0100,0.02082,298.0
DQN_Double_PER_seed_1_1790611300,DQN_Double_PER,1,2637,192492,95.10,20,0.0100,0.02378,299.2
DQN_Double_PER_seed_1_1790611300,DQN_Double_PER,1,2638,192895,48.20,10,0.0100,0.02220,299.9
DQN_Double_PER_seed_1_1790611300,DQN_Double_PER,1,2639,193791,109.20,23,0.0100,0.02240,301.3
DQN_Double_PER_seed_1_1790611300,DQN_Double_PER,1,2640,194087,34.80,7,0.0100,0.02153,301.8
DQN_Double_PER_seed_1_1790611300,DQN_Double_PER,1,2641,194946,104.60,22,0.0100,0.02343,303.2
DQN_Double_PER_seed_1_1790611300,DQN_Double_PER,1,2642,195071,13.20,2,0.0100,0.02517,304.3
DQN_Double_PER_seed_1_1790611300,DQN_Double_PER,1,2643,195158,8.50,1,0.0100,0.02328,304.4
DQN_Double_PER_seed_1_1790611300,DQN_Double_PER,1,2644,195521,43.30,9,0.0100,0.02379,305.0
DQN_Double_PER_seed_1_1790611300,DQN_Double_PER,1,2645,195607,8.40,1,0.0100,0.02171,305.1
DQN_Double_PER_seed_1_1790611300,DQN_Double_PER,1,2646,195820,24.70,5,0.0100,0.02096,305.5
DQN_Double_PER_seed_1_1790611300,DQN_Double_PER,1,2647,196395,69.00,14,0.0100,0.02407,306.4
DQN_Double_PER_seed_1_1790611300,DQN_Double_PER,1,2648,196558,17.90,3,0.0100,0.02432,306.7
DQN_Double_PER_seed_1_1790611300,DQN_Double_PER,1,2649,196654,9.40,1,0.0100,0.02379,306.8
DQN_Double_PER_seed_1_1790611300,DQN_Double_PER,1,2650,196740,8.40,1,0.0100,0.02423,307.0
DQN_Double_PER_seed_1_1790611300,DQN_Double_PER,1,2651,196842,10.90,2,0.0100,0.02241,307.1
DQN_Double_PER_seed_1_1790611300,DQN_Double_PER,1,2652,197060,25.20,5,0.0100,0.02545,307.5
DQN_Double_PER_seed_1_1790611300,DQN_Double_PER,1,2653,197279,25.30,5,0.0100,0.02194,307.8
DQN_Double_PER_seed_1_1790611300,DQN_Double_PER,1,2654,197529,29.30,6,0.0100,0.02228,308.2
DQN_Double_PER_seed_1_1790611300,DQN_Double_PER,1,2655,197764,26.90,5,0.0100,0.02514,308.6
DQN_Double_PER_seed_1_1790611300,DQN_Double_PER,1,2656,197833,6.70,1,0.0100,0.02174,308.7
DQN_Double_PER_seed_1_1790611300,DQN_Double_PER,1,2657,198223,46.00,9,0.0100,0.02236,309.4
DQN_Double_PER_seed_1_1790611300,DQN_Double_PER,1,2658,198684,54.90,11,0.0100,0.02229,310.1
DQN_Double_PER_seed_1_1790611300,DQN_Double_PER,1,2659,199012,38.90,8,0.0100,0.02329,310.6
DQN_Double_PER_seed_1_1790611300,DQN_Double_PER,1,2660,199306,34.60,7,0.0100,0.02259,311.1
DQN_Double_PER_seed_1_1790611300,DQN_Double_PER,1,2661,199862,67.10,14,0.0100,0.02457,312.0
