run_id,method,seed,episode,step,ep_reward,score,epsilon,loss,wall_time
DQN_UNIFORM_seed_2_1790609713,DQN_UNIFORM,2,1,50,-7.50,0,0.9990,0.00000,0.0
DQN_UNIFORM_seed_2_1790609713,DQN_UNIFORM,2,2,100,-8.10,0,0.9980,0.00000,0.0
DQN_UNIFORM_seed_2_1790609713,DQN_UNIFORM,2,3,150,-8.10,0,0.9970,0.00000,0.0
DQN_UNIFORM_seed_2_1790609713,DQN_UNIFORM,2,4,200,-7.50,0,0.9960,0.00000,0.0
DQN_UNIFORM_seed_2_1790609713,DQN_UNIFORM,2,5,250,-8.70,0,0.9950,0.00000,0.0
DQN_UNIFORM_seed_2_1790609713,DQN_UNIFORM,2,6,300,-8.70,0,0.9941,0.00000,0.0
DQN_UNIFORM_seed_2_1790609713,DQN_UNIFORM,2,7,350,-8.70,0,0.9931,0.00000,0.0
DQN_UNIFORM_seed_2_1790609713,DQN_UNIFORM,2,8,400,-6.30,0,0.9921,0.00000,0.0
DQN_UNIFORM_seed_2_1790609713,DQN_UNIFORM,2,9,450,-8.10,0,0.9911,0.00000,0.0
DQN_UNIFORM_seed_2_1790609713,DQN_UNIFORM,2,10,500,-6.30,0,0.9901,0.00000,0.0
DQN_UNIFORM_seed_2_1790609713,DQN_UNIFORM,2,11,550,-7.50,0,0.9891,0.00000,0.0
DQN_UNIFORM_seed_2_1790609713,DQN_UNIFORM,2,12,600,-8.70,0,0.9881,0.00000,0.0
DQN_UNIFORM_seed_2_1790609713,DQN_UNIFORM,2,13,650,-8.10,0,0.9871,0.00000,0.0
DQN_UNIFORM_seed_2_1790609713,DQN_UNIFORM,2,14,700,-8.10,0,0.9861,0.00000,0.0
DQN_UNIFORM_seed_2_1790609713,DQN_UNIFORM,2,15,750,-8.10,0,0.9851,0.00000,0.0
DQN_UNIFORM_seed_2_1790609713,DQN_UNIFORM,2,16,800,-6.90,0,0.9842,0.00000,0.0
DQN_UNIFORM_seed_2_1790609713,DQN_UNIFORM,2,17,850,-6.30,0,0.9832,0.00000,0.0
DQN_UNIFORM_seed_2_1790609713,DQN_UNIFORM,2,18,900,-8.10,0,0.9822,0.00000,0.0
DQN_UNIFORM_seed_2_1790609713,DQN_UNIFORM,2,19,950,-7.50,0,0.9812,0.00000,0.0
DQN_UNIFORM_seed_2_1790609713,DQN_UNIFORM,2,20,1000,-4.50,0,0.9802,0.00000,0.0
DQN_UNIFORM_seed_2_1790609713,DQN_UNIFORM,2,21,1050,-8.10,0,0.9792,0.00000,0.0
DQN_UNIFORM_seed_2_1790609713,DQN_UNIFORM,2,22,1100,-6.30,0,0.9782,0.00000,0.0
DQN_UNIFORM_seed_2_1790609713,DQN_UNIFORM,2,23,1150,-7.50,0,0.9772,0.00000,0.0
DQN_UNIFORM_seed_2_1790609713,DQN_UNIFORM,2,24,1200,-7.50,0,0.9762,0.00000,0.0
DQN_UNIFORM_seed_2_1790609713,DQN_UNIFORM,2,25,1250,-8.10,0,0.9752,0.00000,0.0
DQN_UNIFORM_seed_2_1790609713,DQN_UNIFORM,2,26,1300,-8.10,0,0.9743,0.00000,0.0
DQN_UNIFORM_seed_2_1790609713,DQN_UNIFORM,2,27,1350,-8.10,0,0.9733,0.00000,0.0
DQN_UNIFORM_seed_2_1790609713,DQN_UNIFORM,2,28,1400,-8.10,0,0.9723,0.00000,0.0
DQN_UNIFORM_seed_2_1790609713,DQN_UNIFORM,2,29,1450,-7.50,0,0.9713,0.00000,0.0
DQN_UNIFORM_seed_2_1790609713,DQN_UNIFORM,2,30,1500,-7.50,0,0.9703,0.00000,0.0
DQN_UNIFORM_seed_2_1790609713,DQN_UNIFORM,2,31,1550,-8.10,0,0.9693,0.00000,0.0
DQN_UNIFORM_seed_2_1790609713,DQN_UNIFORM,2,32,1600,-3.90,0,0.9683,0.00000,0.0
DQN_UNIFORM_seed_2_1790609713,DQN_UNIFORM,2,33,1650,-6.30,0,0.9673,0.00000,0.0
DQN_UNIFORM_seed_2_1790609713,DQN_UNIFORM,2,34,1700,-7.50,0,0.9663,0.00000,0.0
DQN_UNIFORM_seed_2_1790609713,DQN_UNIFORM,2,35,1750,-6.30,0,0.9654,0.00000,0.0
DQN_UNIFORM_seed_2_1790609713,DQN_UNIFORM,2,36,1800,-7.50,0,0.9644,0.00000,0.0
DQN_UNIFORM_seed_2_1790609713,DQN_UNIFORM,2,37,1850,-9.30,0,0.9634,0.00000,0.0
DQN_UNIFORM_seed_2_1790609713,DQN_UNIFORM,2,38,1900,-8.10,0,0.9624,0.00000,0.0
DQN_UNIFORM_seed_2_1790609713,DQN_UNIFORM,2,39,1950,-7.50,0,0.9614,0.00000,0.0
DQN_UNIFORM_seed_2_1790609713,DQN_UNIFORM,2,40,2000,-6.90,0,0.9604,0.11054,0.0
DQN_UNIFORM_seed_2_1790609713,DQN_UNIFORM,2,41,2050,-8.10,0,0.9594,0.04683,0.1
DQN_UNIFORM_seed_2_1790609713,DQN_UNIFORM,2,42,2100,-8.10,0,0.9584,0.02206,0.2
DQN_UNIFORM_seed_2_1790609713,DQN_UNIFORM,2,43,2150,-7.50,0,0.9574,0.01872,0.2
DQN_UNIFORM_seed_2_1790609713,DQN_UNIFORM,2,44,2200,-8.70,0,0.9564,0.01669,0.3
DQN_UNIFORM_seed_2_1790609713,DQN_UNIFORM,2,45,2250,-8.10,0,0.9555,0.01335,0.4
DQN_UNIFORM_seed_2_1790609713,DQN_UNIFORM,2,46,2300,-6.90,0,0.9545,0.01193,0.4
DQN_UNIFORM_seed_2_1790609713,DQN_UNIFORM,2,47,2350,-8.10,0,0.9535,0.00972,0.5
DQN_UNIFORM_seed_2_1790609713,DQN_UNIFORM,2,48,2400,-8.10,0,0.9525,0.00895,0.5
DQN_UNIFORM_seed_2_1790609713,DQN_UNIFORM,2,49,2450,-8.10,0,0.9515,0.00834,0.6
DQN_UNIFORM_seed_2_1790609713,DQN_UNIFORM,2,50,2500,-7.50,0,0.9505,0.00812,0.7
DQN_UNIFORM_seed_2_1790609713,DQN_UNIFORM,2,51,2550,-6.30,0,0.9495,0.00846,0.7
DQN_UNIFORM_seed_2_1790609713,DQN_UNIFORM,2,52,2600,-7.50,0,0.9485,0.00759,0.8
DQN_UNIFORM_seed_2_1790609713,DQN_UNIFORM,2,53,2650,-5.70,0,0.9475,0.00785,0.9
DQN_UNIFORM_seed_2_1790609713,DQN_UNIFORM,2,54,2700,-5.70,0,0.9465,0.00783,0.9
DQN_UNIFORM_seed_2_1790609713,DQN_UNIFORM,2,55,2750,-7.50,0,0.9456,0.00715,1.0
DQN_UNIFORM_seed_2_1790609713,DQN_UNIFORM,2,56,2800,-4.50,0,0.9446,0.00719,1.0
DQN_UNIFORM_seed_2_1790609713,DQN_UNIFORM,2,57,2850,-8.10,0,0.9436,0.00715,1.1
DQN_UNIFORM_seed_2_1790609713,DQN_UNIFORM,2,58,2900,-7.50,0,0.9426,0.00724,1.2
DQN_UNIFORM_seed_2_1790609713,DQN_UNIFORM,2,59,2950,-6.90,0,0.9416,0.00730,1.3
DQN_UNIFORM_seed_2_1790609713,DQN_UNIFORM,2,60,3000,-8.10,0,0.9406,0.00766,1.3
DQN_UNIFORM_seed_2_1790609713,DQN_UNIFORM,2,61,3050,-7.50,0,0.9396,0.02085,1.4
DQN_UNIFORM_seed_2_1790609713,DQN_UNIFORM,2,62,3100,-6.90,0,0.9386,0.00761,1.4
DQN_UNIFORM_seed_2_1790609713,DQN_UNIFORM,2,63,3150,-5.70,0,0.9376,0.00663,1.5
DQN_UNIFORM_seed_2_1790609713,DQN_UNIFORM,2,64,3200,-7.50,0,0.9366,0.00608,1.6
DQN_UNIFORM_seed_2_1790609713,DQN_UNIFORM,2,65,3250,-8.10,0,0.9356,0.00604,1.6
DQN_UNIFORM_seed_2_1790609713,DQN_UNIFORM,2,66,3300,-7.50,0,0.9347,0.00529,1.7
DQN_UNIFORM_seed_2_1790609713,DQN_UNIFORM,2,67,3350,-7.50,0,0.9337,0.00481,1.8
DQN_UNIFORM_seed_2_1790609713,DQN_UNIFORM,2,68,3400,-8.70,0,0.9327,0.00458,1.8
DQN_UNIFORM_seed_2_1790609713,DQN_UNIFORM,2,69,3450,-7.50,0,0.9317,0.00454,1.9
DQN_UNIFORM_seed_2_1790609713,DQN_UNIFORM,2,70,3500,-6.30,0,0.9307,0.00452,1.9
DQN_UNIFORM_seed_2_1790609713,DQN_UNIFORM,2,71,3550,-7.50,0,0.9297,0.00401,2.0
DQN_UNIFORM_seed_2_1790609713,DQN_UNIFORM,2,72,3600,-8.70,0,0.9287,0.00418,2.1
DQN_UNIFORM_seed_2_1790609713,DQN_UNIFORM,2,73,3650,-7.50,0,0.9277,0.00359,2.1
DQN_UNIFORM_seed_2_1790609713,DQN_UNIFORM,2,74,3700,-8.10,0,0.9267,0.00356,2.2
DQN_UNIFORM_seed_2_1790609713,DQN_UNIFORM,2,75,3750,-5.10,0,0.9257,0.00343,2.3
DQN_UNIFORM_seed_2_1790609713,DQN_UNIFORM,2,76,3800,-7.50,0,0.9248,0.00457,2.3
DQN_UNIFORM_seed_2_1790609713,DQN_UNIFORM,2,77,3850,-2.70,0,0.9238,0.00322,2.4
DQN_UNIFORM_seed_2_1790609713,DQN_UNIFORM,2,78,3900,-8.70,0,0.9228,0.00359,2.4
DQN_UNIFORM_seed_2_1790609713,DQN_UNIFORM,2,79,3950,-8.10,0,0.9218,0.00339,2.5
DQN_UNIFORM_seed_2_1790609713,DQN_UNIFORM,2,80,4000,-7.50,0,0.9208,0.00335,2.6
DQN_UNIFORM_seed_2_1790609713,DQN_UNIFORM,2,81,4050,-8.10,0,0.9198,0.02327,2.6
DQN_UNIFORM_seed_2_1790609713,DQN_UNIFORM,2,82,4100,-8.10,0,0.9188,0.00872,2.7
DQN_UNIFORM_seed_2_1790609713,DQN_UNIFORM,2,83,4150,-8.10,0,0.9178,0.00764,2.8
DQN_UNIFORM_seed_2_1790609713,DQN_UNIFORM,2,84,4200,-8.10,0,0.9168,0.00717,2.8
DQN_UNIFORM_seed_2_1790609713,DQN_UNIFORM,2,85,4250,-6.90,0,0.9159,0.00972,2.9
DQN_UNIFORM_seed_2_1790609713,DQN_UNIFORM,2,86,4300,-8.10,0,0.9149,0.00761,2.9
DQN_UNIFORM_seed_2_1790609713,DQN_UNIFORM,2,87,4350,-6.30,0,0.9139,0.00682,3.0
DQN_UNIFORM_seed_2_1790609713,DQN_UNIFORM,2,88,4400,-8.10,0,0.9129,0.00707,3.1
DQN_UNIFORM_seed_2_1790609713,DQN_UNIFORM,2,89,4450,-7.50,0,0.9119,0.00663,3.1
DQN_UNIFORM_seed_2_1790609713,DQN_UNIFORM,2,90,4500,-6.30,0,0.9109,0.00742,3.2
DQN_UNIFORM_seed_2_1790609713,DQN_UNIFORM,2,91,4550,-6.90,0,0.9099,0.00778,3.2
DQN_UNIFORM_seed_2_1790609713,DQN_UNIFORM,2,92,4600,-7.50,0,0.9089,0.00673,3.3
DQN_UNIFORM_seed_2_1790609713,DQN_UNIFORM,2,93,4650,-7.50,0,0.9079,0.00766,3.4
DQN_UNIFORM_seed_2_1790609713,DQN_UNIFORM,2,94,4700,-8.10,0,0.9069,0.00517,3.4
DQN_UNIFORM_seed_2_1790609713,DQN_UNIFORM,2,95,4750,-8.10,0,0.9060,0.00605,3.5
DQN_UNIFORM_seed_2_1790609713,DQN_UNIFORM,2,96,4800,-7.50,0,0.9050,0.00688,3.6
DQN_UNIFORM_seed_2_1790609713,DQN_UNIFORM,2,97,4850,-8.10,0,0.9040,0.00739,3.6
DQN_UNIFORM_seed_2_1790609713,DQN_UNIFORM,2,98,4900,-8.70,0,0.9030,0.00672,3.7
DQN_UNIFORM_seed_2_1790609713,DQN_UNIFORM,2,99,4950,-7.50,0,0.9020,0.00718,3.7
DQN_UNIFORM_seed_2_1790609713,DQN_UNIFORM,2,100,5000,-5.70,0,0.9010,0.00651,3.8
DQN_UNIFORM_seed_2_1790609713,DQN_UNIFORM,2,101,5050,-8.70,0,0.9000,0.02590,4.0
DQN_UNIFORM_seed_2_1790609713,DQN_UNIFORM,2,102,5100,-7.50,0,0.8990,0.01362,4.0
DQN_UNIFORM_seed_2_1790609713,DQN_UNIFORM,2,103,5150,-6.90,0,0.8980,0.01113,4.1
DQN_UNIFORM_seed_2_1790609713,DQN_UNIFORM,2,104,5200,-6.30,0,0.8970,0.01374,4.1
DQN_UNIFORM_seed_2_1790609713,DQN_UNIFORM,2,105,5250,-7.50,0,0.8961,0.01249,4.2
DQN_UNIFORM_seed_2_1790609713,DQN_UNIFORM,2,106,5300,-7.50,0,0.8951,0.01190,4.3
DQN_UNIFORM_seed_2_1790609713,DQN_UNIFORM,2,107,5350,-7.50,0,0.8941,0.01164,4.3
DQN_UNIFORM_seed_2_1790609713,DQN_UNIFORM,2,108,5400,-7.50,0,0.8931,0.01052,4.4
DQN_UNIFORM_seed_2_1790609713,DQN_UNIFORM,2,109,5450,-8.10,0,0.8921,0.00998,4.5
DQN_UNIFORM_seed_2_1790609713,DQN_UNIFORM,2,110,5500,-5.10,0,0.8911,0.01149,4.5
DQN_UNIFORM_seed_2_1790609713,DQN_UNIFORM,2,111,5550,-8.10,0,0.8901,0.01282,4.6
DQN_UNIFORM_seed_2_1790609713,DQN_UNIFORM,2,112,5600,-6.30,0,0.8891,0.01065,4.6
DQN_UNIFORM_seed_2_1790609713,DQN_UNIFORM,2,113,5650,-6.30,0,0.8881,0.00858,4.7
DQN_UNIFORM_seed_2_1790609713,DQN_UNIFORM,2,114,5700,-8.10,0,0.8871,0.01272,4.8
DQN_UNIFORM_seed_2_1790609713,DQN_UNIFORM,2,115,5750,-7.50,0,0.8861,0.01176,4.8
DQN_UNIFORM_seed_2_1790609713,DQN_UNIFORM,2,116,5800,-8.10,0,0.8852,0.01074,4.9
DQN_UNIFORM_seed_2_1790609713,DQN_UNIFORM,2,117,5850,-7.50,0,0.8842,0.01022,5.0
DQN_UNIFORM_seed_2_1790609713,DQN_UNIFORM,2,118,5900,-6.90,0,0.8832,0.00927,5.0
DQN_UNIFORM_seed_2_1790609713,DQN_UNIFORM,2,119,5950,-5.70,0,0.8822,0.00864,5.1
DQN_UNIFORM_seed_2_1790609713,DQN_UNIFORM,2,120,6000,-6.90,0,0.8812,0.01140,5.1
DQN_UNIFORM_seed_2_1790609713,DQN_UNIFORM,2,121,6050,-7.50,0,0.8802,0.02210,5.2
DQN_UNIFORM_seed_2_1790609713,DQN_UNIFORM,2,122,6100,-7.50,0,0.8792,0.01282,5.3
DQN_UNIFORM_seed_2_1790609713,DQN_UNIFORM,2,123,6150,-7.50,0,0.8782,0.01227,5.3
DQN_UNIFORM_seed_2_1790609713,DQN_UNIFORM,2,124,6200,-6.90,0,0.8772,0.01260,5.4
DQN_UNIFORM_seed_2_1790609713,DQN_UNIFORM,2,125,6250,-8.10,0,0.8762,0.01059,5.5
DQN_UNIFORM_seed_2_1790609713,DQN_UNIFORM,2,126,6300,-8.10,0,0.8753,0.01155,5.5
DQN_UNIFORM_seed_2_1790609713,DQN_UNIFORM,2,127,6350,-6.30,0,0.8743,0.01095,5.6
DQN_UNIFORM_seed_2_1790609713,DQN_UNIFORM,2,128,6400,-6.90,0,0.8733,0.00872,5.6
DQN_UNIFORM_seed_2_1790609713,DQN_UNIFORM,2,129,6450,-8.10,0,0.8723,0.01180,5.7
DQN_UNIFORM_seed_2_1790609713,DQN_UNIFORM,2,130,6500,-8.10,0,0.8713,0.00949,5.8
DQN_UNIFORM_seed_2_1790609713,DQN_UNIFORM,2,131,6550,-6.90,0,0.8703,0.01096,5.8
DQN_UNIFORM_seed_2_1790609713,DQN_UNIFORM,2,132,6600,-5.10,0,0.8693,0.00999,5.9
DQN_UNIFORM_seed_2_1790609713,DQN_UNIFORM,2,133,6650,-8.70,0,0.8683,0.01030,6.0
DQN_UNIFORM_seed_2_1790609713,DQN_UNIFORM,2,134,6700,-6.30,0,0.8673,0.00956,6.0
DQN_UNIFORM_seed_2_1790609713,DQN_UNIFORM,2,135,6750,-6.90,0,0.8663,0.01157,6.1
DQN_UNIFORM_seed_2_1790609713,DQN_UNIFORM,2,136,6800,-7.50,0,0.8654,0.00944,6.1
DQN_UNIFORM_seed_2_1790609713,DQN_UNIFORM,2,137,6850,-7.50,0,0.8644,0.00931,6.2
DQN_UNIFORM_seed_2_1790609713,DQN_UNIFORM,2,138,6900,-7.50,0,0.8634,0.00942,6.3
DQN_UNIFORM_seed_2_1790609713,DQN_UNIFORM,2,139,6950,-5.70,0,0.8624,0.00977,6.3
DQN_UNIFORM_seed_2_1790609713,DQN_UNIFORM,2,140,7000,-8.10,0,0.8614,0.00995,6.4
DQN_UNIFORM_seed_2_1790609713,DQN_UNIFORM,2,141,7050,-7.50,0,0.8604,0.02674,6.5
DQN_UNIFORM_seed_2_1790609713,DQN_UNIFORM,2,142,7100,-6.90,0,0.8594,0.01509,6.5
DQN_UNIFORM_seed_2_1790609713,DQN_UNIFORM,2,143,7150,-2.70,0,0.8584,0.01480,6.6
DQN_UNIFORM_seed_2_1790609713,DQN_UNIFORM,2,144,7200,-5.70,0,0.8574,0.01469,6.6
DQN_UNIFORM_seed_2_1790609713,DQN_UNIFORM,2,145,7250,-6.90,0,0.8565,0.01476,6.7
DQN_UNIFORM_seed_2_1790609713,DQN_UNIFORM,2,146,7300,-6.30,0,0.8555,0.01648,6.8
DQN_UNIFORM_seed_2_1790609713,DQN_UNIFORM,2,147,7350,-3.90,0,0.8545,0.01148,6.8
DQN_UNIFORM_seed_2_1790609713,DQN_UNIFORM,2,148,7400,-8.10,0,0.8535,0.01512,6.9
DQN_UNIFORM_seed_2_1790609713,DQN_UNIFORM,2,149,7450,-6.30,0,0.8525,0.01740,7.0
DQN_UNIFORM_seed_2_1790609713,DQN_UNIFORM,2,150,7500,-7.50,0,0.8515,0.01195,7.0
DQN_UNIFORM_seed_2_1790609713,DQN_UNIFORM,2,151,7550,-6.90,0,0.8505,0.01167,7.1
DQN_UNIFORM_seed_2_1790609713,DQN_UNIFORM,2,152,7600,-3.90,0,0.8495,0.01154,7.1
DQN_UNIFORM_seed_2_1790609713,DQN_UNIFORM,2,153,7650,-5.70,0,0.8485,0.01442,7.2
DQN_UNIFORM_seed_2_1790609713,DQN_UNIFORM,2,154,7700,-8.10,0,0.8475,0.01513,7.3
DQN_UNIFORM_seed_2_1790609713,DQN_UNIFORM,2,155,7750,-7.50,0,0.8466,0.01102,7.3
DQN_UNIFORM_seed_2_1790609713,DQN_UNIFORM,2,156,7800,-8.10,0,0.8456,0.01160,7.4
DQN_UNIFORM_seed_2_1790609713,DQN_UNIFORM,2,157,7850,-5.70,0,0.8446,0.01491,7.5
DQN_UNIFORM_seed_2_1790609713,DQN_UNIFORM,2,158,7900,-8.70,0,0.8436,0.01415,7.5
DQN_UNIFORM_seed_2_1790609713,DQN_UNIFORM,2,159,7950,-5.70,0,0.8426,0.01443,7.6
DQN_UNIFORM_seed_2_1790609713,DQN_UNIFORM,2,160,8000,-8.70,0,0.8416,0.01343,7.6
DQN_UNIFORM_seed_2_1790609713,DQN_UNIFORM,2,161,8050,-5.10,0,0.8406,0.02053,7.7
DQN_UNIFORM_seed_2_1790609713,DQN_UNIFORM,2,162,8100,-8.70,0,0.8396,0.01279,7.8
DQN_UNIFORM_seed_2_1790609713,DQN_UNIFORM,2,163,8150,-6.30,0,0.8386,0.00884,7.8
DQN_UNIFORM_seed_2_1790609713,DQN_UNIFORM,2,164,8200,-4.50,0,0.8376,0.01029,7.9
DQN_UNIFORM_seed_2_1790609713,DQN_UNIFORM,2,165,8250,-6.30,0,0.8367,0.01094,8.0
DQN_UNIFORM_seed_2_1790609713,DQN_UNIFORM,2,166,8300,-6.90,0,0.8357,0.01044,8.0
DQN_UNIFORM_seed_2_1790609713,DQN_UNIFORM,2,167,8350,-2.10,0,0.8347,0.00947,8.1
DQN_UNIFORM_seed_2_1790609713,DQN_UNIFORM,2,168,8400,-5.70,0,0.8337,0.00784,8.1
DQN_UNIFORM_seed_2_1790609713,DQN_UNIFORM,2,169,8450,-6.90,0,0.8327,0.00950,8.2
DQN_UNIFORM_seed_2_1790609713,DQN_UNIFORM,2,170,8500,-8.10,0,0.8317,0.01018,8.3
DQN_UNIFORM_seed_2_1790609713,DQN_UNIFORM,2,171,8550,-8.10,0,0.8307,0.01048,8.3
DQN_UNIFORM_seed_2_1790609713,DQN_UNIFORM,2,172,8600,-8.10,0,0.8297,0.00938,8.4
DQN_UNIFORM_seed_2_1790609713,DQN_UNIFORM,2,173,8650,-6.90,0,0.8287,0.00884,8.5
DQN_UNIFORM_seed_2_1790609713,DQN_UNIFORM,2,174,8700,-7.50,0,0.8277,0.01078,8.5
DQN_UNIFORM_seed_2_1790609713,DQN_UNIFORM,2,175,8750,-4.50,0,0.8267,0.00830,8.6
DQN_UNIFORM_seed_2_1790609713,DQN_UNIFORM,2,176,8800,-8.10,0,0.8258,0.00869,8.7
DQN_UNIFORM_seed_2_1790609713,DQN_UNIFORM,2,177,8850,-5.70,0,0.8248,0.00917,8.7
DQN_UNIFORM_seed_2_1790609713,DQN_UNIFORM,2,178,8900,-5.10,0,0.8238,0.00936,8.8
DQN_UNIFORM_seed_2_1790609713,DQN_UNIFORM,2,179,8950,-8.10,0,0.8228,0.00954,8.8
DQN_UNIFORM_seed_2_1790609713,DQN_UNIFORM,2,180,9000,-6.90,0,0.8218,0.01004,8.9
DQN_UNIFORM_seed_2_1790609713,DQN_UNIFORM,2,181,9050,-8.10,0,0.8208,0.01751,9.0
DQN_UNIFORM_seed_2_1790609713,DQN_UNIFORM,2,182,9100,-6.30,0,0.8198,0.00684,9.0
DQN_UNIFORM_seed_2_1790609713,DQN_UNIFORM,2,183,9150,-8.70,0,0.8188,0.00849,9.1
DQN_UNIFORM_seed_2_1790609713,DQN_UNIFORM,2,184,9200,-8.10,0,0.8178,0.00730,9.2
DQN_UNIFORM_seed_2_1790609713,DQN_UNIFORM,2,185,9250,-7.50,0,0.8168,0.00598,9.2
DQN_UNIFORM_seed_2_1790609713,DQN_UNIFORM,2,186,9300,-5.10,0,0.8159,0.01019,9.3
DQN_UNIFORM_seed_2_1790609713,DQN_UNIFORM,2,187,9350,-5.70,0,0.8149,0.00698,9.3
DQN_UNIFORM_seed_2_1790609713,DQN_UNIFORM,2,188,9400,-8.10,0,0.8139,0.00807,9.4
DQN_UNIFORM_seed_2_1790609713,DQN_UNIFORM,2,189,9450,-5.70,0,0.8129,0.00691,9.5
DQN_UNIFORM_seed_2_1790609713,DQN_UNIFORM,2,190,9500,-7.50,0,0.8119,0.00655,9.5
DQN_UNIFORM_seed_2_1790609713,DQN_UNIFORM,2,191,9550,-8.10,0,0.8109,0.00815,9.6
DQN_UNIFORM_seed_2_1790609713,DQN_UNIFORM,2,192,9600,-7.50,0,0.8099,0.00504,9.7
DQN_UNIFORM_seed_2_1790609713,DQN_UNIFORM,2,193,9650,-8.10,0,0.8089,0.00734,9.7
DQN_UNIFORM_seed_2_1790609713,DQN_UNIFORM,2,194,9700,-6.30,0,0.8079,0.00652,9.8
DQN_UNIFORM_seed_2_1790609713,DQN_UNIFORM,2,195,9750,-6.90,0,0.8070,0.00832,9.8
DQN_UNIFORM_seed_2_1790609713,DQN_UNIFORM,2,196,9800,-8.10,0,0.8060,0.00742,9.9
DQN_UNIFORM_seed_2_1790609713,DQN_UNIFORM,2,197,9850,-8.10,0,0.8050,0.00577,10.0
DQN_UNIFORM_seed_2_1790609713,DQN_UNIFORM,2,198,9900,-7.50,0,0.8040,0.00729,10.0
DQN_UNIFORM_seed_2_1790609713,DQN_UNIFORM,2,199,9950,-8.10,0,0.8030,0.00420,10.1
DQN_UNIFORM_seed_2_1790609713,DQN_UNIFORM,2,200,10000,-8.10,0,0.8020,0.00543,10.2
DQN_UNIFORM_seed_2_1790609713,DQN_UNIFORM,2,201,10050,-6.30,0,0.8010,0.01673,10.3
DQN_UNIFORM_seed_2_1790609713,DQN_UNIFORM,2,202,10100,-3.90,0,0.8000,0.00334,10.4
DQN_UNIFORM_seed_2_1790609713,DQN_UNIFORM,2,203,10150,-7.50,0,0.7990,0.00586,10.4
DQN_UNIFORM_seed_2_1790609713,DQN_UNIFORM,2,204,10200,-5.70,0,0.7980,0.00498,10.5
DQN_UNIFORM_seed_2_1790609713,DQN_UNIFORM,2,205,10250,-6.90,0,0.7971,0.00780,10.6
DQN_UNIFORM_seed_2_1790609713,DQN_UNIFORM,2,206,10300,-7.50,0,0.7961,0.00420,10.6
DQN_UNIFORM_seed_2_1790609713,DQN_UNIFORM,2,207,10350,-8.10,0,0.7951,0.00500,10.7
DQN_UNIFORM_seed_2_1790609713,DQN_UNIFORM,2,208,10400,-5.70,0,0.7941,0.00586,10.8
DQN_UNIFORM_seed_2_1790609713,DQN_UNIFORM,2,209,10450,-5.70,0,0.7931,0.00447,10.8
DQN_UNIFORM_seed_2_1790609713,DQN_UNIFORM,2,210,10500,-2.70,0,0.7921,0.00509,10.9
DQN_UNIFORM_seed_2_1790609713,DQN_UNIFORM,2,211,10550,-6.90,0,0.7911,0.00503,10.9
DQN_UNIFORM_seed_2_1790609713,DQN_UNIFORM,2,212,10600,-5.70,0,0.7901,0.00291,11.0
DQN_UNIFORM_seed_2_1790609713,DQN_UNIFORM,2,213,10650,-7.50,0,0.7891,0.00537,11.1
DQN_UNIFORM_seed_2_1790609713,DQN_UNIFORM,2,214,10700,-5.70,0,0.7881,0.00394,11.1
DQN_UNIFORM_seed_2_1790609713,DQN_UNIFORM,2,215,10750,-0.30,0,0.7872,0.00494,11.2
DQN_UNIFORM_seed_2_1790609713,DQN_UNIFORM,2,216,10800,-8.10,0,0.7862,0.00598,11.3
DQN_UNIFORM_seed_2_1790609713,DQN_UNIFORM,2,217,10850,-8.10,0,0.7852,0.00606,11.3
DQN_UNIFORM_seed_2_1790609713,DQN_UNIFORM,2,218,10900,-5.10,0,0.7842,0.00655,11.4
DQN_UNIFORM_seed_2_1790609713,DQN_UNIFORM,2,219,10950,-7.50,0,0.7832,0.00453,11.4
DQN_UNIFORM_seed_2_1790609713,DQN_UNIFORM,2,220,11000,-8.10,0,0.7822,0.00302,11.5
DQN_UNIFORM_seed_2_1790609713,DQN_UNIFORM,2,221,11050,-6.90,0,0.7812,0.02231,11.6
DQN_UNIFORM_seed_2_1790609713,DQN_UNIFORM,2,222,11100,-6.30,0,0.7802,0.00648,11.6
DQN_UNIFORM_seed_2_1790609713,DQN_UNIFORM,2,223,11150,-6.90,0,0.7792,0.00416,11.7
DQN_UNIFORM_seed_2_1790609713,DQN_UNIFORM,2,224,11200,-7.50,0,0.7782,0.00424,11.8
DQN_UNIFORM_seed_2_1790609713,DQN_UNIFORM,2,225,11250,-8.70,0,0.7772,0.00556,11.8
DQN_UNIFORM_seed_2_1790609713,DQN_UNIFORM,2,226,11300,-8.10,0,0.7763,0.00456,11.9
DQN_UNIFORM_seed_2_1790609713,DQN_UNIFORM,2,227,11350,-6.90,0,0.7753,0.00520,12.0
DQN_UNIFORM_seed_2_1790609713,DQN_UNIFORM,2,228,11400,-5.10,0,0.7743,0.00534,12.0
DQN_UNIFORM_seed_2_1790609713,DQN_UNIFORM,2,229,11450,-8.10,0,0.7733,0.00496,12.1
DQN_UNIFORM_seed_2_1790609713,DQN_UNIFORM,2,230,11500,-6.30,0,0.7723,0.00624,12.1
DQN_UNIFORM_seed_2_1790609713,DQN_UNIFORM,2,231,11550,-8.10,0,0.7713,0.00303,12.2
DQN_UNIFORM_seed_2_1790609713,DQN_UNIFORM,2,232,11600,-5.70,0,0.7703,0.00528,12.3
DQN_UNIFORM_seed_2_1790609713,DQN_UNIFORM,2,233,11650,-5.10,0,0.7693,0.00630,12.3
DQN_UNIFORM_seed_2_1790609713,DQN_UNIFORM,2,234,11700,-8.10,0,0.7683,0.00442,12.4
DQN_UNIFORM_seed_2_1790609713,DQN_UNIFORM,2,235,11750,-6.30,0,0.7673,0.00410,12.5
DQN_UNIFORM_seed_2_1790609713,DQN_UNIFORM,2,236,11800,0.30,0,0.7664,0.00374,12.5
DQN_UNIFORM_seed_2_1790609713,DQN_UNIFORM,2,237,11850,-6.30,0,0.7654,0.00558,12.6
DQN_UNIFORM_seed_2_1790609713,DQN_UNIFORM,2,238,11900,-8.10,0,0.7644,0.00478,12.6
DQN_UNIFORM_seed_2_1790609713,DQN_UNIFORM,2,239,11950,-7.50,0,0.7634,0.00444,12.7
DQN_UNIFORM_seed_2_1790609713,DQN_UNIFORM,2,240,12000,-6.90,0,0.7624,0.00410,12.8
DQN_UNIFORM_seed_2_1790609713,DQN_UNIFORM,2,241,12050,-6.90,0,0.7614,0.01397,12.8
DQN_UNIFORM_seed_2_1790609713,DQN_UNIFORM,2,242,12100,-6.90,0,0.7604,0.00520,12.9
DQN_UNIFORM_seed_2_1790609713,DQN_UNIFORM,2,243,12150,-7.50,0,0.7594,0.00303,13.0
DQN_UNIFORM_seed_2_1790609713,DQN_UNIFORM,2,244,12200,-7.50,0,0.7584,0.00510,13.0
DQN_UNIFORM_seed_2_1790609713,DQN_UNIFORM,2,245,12250,-6.30,0,0.7574,0.00357,13.1
DQN_UNIFORM_seed_2_1790609713,DQN_UNIFORM,2,246,12300,-7.50,0,0.7565,0.00464,13.1
DQN_UNIFORM_seed_2_1790609713,DQN_UNIFORM,2,247,12350,3.30,0,0.7555,0.00381,13.2
DQN_UNIFORM_seed_2_1790609713,DQN_UNIFORM,2,248,12400,-6.30,0,0.7545,0.00500,13.3
DQN_UNIFORM_seed_2_1790609713,DQN_UNIFORM,2,249,12450,-6.90,0,0.7535,0.00612,13.3
DQN_UNIFORM_seed_2_1790609713,DQN_UNIFORM,2,250,12500,-6.30,0,0.7525,0.00404,13.4
DQN_UNIFORM_seed_2_1790609713,DQN_UNIFORM,2,251,12550,-6.30,0,0.7515,0.00526,13.5
DQN_UNIFORM_seed_2_1790609713,DQN_UNIFORM,2,252,12600,-7.50,0,0.7505,0.00349,13.5
DQN_UNIFORM_seed_2_1790609713,DQN_UNIFORM,2,253,12650,-8.70,0,0.7495,0.00554,13.6
DQN_UNIFORM_seed_2_1790609713,DQN_UNIFORM,2,254,12700,-5.70,0,0.7485,0.00339,13.7
DQN_UNIFORM_seed_2_1790609713,DQN_UNIFORM,2,255,12750,-6.90,0,0.7475,0.00319,13.7
DQN_UNIFORM_seed_2_1790609713,DQN_UNIFORM,2,256,12800,-8.10,0,0.7466,0.00556,13.8
DQN_UNIFORM_seed_2_1790609713,DQN_UNIFORM,2,257,12850,-3.90,0,0.7456,0.00486,13.8
DQN_UNIFORM_seed_2_1790609713,DQN_UNIFORM,2,258,12900,-6.90,0,0.7446,0.00489,13.9
DQN_UNIFORM_seed_2_1790609713,DQN_UNIFORM,2,259,12950,-8.10,0,0.7436,0.00305,14.0
DQN_UNIFORM_seed_2_1790609713,DQN_UNIFORM,2,260,13000,-6.90,0,0.7426,0.00338,14.0
DQN_UNIFORM_seed_2_1790609713,DQN_UNIFORM,2,261,13050,-8.10,0,0.7416,0.01179,14.1
DQN_UNIFORM_seed_2_1790609713,DQN_UNIFORM,2,262,13100,-6.90,0,0.7406,0.00403,14.2
DQN_UNIFORM_seed_2_1790609713,DQN_UNIFORM,2,263,13150,-7.50,0,0.7396,0.00428,14.2
DQN_UNIFORM_seed_2_1790609713,DQN_UNIFORM,2,264,13200,-6.90,0,0.7386,0.00436,14.3
DQN_UNIFORM_seed_2_1790609713,DQN_UNIFORM,2,265,13250,-7.50,0,0.7376,0.00511,14.3
DQN_UNIFORM_seed_2_1790609713,DQN_UNIFORM,2,266,13300,-5.70,0,0.7367,0.00837,14.4
DQN_UNIFORM_seed_2_1790609713,DQN_UNIFORM,2,267,13350,-8.10,0,0.7357,0.00574,14.5
DQN_UNIFORM_seed_2_1790609713,DQN_UNIFORM,2,268,13400,-6.30,0,0.7347,0.00482,14.5
DQN_UNIFORM_seed_2_1790609713,DQN_UNIFORM,2,269,13450,-7.50,0,0.7337,0.00470,14.6
DQN_UNIFORM_seed_2_1790609713,DQN_UNIFORM,2,270,13500,-4.50,0,0.7327,0.00376,14.7
DQN_UNIFORM_seed_2_1790609713,DQN_UNIFORM,2,271,13550,-6.90,0,0.7317,0.00340,14.7
DQN_UNIFORM_seed_2_1790609713,DQN_UNIFORM,2,272,13600,-7.50,0,0.7307,0.00440,14.8
DQN_UNIFORM_seed_2_1790609713,DQN_UNIFORM,2,273,13650,-6.90,0,0.7297,0.00388,14.8
DQN_UNIFORM_seed_2_1790609713,DQN_UNIFORM,2,274,13700,-8.10,0,0.7287,0.00436,14.9
DQN_UNIFORM_seed_2_1790609713,DQN_UNIFORM,2,275,13750,-6.30,0,0.7278,0.00392,15.0
DQN_UNIFORM_seed_2_1790609713,DQN_UNIFORM,2,276,13800,-7.50,0,0.7268,0.00374,15.0
DQN_UNIFORM_seed_2_1790609713,DQN_UNIFORM,2,277,13850,-6.90,0,0.7258,0.00356,15.1
DQN_UNIFORM_seed_2_1790609713,DQN_UNIFORM,2,278,13900,-7.50,0,0.7248,0.00272,15.2
DQN_UNIFORM_seed_2_1790609713,DQN_UNIFORM,2,279,13950,-6.30,0,0.7238,0.00400,15.2
DQN_UNIFORM_seed_2_1790609713,DQN_UNIFORM,2,280,14000,-6.90,0,0.7228,0.00322,15.3
DQN_UNIFORM_seed_2_1790609713,DQN_UNIFORM,2,281,14050,-3.30,0,0.7218,0.01748,15.4
DQN_UNIFORM_seed_2_1790609713,DQN_UNIFORM,2,282,14100,-6.90,0,0.7208,0.00805,15.4
DQN_UNIFORM_seed_2_1790609713,DQN_UNIFORM,2,283,14150,-5.70,0,0.7198,0.00594,15.5
DQN_UNIFORM_seed_2_1790609713,DQN_UNIFORM,2,284,14200,-7.50,0,0.7188,0.00423,15.5
DQN_UNIFORM_seed_2_1790609713,DQN_UNIFORM,2,285,14250,-2.10,0,0.7179,0.00458,15.6
DQN_UNIFORM_seed_2_1790609713,DQN_UNIFORM,2,286,14300,-6.90,0,0.7169,0.00419,15.7
DQN_UNIFORM_seed_2_1790609713,DQN_UNIFORM,2,287,14350,-7.50,0,0.7159,0.00418,15.7
DQN_UNIFORM_seed_2_1790609713,DQN_UNIFORM,2,288,14400,-6.90,0,0.7149,0.00550,15.8
DQN_UNIFORM_seed_2_1790609713,DQN_UNIFORM,2,289,14450,-5.10,0,0.7139,0.00383,15.9
DQN_UNIFORM_seed_2_1790609713,DQN_UNIFORM,2,290,14500,-6.30,0,0.7129,0.00496,15.9
DQN_UNIFORM_seed_2_1790609713,DQN_UNIFORM,2,291,14550,-5.70,0,0.7119,0.00525,16.0
DQN_UNIFORM_seed_2_1790609713,DQN_UNIFORM,2,292,14600,-6.30,0,0.7109,0.00419,16.1
DQN_UNIFORM_seed_2_1790609713,DQN_UNIFORM,2,293,14650,-5.70,0,0.7099,0.00429,16.1
DQN_UNIFORM_seed_2_1790609713,DQN_UNIFORM,2,294,14700,-7.50,0,0.7089,0.00412,16.2
DQN_UNIFORM_seed_2_1790609713,DQN_UNIFORM,2,295,14750,-8.10,0,0.7080,0.00384,16.2
DQN_UNIFORM_seed_2_1790609713,DQN_UNIFORM,2,296,14800,-8.10,0,0.7070,0.00475,16.3
DQN_UNIFORM_seed_2_1790609713,DQN_UNIFORM,2,297,14850,-7.50,0,0.7060,0.00646,16.4
DQN_UNIFORM_seed_2_1790609713,DQN_UNIFORM,2,298,14900,-8.70,0,0.7050,0.00392,16.4
DQN_UNIFORM_seed_2_1790609713,DQN_UNIFORM,2,299,14950,-6.90,0,0.7040,0.00365,16.5
DQN_UNIFORM_seed_2_1790609713,DQN_UNIFORM,2,300,15000,0.30,0,0.7030,0.00606,16.6
DQN_UNIFORM_seed_2_1790609713,DQN_UNIFORM,2,301,15050,-7.50,0,0.7020,0.01437,16.7
DQN_UNIFORM_seed_2_1790609713,DQN_UNIFORM,2,302,15100,-7.50,0,0.7010,0.00698,16.8
DQN_UNIFORM_seed_2_1790609713,DQN_UNIFORM,2,303,15150,-6.30,0,0.7000,0.00808,16.8
DQN_UNIFORM_seed_2_1790609713,DQN_UNIFORM,2,304,15200,-7.50,0,0.6990,0.00637,16.9
DQN_UNIFORM_seed_2_1790609713,DQN_UNIFORM,2,305,15250,-6.30,0,0.6981,0.00466,17.0
DQN_UNIFORM_seed_2_1790609713,DQN_UNIFORM,2,306,15300,-8.10,0,0.6971,0.00916,17.0
DQN_UNIFORM_seed_2_1790609713,DQN_UNIFORM,2,307,15350,-7.50,0,0.6961,0.00498,17.1
DQN_UNIFORM_seed_2_1790609713,DQN_UNIFORM,2,308,15400,-7.50,0,0.6951,0.00647,17.2
DQN_UNIFORM_seed_2_1790609713,DQN_UNIFORM,2,309,15450,-6.90,0,0.6941,0.00452,17.2
DQN_UNIFORM_seed_2_1790609713,DQN_UNIFORM,2,310,15500,-6.90,0,0.6931,0.00346,17.3
DQN_UNIFORM_seed_2_1790609713,DQN_UNIFORM,2,311,15550,-7.50,0,0.6921,0.00384,17.4
DQN_UNIFORM_seed_2_1790609713,DQN_UNIFORM,2,312,15600,-7.50,0,0.6911,0.00523,17.4
DQN_UNIFORM_seed_2_1790609713,DQN_UNIFORM,2,313,15650,-6.90,0,0.6901,0.00440,17.5
DQN_UNIFORM_seed_2_1790609713,DQN_UNIFORM,2,314,15700,-7.50,0,0.6891,0.00461,17.5
DQN_UNIFORM_seed_2_1790609713,DQN_UNIFORM,2,315,15750,-6.90,0,0.6882,0.00406,17.6
DQN_UNIFORM_seed_2_1790609713,DQN_UNIFORM,2,316,15800,-6.30,0,0.6872,0.00457,17.7
DQN_UNIFORM_seed_2_1790609713,DQN_UNIFORM,2,317,15850,-6.90,0,0.6862,0.00530,17.7
DQN_UNIFORM_seed_2_1790609713,DQN_UNIFORM,2,318,15900,-6.90,0,0.6852,0.00414,17.8
DQN_UNIFORM_seed_2_1790609713,DQN_UNIFORM,2,319,15950,-7.50,0,0.6842,0.00347,17.9
DQN_UNIFORM_seed_2_1790609713,DQN_UNIFORM,2,320,16000,-6.90,0,0.6832,0.00578,17.9
DQN_UNIFORM_seed_2_1790609713,DQN_UNIFORM,2,321,16050,-5.10,0,0.6822,0.02024,18.0
DQN_UNIFORM_seed_2_1790609713,DQN_UNIFORM,2,322,16100,-7.50,0,0.6812,0.00651,18.0
DQN_UNIFORM_seed_2_1790609713,DQN_UNIFORM,2,323,16150,-6.90,0,0.6802,0.00472,18.1
DQN_UNIFORM_seed_2_1790609713,DQN_UNIFORM,2,324,16200,-6.30,0,0.6792,0.00573,18.2
DQN_UNIFORM_seed_2_1790609713,DQN_UNIFORM,2,325,16250,-8.10,0,0.6783,0.00458,18.2
DQN_UNIFORM_seed_2_1790609713,DQN_UNIFORM,2,326,16300,-8.10,0,0.6773,0.00486,18.3
DQN_UNIFORM_seed_2_1790609713,DQN_UNIFORM,2,327,16350,-7.50,0,0.6763,0.00647,18.4
DQN_UNIFORM_seed_2_1790609713,DQN_UNIFORM,2,328,16400,-8.10,0,0.6753,0.00365,18.4
DQN_UNIFORM_seed_2_1790609713,DQN_UNIFORM,2,329,16450,-2.10,0,0.6743,0.00391,18.5
DQN_UNIFORM_seed_2_1790609713,DQN_UNIFORM,2,330,16500,-5.70,0,0.6733,0.00752,18.6
DQN_UNIFORM_seed_2_1790609713,DQN_UNIFORM,2,331,16550,-6.90,0,0.6723,0.00345,18.6
DQN_UNIFORM_seed_2_1790609713,DQN_UNIFORM,2,332,16600,-5.10,0,0.6713,0.00344,18.7
DQN_UNIFORM_seed_2_1790609713,DQN_UNIFORM,2,333,16650,-7.50,0,0.6703,0.00466,18.7
DQN_UNIFORM_seed_2_1790609713,DQN_UNIFORM,2,334,16700,-6.30,0,0.6693,0.00596,18.8
DQN_UNIFORM_seed_2_1790609713,DQN_UNIFORM,2,335,16750,-4.50,0,0.6683,0.00478,18.9
DQN_UNIFORM_seed_2_1790609713,DQN_UNIFORM,2,336,16800,-6.90,0,0.6674,0.00493,18.9
DQN_UNIFORM_seed_2_1790609713,DQN_UNIFORM,2,337,16850,-4.50,0,0.6664,0.00575,19.0
DQN_UNIFORM_seed_2_1790609713,DQN_UNIFORM,2,338,16900,3.90,0,0.6654,0.00499,19.1
DQN_UNIFORM_seed_2_1790609713,DQN_UNIFORM,2,339,16950,-8.10,0,0.6644,0.00528,19.1
DQN_UNIFORM_seed_2_1790609713,DQN_UNIFORM,2,340,17000,-8.10,0,0.6634,0.00441,19.2
DQN_UNIFORM_seed_2_1790609713,DQN_UNIFORM,2,341,17050,-8.10,0,0.6624,0.01163,19.3
DQN_UNIFORM_seed_2_1790609713,DQN_UNIFORM,2,342,17100,-6.90,0,0.6614,0.00697,19.3
DQN_UNIFORM_seed_2_1790609713,DQN_UNIFORM,2,343,17150,-8.10,0,0.6604,0.00688,19.4
DQN_UNIFORM_seed_2_1790609713,DQN_UNIFORM,2,344,17200,-6.90,0,0.6594,0.00550,19.4
DQN_UNIFORM_seed_2_1790609713,DQN_UNIFORM,2,345,17250,-6.90,0,0.6584,0.00746,19.5
DQN_UNIFORM_seed_2_1790609713,DQN_UNIFORM,2,346,17300,-6.30,0,0.6575,0.00532,19.6
DQN_UNIFORM_seed_2_1790609713,DQN_UNIFORM,2,347,17350,-2.10,0,0.6565,0.00481,19.6
DQN_UNIFORM_seed_2_1790609713,DQN_UNIFORM,2,348,17400,-7.50,0,0.6555,0.00432,19.7
DQN_UNIFORM_seed_2_1790609713,DQN_UNIFORM,2,349,17450,-0.30,0,0.6545,0.00389,19.8
DQN_UNIFORM_seed_2_1790609713,DQN_UNIFORM,2,350,17500,-8.70,0,0.6535,0.00517,19.8
DQN_UNIFORM_seed_2_1790609713,DQN_UNIFORM,2,351,17550,-6.90,0,0.6525,0.00490,19.9
DQN_UNIFORM_seed_2_1790609713,DQN_UNIFORM,2,352,17600,-5.70,0,0.6515,0.00410,20.0
DQN_UNIFORM_seed_2_1790609713,DQN_UNIFORM,2,353,17650,-6.90,0,0.6505,0.00481,20.0
DQN_UNIFORM_seed_2_1790609713,DQN_UNIFORM,2,354,17700,-7.50,0,0.6495,0.00534,20.1
DQN_UNIFORM_seed_2_1790609713,DQN_UNIFORM,2,355,17750,-6.90,0,0.6485,0.00425,20.1
DQN_UNIFORM_seed_2_1790609713,DQN_UNIFORM,2,356,17800,-6.90,0,0.6476,0.00423,20.2
DQN_UNIFORM_seed_2_1790609713,DQN_UNIFORM,2,357,17850,-5.10,0,0.6466,0.00553,20.3
DQN_UNIFORM_seed_2_1790609713,DQN_UNIFORM,2,358,17900,-8.10,0,0.6456,0.00578,20.3
DQN_UNIFORM_seed_2_1790609713,DQN_UNIFORM,2,359,17950,-8.10,0,0.6446,0.00439,20.4
DQN_UNIFORM_seed_2_1790609713,DQN_UNIFORM,2,360,18000,-8.10,0,0.6436,0.00480,20.5
DQN_UNIFORM_seed_2_1790609713,DQN_UNIFORM,2,361,18050,-8.10,0,0.6426,0.01480,20.5
DQN_UNIFORM_seed_2_1790609713,DQN_UNIFORM,2,362,18100,-7.50,0,0.6416,0.00932,20.6
DQN_UNIFORM_seed_2_1790609713,DQN_UNIFORM,2,363,18150,-8.10,0,0.6406,0.00951,20.6
DQN_UNIFORM_seed_2_1790609713,DQN_UNIFORM,2,364,18200,-7.50,0,0.6396,0.00556,20.7
DQN_UNIFORM_seed_2_1790609713,DQN_UNIFORM,2,365,18250,-6.30,0,0.6386,0.00550,20.8
DQN_UNIFORM_seed_2_1790609713,DQN_UNIFORM,2,366,18300,-6.30,0,0.6377,0.00570,20.8
DQN_UNIFORM_seed_2_1790609713,DQN_UNIFORM,2,367,18350,-7.50,0,0.6367,0.00627,20.9
DQN_UNIFORM_seed_2_1790609713,DQN_UNIFORM,2,368,18400,-7.50,0,0.6357,0.00505,21.0
DQN_UNIFORM_seed_2_1790609713,DQN_UNIFORM,2,369,18450,-8.10,0,0.6347,0.00521,21.0
DQN_UNIFORM_seed_2_1790609713,DQN_UNIFORM,2,370,18500,-8.10,0,0.6337,0.00395,21.1
DQN_UNIFORM_seed_2_1790609713,DQN_UNIFORM,2,371,18550,-6.90,0,0.6327,0.00574,21.2
DQN_UNIFORM_seed_2_1790609713,DQN_UNIFORM,2,372,18600,-6.90,0,0.6317,0.00514,21.2
DQN_UNIFORM_seed_2_1790609713,DQN_UNIFORM,2,373,18650,-5.10,0,0.6307,0.00507,21.3
DQN_UNIFORM_seed_2_1790609713,DQN_UNIFORM,2,374,18700,-8.70,0,0.6297,0.00585,21.4
DQN_UNIFORM_seed_2_1790609713,DQN_UNIFORM,2,375,18750,-6.30,0,0.6288,0.00586,21.4
DQN_UNIFORM_seed_2_1790609713,DQN_UNIFORM,2,376,18800,-6.90,0,0.6278,0.00482,21.5
DQN_UNIFORM_seed_2_1790609713,DQN_UNIFORM,2,377,18850,-2.10,0,0.6268,0.00541,21.5
DQN_UNIFORM_seed_2_1790609713,DQN_UNIFORM,2,378,18900,-6.90,0,0.6258,0.00511,21.6
DQN_UNIFORM_seed_2_1790609713,DQN_UNIFORM,2,379,18950,-7.50,0,0.6248,0.00792,21.7
DQN_UNIFORM_seed_2_1790609713,DQN_UNIFORM,2,380,19000,-5.70,0,0.6238,0.00619,21.7
DQN_UNIFORM_seed_2_1790609713,DQN_UNIFORM,2,381,19050,-7.50,0,0.6228,0.00756,21.8
DQN_UNIFORM_seed_2_1790609713,DQN_UNIFORM,2,382,19100,-6.30,0,0.6218,0.01041,21.9
DQN_UNIFORM_seed_2_1790609713,DQN_UNIFORM,2,383,19150,-6.90,0,0.6208,0.00804,21.9
DQN_UNIFORM_seed_2_1790609713,DQN_UNIFORM,2,384,19200,-6.30,0,0.6198,0.00693,22.0
DQN_UNIFORM_seed_2_1790609713,DQN_UNIFORM,2,385,19250,-6.90,0,0.6189,0.00685,22.0
DQN_UNIFORM_seed_2_1790609713,DQN_UNIFORM,2,386,19300,-6.30,0,0.6179,0.00635,22.1
DQN_UNIFORM_seed_2_1790609713,DQN_UNIFORM,2,387,19350,-7.50,0,0.6169,0.00546,22.2
DQN_UNIFORM_seed_2_1790609713,DQN_UNIFORM,2,388,19400,-5.10,0,0.6159,0.00645,22.2
DQN_UNIFORM_seed_2_1790609713,DQN_UNIFORM,2,389,19450,-6.90,0,0.6149,0.00726,22.3
DQN_UNIFORM_seed_2_1790609713,DQN_UNIFORM,2,390,19500,-7.50,0,0.6139,0.00672,22.4
DQN_UNIFORM_seed_2_1790609713,DQN_UNIFORM,2,391,19550,-6.90,0,0.6129,0.00484,22.4
DQN_UNIFORM_seed_2_1790609713,DQN_UNIFORM,2,392,19600,2.10,0,0.6119,0.00437,22.5
DQN_UNIFORM_seed_2_1790609713,DQN_UNIFORM,2,393,19650,-0.90,0,0.6109,0.00561,22.6
DQN_UNIFORM_seed_2_1790609713,DQN_UNIFORM,2,394,19700,-6.90,0,0.6099,0.00488,22.6
DQN_UNIFORM_seed_2_1790609713,DQN_UNIFORM,2,395,19750,-5.10,0,0.6089,0.00809,22.7
DQN_UNIFORM_seed_2_1790609713,DQN_UNIFORM,2,396,19800,-6.90,0,0.6080,0.00763,22.8
DQN_UNIFORM_seed_2_1790609713,DQN_UNIFORM,2,397,19850,-7.50,0,0.6070,0.00661,22.8
DQN_UNIFORM_seed_2_1790609713,DQN_UNIFORM,2,398,19900,-7.50,0,0.6060,0.00513,22.9
DQN_UNIFORM_seed_2_1790609713,DQN_UNIFORM,2,399,19950,-6.90,0,0.6050,0.00579,22.9
DQN_UNIFORM_seed_2_1790609713,DQN_UNIFORM,2,400,20000,-5.70,0,0.6040,0.00721,23.0
DQN_UNIFORM_seed_2_1790609713,DQN_UNIFORM,2,401,20050,-7.50,0,0.6030,0.00929,23.2
DQN_UNIFORM_seed_2_1790609713,DQN_UNIFORM,2,402,20100,-6.90,0,0.6020,0.00488,23.2
DQN_UNIFORM_seed_2_1790609713,DQN_UNIFORM,2,403,20150,-5.70,0,0.6010,0.00599,23.3
DQN_UNIFORM_seed_2_1790609713,DQN_UNIFORM,2,404,20200,-6.90,0,0.6000,0.00571,23.4
DQN_UNIFORM_seed_2_1790609713,DQN_UNIFORM,2,405,20250,-3.30,0,0.5990,0.00468,23.4
DQN_UNIFORM_seed_2_1790609713,DQN_UNIFORM,2,406,20300,-7.50,0,0.5981,0.00520,23.5
DQN_UNIFORM_seed_2_1790609713,DQN_UNIFORM,2,407,20350,-3.90,0,0.5971,0.00449,23.6
DQN_UNIFORM_seed_2_1790609713,DQN_UNIFORM,2,408,20400,-6.90,0,0.5961,0.00606,23.6
DQN_UNIFORM_seed_2_1790609713,DQN_UNIFORM,2,409,20450,-6.30,0,0.5951,0.00506,23.7
DQN_UNIFORM_seed_2_1790609713,DQN_UNIFORM,2,410,20500,-1.50,0,0.5941,0.00498,23.8
DQN_UNIFORM_seed_2_1790609713,DQN_UNIFORM,2,411,20550,1.50,0,0.5931,0.00473,23.8
DQN_UNIFORM_seed_2_1790609713,DQN_UNIFORM,2,412,20600,-6.30,0,0.5921,0.00609,23.9
DQN_UNIFORM_seed_2_1790609713,DQN_UNIFORM,2,413,20650,-3.90,0,0.5911,0.00802,24.0
DQN_UNIFORM_seed_2_1790609713,DQN_UNIFORM,2,414,20700,-7.50,0,0.5901,0.00826,24.0
DQN_UNIFORM_seed_2_1790609713,DQN_UNIFORM,2,415,20750,-5.70,0,0.5892,0.00649,24.1
DQN_UNIFORM_seed_2_1790609713,DQN_UNIFORM,2,416,20800,-6.30,0,0.5882,0.00806,24.2
DQN_UNIFORM_seed_2_1790609713,DQN_UNIFORM,2,417,20850,-4.50,0,0.5872,0.00656,24.2
DQN_UNIFORM_seed_2_1790609713,DQN_UNIFORM,2,418,20900,-5.70,0,0.5862,0.00757,24.3
DQN_UNIFORM_seed_2_1790609713,DQN_UNIFORM,2,419,20950,-5.70,0,0.5852,0.00638,24.3
DQN_UNIFORM_seed_2_1790609713,DQN_UNIFORM,2,420,21000,-4.50,0,0.5842,0.00878,24.4
DQN_UNIFORM_seed_2_1790609713,DQN_UNIFORM,2,421,21050,-0.30,0,0.5832,0.01445,24.5
DQN_UNIFORM_seed_2_1790609713,DQN_UNIFORM,2,422,21100,-6.30,0,0.5822,0.00609,24.5
DQN_UNIFORM_seed_2_1790609713,DQN_UNIFORM,2,423,21150,-7.50,0,0.5812,0.00536,24.6
DQN_UNIFORM_seed_2_1790609713,DQN_UNIFORM,2,424,21200,-1.50,0,0.5802,0.00544,24.7
DQN_UNIFORM_seed_2_1790609713,DQN_UNIFORM,2,425,21250,-6.30,0,0.5793,0.00721,24.7
DQN_UNIFORM_seed_2_1790609713,DQN_UNIFORM,2,426,21300,-7.50,0,0.5783,0.00698,24.8
DQN_UNIFORM_seed_2_1790609713,DQN_UNIFORM,2,427,21350,-2.70,0,0.5773,0.00659,24.8
DQN_UNIFORM_seed_2_1790609713,DQN_UNIFORM,2,428,21400,-7.50,0,0.5763,0.00634,24.9
DQN_UNIFORM_seed_2_1790609713,DQN_UNIFORM,2,429,21450,-3.90,0,0.5753,0.00742,25.0
DQN_UNIFORM_seed_2_1790609713,DQN_UNIFORM,2,430,21500,-6.30,0,0.5743,0.00557,25.0
DQN_UNIFORM_seed_2_1790609713,DQN_UNIFORM,2,431,21550,-3.90,0,0.5733,0.00771,25.1
DQN_UNIFORM_seed_2_1790609713,DQN_UNIFORM,2,432,21600,-5.70,0,0.5723,0.00548,25.2
DQN_UNIFORM_seed_2_1790609713,DQN_UNIFORM,2,433,21650,-7.50,0,0.5713,0.00431,25.2
DQN_UNIFORM_seed_2_1790609713,DQN_UNIFORM,2,434,21700,3.90,0,0.5703,0.00527,25.3
DQN_UNIFORM_seed_2_1790609713,DQN_UNIFORM,2,435,21750,-2.10,0,0.5694,0.00498,25.4
DQN_UNIFORM_seed_2_1790609713,DQN_UNIFORM,2,436,21800,-0.30,0,0.5684,0.00554,25.4
DQN_UNIFORM_seed_2_1790609713,DQN_UNIFORM,2,437,21850,-7.50,0,0.5674,0.00615,25.5
DQN_UNIFORM_seed_2_1790609713,DQN_UNIFORM,2,438,21900,-6.90,0,0.5664,0.00532,25.5
DQN_UNIFORM_seed_2_1790609713,DQN_UNIFORM,2,439,21950,-6.90,0,0.5654,0.00654,25.6
DQN_UNIFORM_seed_2_1790609713,DQN_UNIFORM,2,440,22000,-4.50,0,0.5644,0.01433,25.7
DQN_UNIFORM_seed_2_1790609713,DQN_UNIFORM,2,441,22050,-3.30,0,0.5634,0.01185,25.7
DQN_UNIFORM_seed_2_1790609713,DQN_UNIFORM,2,442,22100,-5.70,0,0.5624,0.00728,25.8
DQN_UNIFORM_seed_2_1790609713,DQN_UNIFORM,2,443,22150,2.70,0,0.5614,0.00823,25.9
DQN_UNIFORM_seed_2_1790609713,DQN_UNIFORM,2,444,22200,-6.30,0,0.5604,0.00746,25.9
DQN_UNIFORM_seed_2_1790609713,DQN_UNIFORM,2,445,22250,-7.50,0,0.5595,0.00828,26.0
DQN_UNIFORM_seed_2_1790609713,DQN_UNIFORM,2,446,22300,-7.50,0,0.5585,0.00747,26.1
DQN_UNIFORM_seed_2_1790609713,DQN_UNIFORM,2,447,22350,-6.30,0,0.5575,0.00595,26.1
DQN_UNIFORM_seed_2_1790609713,DQN_UNIFORM,2,448,22400,-5.70,0,0.5565,0.00845,26.2
DQN_UNIFORM_seed_2_1790609713,DQN_UNIFORM,2,449,22450,-5.10,0,0.5555,0.00623,26.2
DQN_UNIFORM_seed_2_1790609713,DQN_UNIFORM,2,450,22500,-5.70,0,0.5545,0.00562,26.3
DQN_UNIFORM_seed_2_1790609713,DQN_UNIFORM,2,451,22550,-3.90,0,0.5535,0.00846,26.4
DQN_UNIFORM_seed_2_1790609713,DQN_UNIFORM,2,452,22600,-2.10,0,0.5525,0.00852,26.4
DQN_UNIFORM_seed_2_1790609713,DQN_UNIFORM,2,453,22650,-6.90,0,0.5515,0.00565,26.5
DQN_UNIFORM_seed_2_1790609713,DQN_UNIFORM,2,454,22700,-3.90,0,0.5505,0.00598,26.6
DQN_UNIFORM_seed_2_1790609713,DQN_UNIFORM,2,455,22750,-4.50,0,0.5495,0.00443,26.6
DQN_UNIFORM_seed_2_1790609713,DQN_UNIFORM,2,456,22800,-7.50,0,0.5486,0.00667,26.7
DQN_UNIFORM_seed_2_1790609713,DQN_UNIFORM,2,457,22850,-5.10,0,0.5476,0.00664,26.8
DQN_UNIFORM_seed_2_1790609713,DQN_UNIFORM,2,458,22900,-6.90,0,0.5466,0.00523,26.8
DQN_UNIFORM_seed_2_1790609713,DQN_UNIFORM,2,459,22950,-6.30,0,0.5456,0.00688,26.9
DQN_UNIFORM_seed_2_1790609713,DQN_UNIFORM,2,460,23000,-6.90,0,0.5446,0.01041,26.9
DQN_UNIFORM_seed_2_1790609713,DQN_UNIFORM,2,461,23050,-6.30,0,0.5436,0.01568,27.0
DQN_UNIFORM_seed_2_1790609713,DQN_UNIFORM,2,462,23100,-6.30,0,0.5426,0.01150,27.1
DQN_UNIFORM_seed_2_1790609713,DQN_UNIFORM,2,463,23150,-5.70,0,0.5416,0.00801,27.1
DQN_UNIFORM_seed_2_1790609713,DQN_UNIFORM,2,464,23200,-0.90,0,0.5406,0.00778,27.2
DQN_UNIFORM_seed_2_1790609713,DQN_UNIFORM,2,465,23250,0.30,0,0.5396,0.00624,27.3
DQN_UNIFORM_seed_2_1790609713,DQN_UNIFORM,2,466,23300,-6.90,0,0.5387,0.00698,27.3
DQN_UNIFORM_seed_2_1790609713,DQN_UNIFORM,2,467,23350,-4.50,0,0.5377,0.00954,27.4
DQN_UNIFORM_seed_2_1790609713,DQN_UNIFORM,2,468,23400,-6.90,0,0.5367,0.00664,27.5
DQN_UNIFORM_seed_2_1790609713,DQN_UNIFORM,2,469,23450,-5.10,0,0.5357,0.00774,27.5
DQN_UNIFORM_seed_2_1790609713,DQN_UNIFORM,2,470,23500,-3.30,0,0.5347,0.00598,27.6
DQN_UNIFORM_seed_2_1790609713,DQN_UNIFORM,2,471,23550,-4.50,0,0.5337,0.00741,27.7
DQN_UNIFORM_seed_2_1790609713,DQN_UNIFORM,2,472,23600,-6.30,0,0.5327,0.00593,27.7
DQN_UNIFORM_seed_2_1790609713,DQN_UNIFORM,2,473,23650,-6.90,0,0.5317,0.00514,27.8
DQN_UNIFORM_seed_2_1790609713,DQN_UNIFORM,2,474,23700,-5.70,0,0.5307,0.00730,27.8
DQN_UNIFORM_seed_2_1790609713,DQN_UNIFORM,2,475,23750,-3.90,0,0.5297,0.00761,27.9
DQN_UNIFORM_seed_2_1790609713,DQN_UNIFORM,2,476,23800,-6.90,0,0.5288,0.00610,28.0
DQN_UNIFORM_seed_2_1790609713,DQN_UNIFORM,2,477,23850,-4.50,0,0.5278,0.00594,28.0
DQN_UNIFORM_seed_2_1790609713,DQN_UNIFORM,2,478,23900,-8.10,0,0.5268,0.00989,28.1
DQN_UNIFORM_seed_2_1790609713,DQN_UNIFORM,2,479,23950,-7.50,0,0.5258,0.00626,28.2
DQN_UNIFORM_seed_2_1790609713,DQN_UNIFORM,2,480,24000,-5.10,0,0.5248,0.00530,28.2
DQN_UNIFORM_seed_2_1790609713,DQN_UNIFORM,2,481,24050,-3.90,0,0.5238,0.01354,28.3
DQN_UNIFORM_seed_2_1790609713,DQN_UNIFORM,2,482,24100,-6.30,0,0.5228,0.00812,28.4
DQN_UNIFORM_seed_2_1790609713,DQN_UNIFORM,2,483,24150,-6.90,0,0.5218,0.01071,28.4
DQN_UNIFORM_seed_2_1790609713,DQN_UNIFORM,2,484,24200,-5.70,0,0.5208,0.00651,28.5
DQN_UNIFORM_seed_2_1790609713,DQN_UNIFORM,2,485,24250,-6.90,0,0.5199,0.00459,28.5
DQN_UNIFORM_seed_2_1790609713,DQN_UNIFORM,2,486,24300,-7.50,0,0.5189,0.00521,28.6
DQN_UNIFORM_seed_2_1790609713,DQN_UNIFORM,2,487,24350,-7.50,0,0.5179,0.00734,28.7
DQN_UNIFORM_seed_2_1790609713,DQN_UNIFORM,2,488,24400,0.30,0,0.5169,0.00739,28.7
DQN_UNIFORM_seed_2_1790609713,DQN_UNIFORM,2,489,24450,-5.10,0,0.5159,0.00595,28.8
DQN_UNIFORM_seed_2_1790609713,DQN_UNIFORM,2,490,24500,-3.30,0,0.5149,0.00561,28.9
DQN_UNIFORM_seed_2_1790609713,DQN_UNIFORM,2,491,24550,-6.30,0,0.5139,0.00585,28.9
DQN_UNIFORM_seed_2_1790609713,DQN_UNIFORM,2,492,24600,-7.50,0,0.5129,0.00780,29.0
DQN_UNIFORM_seed_2_1790609713,DQN_UNIFORM,2,493,24650,-8.10,0,0.5119,0.00728,29.1
DQN_UNIFORM_seed_2_1790609713,DQN_UNIFORM,2,494,24700,-6.30,0,0.5109,0.00526,29.1
DQN_UNIFORM_seed_2_1790609713,DQN_UNIFORM,2,495,24750,-7.50,0,0.5100,0.00548,29.2
DQN_UNIFORM_seed_2_1790609713,DQN_UNIFORM,2,496,24800,-0.90,0,0.5090,0.00627,29.2
DQN_UNIFORM_seed_2_1790609713,DQN_UNIFORM,2,497,24850,-5.70,0,0.5080,0.00746,29.3
DQN_UNIFORM_seed_2_1790609713,DQN_UNIFORM,2,498,24900,-4.50,0,0.5070,0.00692,29.4
DQN_UNIFORM_seed_2_1790609713,DQN_UNIFORM,2,499,24950,-2.70,0,0.5060,0.00677,29.4
DQN_UNIFORM_seed_2_1790609713,DQN_UNIFORM,2,500,25000,-7.50,0,0.5050,0.00740,29.5
DQN_UNIFORM_seed_2_1790609713,DQN_UNIFORM,2,501,25050,-7.50,0,0.5040,0.01626,29.6
DQN_UNIFORM_seed_2_1790609713,DQN_UNIFORM,2,502,25100,-5.70,0,0.5030,0.00821,29.7
DQN_UNIFORM_seed_2_1790609713,DQN_UNIFORM,2,503,25150,-6.30,0,0.5020,0.00904,29.8
DQN_UNIFORM_seed_2_1790609713,DQN_UNIFORM,2,504,25200,-6.90,0,0.5010,0.00747,29.8
DQN_UNIFORM_seed_2_1790609713,DQN_UNIFORM,2,505,25250,-8.10,0,0.5000,0.00920,29.9
DQN_UNIFORM_seed_2_1790609713,DQN_UNIFORM,2,506,25300,-7.50,0,0.4991,0.00951,30.0
DQN_UNIFORM_seed_2_1790609713,DQN_UNIFORM,2,507,25350,-4.50,0,0.4981,0.00665,30.0
DQN_UNIFORM_seed_2_1790609713,DQN_UNIFORM,2,508,25400,-8.70,0,0.4971,0.01030,30.1
DQN_UNIFORM_seed_2_1790609713,DQN_UNIFORM,2,509,25450,-5.70,0,0.4961,0.00999,30.2
DQN_UNIFORM_seed_2_1790609713,DQN_UNIFORM,2,510,25500,-5.10,0,0.4951,0.00898,30.2
DQN_UNIFORM_seed_2_1790609713,DQN_UNIFORM,2,511,25550,-6.30,0,0.4941,0.00596,30.3
DQN_UNIFORM_seed_2_1790609713,DQN_UNIFORM,2,512,25600,-0.90,0,0.4931,0.00817,30.4
DQN_UNIFORM_seed_2_1790609713,DQN_UNIFORM,2,513,25650,-6.90,0,0.4921,0.00837,30.4
DQN_UNIFORM_seed_2_1790609713,DQN_UNIFORM,2,514,25700,-7.50,0,0.4911,0.00513,30.5
DQN_UNIFORM_seed_2_1790609713,DQN_UNIFORM,2,515,25750,-7.50,0,0.4901,0.00722,30.5
DQN_UNIFORM_seed_2_1790609713,DQN_UNIFORM,2,516,25800,-7.50,0,0.4892,0.00536,30.6
DQN_UNIFORM_seed_2_1790609713,DQN_UNIFORM,2,517,25850,-5.70,0,0.4882,0.00632,30.7
DQN_UNIFORM_seed_2_1790609713,DQN_UNIFORM,2,518,25900,-0.90,0,0.4872,0.00688,30.7
DQN_UNIFORM_seed_2_1790609713,DQN_UNIFORM,2,519,25950,-8.70,0,0.4862,0.00653,30.8
DQN_UNIFORM_seed_2_1790609713,DQN_UNIFORM,2,520,26000,-8.10,0,0.4852,0.00649,30.9
DQN_UNIFORM_seed_2_1790609713,DQN_UNIFORM,2,521,26050,-6.30,0,0.4842,0.01215,30.9
DQN_UNIFORM_seed_2_1790609713,DQN_UNIFORM,2,522,26100,-6.90,0,0.4832,0.00702,31.0
DQN_UNIFORM_seed_2_1790609713,DQN_UNIFORM,2,523,26150,-6.30,0,0.4822,0.00576,31.1
DQN_UNIFORM_seed_2_1790609713,DQN_UNIFORM,2,524,26200,-8.10,0,0.4812,0.00811,31.1
DQN_UNIFORM_seed_2_1790609713,DQN_UNIFORM,2,525,26250,-3.30,0,0.4802,0.00880,31.2
DQN_UNIFORM_seed_2_1790609713,DQN_UNIFORM,2,526,26300,-4.50,0,0.4793,0.00615,31.3
DQN_UNIFORM_seed_2_1790609713,DQN_UNIFORM,2,527,26350,-6.90,0,0.4783,0.00704,31.3
DQN_UNIFORM_seed_2_1790609713,DQN_UNIFORM,2,528,26400,-0.90,0,0.4773,0.00747,31.4
DQN_UNIFORM_seed_2_1790609713,DQN_UNIFORM,2,529,26450,-8.10,0,0.4763,0.00659,31.4
DQN_UNIFORM_seed_2_1790609713,DQN_UNIFORM,2,530,26500,-5.10,0,0.4753,0.00987,31.5
DQN_UNIFORM_seed_2_1790609713,DQN_UNIFORM,2,531,26550,-7.50,0,0.4743,0.00670,31.6
DQN_UNIFORM_seed_2_1790609713,DQN_UNIFORM,2,532,26600,-6.30,0,0.4733,0.00623,31.6
DQN_UNIFORM_seed_2_1790609713,DQN_UNIFORM,2,533,26650,-0.90,0,0.4723,0.00701,31.7
DQN_UNIFORM_seed_2_1790609713,DQN_UNIFORM,2,534,26700,-8.70,0,0.4713,0.00820,31.8
DQN_UNIFORM_seed_2_1790609713,DQN_UNIFORM,2,535,26750,-8.70,0,0.4703,0.00693,31.8
DQN_UNIFORM_seed_2_1790609713,DQN_UNIFORM,2,536,26800,-6.90,0,0.4694,0.00568,31.9
DQN_UNIFORM_seed_2_1790609713,DQN_UNIFORM,2,537,26850,-7.50,0,0.4684,0.00757,32.0
DQN_UNIFORM_seed_2_1790609713,DQN_UNIFORM,2,538,26900,-6.90,0,0.4674,0.00534,32.0
DQN_UNIFORM_seed_2_1790609713,DQN_UNIFORM,2,539,26950,-3.90,0,0.4664,0.00703,32.1
DQN_UNIFORM_seed_2_1790609713,DQN_UNIFORM,2,540,27000,-8.10,0,0.4654,0.00539,32.1
DQN_UNIFORM_seed_2_1790609713,DQN_UNIFORM,2,541,27050,-6.90,0,0.4644,0.01139,32.2
DQN_UNIFORM_seed_2_1790609713,DQN_UNIFORM,2,542,27100,-5.70,0,0.4634,0.00898,32.3
DQN_UNIFORM_seed_2_1790609713,DQN_UNIFORM,2,543,27150,-8.70,0,0.4624,0.00830,32.3
DQN_UNIFORM_seed_2_1790609713,DQN_UNIFORM,2,544,27200,-7.50,0,0.4614,0.00690,32.4
DQN_UNIFORM_seed_2_1790609713,DQN_UNIFORM,2,545,27250,-6.30,0,0.4604,0.00621,32.5
DQN_UNIFORM_seed_2_1790609713,DQN_UNIFORM,2,546,27300,-8.10,0,0.4595,0.00654,32.5
DQN_UNIFORM_seed_2_1790609713,DQN_UNIFORM,2,547,27350,-3.30,0,0.4585,0.00593,32.6
DQN_UNIFORM_seed_2_1790609713,DQN_UNIFORM,2,548,27400,-6.90,0,0.4575,0.00641,32.7
DQN_UNIFORM_seed_2_1790609713,DQN_UNIFORM,2,549,27450,2.10,0,0.4565,0.00714,32.7
DQN_UNIFORM_seed_2_1790609713,DQN_UNIFORM,2,550,27500,-6.90,0,0.4555,0.00680,32.8
DQN_UNIFORM_seed_2_1790609713,DQN_UNIFORM,2,551,27550,-8.10,0,0.4545,0.00901,32.8
DQN_UNIFORM_seed_2_1790609713,DQN_UNIFORM,2,552,27600,-4.50,0,0.4535,0.00911,32.9
DQN_UNIFORM_seed_2_1790609713,DQN_UNIFORM,2,553,27650,-7.50,0,0.4525,0.00512,33.0
DQN_UNIFORM_seed_2_1790609713,DQN_UNIFORM,2,554,27700,-6.30,0,0.4515,0.00871,33.0
DQN_UNIFORM_seed_2_1790609713,DQN_UNIFORM,2,555,27750,-7.50,0,0.4506,0.00672,33.1
DQN_UNIFORM_seed_2_1790609713,DQN_UNIFORM,2,556,27800,-7.50,0,0.4496,0.00880,33.2
DQN_UNIFORM_seed_2_1790609713,DQN_UNIFORM,2,557,27850,-1.50,0,0.4486,0.00653,33.2
DQN_UNIFORM_seed_2_1790609713,DQN_UNIFORM,2,558,27900,-5.70,0,0.4476,0.00646,33.3
DQN_UNIFORM_seed_2_1790609713,DQN_UNIFORM,2,559,27950,-5.10,0,0.4466,0.00814,33.4
DQN_UNIFORM_seed_2_1790609713,DQN_UNIFORM,2,560,28000,-8.10,0,0.4456,0.00622,33.4
DQN_UNIFORM_seed_2_1790609713,DQN_UNIFORM,2,561,28050,-8.70,0,0.4446,0.00876,33.5
DQN_UNIFORM_seed_2_1790609713,DQN_UNIFORM,2,562,28100,-8.10,0,0.4436,0.00571,33.6
DQN_UNIFORM_seed_2_1790609713,DQN_UNIFORM,2,563,28150,-6.90,0,0.4426,0.01022,33.6
DQN_UNIFORM_seed_2_1790609713,DQN_UNIFORM,2,564,28200,-3.30,0,0.4416,0.00738,33.7
DQN_UNIFORM_seed_2_1790609713,DQN_UNIFORM,2,565,28250,-7.50,0,0.4407,0.01173,33.7
DQN_UNIFORM_seed_2_1790609713,DQN_UNIFORM,2,566,28300,-5.70,0,0.4397,0.00746,33.8
DQN_UNIFORM_seed_2_1790609713,DQN_UNIFORM,2,567,28350,-8.70,0,0.4387,0.00513,33.9
DQN_UNIFORM_seed_2_1790609713,DQN_UNIFORM,2,568,28400,-8.70,0,0.4377,0.00805,33.9
DQN_UNIFORM_seed_2_1790609713,DQN_UNIFORM,2,569,28450,-8.10,0,0.4367,0.00675,34.0
DQN_UNIFORM_seed_2_1790609713,DQN_UNIFORM,2,570,28500,-7.50,0,0.4357,0.00538,34.1
DQN_UNIFORM_seed_2_1790609713,DQN_UNIFORM,2,571,28550,-8.10,0,0.4347,0.00553,34.1
DQN_UNIFORM_seed_2_1790609713,DQN_UNIFORM,2,572,28600,-8.10,0,0.4337,0.00611,34.2
DQN_UNIFORM_seed_2_1790609713,DQN_UNIFORM,2,573,28650,-6.90,0,0.4327,0.00785,34.3
DQN_UNIFORM_seed_2_1790609713,DQN_UNIFORM,2,574,28700,-7.50,0,0.4317,0.00658,34.3
DQN_UNIFORM_seed_2_1790609713,DQN_UNIFORM,2,575,28750,-8.10,0,0.4308,0.00681,34.4
DQN_UNIFORM_seed_2_1790609713,DQN_UNIFORM,2,576,28800,3.90,0,0.4298,0.00637,34.4
DQN_UNIFORM_seed_2_1790609713,DQN_UNIFORM,2,577,28850,-8.10,0,0.4288,0.00660,34.5
DQN_UNIFORM_seed_2_1790609713,DQN_UNIFORM,2,578,28900,-4.50,0,0.4278,0.00788,34.6
DQN_UNIFORM_seed_2_1790609713,DQN_UNIFORM,2,579,28950,-7.50,0,0.4268,0.00804,34.6
DQN_UNIFORM_seed_2_1790609713,DQN_UNIFORM,2,580,29000,-7.50,0,0.4258,0.00713,34.7
DQN_UNIFORM_seed_2_1790609713,DQN_UNIFORM,2,581,29050,0.30,0,0.4248,0.01096,34.8
DQN_UNIFORM_seed_2_1790609713,DQN_UNIFORM,2,582,29100,-8.10,0,0.4238,0.00747,34.8
DQN_UNIFORM_seed_2_1790609713,DQN_UNIFORM,2,583,29150,-1.50,0,0.4228,0.00890,34.9
DQN_UNIFORM_seed_2_1790609713,DQN_UNIFORM,2,584,29200,-3.30,0,0.4218,0.00687,35.0
DQN_UNIFORM_seed_2_1790609713,DQN_UNIFORM,2,585,29250,-3.30,0,0.4209,0.00681,35.0
DQN_UNIFORM_seed_2_1790609713,DQN_UNIFORM,2,586,29300,-5.70,0,0.4199,0.00925,35.1
DQN_UNIFORM_seed_2_1790609713,DQN_UNIFORM,2,587,29350,-6.30,0,0.4189,0.00952,35.2
DQN_UNIFORM_seed_2_1790609713,DQN_UNIFORM,2,588,29400,-7.50,0,0.4179,0.00752,35.2
DQN_UNIFORM_seed_2_1790609713,DQN_UNIFORM,2,589,29450,-8.10,0,0.4169,0.00923,35.3
DQN_UNIFORM_seed_2_1790609713,DQN_UNIFORM,2,590,29500,-3.90,0,0.4159,0.00666,35.3
DQN_UNIFORM_seed_2_1790609713,DQN_UNIFORM,2,591,29550,-4.50,0,0.4149,0.00921,35.4
DQN_UNIFORM_seed_2_1790609713,DQN_UNIFORM,2,592,29600,-3.90,0,0.4139,0.00703,35.5
DQN_UNIFORM_seed_2_1790609713,DQN_UNIFORM,2,593,29650,-0.90,0,0.4129,0.00628,35.5
DQN_UNIFORM_seed_2_1790609713,DQN_UNIFORM,2,594,29700,0.90,0,0.4119,0.00809,35.6
DQN_UNIFORM_seed_2_1790609713,DQN_UNIFORM,2,595,29750,0.30,0,0.4110,0.00825,35.7
DQN_UNIFORM_seed_2_1790609713,DQN_UNIFORM,2,596,29800,-6.30,0,0.4100,0.00563,35.7
DQN_UNIFORM_seed_2_1790609713,DQN_UNIFORM,2,597,29850,-5.10,0,0.4090,0.00586,35.8
DQN_UNIFORM_seed_2_1790609713,DQN_UNIFORM,2,598,29900,-8.10,0,0.4080,0.00644,35.9
DQN_UNIFORM_seed_2_1790609713,DQN_UNIFORM,2,599,29950,-8.10,0,0.4070,0.00574,35.9
DQN_UNIFORM_seed_2_1790609713,DQN_UNIFORM,2,600,30000,-7.50,0,0.4060,0.00731,36.0
DQN_UNIFORM_seed_2_1790609713,DQN_UNIFORM,2,601,30050,-3.90,0,0.4050,0.01025,36.1
DQN_UNIFORM_seed_2_1790609713,DQN_UNIFORM,2,602,30100,-6.30,0,0.4040,0.00799,36.2
DQN_UNIFORM_seed_2_1790609713,DQN_UNIFORM,2,603,30150,-2.10,0,0.4030,0.01070,36.3
DQN_UNIFORM_seed_2_1790609713,DQN_UNIFORM,2,604,30200,-7.50,0,0.4020,0.00822,36.3
DQN_UNIFORM_seed_2_1790609713,DQN_UNIFORM,2,605,30250,3.90,0,0.4011,0.00577,36.4
DQN_UNIFORM_seed_2_1790609713,DQN_UNIFORM,2,606,30300,0.30,0,0.4001,0.00590,36.5
DQN_UNIFORM_seed_2_1790609713,DQN_UNIFORM,2,607,30350,-5.70,0,0.3991,0.00498,36.5
DQN_UNIFORM_seed_2_1790609713,DQN_UNIFORM,2,608,30400,-5.70,0,0.3981,0.00488,36.6
DQN_UNIFORM_seed_2_1790609713,DQN_UNIFORM,2,609,30450,-4.50,0,0.3971,0.00620,36.7
DQN_UNIFORM_seed_2_1790609713,DQN_UNIFORM,2,610,30500,-6.90,0,0.3961,0.00720,36.7
DQN_UNIFORM_seed_2_1790609713,DQN_UNIFORM,2,611,30550,-0.90,0,0.3951,0.00825,36.8
DQN_UNIFORM_seed_2_1790609713,DQN_UNIFORM,2,612,30600,-7.50,0,0.3941,0.00774,36.9
DQN_UNIFORM_seed_2_1790609713,DQN_UNIFORM,2,613,30650,-3.90,0,0.3931,0.00882,36.9
DQN_UNIFORM_seed_2_1790609713,DQN_UNIFORM,2,614,30700,3.90,0,0.3921,0.00571,37.0
DQN_UNIFORM_seed_2_1790609713,DQN_UNIFORM,2,615,30750,-5.10,0,0.3911,0.00809,37.1
DQN_UNIFORM_seed_2_1790609713,DQN_UNIFORM,2,616,30800,-8.10,0,0.3902,0.00835,37.1
DQN_UNIFORM_seed_2_1790609713,DQN_UNIFORM,2,617,30850,-6.90,0,0.3892,0.00645,37.2
DQN_UNIFORM_seed_2_1790609713,DQN_UNIFORM,2,618,30900,-8.10,0,0.3882,0.00767,37.3
DQN_UNIFORM_seed_2_1790609713,DQN_UNIFORM,2,619,30950,3.90,0,0.3872,0.00699,37.3
DQN_UNIFORM_seed_2_1790609713,DQN_UNIFORM,2,620,31000,-7.50,0,0.3862,0.00712,37.4
DQN_UNIFORM_seed_2_1790609713,DQN_UNIFORM,2,621,31050,-7.50,0,0.3852,0.01108,37.4
DQN_UNIFORM_seed_2_1790609713,DQN_UNIFORM,2,622,31100,-6.30,0,0.3842,0.00682,37.5
DQN_UNIFORM_seed_2_1790609713,DQN_UNIFORM,2,623,31150,-7.50,0,0.3832,0.00692,37.6
DQN_UNIFORM_seed_2_1790609713,DQN_UNIFORM,2,624,31200,-5.70,0,0.3822,0.00567,37.6
DQN_UNIFORM_seed_2_1790609713,DQN_UNIFORM,2,625,31250,-3.30,0,0.3812,0.00874,37.7
DQN_UNIFORM_seed_2_1790609713,DQN_UNIFORM,2,626,31300,-8.70,0,0.3803,0.00717,37.8
DQN_UNIFORM_seed_2_1790609713,DQN_UNIFORM,2,627,31350,-6.90,0,0.3793,0.00730,37.8
DQN_UNIFORM_seed_2_1790609713,DQN_UNIFORM,2,628,31400,-6.30,0,0.3783,0.00565,37.9
DQN_UNIFORM_seed_2_1790609713,DQN_UNIFORM,2,629,31450,-8.70,0,0.3773,0.00813,38.0
DQN_UNIFORM_seed_2_1790609713,DQN_UNIFORM,2,630,31500,-8.70,0,0.3763,0.00572,38.0
DQN_UNIFORM_seed_2_1790609713,DQN_UNIFORM,2,631,31550,-8.70,0,0.3753,0.00542,38.1
DQN_UNIFORM_seed_2_1790609713,DQN_UNIFORM,2,632,31600,-7.50,0,0.3743,0.00569,38.2
DQN_UNIFORM_seed_2_1790609713,DQN_UNIFORM,2,633,31650,-8.70,0,0.3733,0.00724,38.2
DQN_UNIFORM_seed_2_1790609713,DQN_UNIFORM,2,634,31700,3.90,0,0.3723,0.00955,38.3
DQN_UNIFORM_seed_2_1790609713,DQN_UNIFORM,2,635,31750,-2.10,0,0.3713,0.00951,38.4
DQN_UNIFORM_seed_2_1790609713,DQN_UNIFORM,2,636,31800,-7.50,0,0.3704,0.00622,38.4
DQN_UNIFORM_seed_2_1790609713,DQN_UNIFORM,2,637,31850,-4.50,0,0.3694,0.00731,38.5
DQN_UNIFORM_seed_2_1790609713,DQN_UNIFORM,2,638,31900,-6.90,0,0.3684,0.00984,38.6
DQN_UNIFORM_seed_2_1790609713,DQN_UNIFORM,2,639,31950,-6.90,0,0.3674,0.00970,38.6
DQN_UNIFORM_seed_2_1790609713,DQN_UNIFORM,2,640,32000,-0.30,0,0.3664,0.00813,38.7
DQN_UNIFORM_seed_2_1790609713,DQN_UNIFORM,2,641,32050,-8.10,0,0.3654,0.01138,38.7
DQN_UNIFORM_seed_2_1790609713,DQN_UNIFORM,2,642,32100,3.90,0,0.3644,0.01181,38.8
DQN_UNIFORM_seed_2_1790609713,DQN_UNIFORM,2,643,32150,-7.50,0,0.3634,0.00747,38.9
DQN_UNIFORM_seed_2_1790609713,DQN_UNIFORM,2,644,32200,-8.70,0,0.3624,0.00459,38.9
DQN_UNIFORM_seed_2_1790609713,DQN_UNIFORM,2,645,32250,-8.10,0,0.3614,0.00522,39.0
DQN_UNIFORM_seed_2_1790609713,DQN_UNIFORM,2,646,32300,-8.70,0,0.3605,0.01185,39.1
DQN_UNIFORM_seed_2_1790609713,DQN_UNIFORM,2,647,32350,-7.50,0,0.3595,0.00728,39.1
DQN_UNIFORM_seed_2_1790609713,DQN_UNIFORM,2,648,32400,-7.50,0,0.3585,0.00438,39.2
DQN_UNIFORM_seed_2_1790609713,DQN_UNIFORM,2,649,32450,-6.30,0,0.3575,0.00532,39.3
DQN_UNIFORM_seed_2_1790609713,DQN_UNIFORM,2,650,32500,-8.10,0,0.3565,0.01457,39.3
DQN_UNIFORM_seed_2_1790609713,DQN_UNIFORM,2,651,32550,-7.50,0,0.3555,0.00600,39.4
DQN_UNIFORM_seed_2_1790609713,DQN_UNIFORM,2,652,32600,-3.30,0,0.3545,0.00622,39.5
DQN_UNIFORM_seed_2_1790609713,DQN_UNIFORM,2,653,32650,-3.30,0,0.3535,0.01936,39.5
DQN_UNIFORM_seed_2_1790609713,DQN_UNIFORM,2,654,32700,-4.50,0,0.3525,0.00744,39.6
DQN_UNIFORM_seed_2_1790609713,DQN_UNIFORM,2,655,32750,-6.30,0,0.3516,0.00461,39.7
DQN_UNIFORM_seed_2_1790609713,DQN_UNIFORM,2,656,32800,-6.90,0,0.3506,0.00588,39.7
DQN_UNIFORM_seed_2_1790609713,DQN_UNIFORM,2,657,32850,-7.50,0,0.3496,0.00590,39.8
DQN_UNIFORM_seed_2_1790609713,DQN_UNIFORM,2,658,32900,-5.70,0,0.3486,0.00725,39.9
DQN_UNIFORM_seed_2_1790609713,DQN_UNIFORM,2,659,32950,-8.10,0,0.3476,0.01329,39.9
DQN_UNIFORM_seed_2_1790609713,DQN_UNIFORM,2,660,33000,-7.50,0,0.3466,0.00880,40.0
DQN_UNIFORM_seed_2_1790609713,DQN_UNIFORM,2,661,33050,-0.30,0,0.3456,0.00859,40.0
DQN_UNIFORM_seed_2_1790609713,DQN_UNIFORM,2,662,33100,-7.50,0,0.3446,0.00966,40.1
DQN_UNIFORM_seed_2_1790609713,DQN_UNIFORM,2,663,33150,3.90,0,0.3436,0.00659,40.2
DQN_UNIFORM_seed_2_1790609713,DQN_UNIFORM,2,664,33200,-1.50,0,0.3426,0.00992,40.2
DQN_UNIFORM_seed_2_1790609713,DQN_UNIFORM,2,665,33250,-7.50,0,0.3417,0.00765,40.3
DQN_UNIFORM_seed_2_1790609713,DQN_UNIFORM,2,666,33300,-7.50,0,0.3407,0.00750,40.4
DQN_UNIFORM_seed_2_1790609713,DQN_UNIFORM,2,667,33350,-7.50,0,0.3397,0.01111,40.4
DQN_UNIFORM_seed_2_1790609713,DQN_UNIFORM,2,668,33400,3.90,0,0.3387,0.00657,40.5
DQN_UNIFORM_seed_2_1790609713,DQN_UNIFORM,2,669,33450,-8.10,0,0.3377,0.01002,40.6
DQN_UNIFORM_seed_2_1790609713,DQN_UNIFORM,2,670,33500,-8.10,0,0.3367,0.00792,40.6
DQN_UNIFORM_seed_2_1790609713,DQN_UNIFORM,2,671,33550,3.90,0,0.3357,0.00685,40.7
DQN_UNIFORM_seed_2_1790609713,DQN_UNIFORM,2,672,33600,-2.70,0,0.3347,0.00871,40.8
DQN_UNIFORM_seed_2_1790609713,DQN_UNIFORM,2,673,33650,-7.50,0,0.3337,0.00760,40.8
DQN_UNIFORM_seed_2_1790609713,DQN_UNIFORM,2,674,33700,3.90,0,0.3327,0.01013,40.9
DQN_UNIFORM_seed_2_1790609713,DQN_UNIFORM,2,675,33750,0.30,0,0.3317,0.00828,41.0
DQN_UNIFORM_seed_2_1790609713,DQN_UNIFORM,2,676,33800,-7.50,0,0.3308,0.02392,41.0
DQN_UNIFORM_seed_2_1790609713,DQN_UNIFORM,2,677,33850,0.30,0,0.3298,0.01541,41.1
DQN_UNIFORM_seed_2_1790609713,DQN_UNIFORM,2,678,33900,-6.30,0,0.3288,0.00901,41.2
DQN_UNIFORM_seed_2_1790609713,DQN_UNIFORM,2,679,33950,-8.10,0,0.3278,0.00522,41.2
DQN_UNIFORM_seed_2_1790609713,DQN_UNIFORM,2,680,34000,-3.90,0,0.3268,0.00822,41.3
DQN_UNIFORM_seed_2_1790609713,DQN_UNIFORM,2,681,34050,3.90,0,0.3258,0.00812,41.4
DQN_UNIFORM_seed_2_1790609713,DQN_UNIFORM,2,682,34100,-8.10,0,0.3248,0.00675,41.4
DQN_UNIFORM_seed_2_1790609713,DQN_UNIFORM,2,683,34150,-6.30,0,0.3238,0.01020,41.5
DQN_UNIFORM_seed_2_1790609713,DQN_UNIFORM,2,684,34200,3.90,0,0.3228,0.00927,41.5
DQN_UNIFORM_seed_2_1790609713,DQN_UNIFORM,2,685,34250,3.90,0,0.3218,0.00616,41.6
DQN_UNIFORM_seed_2_1790609713,DQN_UNIFORM,2,686,34300,0.30,0,0.3209,0.00883,41.7
DQN_UNIFORM_seed_2_1790609713,DQN_UNIFORM,2,687,34350,0.90,0,0.3199,0.02053,41.7
DQN_UNIFORM_seed_2_1790609713,DQN_UNIFORM,2,688,34400,3.90,0,0.3189,0.00623,41.8
DQN_UNIFORM_seed_2_1790609713,DQN_UNIFORM,2,689,34450,-7.50,0,0.3179,0.00576,41.9
DQN_UNIFORM_seed_2_1790609713,DQN_UNIFORM,2,690,34500,-8.10,0,0.3169,0.00681,41.9
DQN_UNIFORM_seed_2_1790609713,DQN_UNIFORM,2,691,34550,-4.50,0,0.3159,0.00655,42.0
DQN_UNIFORM_seed_2_1790609713,DQN_UNIFORM,2,692,34600,-8.10,0,0.3149,0.00808,42.1
DQN_UNIFORM_seed_2_1790609713,DQN_UNIFORM,2,693,34650,3.90,0,0.3139,0.01558,42.1
DQN_UNIFORM_seed_2_1790609713,DQN_UNIFORM,2,694,34700,-3.90,0,0.3129,0.01588,42.2
DQN_UNIFORM_seed_2_1790609713,DQN_UNIFORM,2,695,34750,3.30,0,0.3120,0.00940,42.3
DQN_UNIFORM_seed_2_1790609713,DQN_UNIFORM,2,696,34812,6.00,1,0.3107,0.01125,42.3
DQN_UNIFORM_seed_2_1790609713,DQN_UNIFORM,2,697,34862,-4.50,0,0.3097,0.01422,42.4
DQN_UNIFORM_seed_2_1790609713,DQN_UNIFORM,2,698,34912,-6.90,0,0.3087,0.01326,42.5
DQN_UNIFORM_seed_2_1790609713,DQN_UNIFORM,2,699,34962,-5.70,0,0.3078,0.01057,42.5
DQN_UNIFORM_seed_2_1790609713,DQN_UNIFORM,2,700,35012,-6.30,0,0.3068,0.00900,42.7
DQN_UNIFORM_seed_2_1790609713,DQN_UNIFORM,2,701,35062,-5.10,0,0.3058,0.01335,42.8
DQN_UNIFORM_seed_2_1790609713,DQN_UNIFORM,2,702,35112,-7.50,0,0.3048,0.01022,42.8
DQN_UNIFORM_seed_2_1790609713,DQN_UNIFORM,2,703,35162,3.90,0,0.3038,0.00840,42.9
DQN_UNIFORM_seed_2_1790609713,DQN_UNIFORM,2,704,35212,-0.30,0,0.3028,0.00883,43.0
DQN_UNIFORM_seed_2_1790609713,DQN_UNIFORM,2,705,35276,6.20,1,0.3015,0.00655,43.0
DQN_UNIFORM_seed_2_1790609713,DQN_UNIFORM,2,706,35326,2.70,0,0.3005,0.00543,43.1
DQN_UNIFORM_seed_2_1790609713,DQN_UNIFORM,2,707,35376,-0.30,0,0.2996,0.00611,43.2
DQN_UNIFORM_seed_2_1790609713,DQN_UNIFORM,2,708,35426,-3.30,0,0.2986,0.01436,43.2
DQN_UNIFORM_seed_2_1790609713,DQN_UNIFORM,2,709,35476,3.30,0,0.2976,0.01001,43.3
DQN_UNIFORM_seed_2_1790609713,DQN_UNIFORM,2,710,35526,-1.50,0,0.2966,0.01097,43.4
DQN_UNIFORM_seed_2_1790609713,DQN_UNIFORM,2,711,35576,-3.30,0,0.2956,0.00623,43.4
DQN_UNIFORM_seed_2_1790609713,DQN_UNIFORM,2,712,35631,4.40,0,0.2945,0.00953,43.5
DQN_UNIFORM_seed_2_1790609713,DQN_UNIFORM,2,713,35681,-6.90,0,0.2935,0.01673,43.6
DQN_UNIFORM_seed_2_1790609713,DQN_UNIFORM,2,714,35731,-3.90,0,0.2925,0.01889,43.6
DQN_UNIFORM_seed_2_1790609713,DQN_UNIFORM,2,715,35781,-4.50,0,0.2915,0.00714,43.7
DQN_UNIFORM_seed_2_1790609713,DQN_UNIFORM,2,716,35831,3.90,0,0.2905,0.01084,43.8
DQN_UNIFORM_seed_2_1790609713,DQN_UNIFORM,2,717,35881,-2.10,0,0.2896,0.01090,43.8
DQN_UNIFORM_seed_2_1790609713,DQN_UNIFORM,2,718,35931,-5.70,0,0.2886,0.02354,43.9
DQN_UNIFORM_seed_2_1790609713,DQN_UNIFORM,2,719,35981,3.90,0,0.2876,0.01602,44.0
DQN_UNIFORM_seed_2_1790609713,DQN_UNIFORM,2,720,36031,-8.10,0,0.2866,0.01734,44.0
DQN_UNIFORM_seed_2_1790609713,DQN_UNIFORM,2,721,36081,-1.50,0,0.2856,0.00863,44.1
DQN_UNIFORM_seed_2_1790609713,DQN_UNIFORM,2,722,36131,-4.50,0,0.2846,0.00764,44.2
DQN_UNIFORM_seed_2_1790609713,DQN_UNIFORM,2,723,36181,3.90,0,0.2836,0.02477,44.2
DQN_UNIFORM_seed_2_1790609713,DQN_UNIFORM,2,724,36231,3.90,0,0.2826,0.01083,44.3
DQN_UNIFORM_seed_2_1790609713,DQN_UNIFORM,2,725,36281,-2.10,0,0.2816,0.00732,44.3
DQN_UNIFORM_seed_2_1790609713,DQN_UNIFORM,2,726,36331,3.90,0,0.2806,0.02109,44.4
DQN_UNIFORM_seed_2_1790609713,DQN_UNIFORM,2,727,36381,3.90,0,0.2797,0.01227,44.5
DQN_UNIFORM_seed_2_1790609713,DQN_UNIFORM,2,728,36431,0.30,0,0.2787,0.00691,44.5
DQN_UNIFORM_seed_2_1790609713,DQN_UNIFORM,2,729,36481,-7.50,0,0.2777,0.00975,44.6
DQN_UNIFORM_seed_2_1790609713,DQN_UNIFORM,2,730,36539,4.70,0,0.2765,0.01465,44.7
DQN_UNIFORM_seed_2_1790609713,DQN_UNIFORM,2,731,36589,3.90,0,0.2755,0.01488,44.7
DQN_UNIFORM_seed_2_1790609713,DQN_UNIFORM,2,732,36639,-7.50,0,0.2745,0.01699,44.8
DQN_UNIFORM_seed_2_1790609713,DQN_UNIFORM,2,733,36689,-6.30,0,0.2736,0.01721,44.9
DQN_UNIFORM_seed_2_1790609713,DQN_UNIFORM,2,734,36739,-6.90,0,0.2726,0.01406,44.9
DQN_UNIFORM_seed_2_1790609713,DQN_UNIFORM,2,735,36789,-1.50,0,0.2716,0.00999,45.0
DQN_UNIFORM_seed_2_1790609713,DQN_UNIFORM,2,736,36839,-2.10,0,0.2706,0.01923,45.1
DQN_UNIFORM_seed_2_1790609713,DQN_UNIFORM,2,737,36889,-5.10,0,0.2696,0.02279,45.1
DQN_UNIFORM_seed_2_1790609713,DQN_UNIFORM,2,738,36939,2.10,0,0.2686,0.00771,45.2
DQN_UNIFORM_seed_2_1790609713,DQN_UNIFORM,2,739,36991,4.10,0,0.2676,0.01574,45.3
DQN_UNIFORM_seed_2_1790609713,DQN_UNIFORM,2,740,37041,0.30,0,0.2666,0.01347,45.3
DQN_UNIFORM_seed_2_1790609713,DQN_UNIFORM,2,741,37091,3.90,0,0.2656,0.04902,45.4
DQN_UNIFORM_seed_2_1790609713,DQN_UNIFORM,2,742,37141,-3.30,0,0.2646,0.02044,45.5
DQN_UNIFORM_seed_2_1790609713,DQN_UNIFORM,2,743,37191,-0.90,0,0.2636,0.00941,45.5
DQN_UNIFORM_seed_2_1790609713,DQN_UNIFORM,2,744,37241,2.10,0,0.2626,0.01137,45.6
DQN_UNIFORM_seed_2_1790609713,DQN_UNIFORM,2,745,37291,-3.30,0,0.2616,0.00741,45.7
DQN_UNIFORM_seed_2_1790609713,DQN_UNIFORM,2,746,37358,6.50,1,0.2603,0.00944,45.8
DQN_UNIFORM_seed_2_1790609713,DQN_UNIFORM,2,747,37408,2.70,0,0.2593,0.01386,45.8
DQN_UNIFORM_seed_2_1790609713,DQN_UNIFORM,2,748,37458,-5.10,0,0.2583,0.02002,45.9
DQN_UNIFORM_seed_2_1790609713,DQN_UNIFORM,2,749,37508,-5.70,0,0.2573,0.00739,45.9
DQN_UNIFORM_seed_2_1790609713,DQN_UNIFORM,2,750,37558,-0.30,0,0.2564,0.02818,46.0
DQN_UNIFORM_seed_2_1790609713,DQN_UNIFORM,2,751,37608,-4.50,0,0.2554,0.01033,46.1
DQN_UNIFORM_seed_2_1790609713,DQN_UNIFORM,2,752,37658,1.50,0,0.2544,0.01938,46.1
DQN_UNIFORM_seed_2_1790609713,DQN_UNIFORM,2,753,37708,-2.10,0,0.2534,0.01706,46.2
DQN_UNIFORM_seed_2_1790609713,DQN_UNIFORM,2,754,37758,3.90,0,0.2524,0.00783,46.3
DQN_UNIFORM_seed_2_1790609713,DQN_UNIFORM,2,755,37808,3.90,0,0.2514,0.01239,46.3
DQN_UNIFORM_seed_2_1790609713,DQN_UNIFORM,2,756,37858,-6.90,0,0.2504,0.01154,46.4
DQN_UNIFORM_seed_2_1790609713,DQN_UNIFORM,2,757,37908,3.90,0,0.2494,0.01494,46.5
DQN_UNIFORM_seed_2_1790609713,DQN_UNIFORM,2,758,37958,3.90,0,0.2484,0.01123,46.5
DQN_UNIFORM_seed_2_1790609713,DQN_UNIFORM,2,759,38008,-1.50,0,0.2474,0.02305,46.6
DQN_UNIFORM_seed_2_1790609713,DQN_UNIFORM,2,760,38058,3.90,0,0.2465,0.02010,46.7
DQN_UNIFORM_seed_2_1790609713,DQN_UNIFORM,2,761,38108,3.90,0,0.2455,0.01758,46.7
DQN_UNIFORM_seed_2_1790609713,DQN_UNIFORM,2,762,38158,3.90,0,0.2445,0.02577,46.8
DQN_UNIFORM_seed_2_1790609713,DQN_UNIFORM,2,763,38208,-3.30,0,0.2435,0.02883,46.9
DQN_UNIFORM_seed_2_1790609713,DQN_UNIFORM,2,764,38258,3.90,0,0.2425,0.01647,46.9
DQN_UNIFORM_seed_2_1790609713,DQN_UNIFORM,2,765,38308,-0.90,0,0.2415,0.00833,47.0
DQN_UNIFORM_seed_2_1790609713,DQN_UNIFORM,2,766,38364,4.50,0,0.2404,0.01714,47.1
DQN_UNIFORM_seed_2_1790609713,DQN_UNIFORM,2,767,38414,-0.90,0,0.2394,0.02386,47.1
DQN_UNIFORM_seed_2_1790609713,DQN_UNIFORM,2,768,38464,3.90,0,0.2384,0.01965,47.2
DQN_UNIFORM_seed_2_1790609713,DQN_UNIFORM,2,769,38514,-6.90,0,0.2374,0.01795,47.3
DQN_UNIFORM_seed_2_1790609713,DQN_UNIFORM,2,770,38564,3.90,0,0.2364,0.01862,47.3
DQN_UNIFORM_seed_2_1790609713,DQN_UNIFORM,2,771,38614,3.90,0,0.2354,0.01949,47.4
DQN_UNIFORM_seed_2_1790609713,DQN_UNIFORM,2,772,38664,3.90,0,0.2345,0.01491,47.4
DQN_UNIFORM_seed_2_1790609713,DQN_UNIFORM,2,773,38714,3.90,0,0.2335,0.01830,47.5
DQN_UNIFORM_seed_2_1790609713,DQN_UNIFORM,2,774,38764,-5.70,0,0.2325,0.02097,47.6
DQN_UNIFORM_seed_2_1790609713,DQN_UNIFORM,2,775,38814,3.90,0,0.2315,0.02020,47.6
DQN_UNIFORM_seed_2_1790609713,DQN_UNIFORM,2,776,38864,-5.70,0,0.2305,0.01232,47.7
DQN_UNIFORM_seed_2_1790609713,DQN_UNIFORM,2,777,38914,3.90,0,0.2295,0.01537,47.8
DQN_UNIFORM_seed_2_1790609713,DQN_UNIFORM,2,778,38964,2.70,0,0.2285,0.01491,47.8
DQN_UNIFORM_seed_2_1790609713,DQN_UNIFORM,2,779,39014,-2.70,0,0.2275,0.02580,47.9
DQN_UNIFORM_seed_2_1790609713,DQN_UNIFORM,2,780,39064,-6.30,0,0.2265,0.02445,48.0
DQN_UNIFORM_seed_2_1790609713,DQN_UNIFORM,2,781,39114,3.90,0,0.2255,0.02998,48.0
DQN_UNIFORM_seed_2_1790609713,DQN_UNIFORM,2,782,39164,3.90,0,0.2246,0.01014,48.1
DQN_UNIFORM_seed_2_1790609713,DQN_UNIFORM,2,783,39214,0.30,0,0.2236,0.01106,48.2
DQN_UNIFORM_seed_2_1790609713,DQN_UNIFORM,2,784,39264,-5.10,0,0.2226,0.02522,48.2
DQN_UNIFORM_seed_2_1790609713,DQN_UNIFORM,2,785,39314,3.30,0,0.2216,0.01328,48.3
DQN_UNIFORM_seed_2_1790609713,DQN_UNIFORM,2,786,39364,3.90,0,0.2206,0.01496,48.4
DQN_UNIFORM_seed_2_1790609713,DQN_UNIFORM,2,787,39414,3.90,0,0.2196,0.02287,48.4
DQN_UNIFORM_seed_2_1790609713,DQN_UNIFORM,2,788,39464,3.90,0,0.2186,0.02285,48.5
DQN_UNIFORM_seed_2_1790609713,DQN_UNIFORM,2,789,39514,-4.50,0,0.2176,0.02143,48.6
DQN_UNIFORM_seed_2_1790609713,DQN_UNIFORM,2,790,39564,3.90,0,0.2166,0.01426,48.6
DQN_UNIFORM_seed_2_1790609713,DQN_UNIFORM,2,791,39614,-0.90,0,0.2156,0.01422,48.7
DQN_UNIFORM_seed_2_1790609713,DQN_UNIFORM,2,792,39664,3.90,0,0.2147,0.01424,48.8
DQN_UNIFORM_seed_2_1790609713,DQN_UNIFORM,2,793,39714,3.90,0,0.2137,0.02044,48.8
DQN_UNIFORM_seed_2_1790609713,DQN_UNIFORM,2,794,39764,-3.90,0,0.2127,0.01769,48.9
DQN_UNIFORM_seed_2_1790609713,DQN_UNIFORM,2,795,39825,5.00,1,0.2115,0.01320,49.0
DQN_UNIFORM_seed_2_1790609713,DQN_UNIFORM,2,796,39875,3.90,0,0.2105,0.01046,49.0
DQN_UNIFORM_seed_2_1790609713,DQN_UNIFORM,2,797,39925,-1.50,0,0.2095,0.01653,49.1
DQN_UNIFORM_seed_2_1790609713,DQN_UNIFORM,2,798,39976,4.00,0,0.2085,0.01707,49.2
DQN_UNIFORM_seed_2_1790609713,DQN_UNIFORM,2,799,40026,-6.30,0,0.2075,0.02015,49.3
DQN_UNIFORM_seed_2_1790609713,DQN_UNIFORM,2,800,40076,-2.10,0,0.2065,0.02731,49.4
DQN_UNIFORM_seed_2_1790609713,DQN_UNIFORM,2,801,40126,3.90,0,0.2055,0.02027,49.5
DQN_UNIFORM_seed_2_1790609713,DQN_UNIFORM,2,802,40176,2.10,0,0.2045,0.01584,49.5
DQN_UNIFORM_seed_2_1790609713,DQN_UNIFORM,2,803,40226,3.90,0,0.2035,0.01988,49.6
DQN_UNIFORM_seed_2_1790609713,DQN_UNIFORM,2,804,40276,3.90,0,0.2025,0.01177,49.7
DQN_UNIFORM_seed_2_1790609713,DQN_UNIFORM,2,805,40326,3.90,0,0.2015,0.01274,49.7
DQN_UNIFORM_seed_2_1790609713,DQN_UNIFORM,2,806,40376,3.90,0,0.2006,0.02535,49.8
DQN_UNIFORM_seed_2_1790609713,DQN_UNIFORM,2,807,40426,-5.70,0,0.1996,0.02441,49.9
DQN_UNIFORM_seed_2_1790609713,DQN_UNIFORM,2,808,40476,3.90,0,0.1986,0.01498,49.9
DQN_UNIFORM_seed_2_1790609713,DQN_UNIFORM,2,809,40526,3.90,0,0.1976,0.02418,50.0
DQN_UNIFORM_seed_2_1790609713,DQN_UNIFORM,2,810,40576,3.90,0,0.1966,0.01585,50.1
DQN_UNIFORM_seed_2_1790609713,DQN_UNIFORM,2,811,40628,4.10,0,0.1956,0.01951,50.1
DQN_UNIFORM_seed_2_1790609713,DQN_UNIFORM,2,812,40678,3.90,0,0.1946,0.02365,50.2
DQN_UNIFORM_seed_2_1790609713,DQN_UNIFORM,2,813,40728,1.50,0,0.1936,0.01521,50.3
DQN_UNIFORM_seed_2_1790609713,DQN_UNIFORM,2,814,40781,4.20,0,0.1925,0.01387,50.3
DQN_UNIFORM_seed_2_1790609713,DQN_UNIFORM,2,815,40831,3.90,0,0.1915,0.01255,50.4
DQN_UNIFORM_seed_2_1790609713,DQN_UNIFORM,2,816,40881,3.90,0,0.1906,0.00895,50.5
DQN_UNIFORM_seed_2_1790609713,DQN_UNIFORM,2,817,40931,3.90,0,0.1896,0.01334,50.5
DQN_UNIFORM_seed_2_1790609713,DQN_UNIFORM,2,818,40981,3.90,0,0.1886,0.01577,50.6
DQN_UNIFORM_seed_2_1790609713,DQN_UNIFORM,2,819,41031,3.90,0,0.1876,0.01688,50.7
DQN_UNIFORM_seed_2_1790609713,DQN_UNIFORM,2,820,41081,3.90,0,0.1866,0.01963,50.7
DQN_UNIFORM_seed_2_1790609713,DQN_UNIFORM,2,821,41131,3.90,0,0.1856,0.02033,50.8
DQN_UNIFORM_seed_2_1790609713,DQN_UNIFORM,2,822,41181,3.90,0,0.1846,0.02816,50.8
DQN_UNIFORM_seed_2_1790609713,DQN_UNIFORM,2,823,41231,1.50,0,0.1836,0.01736,50.9
DQN_UNIFORM_seed_2_1790609713,DQN_UNIFORM,2,824,41281,3.90,0,0.1826,0.01345,51.0
DQN_UNIFORM_seed_2_1790609713,DQN_UNIFORM,2,825,41331,3.90,0,0.1816,0.01510,51.0
DQN_UNIFORM_seed_2_1790609713,DQN_UNIFORM,2,826,41381,3.90,0,0.1807,0.02288,51.1
DQN_UNIFORM_seed_2_1790609713,DQN_UNIFORM,2,827,41431,3.90,0,0.1797,0.00932,51.2
DQN_UNIFORM_seed_2_1790609713,DQN_UNIFORM,2,828,41481,3.90,0,0.1787,0.03791,51.2
DQN_UNIFORM_seed_2_1790609713,DQN_UNIFORM,2,829,41531,0.90,0,0.1777,0.01818,51.3
DQN_UNIFORM_seed_2_1790609713,DQN_UNIFORM,2,830,41581,-0.90,0,0.1767,0.01620,51.4
DQN_UNIFORM_seed_2_1790609713,DQN_UNIFORM,2,831,41642,5.00,1,0.1755,0.01854,51.5
DQN_UNIFORM_seed_2_1790609713,DQN_UNIFORM,2,832,41692,3.90,0,0.1745,0.01529,51.5
DQN_UNIFORM_seed_2_1790609713,DQN_UNIFORM,2,833,41742,3.90,0,0.1735,0.01460,51.6
DQN_UNIFORM_seed_2_1790609713,DQN_UNIFORM,2,834,41792,3.90,0,0.1725,0.02261,51.7
DQN_UNIFORM_seed_2_1790609713,DQN_UNIFORM,2,835,41842,3.90,0,0.1715,0.01600,51.7
DQN_UNIFORM_seed_2_1790609713,DQN_UNIFORM,2,836,41897,4.40,0,0.1704,0.01618,51.8
DQN_UNIFORM_seed_2_1790609713,DQN_UNIFORM,2,837,41947,3.90,0,0.1694,0.01684,51.9
DQN_UNIFORM_seed_2_1790609713,DQN_UNIFORM,2,838,41997,3.90,0,0.1685,0.01637,51.9
DQN_UNIFORM_seed_2_1790609713,DQN_UNIFORM,2,839,42057,4.90,0,0.1673,0.02039,52.0
DQN_UNIFORM_seed_2_1790609713,DQN_UNIFORM,2,840,42107,3.90,0,0.1663,0.02274,52.1
DQN_UNIFORM_seed_2_1790609713,DQN_UNIFORM,2,841,42157,3.90,0,0.1653,0.01367,52.1
DQN_UNIFORM_seed_2_1790609713,DQN_UNIFORM,2,842,42207,3.90,0,0.1643,0.02200,52.2
DQN_UNIFORM_seed_2_1790609713,DQN_UNIFORM,2,843,42267,4.90,0,0.1631,0.01632,52.3
DQN_UNIFORM_seed_2_1790609713,DQN_UNIFORM,2,844,42317,3.90,0,0.1621,0.01610,52.3
DQN_UNIFORM_seed_2_1790609713,DQN_UNIFORM,2,845,42367,3.90,0,0.1611,0.01529,52.4
DQN_UNIFORM_seed_2_1790609713,DQN_UNIFORM,2,846,42428,5.00,1,0.1599,0.01267,52.5
DQN_UNIFORM_seed_2_1790609713,DQN_UNIFORM,2,847,42478,-3.30,0,0.1589,0.01435,52.6
DQN_UNIFORM_seed_2_1790609713,DQN_UNIFORM,2,848,42528,3.90,0,0.1579,0.01231,52.6
DQN_UNIFORM_seed_2_1790609713,DQN_UNIFORM,2,849,42578,3.90,0,0.1570,0.02150,52.7
DQN_UNIFORM_seed_2_1790609713,DQN_UNIFORM,2,850,42628,3.90,0,0.1560,0.02020,52.8
DQN_UNIFORM_seed_2_1790609713,DQN_UNIFORM,2,851,42678,3.90,0,0.1550,0.02200,52.8
DQN_UNIFORM_seed_2_1790609713,DQN_UNIFORM,2,852,42728,3.90,0,0.1540,0.02116,52.9
DQN_UNIFORM_seed_2_1790609713,DQN_UNIFORM,2,853,42778,-2.70,0,0.1530,0.01637,52.9
DQN_UNIFORM_seed_2_1790609713,DQN_UNIFORM,2,854,42828,3.90,0,0.1520,0.02427,53.0
DQN_UNIFORM_seed_2_1790609713,DQN_UNIFORM,2,855,42878,3.90,0,0.1510,0.02290,53.1
DQN_UNIFORM_seed_2_1790609713,DQN_UNIFORM,2,856,42928,3.30,0,0.1500,0.01956,53.1
DQN_UNIFORM_seed_2_1790609713,DQN_UNIFORM,2,857,42978,0.90,0,0.1490,0.01932,53.2
DQN_UNIFORM_seed_2_1790609713,DQN_UNIFORM,2,858,43028,3.30,0,0.1480,0.01464,53.3
DQN_UNIFORM_seed_2_1790609713,DQN_UNIFORM,2,859,43078,3.90,0,0.1471,0.01130,53.3
DQN_UNIFORM_seed_2_1790609713,DQN_UNIFORM,2,860,43128,3.90,0,0.1461,0.01684,53.4
DQN_UNIFORM_seed_2_1790609713,DQN_UNIFORM,2,861,43180,4.10,0,0.1450,0.01470,53.5
DQN_UNIFORM_seed_2_1790609713,DQN_UNIFORM,2,862,43230,3.90,0,0.1440,0.02415,53.5
DQN_UNIFORM_seed_2_1790609713,DQN_UNIFORM,2,863,43280,3.90,0,0.1431,0.01507,53.6
DQN_UNIFORM_seed_2_1790609713,DQN_UNIFORM,2,864,43330,3.90,0,0.1421,0.01393,53.7
DQN_UNIFORM_seed_2_1790609713,DQN_UNIFORM,2,865,43380,3.90,0,0.1411,0.01704,53.7
DQN_UNIFORM_seed_2_1790609713,DQN_UNIFORM,2,866,43430,3.90,0,0.1401,0.01685,53.8
DQN_UNIFORM_seed_2_1790609713,DQN_UNIFORM,2,867,43480,3.90,0,0.1391,0.01392,53.9
DQN_UNIFORM_seed_2_1790609713,DQN_UNIFORM,2,868,43530,3.90,0,0.1381,0.01317,53.9
DQN_UNIFORM_seed_2_1790609713,DQN_UNIFORM,2,869,43580,-0.30,0,0.1371,0.02085,54.0
DQN_UNIFORM_seed_2_1790609713,DQN_UNIFORM,2,870,43630,3.90,0,0.1361,0.01416,54.1
DQN_UNIFORM_seed_2_1790609713,DQN_UNIFORM,2,871,43680,3.90,0,0.1351,0.01468,54.1
DQN_UNIFORM_seed_2_1790609713,DQN_UNIFORM,2,872,43730,3.90,0,0.1341,0.01151,54.2
DQN_UNIFORM_seed_2_1790609713,DQN_UNIFORM,2,873,43782,4.10,0,0.1331,0.01791,54.3
DQN_UNIFORM_seed_2_1790609713,DQN_UNIFORM,2,874,43832,3.90,0,0.1321,0.01844,54.3
DQN_UNIFORM_seed_2_1790609713,DQN_UNIFORM,2,875,43882,3.90,0,0.1311,0.02159,54.4
DQN_UNIFORM_seed_2_1790609713,DQN_UNIFORM,2,876,43932,3.90,0,0.1301,0.01902,54.5
DQN_UNIFORM_seed_2_1790609713,DQN_UNIFORM,2,877,43982,3.90,0,0.1292,0.01626,54.5
DQN_UNIFORM_seed_2_1790609713,DQN_UNIFORM,2,878,44032,3.90,0,0.1282,0.02034,54.6
DQN_UNIFORM_seed_2_1790609713,DQN_UNIFORM,2,879,44082,3.90,0,0.1272,0.01528,54.7
DQN_UNIFORM_seed_2_1790609713,DQN_UNIFORM,2,880,44141,4.80,0,0.1260,0.01383,54.7
DQN_UNIFORM_seed_2_1790609713,DQN_UNIFORM,2,881,44191,3.90,0,0.1250,0.01087,54.8
DQN_UNIFORM_seed_2_1790609713,DQN_UNIFORM,2,882,44253,6.00,1,0.1238,0.01739,54.9
DQN_UNIFORM_seed_2_1790609713,DQN_UNIFORM,2,883,44303,3.90,0,0.1228,0.01521,54.9
DQN_UNIFORM_seed_2_1790609713,DQN_UNIFORM,2,884,44353,3.90,0,0.1218,0.01614,55.0
DQN_UNIFORM_seed_2_1790609713,DQN_UNIFORM,2,885,44403,-0.30,0,0.1208,0.02016,55.1
DQN_UNIFORM_seed_2_1790609713,DQN_UNIFORM,2,886,44456,4.20,0,0.1198,0.01580,55.2
DQN_UNIFORM_seed_2_1790609713,DQN_UNIFORM,2,887,44506,3.90,0,0.1188,0.01983,55.2
DQN_UNIFORM_seed_2_1790609713,DQN_UNIFORM,2,888,44567,5.00,1,0.1176,0.01394,55.3
DQN_UNIFORM_seed_2_1790609713,DQN_UNIFORM,2,889,44617,3.90,0,0.1166,0.01149,55.4
DQN_UNIFORM_seed_2_1790609713,DQN_UNIFORM,2,890,44667,3.90,0,0.1156,0.01538,55.4
DQN_UNIFORM_seed_2_1790609713,DQN_UNIFORM,2,891,44717,-3.30,0,0.1146,0.01149,55.5
DQN_UNIFORM_seed_2_1790609713,DQN_UNIFORM,2,892,44767,3.90,0,0.1136,0.01395,55.6
DQN_UNIFORM_seed_2_1790609713,DQN_UNIFORM,2,893,44817,3.90,0,0.1126,0.01733,55.6
DQN_UNIFORM_seed_2_1790609713,DQN_UNIFORM,2,894,44867,3.90,0,0.1116,0.01594,55.7
DQN_UNIFORM_seed_2_1790609713,DQN_UNIFORM,2,895,44917,3.90,0,0.1106,0.01290,55.8
DQN_UNIFORM_seed_2_1790609713,DQN_UNIFORM,2,896,44967,3.90,0,0.1097,0.02066,55.8
DQN_UNIFORM_seed_2_1790609713,DQN_UNIFORM,2,897,45017,3.90,0,0.1087,0.01612,56.0
DQN_UNIFORM_seed_2_1790609713,DQN_UNIFORM,2,898,45071,4.30,0,0.1076,0.01781,56.1
DQN_UNIFORM_seed_2_1790609713,DQN_UNIFORM,2,899,45121,-5.10,0,0.1066,0.01851,56.1
DQN_UNIFORM_seed_2_1790609713,DQN_UNIFORM,2,900,45176,4.40,0,0.1055,0.01740,56.2
DQN_UNIFORM_seed_2_1790609713,DQN_UNIFORM,2,901,45232,4.50,0,0.1044,0.01664,56.3
DQN_UNIFORM_seed_2_1790609713,DQN_UNIFORM,2,902,45282,3.90,0,0.1034,0.01733,56.3
DQN_UNIFORM_seed_2_1790609713,DQN_UNIFORM,2,903,45341,4.80,0,0.1022,0.01548,56.4
DQN_UNIFORM_seed_2_1790609713,DQN_UNIFORM,2,904,45394,4.20,0,0.1012,0.01406,56.5
DQN_UNIFORM_seed_2_1790609713,DQN_UNIFORM,2,905,45450,4.50,0,0.1001,0.01266,56.6
DQN_UNIFORM_seed_2_1790609713,DQN_UNIFORM,2,906,45500,3.90,0,0.0991,0.01041,56.6
DQN_UNIFORM_seed_2_1790609713,DQN_UNIFORM,2,907,45550,3.90,0,0.0981,0.01642,56.7
DQN_UNIFORM_seed_2_1790609713,DQN_UNIFORM,2,908,45600,3.90,0,0.0971,0.01854,56.8
DQN_UNIFORM_seed_2_1790609713,DQN_UNIFORM,2,909,45650,2.70,0,0.0961,0.01289,56.8
DQN_UNIFORM_seed_2_1790609713,DQN_UNIFORM,2,910,45712,6.00,1,0.0949,0.01203,56.9
DQN_UNIFORM_seed_2_1790609713,DQN_UNIFORM,2,911,45762,3.90,0,0.0939,0.01617,57.0
DQN_UNIFORM_seed_2_1790609713,DQN_UNIFORM,2,912,45812,-3.90,0,0.0929,0.01454,57.0
DQN_UNIFORM_seed_2_1790609713,DQN_UNIFORM,2,913,45862,3.90,0,0.0919,0.01500,57.1
DQN_UNIFORM_seed_2_1790609713,DQN_UNIFORM,2,914,45912,3.30,0,0.0909,0.02427,57.2
DQN_UNIFORM_seed_2_1790609713,DQN_UNIFORM,2,915,45962,3.90,0,0.0900,0.01380,57.2
DQN_UNIFORM_seed_2_1790609713,DQN_UNIFORM,2,916,46012,3.90,0,0.0890,0.01667,57.3
DQN_UNIFORM_seed_2_1790609713,DQN_UNIFORM,2,917,46073,5.00,1,0.0878,0.01556,57.4
DQN_UNIFORM_seed_2_1790609713,DQN_UNIFORM,2,918,46129,4.50,0,0.0866,0.01307,57.5
DQN_UNIFORM_seed_2_1790609713,DQN_UNIFORM,2,919,46179,3.90,0,0.0857,0.01477,57.5
DQN_UNIFORM_seed_2_1790609713,DQN_UNIFORM,2,920,46229,3.90,0,0.0847,0.01568,57.6
DQN_UNIFORM_seed_2_1790609713,DQN_UNIFORM,2,921,46279,3.90,0,0.0837,0.01311,57.7
DQN_UNIFORM_seed_2_1790609713,DQN_UNIFORM,2,922,46333,4.30,0,0.0826,0.01605,57.7
DQN_UNIFORM_seed_2_1790609713,DQN_UNIFORM,2,923,46383,3.90,0,0.0816,0.01183,57.8
DQN_UNIFORM_seed_2_1790609713,DQN_UNIFORM,2,924,46433,3.90,0,0.0806,0.01407,57.9
DQN_UNIFORM_seed_2_1790609713,DQN_UNIFORM,2,925,46483,3.90,0,0.0796,0.01196,57.9
DQN_UNIFORM_seed_2_1790609713,DQN_UNIFORM,2,926,46533,3.90,0,0.0786,0.01313,58.0
DQN_UNIFORM_seed_2_1790609713,DQN_UNIFORM,2,927,46593,4.90,0,0.0775,0.01014,58.1
DQN_UNIFORM_seed_2_1790609713,DQN_UNIFORM,2,928,46643,3.90,0,0.0765,0.01262,58.1
DQN_UNIFORM_seed_2_1790609713,DQN_UNIFORM,2,929,46702,4.80,0,0.0753,0.01575,58.2
DQN_UNIFORM_seed_2_1790609713,DQN_UNIFORM,2,930,46763,5.00,1,0.0741,0.01342,58.3
DQN_UNIFORM_seed_2_1790609713,DQN_UNIFORM,2,931,46813,3.90,0,0.0731,0.01332,58.4
DQN_UNIFORM_seed_2_1790609713,DQN_UNIFORM,2,932,46877,6.20,1,0.0718,0.01047,58.4
DQN_UNIFORM_seed_2_1790609713,DQN_UNIFORM,2,933,46927,3.90,0,0.0708,0.01191,58.5
DQN_UNIFORM_seed_2_1790609713,DQN_UNIFORM,2,934,46977,3.90,0,0.0699,0.01089,58.6
DQN_UNIFORM_seed_2_1790609713,DQN_UNIFORM,2,935,47027,3.90,0,0.0689,0.01441,58.6
DQN_UNIFORM_seed_2_1790609713,DQN_UNIFORM,2,936,47089,6.00,1,0.0676,0.01409,58.7
DQN_UNIFORM_seed_2_1790609713,DQN_UNIFORM,2,937,47139,3.90,0,0.0666,0.01475,58.8
DQN_UNIFORM_seed_2_1790609713,DQN_UNIFORM,2,938,47189,3.90,0,0.0657,0.01433,58.9
DQN_UNIFORM_seed_2_1790609713,DQN_UNIFORM,2,939,47239,3.90,0,0.0647,0.01306,58.9
DQN_UNIFORM_seed_2_1790609713,DQN_UNIFORM,2,940,47289,3.90,0,0.0637,0.01415,59.0
DQN_UNIFORM_seed_2_1790609713,DQN_UNIFORM,2,941,47339,3.90,0,0.0627,0.01388,59.1
DQN_UNIFORM_seed_2_1790609713,DQN_UNIFORM,2,942,47392,4.20,0,0.0616,0.01297,59.1
DQN_UNIFORM_seed_2_1790609713,DQN_UNIFORM,2,943,47442,3.90,0,0.0606,0.01635,59.2
DQN_UNIFORM_seed_2_1790609713,DQN_UNIFORM,2,944,47506,6.20,1,0.0594,0.01023,59.3
DQN_UNIFORM_seed_2_1790609713,DQN_UNIFORM,2,945,47556,3.90,0,0.0584,0.01207,59.3
DQN_UNIFORM_seed_2_1790609713,DQN_UNIFORM,2,946,47610,4.30,0,0.0573,0.01552,59.4
DQN_UNIFORM_seed_2_1790609713,DQN_UNIFORM,2,947,47671,5.00,1,0.0561,0.01510,59.6
DQN_UNIFORM_seed_2_1790609713,DQN_UNIFORM,2,948,47736,6.30,1,0.0548,0.01294,59.7
DQN_UNIFORM_seed_2_1790609713,DQN_UNIFORM,2,949,47786,3.90,0,0.0538,0.01286,59.8
DQN_UNIFORM_seed_2_1790609713,DQN_UNIFORM,2,950,47836,3.90,0,0.0528,0.01455,59.9
DQN_UNIFORM_seed_2_1790609713,DQN_UNIFORM,2,951,47898,6.00,1,0.0516,0.01502,60.0
DQN_UNIFORM_seed_2_1790609713,DQN_UNIFORM,2,952,47954,4.50,0,0.0505,0.01371,60.1
DQN_UNIFORM_seed_2_1790609713,DQN_UNIFORM,2,953,48013,4.80,0,0.0493,0.01458,60.1
DQN_UNIFORM_seed_2_1790609713,DQN_UNIFORM,2,954,48063,3.90,0,0.0484,0.01630,60.2
DQN_UNIFORM_seed_2_1790609713,DQN_UNIFORM,2,955,48113,3.90,0,0.0474,0.01472,60.3
DQN_UNIFORM_seed_2_1790609713,DQN_UNIFORM,2,956,48163,3.90,0,0.0464,0.01332,60.3
DQN_UNIFORM_seed_2_1790609713,DQN_UNIFORM,2,957,48220,4.60,0,0.0452,0.01303,60.4
DQN_UNIFORM_seed_2_1790609713,DQN_UNIFORM,2,958,48270,3.90,0,0.0443,0.01392,60.5
DQN_UNIFORM_seed_2_1790609713,DQN_UNIFORM,2,959,48320,3.90,0,0.0433,0.01441,60.6
DQN_UNIFORM_seed_2_1790609713,DQN_UNIFORM,2,960,48370,3.90,0,0.0423,0.01499,60.6
DQN_UNIFORM_seed_2_1790609713,DQN_UNIFORM,2,961,48420,3.90,0,0.0413,0.01823,60.7
DQN_UNIFORM_seed_2_1790609713,DQN_UNIFORM,2,962,48470,3.90,0,0.0403,0.01498,60.8
DQN_UNIFORM_seed_2_1790609713,DQN_UNIFORM,2,963,48532,6.00,1,0.0391,0.01171,60.9
DQN_UNIFORM_seed_2_1790609713,DQN_UNIFORM,2,964,48582,3.90,0,0.0381,0.01345,60.9
DQN_UNIFORM_seed_2_1790609713,DQN_UNIFORM,2,965,48632,3.90,0,0.0371,0.01264,61.0
DQN_UNIFORM_seed_2_1790609713,DQN_UNIFORM,2,966,48682,3.90,0,0.0361,0.00977,61.1
DQN_UNIFORM_seed_2_1790609713,DQN_UNIFORM,2,967,48736,4.30,0,0.0350,0.01216,61.2
DQN_UNIFORM_seed_2_1790609713,DQN_UNIFORM,2,968,48786,3.90,0,0.0340,0.01276,61.2
DQN_UNIFORM_seed_2_1790609713,DQN_UNIFORM,2,969,48840,4.30,0,0.0330,0.01413,61.3
DQN_UNIFORM_seed_2_1790609713,DQN_UNIFORM,2,970,48890,3.90,0,0.0320,0.01333,61.4
DQN_UNIFORM_seed_2_1790609713,DQN_UNIFORM,2,971,48942,4.10,0,0.0309,0.01326,61.4
DQN_UNIFORM_seed_2_1790609713,DQN_UNIFORM,2,972,48992,3.90,0,0.0300,0.01144,61.5
DQN_UNIFORM_seed_2_1790609713,DQN_UNIFORM,2,973,49042,3.90,0,0.0290,0.01334,61.6
DQN_UNIFORM_seed_2_1790609713,DQN_UNIFORM,2,974,49092,3.90,0,0.0280,0.01850,61.6
DQN_UNIFORM_seed_2_1790609713,DQN_UNIFORM,2,975,49142,3.90,0,0.0270,0.01394,61.7
DQN_UNIFORM_seed_2_1790609713,DQN_UNIFORM,2,976,49192,3.90,0,0.0260,0.01157,61.8
DQN_UNIFORM_seed_2_1790609713,DQN_UNIFORM,2,977,49242,3.90,0,0.0250,0.01086,61.8
DQN_UNIFORM_seed_2_1790609713,DQN_UNIFORM,2,978,49292,3.90,0,0.0240,0.01242,61.9
DQN_UNIFORM_seed_2_1790609713,DQN_UNIFORM,2,979,49342,3.90,0,0.0230,0.01639,62.0
DQN_UNIFORM_seed_2_1790609713,DQN_UNIFORM,2,980,49392,3.90,0,0.0220,0.01123,62.0
DQN_UNIFORM_seed_2_1790609713,DQN_UNIFORM,2,981,49442,3.90,0,0.0210,0.01407,62.1
DQN_UNIFORM_seed_2_1790609713,DQN_UNIFORM,2,982,49492,3.90,0,0.0201,0.01319,62.2
DQN_UNIFORM_seed_2_1790609713,DQN_UNIFORM,2,983,49554,6.00,1,0.0188,0.01134,62.3
DQN_UNIFORM_seed_2_1790609713,DQN_UNIFORM,2,984,49604,3.90,0,0.0178,0.01202,62.3
DQN_UNIFORM_seed_2_1790609713,DQN_UNIFORM,2,985,49654,3.90,0,0.0169,0.01683,62.4
DQN_UNIFORM_seed_2_1790609713,DQN_UNIFORM,2,986,49704,3.90,0,0.0159,0.01493,62.4
DQN_UNIFORM_seed_2_1790609713,DQN_UNIFORM,2,987,49754,3.90,0,0.0149,0.01466,62.5
DQN_UNIFORM_seed_2_1790609713,DQN_UNIFORM,2,988,49805,4.00,0,0.0139,0.01418,62.6
DQN_UNIFORM_seed_2_1790609713,DQN_UNIFORM,2,989,49860,4.40,0,0.0128,0.01685,62.7
DQN_UNIFORM_seed_2_1790609713,DQN_UNIFORM,2,990,49910,3.90,0,0.0118,0.01149,62.7
DQN_UNIFORM_seed_2_1790609713,DQN_UNIFORM,2,991,49960,3.90,0,0.0108,0.01178,62.8
DQN_UNIFORM_seed_2_1790609713,DQN_UNIFORM,2,992,50023,6.10,1,0.0100,0.01373,63.0
DQN_UNIFORM_seed_2_1790609713,DQN_UNIFORM,2,993,50073,3.90,0,0.0100,0.01243,63.0
DQN_UNIFORM_seed_2_1790609713,DQN_UNIFORM,2,994,50123,3.90,0,0.0100,0.01317,63.1
DQN_UNIFORM_seed_2_1790609713,DQN_UNIFORM,2,995,50173,3.90,0,0.0100,0.01327,63.2
DQN_UNIFORM_seed_2_1790609713,DQN_UNIFORM,2,996,50223,3.90,0,0.0100,0.01279,63.2
DQN_UNIFORM_seed_2_1790609713,DQN_UNIFORM,2,997,50273,3.90,0,0.0100,0.01051,63.3
DQN_UNIFORM_seed_2_1790609713,DQN_UNIFORM,2,998,50341,6.60,1,0.0100,0.01332,63.4
DQN_UNIFORM_seed_2_1790609713,DQN_UNIFORM,2,999,50408,6.50,1,0.0100,0.01078,63.5
DQN_UNIFORM_seed_2_1790609713,DQN_UNIFORM,2,1000,50458,3.90,0,0.0100,0.01412,63.5
DQN_UNIFORM_seed_2_1790609713,DQN_UNIFORM,2,1001,50516,4.70,0,0.0100,0.01415,63.6
DQN_UNIFORM_seed_2_1790609713,DQN_UNIFORM,2,1002,50566,3.90,0,0.0100,0.01049,63.7
DQN_UNIFORM_seed_2_1790609713,DQN_UNIFORM,2,1003,50630,6.20,1,0.0100,0.01183,63.8
DQN_UNIFORM_seed_2_1790609713,DQN_UNIFORM,2,1004,50683,4.20,0,0.0100,0.01061,63.8
DQN_UNIFORM_seed_2_1790609713,DQN_UNIFORM,2,1005,50745,6.00,1,0.0100,0.01350,63.9
DQN_UNIFORM_seed_2_1790609713,DQN_UNIFORM,2,1006,50795,3.90,0,0.0100,0.01061,64.0
DQN_UNIFORM_seed_2_1790609713,DQN_UNIFORM,2,1007,50857,6.00,1,0.0100,0.00966,64.1
DQN_UNIFORM_seed_2_1790609713,DQN_UNIFORM,2,1008,50907,3.90,0,0.0100,0.01069,64.1
DQN_UNIFORM_seed_2_1790609713,DQN_UNIFORM,2,1009,50957,3.90,0,0.0100,0.01032,64.2
DQN_UNIFORM_seed_2_1790609713,DQN_UNIFORM,2,1010,51007,3.90,0,0.0100,0.01145,64.3
DQN_UNIFORM_seed_2_1790609713,DQN_UNIFORM,2,1011,51057,3.90,0,0.0100,0.01937,64.3
DQN_UNIFORM_seed_2_1790609713,DQN_UNIFORM,2,1012,51107,3.90,0,0.0100,0.01370,64.4
DQN_UNIFORM_seed_2_1790609713,DQN_UNIFORM,2,1013,51157,3.90,0,0.0100,0.01132,64.5
DQN_UNIFORM_seed_2_1790609713,DQN_UNIFORM,2,1014,51207,3.90,0,0.0100,0.01168,64.5
DQN_UNIFORM_seed_2_1790609713,DQN_UNIFORM,2,1015,51257,3.90,0,0.0100,0.01273,64.6
DQN_UNIFORM_seed_2_1790609713,DQN_UNIFORM,2,1016,51307,3.90,0,0.0100,0.01329,64.7
DQN_UNIFORM_seed_2_1790609713,DQN_UNIFORM,2,1017,51358,4.00,0,0.0100,0.01124,64.7
DQN_UNIFORM_seed_2_1790609713,DQN_UNIFORM,2,1018,51408,3.90,0,0.0100,0.01230,64.8
DQN_UNIFORM_seed_2_1790609713,DQN_UNIFORM,2,1019,51458,3.90,0,0.0100,0.01208,64.9
DQN_UNIFORM_seed_2_1790609713,DQN_UNIFORM,2,1020,51508,3.90,0,0.0100,0.00943,64.9
DQN_UNIFORM_seed_2_1790609713,DQN_UNIFORM,2,1021,51574,6.40,1,0.0100,0.01264,65.0
DQN_UNIFORM_seed_2_1790609713,DQN_UNIFORM,2,1022,51640,6.40,1,0.0100,0.01061,65.1
DQN_UNIFORM_seed_2_1790609713,DQN_UNIFORM,2,1023,51690,3.90,0,0.0100,0.01068,65.2
DQN_UNIFORM_seed_2_1790609713,DQN_UNIFORM,2,1024,51744,4.30,0,0.0100,0.00924,65.2
DQN_UNIFORM_seed_2_1790609713,DQN_UNIFORM,2,1025,51797,4.20,0,0.0100,0.01132,65.3
DQN_UNIFORM_seed_2_1790609713,DQN_UNIFORM,2,1026,51847,3.90,0,0.0100,0.01084,65.4
DQN_UNIFORM_seed_2_1790609713,DQN_UNIFORM,2,1027,51897,3.90,0,0.0100,0.01278,65.4
DQN_UNIFORM_seed_2_1790609713,DQN_UNIFORM,2,1028,51961,6.20,1,0.0100,0.01202,65.5
DQN_UNIFORM_seed_2_1790609713,DQN_UNIFORM,2,1029,52011,3.90,0,0.0100,0.01440,65.6
DQN_UNIFORM_seed_2_1790609713,DQN_UNIFORM,2,1030,52061,3.90,0,0.0100,0.02040,65.7
DQN_UNIFORM_seed_2_1790609713,DQN_UNIFORM,2,1031,52128,6.50,1,0.0100,0.01473,65.8
DQN_UNIFORM_seed_2_1790609713,DQN_UNIFORM,2,1032,52178,3.90,0,0.0100,0.01465,65.8
DQN_UNIFORM_seed_2_1790609713,DQN_UNIFORM,2,1033,52228,3.90,0,0.0100,0.01121,65.9
DQN_UNIFORM_seed_2_1790609713,DQN_UNIFORM,2,1034,52292,6.20,1,0.0100,0.01214,66.0
DQN_UNIFORM_seed_2_1790609713,DQN_UNIFORM,2,1035,52342,3.90,0,0.0100,0.01494,66.0
DQN_UNIFORM_seed_2_1790609713,DQN_UNIFORM,2,1036,52392,3.90,0,0.0100,0.01178,66.1
DQN_UNIFORM_seed_2_1790609713,DQN_UNIFORM,2,1037,52460,6.60,1,0.0100,0.01067,66.2
DQN_UNIFORM_seed_2_1790609713,DQN_UNIFORM,2,1038,52515,4.40,0,0.0100,0.01003,66.3
DQN_UNIFORM_seed_2_1790609713,DQN_UNIFORM,2,1039,52565,3.90,0,0.0100,0.01154,66.3
DQN_UNIFORM_seed_2_1790609713,DQN_UNIFORM,2,1040,52631,6.40,1,0.0100,0.01237,66.4
DQN_UNIFORM_seed_2_1790609713,DQN_UNIFORM,2,1041,52681,3.90,0,0.0100,0.00986,66.5
DQN_UNIFORM_seed_2_1790609713,DQN_UNIFORM,2,1042,52747,6.40,1,0.0100,0.00896,66.6
DQN_UNIFORM_seed_2_1790609713,DQN_UNIFORM,2,1043,52833,8.40,1,0.0100,0.00936,66.7
DQN_UNIFORM_seed_2_1790609713,DQN_UNIFORM,2,1044,52891,4.70,0,0.0100,0.01171,66.8
DQN_UNIFORM_seed_2_1790609713,DQN_UNIFORM,2,1045,52959,6.60,1,0.0100,0.01288,66.9
DQN_UNIFORM_seed_2_1790609713,DQN_UNIFORM,2,1046,53009,3.90,0,0.0100,0.01131,66.9
DQN_UNIFORM_seed_2_1790609713,DQN_UNIFORM,2,1047,53060,4.00,0,0.0100,0.01345,67.0
DQN_UNIFORM_seed_2_1790609713,DQN_UNIFORM,2,1048,53146,8.40,1,0.0100,0.01280,67.1
DQN_UNIFORM_seed_2_1790609713,DQN_UNIFORM,2,1049,53196,3.90,0,0.0100,0.01019,67.2
DQN_UNIFORM_seed_2_1790609713,DQN_UNIFORM,2,1050,53246,3.90,0,0.0100,0.01237,67.2
DQN_UNIFORM_seed_2_1790609713,DQN_UNIFORM,2,1051,53297,4.00,0,0.0100,0.02261,67.3
DQN_UNIFORM_seed_2_1790609713,DQN_UNIFORM,2,1052,53365,6.60,1,0.0100,0.01413,67.4
DQN_UNIFORM_seed_2_1790609713,DQN_UNIFORM,2,1053,53421,4.50,0,0.0100,0.01589,67.5
DQN_UNIFORM_seed_2_1790609713,DQN_UNIFORM,2,1054,53471,3.90,0,0.0100,0.01320,67.5
DQN_UNIFORM_seed_2_1790609713,DQN_UNIFORM,2,1055,53535,6.20,1,0.0100,0.01098,67.6
DQN_UNIFORM_seed_2_1790609713,DQN_UNIFORM,2,1056,53585,3.90,0,0.0100,0.01852,67.7
DQN_UNIFORM_seed_2_1790609713,DQN_UNIFORM,2,1057,53635,3.90,0,0.0100,0.01282,67.8
DQN_UNIFORM_seed_2_1790609713,DQN_UNIFORM,2,1058,53685,3.90,0,0.0100,0.01386,67.8
DQN_UNIFORM_seed_2_1790609713,DQN_UNIFORM,2,1059,53741,4.50,0,0.0100,0.01395,67.9
DQN_UNIFORM_seed_2_1790609713,DQN_UNIFORM,2,1060,53791,3.90,0,0.0100,0.01052,68.0
DQN_UNIFORM_seed_2_1790609713,DQN_UNIFORM,2,1061,53853,6.00,1,0.0100,0.01573,68.0
DQN_UNIFORM_seed_2_1790609713,DQN_UNIFORM,2,1062,53903,3.90,0,0.0100,0.01526,68.1
DQN_UNIFORM_seed_2_1790609713,DQN_UNIFORM,2,1063,53953,3.90,0,0.0100,0.00964,68.2
DQN_UNIFORM_seed_2_1790609713,DQN_UNIFORM,2,1064,54005,4.10,0,0.0100,0.01315,68.2
DQN_UNIFORM_seed_2_1790609713,DQN_UNIFORM,2,1065,54060,4.40,0,0.0100,0.01452,68.3
DQN_UNIFORM_seed_2_1790609713,DQN_UNIFORM,2,1066,54110,3.90,0,0.0100,0.01775,68.4
DQN_UNIFORM_seed_2_1790609713,DQN_UNIFORM,2,1067,54161,4.00,0,0.0100,0.01255,68.5
DQN_UNIFORM_seed_2_1790609713,DQN_UNIFORM,2,1068,54211,3.90,0,0.0100,0.01206,68.5
DQN_UNIFORM_seed_2_1790609713,DQN_UNIFORM,2,1069,54261,1.50,0,0.0100,0.01190,68.6
DQN_UNIFORM_seed_2_1790609713,DQN_UNIFORM,2,1070,54322,5.00,1,0.0100,0.01229,68.7
DQN_UNIFORM_seed_2_1790609713,DQN_UNIFORM,2,1071,54372,3.90,0,0.0100,0.01082,68.8
DQN_UNIFORM_seed_2_1790609713,DQN_UNIFORM,2,1072,54424,4.10,0,0.0100,0.01500,68.8
DQN_UNIFORM_seed_2_1790609713,DQN_UNIFORM,2,1073,54510,8.40,1,0.0100,0.01663,69.0
DQN_UNIFORM_seed_2_1790609713,DQN_UNIFORM,2,1074,54577,6.50,1,0.0100,0.01902,69.1
DQN_UNIFORM_seed_2_1790609713,DQN_UNIFORM,2,1075,54663,8.40,1,0.0100,0.01287,69.2
DQN_UNIFORM_seed_2_1790609713,DQN_UNIFORM,2,1076,54726,6.10,1,0.0100,0.01673,69.3
DQN_UNIFORM_seed_2_1790609713,DQN_UNIFORM,2,1077,54781,4.40,0,0.0100,0.01108,69.3
DQN_UNIFORM_seed_2_1790609713,DQN_UNIFORM,2,1078,54851,6.80,1,0.0100,0.01408,69.4
DQN_UNIFORM_seed_2_1790609713,DQN_UNIFORM,2,1079,54902,4.00,0,0.0100,0.01336,69.5
DQN_UNIFORM_seed_2_1790609713,DQN_UNIFORM,2,1080,54952,3.90,0,0.0100,0.01837,69.6
DQN_UNIFORM_seed_2_1790609713,DQN_UNIFORM,2,1081,55008,4.50,0,0.0100,0.01286,69.7
DQN_UNIFORM_seed_2_1790609713,DQN_UNIFORM,2,1082,55066,4.70,0,0.0100,0.02154,69.8
DQN_UNIFORM_seed_2_1790609713,DQN_UNIFORM,2,1083,55152,8.40,1,0.0100,0.02099,69.9
DQN_UNIFORM_seed_2_1790609713,DQN_UNIFORM,2,1084,55221,6.70,1,0.0100,0.01221,70.0
DQN_UNIFORM_seed_2_1790609713,DQN_UNIFORM,2,1085,55271,3.90,0,0.0100,0.01833,70.1
DQN_UNIFORM_seed_2_1790609713,DQN_UNIFORM,2,1086,55334,6.10,1,0.0100,0.01402,70.2
DQN_UNIFORM_seed_2_1790609713,DQN_UNIFORM,2,1087,55384,3.90,0,0.0100,0.01616,70.2
DQN_UNIFORM_seed_2_1790609713,DQN_UNIFORM,2,1088,55434,3.90,0,0.0100,0.01341,70.3
DQN_UNIFORM_seed_2_1790609713,DQN_UNIFORM,2,1089,55519,8.30,1,0.0100,0.01424,70.4
DQN_UNIFORM_seed_2_1790609713,DQN_UNIFORM,2,1090,55584,6.30,1,0.0100,0.01319,70.5
DQN_UNIFORM_seed_2_1790609713,DQN_UNIFORM,2,1091,55638,4.30,0,0.0100,0.01467,70.6
DQN_UNIFORM_seed_2_1790609713,DQN_UNIFORM,2,1092,55688,3.90,0,0.0100,0.01762,70.6
DQN_UNIFORM_seed_2_1790609713,DQN_UNIFORM,2,1093,55738,2.70,0,0.0100,0.01815,70.7
DQN_UNIFORM_seed_2_1790609713,DQN_UNIFORM,2,1094,55788,3.90,0,0.0100,0.01272,70.8
DQN_UNIFORM_seed_2_1790609713,DQN_UNIFORM,2,1095,55842,4.30,0,0.0100,0.01769,70.8
DQN_UNIFORM_seed_2_1790609713,DQN_UNIFORM,2,1096,55907,6.30,1,0.0100,0.01256,70.9
DQN_UNIFORM_seed_2_1790609713,DQN_UNIFORM,2,1097,55959,4.10,0,0.0100,0.01496,71.0
DQN_UNIFORM_seed_2_1790609713,DQN_UNIFORM,2,1098,56009,3.90,0,0.0100,0.01181,71.1
DQN_UNIFORM_seed_2_1790609713,DQN_UNIFORM,2,1099,56059,3.90,0,0.0100,0.01168,71.1
DQN_UNIFORM_seed_2_1790609713,DQN_UNIFORM,2,1100,56109,3.90,0,0.0100,0.02206,71.2
DQN_UNIFORM_seed_2_1790609713,DQN_UNIFORM,2,1101,56159,3.90,0,0.0100,0.01387,71.3
DQN_UNIFORM_seed_2_1790609713,DQN_UNIFORM,2,1102,56209,3.90,0,0.0100,0.01263,71.3
DQN_UNIFORM_seed_2_1790609713,DQN_UNIFORM,2,1103,56259,3.90,0,0.0100,0.01003,71.4
DQN_UNIFORM_seed_2_1790609713,DQN_UNIFORM,2,1104,56309,3.90,0,0.0100,0.01357,71.5
DQN_UNIFORM_seed_2_1790609713,DQN_UNIFORM,2,1105,56365,4.50,0,0.0100,0.01435,71.5
DQN_UNIFORM_seed_2_1790609713,DQN_UNIFORM,2,1106,56432,6.50,1,0.0100,0.02178,71.6
DQN_UNIFORM_seed_2_1790609713,DQN_UNIFORM,2,1107,56500,6.60,1,0.0100,0.01675,71.7
DQN_UNIFORM_seed_2_1790609713,DQN_UNIFORM,2,1108,56550,3.90,0,0.0100,0.01207,71.8
DQN_UNIFORM_seed_2_1790609713,DQN_UNIFORM,2,1109,56603,4.20,0,0.0100,0.01272,71.9
DQN_UNIFORM_seed_2_1790609713,DQN_UNIFORM,2,1110,56653,3.90,0,0.0100,0.01855,71.9
DQN_UNIFORM_seed_2_1790609713,DQN_UNIFORM,2,1111,56723,6.80,1,0.0100,0.01230,72.0
DQN_UNIFORM_seed_2_1790609713,DQN_UNIFORM,2,1112,56791,6.60,1,0.0100,0.01266,72.1
DQN_UNIFORM_seed_2_1790609713,DQN_UNIFORM,2,1113,56847,4.50,0,0.0100,0.01605,72.2
DQN_UNIFORM_seed_2_1790609713,DQN_UNIFORM,2,1114,56932,8.30,1,0.0100,0.01355,72.3
DQN_UNIFORM_seed_2_1790609713,DQN_UNIFORM,2,1115,56985,4.20,0,0.0100,0.01162,72.4
DQN_UNIFORM_seed_2_1790609713,DQN_UNIFORM,2,1116,57035,3.90,0,0.0100,0.01930,72.4
DQN_UNIFORM_seed_2_1790609713,DQN_UNIFORM,2,1117,57103,6.60,1,0.0100,0.01759,72.5
DQN_UNIFORM_seed_2_1790609713,DQN_UNIFORM,2,1118,57153,3.90,0,0.0100,0.01496,72.6
DQN_UNIFORM_seed_2_1790609713,DQN_UNIFORM,2,1119,57203,3.90,0,0.0100,0.01637,72.6
DQN_UNIFORM_seed_2_1790609713,DQN_UNIFORM,2,1120,57272,6.70,1,0.0100,0.01637,72.7
DQN_UNIFORM_seed_2_1790609713,DQN_UNIFORM,2,1121,57322,3.90,0,0.0100,0.01321,72.8
DQN_UNIFORM_seed_2_1790609713,DQN_UNIFORM,2,1122,57372,3.90,0,0.0100,0.01246,72.9
DQN_UNIFORM_seed_2_1790609713,DQN_UNIFORM,2,1123,57424,4.10,0,0.0100,0.01677,72.9
DQN_UNIFORM_seed_2_1790609713,DQN_UNIFORM,2,1124,57474,3.90,0,0.0100,0.01724,73.0
DQN_UNIFORM_seed_2_1790609713,DQN_UNIFORM,2,1125,57524,3.90,0,0.0100,0.01260,73.1
DQN_UNIFORM_seed_2_1790609713,DQN_UNIFORM,2,1126,57592,6.60,1,0.0100,0.01422,73.2
DQN_UNIFORM_seed_2_1790609713,DQN_UNIFORM,2,1127,57661,6.70,1,0.0100,0.01422,73.3
DQN_UNIFORM_seed_2_1790609713,DQN_UNIFORM,2,1128,57726,6.30,1,0.0100,0.01425,73.3
DQN_UNIFORM_seed_2_1790609713,DQN_UNIFORM,2,1129,57776,3.90,0,0.0100,0.01171,73.4
DQN_UNIFORM_seed_2_1790609713,DQN_UNIFORM,2,1130,57826,3.90,0,0.0100,0.01217,73.5
DQN_UNIFORM_seed_2_1790609713,DQN_UNIFORM,2,1131,57876,3.90,0,0.0100,0.01255,73.5
DQN_UNIFORM_seed_2_1790609713,DQN_UNIFORM,2,1132,57941,6.30,1,0.0100,0.01363,73.6
DQN_UNIFORM_seed_2_1790609713,DQN_UNIFORM,2,1133,58010,6.70,1,0.0100,0.01713,73.7
DQN_UNIFORM_seed_2_1790609713,DQN_UNIFORM,2,1134,58076,6.40,1,0.0100,0.02148,73.8
DQN_UNIFORM_seed_2_1790609713,DQN_UNIFORM,2,1135,58142,6.40,1,0.0100,0.01716,73.9
DQN_UNIFORM_seed_2_1790609713,DQN_UNIFORM,2,1136,58196,4.30,0,0.0100,0.01416,74.0
DQN_UNIFORM_seed_2_1790609713,DQN_UNIFORM,2,1137,58246,3.90,0,0.0100,0.01561,74.0
DQN_UNIFORM_seed_2_1790609713,DQN_UNIFORM,2,1138,58297,4.00,0,0.0100,0.01870,74.1
DQN_UNIFORM_seed_2_1790609713,DQN_UNIFORM,2,1139,58366,6.70,1,0.0100,0.01435,74.2
DQN_UNIFORM_seed_2_1790609713,DQN_UNIFORM,2,1140,58435,6.70,1,0.0100,0.01359,74.3
DQN_UNIFORM_seed_2_1790609713,DQN_UNIFORM,2,1141,58485,3.90,0,0.0100,0.01325,74.3
DQN_UNIFORM_seed_2_1790609713,DQN_UNIFORM,2,1142,58535,3.90,0,0.0100,0.01080,74.4
DQN_UNIFORM_seed_2_1790609713,DQN_UNIFORM,2,1143,58589,4.30,0,0.0100,0.01618,74.5
DQN_UNIFORM_seed_2_1790609713,DQN_UNIFORM,2,1144,58653,6.20,1,0.0100,0.01812,74.6
DQN_UNIFORM_seed_2_1790609713,DQN_UNIFORM,2,1145,58718,6.30,1,0.0100,0.01358,74.7
DQN_UNIFORM_seed_2_1790609713,DQN_UNIFORM,2,1146,58768,3.90,0,0.0100,0.01129,74.7
DQN_UNIFORM_seed_2_1790609713,DQN_UNIFORM,2,1147,58818,3.90,0,0.0100,0.01168,74.8
DQN_UNIFORM_seed_2_1790609713,DQN_UNIFORM,2,1148,58868,3.90,0,0.0100,0.01108,74.9
DQN_UNIFORM_seed_2_1790609713,DQN_UNIFORM,2,1149,58918,3.90,0,0.0100,0.01734,74.9
DQN_UNIFORM_seed_2_1790609713,DQN_UNIFORM,2,1150,58968,3.90,0,0.0100,0.01350,75.0
DQN_UNIFORM_seed_2_1790609713,DQN_UNIFORM,2,1151,59018,3.90,0,0.0100,0.01544,75.1
DQN_UNIFORM_seed_2_1790609713,DQN_UNIFORM,2,1152,59070,4.10,0,0.0100,0.01036,75.1
DQN_UNIFORM_seed_2_1790609713,DQN_UNIFORM,2,1153,59134,6.20,1,0.0100,0.01239,75.2
DQN_UNIFORM_seed_2_1790609713,DQN_UNIFORM,2,1154,59184,3.90,0,0.0100,0.01411,75.3
DQN_UNIFORM_seed_2_1790609713,DQN_UNIFORM,2,1155,59253,6.70,1,0.0100,0.01641,75.4
DQN_UNIFORM_seed_2_1790609713,DQN_UNIFORM,2,1156,59318,6.30,1,0.0100,0.01385,75.5
DQN_UNIFORM_seed_2_1790609713,DQN_UNIFORM,2,1157,59383,6.30,1,0.0100,0.01419,75.6
DQN_UNIFORM_seed_2_1790609713,DQN_UNIFORM,2,1158,59449,6.40,1,0.0100,0.01354,75.6
DQN_UNIFORM_seed_2_1790609713,DQN_UNIFORM,2,1159,59502,4.20,0,0.0100,0.01207,75.7
DQN_UNIFORM_seed_2_1790609713,DQN_UNIFORM,2,1160,59588,8.40,1,0.0100,0.01250,75.8
DQN_UNIFORM_seed_2_1790609713,DQN_UNIFORM,2,1161,59655,6.50,1,0.0100,0.01533,75.9
DQN_UNIFORM_seed_2_1790609713,DQN_UNIFORM,2,1162,59741,8.40,1,0.0100,0.01315,76.0
DQN_UNIFORM_seed_2_1790609713,DQN_UNIFORM,2,1163,59827,8.40,1,0.0100,0.01182,76.2
DQN_UNIFORM_seed_2_1790609713,DQN_UNIFORM,2,1164,59878,4.00,0,0.0100,0.01224,76.2
DQN_UNIFORM_seed_2_1790609713,DQN_UNIFORM,2,1165,59929,4.00,0,0.0100,0.01172,76.3
DQN_UNIFORM_seed_2_1790609713,DQN_UNIFORM,2,1166,59993,6.20,1,0.0100,0.01460,76.4
DQN_UNIFORM_seed_2_1790609713,DQN_UNIFORM,2,1167,60048,4.40,0,0.0100,0.02231,76.6
DQN_UNIFORM_seed_2_1790609713,DQN_UNIFORM,2,1168,60098,3.90,0,0.0100,0.01877,76.6
DQN_UNIFORM_seed_2_1790609713,DQN_UNIFORM,2,1169,60150,4.10,0,0.0100,0.01649,76.7
DQN_UNIFORM_seed_2_1790609713,DQN_UNIFORM,2,1170,60217,6.50,1,0.0100,0.01760,76.8
DQN_UNIFORM_seed_2_1790609713,DQN_UNIFORM,2,1171,60270,4.20,0,0.0100,0.01545,76.9
DQN_UNIFORM_seed_2_1790609713,DQN_UNIFORM,2,1172,60325,4.40,0,0.0100,0.01502,76.9
DQN_UNIFORM_seed_2_1790609713,DQN_UNIFORM,2,1173,60378,4.20,0,0.0100,0.01281,77.0
DQN_UNIFORM_seed_2_1790609713,DQN_UNIFORM,2,1174,60429,4.00,0,0.0100,0.01673,77.1
DQN_UNIFORM_seed_2_1790609713,DQN_UNIFORM,2,1175,60493,6.20,1,0.0100,0.01921,77.2
DQN_UNIFORM_seed_2_1790609713,DQN_UNIFORM,2,1176,60547,4.30,0,0.0100,0.01312,77.2
DQN_UNIFORM_seed_2_1790609713,DQN_UNIFORM,2,1177,60712,18.10,3,0.0100,0.01898,77.4
DQN_UNIFORM_seed_2_1790609713,DQN_UNIFORM,2,1178,60762,3.90,0,0.0100,0.01417,77.5
DQN_UNIFORM_seed_2_1790609713,DQN_UNIFORM,2,1179,60812,3.90,0,0.0100,0.01443,77.6
DQN_UNIFORM_seed_2_1790609713,DQN_UNIFORM,2,1180,61054,27.60,5,0.0100,0.01454,77.9
DQN_UNIFORM_seed_2_1790609713,DQN_UNIFORM,2,1181,61176,12.90,2,0.0100,0.01579,78.1
DQN_UNIFORM_seed_2_1790609713,DQN_UNIFORM,2,1182,61226,3.90,0,0.0100,0.01692,78.1
DQN_UNIFORM_seed_2_1790609713,DQN_UNIFORM,2,1183,61276,3.90,0,0.0100,0.01675,78.2
DQN_UNIFORM_seed_2_1790609713,DQN_UNIFORM,2,1184,61333,4.60,0,0.0100,0.01453,78.3
DQN_UNIFORM_seed_2_1790609713,DQN_UNIFORM,2,1185,61399,6.40,1,0.0100,0.01464,78.4
DQN_UNIFORM_seed_2_1790609713,DQN_UNIFORM,2,1186,61449,3.90,0,0.0100,0.01612,78.4
DQN_UNIFORM_seed_2_1790609713,DQN_UNIFORM,2,1187,61499,3.90,0,0.0100,0.01921,78.5
DQN_UNIFORM_seed_2_1790609713,DQN_UNIFORM,2,1188,61585,8.40,1,0.0100,0.02190,78.6
DQN_UNIFORM_seed_2_1790609713,DQN_UNIFORM,2,1189,61671,8.40,1,0.0100,0.01678,78.7
DQN_UNIFORM_seed_2_1790609713,DQN_UNIFORM,2,1190,61757,8.40,1,0.0100,0.01354,78.9
DQN_UNIFORM_seed_2_1790609713,DQN_UNIFORM,2,1191,61861,11.10,2,0.0100,0.01845,79.0
DQN_UNIFORM_seed_2_1790609713,DQN_UNIFORM,2,1192,61947,8.40,1,0.0100,0.01609,79.1
DQN_UNIFORM_seed_2_1790609713,DQN_UNIFORM,2,1193,61997,3.90,0,0.0100,0.01378,79.2
DQN_UNIFORM_seed_2_1790609713,DQN_UNIFORM,2,1194,62047,3.90,0,0.0100,0.01428,79.2
DQN_UNIFORM_seed_2_1790609713,DQN_UNIFORM,2,1195,62110,6.10,1,0.0100,0.02019,79.3
DQN_UNIFORM_seed_2_1790609713,DQN_UNIFORM,2,1196,62196,8.40,1,0.0100,0.01727,79.4
DQN_UNIFORM_seed_2_1790609713,DQN_UNIFORM,2,1197,62246,3.90,0,0.0100,0.02112,79.5
DQN_UNIFORM_seed_2_1790609713,DQN_UNIFORM,2,1198,62332,8.40,1,0.0100,0.02667,79.6
DQN_UNIFORM_seed_2_1790609713,DQN_UNIFORM,2,1199,62399,6.50,1,0.0100,0.01942,79.7
DQN_UNIFORM_seed_2_1790609713,DQN_UNIFORM,2,1200,62453,4.30,0,0.0100,0.01271,79.8
DQN_UNIFORM_seed_2_1790609713,DQN_UNIFORM,2,1201,62539,8.40,1,0.0100,0.01761,79.9
DQN_UNIFORM_seed_2_1790609713,DQN_UNIFORM,2,1202,62589,3.90,0,0.0100,0.01599,80.0
DQN_UNIFORM_seed_2_1790609713,DQN_UNIFORM,2,1203,62639,3.90,0,0.0100,0.01751,80.0
DQN_UNIFORM_seed_2_1790609713,DQN_UNIFORM,2,1204,62689,3.90,0,0.0100,0.02571,80.1
DQN_UNIFORM_seed_2_1790609713,DQN_UNIFORM,2,1205,62739,3.90,0,0.0100,0.02689,80.2
DQN_UNIFORM_seed_2_1790609713,DQN_UNIFORM,2,1206,62789,3.90,0,0.0100,0.02609,80.3
DQN_UNIFORM_seed_2_1790609713,DQN_UNIFORM,2,1207,62875,8.40,1,0.0100,0.01844,80.4
DQN_UNIFORM_seed_2_1790609713,DQN_UNIFORM,2,1208,62925,3.90,0,0.0100,0.01721,80.4
DQN_UNIFORM_seed_2_1790609713,DQN_UNIFORM,2,1209,62975,3.90,0,0.0100,0.01910,80.5
DQN_UNIFORM_seed_2_1790609713,DQN_UNIFORM,2,1210,63025,3.90,0,0.0100,0.01580,80.6
DQN_UNIFORM_seed_2_1790609713,DQN_UNIFORM,2,1211,63095,6.80,1,0.0100,0.02598,80.7
DQN_UNIFORM_seed_2_1790609713,DQN_UNIFORM,2,1212,63182,8.50,1,0.0100,0.01823,80.8
DQN_UNIFORM_seed_2_1790609713,DQN_UNIFORM,2,1213,63232,3.90,0,0.0100,0.01795,80.9
DQN_UNIFORM_seed_2_1790609713,DQN_UNIFORM,2,1214,63299,6.50,1,0.0100,0.02690,80.9
DQN_UNIFORM_seed_2_1790609713,DQN_UNIFORM,2,1215,63424,13.20,2,0.0100,0.01876,81.1
DQN_UNIFORM_seed_2_1790609713,DQN_UNIFORM,2,1216,63494,6.80,1,0.0100,0.02396,81.2
DQN_UNIFORM_seed_2_1790609713,DQN_UNIFORM,2,1217,63560,6.40,1,0.0100,0.01687,81.3
DQN_UNIFORM_seed_2_1790609713,DQN_UNIFORM,2,1218,63646,8.40,1,0.0100,0.02037,81.4
DQN_UNIFORM_seed_2_1790609713,DQN_UNIFORM,2,1219,63698,4.10,0,0.0100,0.02921,81.5
DQN_UNIFORM_seed_2_1790609713,DQN_UNIFORM,2,1220,63784,8.40,1,0.0100,0.02037,81.6
DQN_UNIFORM_seed_2_1790609713,DQN_UNIFORM,2,1221,63870,8.40,1,0.0100,0.01449,81.7
DQN_UNIFORM_seed_2_1790609713,DQN_UNIFORM,2,1222,63932,6.00,1,0.0100,0.01777,81.8
DQN_UNIFORM_seed_2_1790609713,DQN_UNIFORM,2,1223,64018,8.40,1,0.0100,0.01958,81.9
DQN_UNIFORM_seed_2_1790609713,DQN_UNIFORM,2,1224,64083,6.30,1,0.0100,0.02594,82.0
DQN_UNIFORM_seed_2_1790609713,DQN_UNIFORM,2,1225,64133,3.90,0,0.0100,0.02021,82.1
DQN_UNIFORM_seed_2_1790609713,DQN_UNIFORM,2,1226,64219,8.40,1,0.0100,0.01768,82.2
DQN_UNIFORM_seed_2_1790609713,DQN_UNIFORM,2,1227,64269,3.90,0,0.0100,0.01430,82.3
DQN_UNIFORM_seed_2_1790609713,DQN_UNIFORM,2,1228,64355,8.40,1,0.0100,0.02748,82.4
DQN_UNIFORM_seed_2_1790609713,DQN_UNIFORM,2,1229,64405,3.90,0,0.0100,0.02155,82.4
DQN_UNIFORM_seed_2_1790609713,DQN_UNIFORM,2,1230,64491,8.40,1,0.0100,0.03185,82.6
DQN_UNIFORM_seed_2_1790609713,DQN_UNIFORM,2,1231,64542,4.00,0,0.0100,0.02683,82.6
DQN_UNIFORM_seed_2_1790609713,DQN_UNIFORM,2,1232,64599,4.60,0,0.0100,0.02282,82.7
DQN_UNIFORM_seed_2_1790609713,DQN_UNIFORM,2,1233,64649,3.90,0,0.0100,0.01812,82.8
DQN_UNIFORM_seed_2_1790609713,DQN_UNIFORM,2,1234,64710,5.00,1,0.0100,0.03023,82.9
DQN_UNIFORM_seed_2_1790609713,DQN_UNIFORM,2,1235,64761,4.00,0,0.0100,0.01894,82.9
DQN_UNIFORM_seed_2_1790609713,DQN_UNIFORM,2,1236,64824,6.10,1,0.0100,0.01767,83.0
DQN_UNIFORM_seed_2_1790609713,DQN_UNIFORM,2,1237,64912,8.60,1,0.0100,0.02973,83.1
DQN_UNIFORM_seed_2_1790609713,DQN_UNIFORM,2,1238,64974,6.00,1,0.0100,0.02958,83.2
DQN_UNIFORM_seed_2_1790609713,DQN_UNIFORM,2,1239,65024,3.90,0,0.0100,0.02384,83.4
DQN_UNIFORM_seed_2_1790609713,DQN_UNIFORM,2,1240,65074,3.90,0,0.0100,0.01579,83.5
DQN_UNIFORM_seed_2_1790609713,DQN_UNIFORM,2,1241,65124,3.90,0,0.0100,0.03114,83.6
DQN_UNIFORM_seed_2_1790609713,DQN_UNIFORM,2,1242,65191,6.50,1,0.0100,0.03019,83.6
DQN_UNIFORM_seed_2_1790609713,DQN_UNIFORM,2,1243,65277,8.40,1,0.0100,0.02758,83.8
DQN_UNIFORM_seed_2_1790609713,DQN_UNIFORM,2,1244,65363,8.40,1,0.0100,0.02443,83.9
DQN_UNIFORM_seed_2_1790609713,DQN_UNIFORM,2,1245,65413,3.90,0,0.0100,0.02124,83.9
DQN_UNIFORM_seed_2_1790609713,DQN_UNIFORM,2,1246,65463,3.90,0,0.0100,0.01967,84.0
DQN_UNIFORM_seed_2_1790609713,DQN_UNIFORM,2,1247,65529,6.40,1,0.0100,0.01568,84.1
DQN_UNIFORM_seed_2_1790609713,DQN_UNIFORM,2,1248,65615,8.40,1,0.0100,0.01832,84.2
DQN_UNIFORM_seed_2_1790609713,DQN_UNIFORM,2,1249,65701,8.40,1,0.0100,0.02043,84.3
DQN_UNIFORM_seed_2_1790609713,DQN_UNIFORM,2,1250,65751,3.90,0,0.0100,0.02996,84.4
DQN_UNIFORM_seed_2_1790609713,DQN_UNIFORM,2,1251,65801,3.90,0,0.0100,0.01838,84.5
DQN_UNIFORM_seed_2_1790609713,DQN_UNIFORM,2,1252,65887,8.40,1,0.0100,0.03048,84.6
DQN_UNIFORM_seed_2_1790609713,DQN_UNIFORM,2,1253,65953,6.40,1,0.0100,0.01954,84.7
DQN_UNIFORM_seed_2_1790609713,DQN_UNIFORM,2,1254,66003,3.90,0,0.0100,0.01910,84.7
DQN_UNIFORM_seed_2_1790609713,DQN_UNIFORM,2,1255,66053,3.90,0,0.0100,0.02919,84.8
DQN_UNIFORM_seed_2_1790609713,DQN_UNIFORM,2,1256,66122,6.70,1,0.0100,0.03541,84.9
DQN_UNIFORM_seed_2_1790609713,DQN_UNIFORM,2,1257,66208,8.40,1,0.0100,0.02056,85.0
DQN_UNIFORM_seed_2_1790609713,DQN_UNIFORM,2,1258,66269,5.00,1,0.0100,0.02888,85.1
DQN_UNIFORM_seed_2_1790609713,DQN_UNIFORM,2,1259,66319,3.90,0,0.0100,0.02840,85.2
DQN_UNIFORM_seed_2_1790609713,DQN_UNIFORM,2,1260,66381,6.00,1,0.0100,0.04430,85.3
DQN_UNIFORM_seed_2_1790609713,DQN_UNIFORM,2,1261,66431,3.90,0,0.0100,0.02817,85.3
DQN_UNIFORM_seed_2_1790609713,DQN_UNIFORM,2,1262,66517,8.40,1,0.0100,0.02488,85.4
DQN_UNIFORM_seed_2_1790609713,DQN_UNIFORM,2,1263,66569,4.10,0,0.0100,0.03204,85.5
DQN_UNIFORM_seed_2_1790609713,DQN_UNIFORM,2,1264,66619,3.90,0,0.0100,0.02751,85.6
DQN_UNIFORM_seed_2_1790609713,DQN_UNIFORM,2,1265,66669,3.90,0,0.0100,0.02643,85.7
DQN_UNIFORM_seed_2_1790609713,DQN_UNIFORM,2,1266,66756,8.50,1,0.0100,0.02962,85.8
DQN_UNIFORM_seed_2_1790609713,DQN_UNIFORM,2,1267,66806,3.90,0,0.0100,0.03074,85.8
DQN_UNIFORM_seed_2_1790609713,DQN_UNIFORM,2,1268,66865,4.80,0,0.0100,0.02927,85.9
DQN_UNIFORM_seed_2_1790609713,DQN_UNIFORM,2,1269,66951,8.40,1,0.0100,0.02320,86.0
DQN_UNIFORM_seed_2_1790609713,DQN_UNIFORM,2,1270,67037,8.40,1,0.0100,0.03033,86.2
DQN_UNIFORM_seed_2_1790609713,DQN_UNIFORM,2,1271,67087,3.90,0,0.0100,0.02739,86.2
DQN_UNIFORM_seed_2_1790609713,DQN_UNIFORM,2,1272,67137,3.90,0,0.0100,0.02179,86.3
DQN_UNIFORM_seed_2_1790609713,DQN_UNIFORM,2,1273,67223,8.40,1,0.0100,0.03013,86.4
DQN_UNIFORM_seed_2_1790609713,DQN_UNIFORM,2,1274,67273,3.90,0,0.0100,0.02685,86.5
DQN_UNIFORM_seed_2_1790609713,DQN_UNIFORM,2,1275,67363,8.80,1,0.0100,0.02885,86.6
DQN_UNIFORM_seed_2_1790609713,DQN_UNIFORM,2,1276,67413,3.90,0,0.0100,0.01847,86.7
DQN_UNIFORM_seed_2_1790609713,DQN_UNIFORM,2,1277,67463,3.90,0,0.0100,0.02741,86.7
DQN_UNIFORM_seed_2_1790609713,DQN_UNIFORM,2,1278,67549,8.40,1,0.0100,0.02870,86.9
DQN_UNIFORM_seed_2_1790609713,DQN_UNIFORM,2,1279,67599,3.90,0,0.0100,0.02102,86.9
DQN_UNIFORM_seed_2_1790609713,DQN_UNIFORM,2,1280,67668,6.70,1,0.0100,0.02546,87.0
DQN_UNIFORM_seed_2_1790609713,DQN_UNIFORM,2,1281,67718,3.90,0,0.0100,0.03451,87.1
DQN_UNIFORM_seed_2_1790609713,DQN_UNIFORM,2,1282,67766,3.70,0,0.0100,0.02858,87.2
DQN_UNIFORM_seed_2_1790609713,DQN_UNIFORM,2,1283,67852,8.40,1,0.0100,0.02475,87.3
DQN_UNIFORM_seed_2_1790609713,DQN_UNIFORM,2,1284,67938,8.40,1,0.0100,0.02267,87.4
DQN_UNIFORM_seed_2_1790609713,DQN_UNIFORM,2,1285,67985,3.60,0,0.0100,0.03236,87.4
DQN_UNIFORM_seed_2_1790609713,DQN_UNIFORM,2,1286,68037,4.10,0,0.0100,0.03361,87.5
DQN_UNIFORM_seed_2_1790609713,DQN_UNIFORM,2,1287,68087,3.90,0,0.0100,0.03275,87.6
DQN_UNIFORM_seed_2_1790609713,DQN_UNIFORM,2,1288,68137,3.90,0,0.0100,0.02686,87.7
DQN_UNIFORM_seed_2_1790609713,DQN_UNIFORM,2,1289,68187,3.90,0,0.0100,0.02026,87.7
DQN_UNIFORM_seed_2_1790609713,DQN_UNIFORM,2,1290,68309,12.90,2,0.0100,0.02581,87.9
DQN_UNIFORM_seed_2_1790609713,DQN_UNIFORM,2,1291,68395,8.40,1,0.0100,0.02608,88.0
DQN_UNIFORM_seed_2_1790609713,DQN_UNIFORM,2,1292,68481,8.40,1,0.0100,0.02643,88.1
DQN_UNIFORM_seed_2_1790609713,DQN_UNIFORM,2,1293,68523,3.10,0,0.0100,0.03581,88.2
DQN_UNIFORM_seed_2_1790609713,DQN_UNIFORM,2,1294,68593,6.80,1,0.0100,0.03637,88.3
DQN_UNIFORM_seed_2_1790609713,DQN_UNIFORM,2,1295,68659,6.40,1,0.0100,0.02729,88.4
DQN_UNIFORM_seed_2_1790609713,DQN_UNIFORM,2,1296,68727,6.60,1,0.0100,0.02980,88.5
DQN_UNIFORM_seed_2_1790609713,DQN_UNIFORM,2,1297,68794,6.50,1,0.0100,0.02727,88.6
DQN_UNIFORM_seed_2_1790609713,DQN_UNIFORM,2,1298,68880,8.40,1,0.0100,0.01717,88.7
DQN_UNIFORM_seed_2_1790609713,DQN_UNIFORM,2,1299,68930,3.90,0,0.0100,0.02132,88.7
DQN_UNIFORM_seed_2_1790609713,DQN_UNIFORM,2,1300,69016,8.40,1,0.0100,0.02727,88.9
DQN_UNIFORM_seed_2_1790609713,DQN_UNIFORM,2,1301,69102,8.40,1,0.0100,0.03052,89.0
DQN_UNIFORM_seed_2_1790609713,DQN_UNIFORM,2,1302,69152,3.90,0,0.0100,0.03126,89.0
DQN_UNIFORM_seed_2_1790609713,DQN_UNIFORM,2,1303,69214,6.00,1,0.0100,0.03230,89.1
DQN_UNIFORM_seed_2_1790609713,DQN_UNIFORM,2,1304,69264,3.90,0,0.0100,0.02850,89.2
DQN_UNIFORM_seed_2_1790609713,DQN_UNIFORM,2,1305,69350,8.40,1,0.0100,0.02977,89.3
DQN_UNIFORM_seed_2_1790609713,DQN_UNIFORM,2,1306,69400,3.90,0,0.0100,0.03304,89.4
DQN_UNIFORM_seed_2_1790609713,DQN_UNIFORM,2,1307,69461,5.00,1,0.0100,0.03508,89.5
DQN_UNIFORM_seed_2_1790609713,DQN_UNIFORM,2,1308,69547,8.40,1,0.0100,0.02865,89.6
DQN_UNIFORM_seed_2_1790609713,DQN_UNIFORM,2,1309,69597,3.90,0,0.0100,0.02473,89.7
DQN_UNIFORM_seed_2_1790609713,DQN_UNIFORM,2,1310,69647,3.90,0,0.0100,0.02628,89.7
DQN_UNIFORM_seed_2_1790609713,DQN_UNIFORM,2,1311,69697,3.90,0,0.0100,0.02509,89.8
DQN_UNIFORM_seed_2_1790609713,DQN_UNIFORM,2,1312,69747,3.90,0,0.0100,0.03055,89.9
DQN_UNIFORM_seed_2_1790609713,DQN_UNIFORM,2,1313,69797,3.90,0,0.0100,0.03425,89.9
DQN_UNIFORM_seed_2_1790609713,DQN_UNIFORM,2,1314,69847,3.90,0,0.0100,0.03113,90.0
DQN_UNIFORM_seed_2_1790609713,DQN_UNIFORM,2,1315,69916,6.70,1,0.0100,0.02613,90.1
DQN_UNIFORM_seed_2_1790609713,DQN_UNIFORM,2,1316,70002,8.40,1,0.0100,0.03141,90.3
DQN_UNIFORM_seed_2_1790609713,DQN_UNIFORM,2,1317,70052,3.90,0,0.0100,0.02638,90.4
DQN_UNIFORM_seed_2_1790609713,DQN_UNIFORM,2,1318,70102,3.90,0,0.0100,0.01739,90.5
DQN_UNIFORM_seed_2_1790609713,DQN_UNIFORM,2,1319,70157,4.40,0,0.0100,0.03147,90.5
DQN_UNIFORM_seed_2_1790609713,DQN_UNIFORM,2,1320,70210,4.20,0,0.0100,0.04287,90.6
DQN_UNIFORM_seed_2_1790609713,DQN_UNIFORM,2,1321,70296,8.40,1,0.0100,0.02887,90.7
DQN_UNIFORM_seed_2_1790609713,DQN_UNIFORM,2,1322,70346,3.90,0,0.0100,0.02697,90.8
DQN_UNIFORM_seed_2_1790609713,DQN_UNIFORM,2,1323,70409,6.10,1,0.0100,0.04215,90.9
DQN_UNIFORM_seed_2_1790609713,DQN_UNIFORM,2,1324,70477,6.60,1,0.0100,0.02654,91.0
DQN_UNIFORM_seed_2_1790609713,DQN_UNIFORM,2,1325,70541,6.20,1,0.0100,0.03055,91.1
DQN_UNIFORM_seed_2_1790609713,DQN_UNIFORM,2,1326,70591,3.90,0,0.0100,0.02827,91.1
DQN_UNIFORM_seed_2_1790609713,DQN_UNIFORM,2,1327,70641,3.90,0,0.0100,0.02931,91.2
DQN_UNIFORM_seed_2_1790609713,DQN_UNIFORM,2,1328,70685,3.30,0,0.0100,0.02985,91.3
DQN_UNIFORM_seed_2_1790609713,DQN_UNIFORM,2,1329,70771,8.40,1,0.0100,0.02761,91.4
DQN_UNIFORM_seed_2_1790609713,DQN_UNIFORM,2,1330,70821,3.90,0,0.0100,0.03492,91.5
DQN_UNIFORM_seed_2_1790609713,DQN_UNIFORM,2,1331,70871,3.90,0,0.0100,0.02661,91.5
DQN_UNIFORM_seed_2_1790609713,DQN_UNIFORM,2,1332,70940,6.70,1,0.0100,0.03219,91.6
DQN_UNIFORM_seed_2_1790609713,DQN_UNIFORM,2,1333,71026,8.40,1,0.0100,0.02792,91.7
DQN_UNIFORM_seed_2_1790609713,DQN_UNIFORM,2,1334,71090,6.20,1,0.0100,0.03760,91.8
DQN_UNIFORM_seed_2_1790609713,DQN_UNIFORM,2,1335,71140,3.90,0,0.0100,0.02791,91.9
DQN_UNIFORM_seed_2_1790609713,DQN_UNIFORM,2,1336,71190,3.90,0,0.0100,0.03582,92.0
DQN_UNIFORM_seed_2_1790609713,DQN_UNIFORM,2,1337,71257,6.50,1,0.0100,0.03109,92.1
DQN_UNIFORM_seed_2_1790609713,DQN_UNIFORM,2,1338,71307,3.90,0,0.0100,0.03428,92.1
DQN_UNIFORM_seed_2_1790609713,DQN_UNIFORM,2,1339,71367,4.90,0,0.0100,0.03080,92.2
DQN_UNIFORM_seed_2_1790609713,DQN_UNIFORM,2,1340,71453,8.40,1,0.0100,0.03255,92.3
DQN_UNIFORM_seed_2_1790609713,DQN_UNIFORM,2,1341,71503,3.90,0,0.0100,0.03138,92.4
DQN_UNIFORM_seed_2_1790609713,DQN_UNIFORM,2,1342,71572,6.70,1,0.0100,0.02699,92.5
DQN_UNIFORM_seed_2_1790609713,DQN_UNIFORM,2,1343,71622,3.90,0,0.0100,0.03459,92.6
DQN_UNIFORM_seed_2_1790609713,DQN_UNIFORM,2,1344,71708,8.40,1,0.0100,0.02902,92.7
DQN_UNIFORM_seed_2_1790609713,DQN_UNIFORM,2,1345,71758,3.90,0,0.0100,0.02060,92.8
DQN_UNIFORM_seed_2_1790609713,DQN_UNIFORM,2,1346,71828,6.80,1,0.0100,0.03661,92.9
DQN_UNIFORM_seed_2_1790609713,DQN_UNIFORM,2,1347,71878,3.90,0,0.0100,0.03108,92.9
DQN_UNIFORM_seed_2_1790609713,DQN_UNIFORM,2,1348,71964,8.40,1,0.0100,0.03284,93.1
DQN_UNIFORM_seed_2_1790609713,DQN_UNIFORM,2,1349,72014,3.90,0,0.0100,0.02375,93.1
DQN_UNIFORM_seed_2_1790609713,DQN_UNIFORM,2,1350,72083,6.70,1,0.0100,0.02388,93.2
DQN_UNIFORM_seed_2_1790609713,DQN_UNIFORM,2,1351,72141,4.70,0,0.0100,0.03062,93.3
DQN_UNIFORM_seed_2_1790609713,DQN_UNIFORM,2,1352,72193,4.10,0,0.0100,0.02818,93.4
DQN_UNIFORM_seed_2_1790609713,DQN_UNIFORM,2,1353,72246,4.20,0,0.0100,0.03680,93.5
DQN_UNIFORM_seed_2_1790609713,DQN_UNIFORM,2,1354,72301,4.40,0,0.0100,0.03711,93.5
DQN_UNIFORM_seed_2_1790609713,DQN_UNIFORM,2,1355,72351,3.90,0,0.0100,0.02907,93.6
DQN_UNIFORM_seed_2_1790609713,DQN_UNIFORM,2,1356,72401,3.90,0,0.0100,0.03273,93.7
DQN_UNIFORM_seed_2_1790609713,DQN_UNIFORM,2,1357,72451,3.90,0,0.0100,0.02870,93.7
DQN_UNIFORM_seed_2_1790609713,DQN_UNIFORM,2,1358,72501,3.90,0,0.0100,0.03905,93.8
DQN_UNIFORM_seed_2_1790609713,DQN_UNIFORM,2,1359,72551,3.90,0,0.0100,0.03318,93.9
DQN_UNIFORM_seed_2_1790609713,DQN_UNIFORM,2,1360,72618,6.50,1,0.0100,0.02350,94.0
DQN_UNIFORM_seed_2_1790609713,DQN_UNIFORM,2,1361,72668,3.90,0,0.0100,0.03847,94.0
DQN_UNIFORM_seed_2_1790609713,DQN_UNIFORM,2,1362,72718,3.90,0,0.0100,0.02776,94.1
DQN_UNIFORM_seed_2_1790609713,DQN_UNIFORM,2,1363,72768,3.90,0,0.0100,0.03477,94.2
DQN_UNIFORM_seed_2_1790609713,DQN_UNIFORM,2,1364,72818,3.90,0,0.0100,0.03768,94.3
DQN_UNIFORM_seed_2_1790609713,DQN_UNIFORM,2,1365,72904,8.40,1,0.0100,0.03083,94.4
DQN_UNIFORM_seed_2_1790609713,DQN_UNIFORM,2,1366,72954,3.90,0,0.0100,0.02942,94.4
DQN_UNIFORM_seed_2_1790609713,DQN_UNIFORM,2,1367,73004,3.90,0,0.0100,0.02661,94.5
DQN_UNIFORM_seed_2_1790609713,DQN_UNIFORM,2,1368,73056,4.10,0,0.0100,0.03550,94.6
DQN_UNIFORM_seed_2_1790609713,DQN_UNIFORM,2,1369,73106,3.90,0,0.0100,0.03182,94.7
DQN_UNIFORM_seed_2_1790609713,DQN_UNIFORM,2,1370,73159,4.20,0,0.0100,0.03794,94.7
DQN_UNIFORM_seed_2_1790609713,DQN_UNIFORM,2,1371,73209,3.90,0,0.0100,0.03064,94.8
DQN_UNIFORM_seed_2_1790609713,DQN_UNIFORM,2,1372,73260,4.00,0,0.0100,0.02218,94.9
DQN_UNIFORM_seed_2_1790609713,DQN_UNIFORM,2,1373,73311,4.00,0,0.0100,0.02659,94.9
DQN_UNIFORM_seed_2_1790609713,DQN_UNIFORM,2,1374,73362,4.00,0,0.0100,0.03084,95.0
DQN_UNIFORM_seed_2_1790609713,DQN_UNIFORM,2,1375,73448,8.40,1,0.0100,0.03646,95.1
DQN_UNIFORM_seed_2_1790609713,DQN_UNIFORM,2,1376,73498,3.90,0,0.0100,0.02767,95.2
DQN_UNIFORM_seed_2_1790609713,DQN_UNIFORM,2,1377,73549,4.00,0,0.0100,0.03660,95.3
DQN_UNIFORM_seed_2_1790609713,DQN_UNIFORM,2,1378,73603,4.30,0,0.0100,0.03397,95.4
DQN_UNIFORM_seed_2_1790609713,DQN_UNIFORM,2,1379,73656,4.20,0,0.0100,0.02539,95.4
DQN_UNIFORM_seed_2_1790609713,DQN_UNIFORM,2,1380,73710,4.30,0,0.0100,0.03921,95.5
DQN_UNIFORM_seed_2_1790609713,DQN_UNIFORM,2,1381,73770,4.90,0,0.0100,0.03795,95.6
DQN_UNIFORM_seed_2_1790609713,DQN_UNIFORM,2,1382,73820,3.90,0,0.0100,0.04058,95.7
DQN_UNIFORM_seed_2_1790609713,DQN_UNIFORM,2,1383,73870,1.50,0,0.0100,0.03734,95.7
DQN_UNIFORM_seed_2_1790609713,DQN_UNIFORM,2,1384,73920,3.90,0,0.0100,0.02135,95.8
DQN_UNIFORM_seed_2_1790609713,DQN_UNIFORM,2,1385,74026,11.30,2,0.0100,0.03402,96.0
DQN_UNIFORM_seed_2_1790609713,DQN_UNIFORM,2,1386,74077,4.00,0,0.0100,0.03732,96.0
DQN_UNIFORM_seed_2_1790609713,DQN_UNIFORM,2,1387,74127,3.90,0,0.0100,0.02821,96.1
DQN_UNIFORM_seed_2_1790609713,DQN_UNIFORM,2,1388,74177,3.90,0,0.0100,0.03901,96.2
DQN_UNIFORM_seed_2_1790609713,DQN_UNIFORM,2,1389,74263,8.40,1,0.0100,0.04440,96.3
DQN_UNIFORM_seed_2_1790609713,DQN_UNIFORM,2,1390,74313,3.90,0,0.0100,0.03277,96.4
DQN_UNIFORM_seed_2_1790609713,DQN_UNIFORM,2,1391,74368,4.40,0,0.0100,0.03628,96.4
DQN_UNIFORM_seed_2_1790609713,DQN_UNIFORM,2,1392,74454,8.40,1,0.0100,0.02924,96.6
DQN_UNIFORM_seed_2_1790609713,DQN_UNIFORM,2,1393,74548,9.20,1,0.0100,0.03045,96.7
DQN_UNIFORM_seed_2_1790609713,DQN_UNIFORM,2,1394,74602,4.30,0,0.0100,0.02338,96.8
DQN_UNIFORM_seed_2_1790609713,DQN_UNIFORM,2,1395,74655,4.20,0,0.0100,0.03040,96.8
DQN_UNIFORM_seed_2_1790609713,DQN_UNIFORM,2,1396,74705,3.90,0,0.0100,0.02908,96.9
DQN_UNIFORM_seed_2_1790609713,DQN_UNIFORM,2,1397,74755,3.90,0,0.0100,0.02949,97.0
DQN_UNIFORM_seed_2_1790609713,DQN_UNIFORM,2,1398,74805,3.90,0,0.0100,0.03559,97.1
DQN_UNIFORM_seed_2_1790609713,DQN_UNIFORM,2,1399,74858,4.20,0,0.0100,0.03799,97.1
DQN_UNIFORM_seed_2_1790609713,DQN_UNIFORM,2,1400,74911,4.20,0,0.0100,0.02834,97.2
DQN_UNIFORM_seed_2_1790609713,DQN_UNIFORM,2,1401,74963,4.10,0,0.0100,0.03558,97.3
DQN_UNIFORM_seed_2_1790609713,DQN_UNIFORM,2,1402,75019,4.50,0,0.0100,0.03988,97.5
DQN_UNIFORM_seed_2_1790609713,DQN_UNIFORM,2,1403,75083,6.20,1,0.0100,0.03654,97.6
DQN_UNIFORM_seed_2_1790609713,DQN_UNIFORM,2,1404,75136,4.20,0,0.0100,0.02811,97.6
DQN_UNIFORM_seed_2_1790609713,DQN_UNIFORM,2,1405,75186,3.90,0,0.0100,0.02465,97.7
DQN_UNIFORM_seed_2_1790609713,DQN_UNIFORM,2,1406,75240,4.30,0,0.0100,0.03276,97.8
DQN_UNIFORM_seed_2_1790609713,DQN_UNIFORM,2,1407,75326,8.40,1,0.0100,0.02806,97.9
DQN_UNIFORM_seed_2_1790609713,DQN_UNIFORM,2,1408,75376,-2.10,0,0.0100,0.03184,98.0
DQN_UNIFORM_seed_2_1790609713,DQN_UNIFORM,2,1409,75426,3.90,0,0.0100,0.03456,98.1
DQN_UNIFORM_seed_2_1790609713,DQN_UNIFORM,2,1410,75477,4.00,0,0.0100,0.02716,98.1
DQN_UNIFORM_seed_2_1790609713,DQN_UNIFORM,2,1411,75563,8.40,1,0.0100,0.02534,98.2
DQN_UNIFORM_seed_2_1790609713,DQN_UNIFORM,2,1412,75613,3.90,0,0.0100,0.03399,98.3
DQN_UNIFORM_seed_2_1790609713,DQN_UNIFORM,2,1413,75669,4.50,0,0.0100,0.03010,98.4
DQN_UNIFORM_seed_2_1790609713,DQN_UNIFORM,2,1414,75723,4.30,0,0.0100,0.02964,98.5
DQN_UNIFORM_seed_2_1790609713,DQN_UNIFORM,2,1415,75809,8.40,1,0.0100,0.03537,98.6
DQN_UNIFORM_seed_2_1790609713,DQN_UNIFORM,2,1416,75859,0.30,0,0.0100,0.03528,98.7
DQN_UNIFORM_seed_2_1790609713,DQN_UNIFORM,2,1417,75909,3.90,0,0.0100,0.02858,98.7
DQN_UNIFORM_seed_2_1790609713,DQN_UNIFORM,2,1418,75969,4.90,0,0.0100,0.03503,98.8
DQN_UNIFORM_seed_2_1790609713,DQN_UNIFORM,2,1419,76022,4.20,0,0.0100,0.03974,98.9
DQN_UNIFORM_seed_2_1790609713,DQN_UNIFORM,2,1420,76075,4.20,0,0.0100,0.04082,99.0
DQN_UNIFORM_seed_2_1790609713,DQN_UNIFORM,2,1421,76127,4.10,0,0.0100,0.02941,99.0
DQN_UNIFORM_seed_2_1790609713,DQN_UNIFORM,2,1422,76177,3.90,0,0.0100,0.03385,99.1
DQN_UNIFORM_seed_2_1790609713,DQN_UNIFORM,2,1423,76229,4.10,0,0.0100,0.03231,99.2
DQN_UNIFORM_seed_2_1790609713,DQN_UNIFORM,2,1424,76281,4.10,0,0.0100,0.03624,99.3
DQN_UNIFORM_seed_2_1790609713,DQN_UNIFORM,2,1425,76338,4.60,0,0.0100,0.04420,99.3
DQN_UNIFORM_seed_2_1790609713,DQN_UNIFORM,2,1426,76424,8.40,1,0.0100,0.03938,99.5
DQN_UNIFORM_seed_2_1790609713,DQN_UNIFORM,2,1427,76474,3.90,0,0.0100,0.04151,99.5
DQN_UNIFORM_seed_2_1790609713,DQN_UNIFORM,2,1428,76524,3.90,0,0.0100,0.03404,99.6
DQN_UNIFORM_seed_2_1790609713,DQN_UNIFORM,2,1429,76579,4.40,0,0.0100,0.04473,99.7
DQN_UNIFORM_seed_2_1790609713,DQN_UNIFORM,2,1430,76632,4.20,0,0.0100,0.04492,99.8
DQN_UNIFORM_seed_2_1790609713,DQN_UNIFORM,2,1431,76718,8.40,1,0.0100,0.02882,99.9
DQN_UNIFORM_seed_2_1790609713,DQN_UNIFORM,2,1432,76804,8.40,1,0.0100,0.04050,100.0
DQN_UNIFORM_seed_2_1790609713,DQN_UNIFORM,2,1433,76861,4.60,0,0.0100,0.03409,100.1
DQN_UNIFORM_seed_2_1790609713,DQN_UNIFORM,2,1434,76913,4.10,0,0.0100,0.02850,100.1
DQN_UNIFORM_seed_2_1790609713,DQN_UNIFORM,2,1435,76963,3.90,0,0.0100,0.03529,100.2
DQN_UNIFORM_seed_2_1790609713,DQN_UNIFORM,2,1436,77013,3.90,0,0.0100,0.03555,100.3
DQN_UNIFORM_seed_2_1790609713,DQN_UNIFORM,2,1437,77068,4.40,0,0.0100,0.04941,100.4
DQN_UNIFORM_seed_2_1790609713,DQN_UNIFORM,2,1438,77119,4.00,0,0.0100,0.03767,100.4
DQN_UNIFORM_seed_2_1790609713,DQN_UNIFORM,2,1439,77187,6.60,1,0.0100,0.04098,100.5
DQN_UNIFORM_seed_2_1790609713,DQN_UNIFORM,2,1440,77237,-3.30,0,0.0100,0.03165,100.6
DQN_UNIFORM_seed_2_1790609713,DQN_UNIFORM,2,1441,77292,4.40,0,0.0100,0.04272,100.7
DQN_UNIFORM_seed_2_1790609713,DQN_UNIFORM,2,1442,77343,4.00,0,0.0100,0.03093,100.8
DQN_UNIFORM_seed_2_1790609713,DQN_UNIFORM,2,1443,77393,3.90,0,0.0100,0.03523,100.8
DQN_UNIFORM_seed_2_1790609713,DQN_UNIFORM,2,1444,77462,6.70,1,0.0100,0.02960,100.9
DQN_UNIFORM_seed_2_1790609713,DQN_UNIFORM,2,1445,77512,3.90,0,0.0100,0.04558,101.0
DQN_UNIFORM_seed_2_1790609713,DQN_UNIFORM,2,1446,77567,4.40,0,0.0100,0.03505,101.1
DQN_UNIFORM_seed_2_1790609713,DQN_UNIFORM,2,1447,77623,4.50,0,0.0100,0.04683,101.2
DQN_UNIFORM_seed_2_1790609713,DQN_UNIFORM,2,1448,77673,3.90,0,0.0100,0.04666,101.2
DQN_UNIFORM_seed_2_1790609713,DQN_UNIFORM,2,1449,77742,6.70,1,0.0100,0.05510,101.3
DQN_UNIFORM_seed_2_1790609713,DQN_UNIFORM,2,1450,77792,3.90,0,0.0100,0.04535,101.4
DQN_UNIFORM_seed_2_1790609713,DQN_UNIFORM,2,1451,77842,3.90,0,0.0100,0.03959,101.5
DQN_UNIFORM_seed_2_1790609713,DQN_UNIFORM,2,1452,77892,-0.90,0,0.0100,0.03355,101.5
DQN_UNIFORM_seed_2_1790609713,DQN_UNIFORM,2,1453,77946,4.30,0,0.0100,0.02479,101.6
DQN_UNIFORM_seed_2_1790609713,DQN_UNIFORM,2,1454,77996,-3.30,0,0.0100,0.03653,101.7
DQN_UNIFORM_seed_2_1790609713,DQN_UNIFORM,2,1455,78046,3.90,0,0.0100,0.03021,101.7
DQN_UNIFORM_seed_2_1790609713,DQN_UNIFORM,2,1456,78132,8.40,1,0.0100,0.04282,101.9
DQN_UNIFORM_seed_2_1790609713,DQN_UNIFORM,2,1457,78182,3.90,0,0.0100,0.05503,101.9
DQN_UNIFORM_seed_2_1790609713,DQN_UNIFORM,2,1458,78236,4.30,0,0.0100,0.05390,102.0
DQN_UNIFORM_seed_2_1790609713,DQN_UNIFORM,2,1459,78286,3.90,0,0.0100,0.05460,102.1
DQN_UNIFORM_seed_2_1790609713,DQN_UNIFORM,2,1460,78338,4.10,0,0.0100,0.04485,102.2
DQN_UNIFORM_seed_2_1790609713,DQN_UNIFORM,2,1461,78406,6.60,1,0.0100,0.05245,102.3
DQN_UNIFORM_seed_2_1790609713,DQN_UNIFORM,2,1462,78456,3.90,0,0.0100,0.04346,102.3
DQN_UNIFORM_seed_2_1790609713,DQN_UNIFORM,2,1463,78518,6.00,1,0.0100,0.04029,102.4
DQN_UNIFORM_seed_2_1790609713,DQN_UNIFORM,2,1464,78568,3.90,0,0.0100,0.05290,102.5
DQN_UNIFORM_seed_2_1790609713,DQN_UNIFORM,2,1465,78636,6.60,1,0.0100,0.05336,102.6
DQN_UNIFORM_seed_2_1790609713,DQN_UNIFORM,2,1466,78686,3.90,0,0.0100,0.06685,102.7
DQN_UNIFORM_seed_2_1790609713,DQN_UNIFORM,2,1467,78736,3.90,0,0.0100,0.04309,102.7
DQN_UNIFORM_seed_2_1790609713,DQN_UNIFORM,2,1468,78786,3.90,0,0.0100,0.04176,102.8
DQN_UNIFORM_seed_2_1790609713,DQN_UNIFORM,2,1469,78817,2.00,0,0.0100,0.05004,102.8
DQN_UNIFORM_seed_2_1790609713,DQN_UNIFORM,2,1470,78867,3.90,0,0.0100,0.03933,102.9
DQN_UNIFORM_seed_2_1790609713,DQN_UNIFORM,2,1471,78924,4.60,0,0.0100,0.03231,103.0
DQN_UNIFORM_seed_2_1790609713,DQN_UNIFORM,2,1472,79010,8.40,1,0.0100,0.04549,103.1
DQN_UNIFORM_seed_2_1790609713,DQN_UNIFORM,2,1473,79060,2.70,0,0.0100,0.04124,103.2
DQN_UNIFORM_seed_2_1790609713,DQN_UNIFORM,2,1474,79112,4.10,0,0.0100,0.03678,103.3
DQN_UNIFORM_seed_2_1790609713,DQN_UNIFORM,2,1475,79180,6.60,1,0.0100,0.05361,103.4
DQN_UNIFORM_seed_2_1790609713,DQN_UNIFORM,2,1476,79266,8.40,1,0.0100,0.04482,103.5
DQN_UNIFORM_seed_2_1790609713,DQN_UNIFORM,2,1477,79319,4.20,0,0.0100,0.05070,103.6
DQN_UNIFORM_seed_2_1790609713,DQN_UNIFORM,2,1478,79369,3.90,0,0.0100,0.04422,103.6
DQN_UNIFORM_seed_2_1790609713,DQN_UNIFORM,2,1479,79455,8.40,1,0.0100,0.04852,103.8
DQN_UNIFORM_seed_2_1790609713,DQN_UNIFORM,2,1480,79505,3.90,0,0.0100,0.05777,103.8
DQN_UNIFORM_seed_2_1790609713,DQN_UNIFORM,2,1481,79574,6.70,1,0.0100,0.05916,103.9
DQN_UNIFORM_seed_2_1790609713,DQN_UNIFORM,2,1482,79660,8.40,1,0.0100,0.04316,104.0
DQN_UNIFORM_seed_2_1790609713,DQN_UNIFORM,2,1483,79711,4.00,0,0.0100,0.04558,104.1
DQN_UNIFORM_seed_2_1790609713,DQN_UNIFORM,2,1484,79761,3.90,0,0.0100,0.05480,104.2
DQN_UNIFORM_seed_2_1790609713,DQN_UNIFORM,2,1485,79812,4.00,0,0.0100,0.04671,104.3
DQN_UNIFORM_seed_2_1790609713,DQN_UNIFORM,2,1486,79866,4.30,0,0.0100,0.03853,104.3
DQN_UNIFORM_seed_2_1790609713,DQN_UNIFORM,2,1487,79916,3.90,0,0.0100,0.04447,104.4
DQN_UNIFORM_seed_2_1790609713,DQN_UNIFORM,2,1488,79974,4.70,0,0.0100,0.03455,104.5
DQN_UNIFORM_seed_2_1790609713,DQN_UNIFORM,2,1489,80030,4.50,0,0.0100,0.04869,104.7
DQN_UNIFORM_seed_2_1790609713,DQN_UNIFORM,2,1490,80080,3.90,0,0.0100,0.05146,104.8
DQN_UNIFORM_seed_2_1790609713,DQN_UNIFORM,2,1491,80173,9.10,1,0.0100,0.03750,104.9
DQN_UNIFORM_seed_2_1790609713,DQN_UNIFORM,2,1492,80240,6.50,1,0.0100,0.04861,105.0
DQN_UNIFORM_seed_2_1790609713,DQN_UNIFORM,2,1493,80290,3.90,0,0.0100,0.04714,105.1
DQN_UNIFORM_seed_2_1790609713,DQN_UNIFORM,2,1494,80344,4.30,0,0.0100,0.05418,105.2
DQN_UNIFORM_seed_2_1790609713,DQN_UNIFORM,2,1495,80394,3.90,0,0.0100,0.04457,105.2
DQN_UNIFORM_seed_2_1790609713,DQN_UNIFORM,2,1496,80448,4.30,0,0.0100,0.04743,105.3
DQN_UNIFORM_seed_2_1790609713,DQN_UNIFORM,2,1497,80501,4.20,0,0.0100,0.05642,105.4
DQN_UNIFORM_seed_2_1790609713,DQN_UNIFORM,2,1498,80551,3.90,0,0.0100,0.05805,105.5
DQN_UNIFORM_seed_2_1790609713,DQN_UNIFORM,2,1499,80606,4.40,0,0.0100,0.05504,105.5
DQN_UNIFORM_seed_2_1790609713,DQN_UNIFORM,2,1500,80663,4.60,0,0.0100,0.04099,105.6
DQN_UNIFORM_seed_2_1790609713,DQN_UNIFORM,2,1501,80721,4.70,0,0.0100,0.05900,105.7
DQN_UNIFORM_seed_2_1790609713,DQN_UNIFORM,2,1502,80807,8.40,1,0.0100,0.05130,105.8
DQN_UNIFORM_seed_2_1790609713,DQN_UNIFORM,2,1503,80859,4.10,0,0.0100,0.05329,105.9
DQN_UNIFORM_seed_2_1790609713,DQN_UNIFORM,2,1504,80910,4.00,0,0.0100,0.05221,106.0
DQN_UNIFORM_seed_2_1790609713,DQN_UNIFORM,2,1505,80960,3.90,0,0.0100,0.05262,106.0
DQN_UNIFORM_seed_2_1790609713,DQN_UNIFORM,2,1506,81013,4.20,0,0.0100,0.05398,106.1
DQN_UNIFORM_seed_2_1790609713,DQN_UNIFORM,2,1507,81067,4.30,0,0.0100,0.05864,106.2
DQN_UNIFORM_seed_2_1790609713,DQN_UNIFORM,2,1508,81153,8.40,1,0.0100,0.04628,106.3
DQN_UNIFORM_seed_2_1790609713,DQN_UNIFORM,2,1509,81206,4.20,0,0.0100,0.04863,106.4
DQN_UNIFORM_seed_2_1790609713,DQN_UNIFORM,2,1510,81272,6.40,1,0.0100,0.05188,106.5
DQN_UNIFORM_seed_2_1790609713,DQN_UNIFORM,2,1511,81327,4.40,0,0.0100,0.04858,106.6
DQN_UNIFORM_seed_2_1790609713,DQN_UNIFORM,2,1512,81413,8.40,1,0.0100,0.03813,106.7
DQN_UNIFORM_seed_2_1790609713,DQN_UNIFORM,2,1513,81468,4.40,0,0.0100,0.05467,106.8
DQN_UNIFORM_seed_2_1790609713,DQN_UNIFORM,2,1514,81518,2.70,0,0.0100,0.05466,106.8
DQN_UNIFORM_seed_2_1790609713,DQN_UNIFORM,2,1515,81568,3.90,0,0.0100,0.04080,106.9
DQN_UNIFORM_seed_2_1790609713,DQN_UNIFORM,2,1516,81628,4.90,0,0.0100,0.05484,107.0
DQN_UNIFORM_seed_2_1790609713,DQN_UNIFORM,2,1517,81682,4.30,0,0.0100,0.04349,107.1
DQN_UNIFORM_seed_2_1790609713,DQN_UNIFORM,2,1518,81732,3.90,0,0.0100,0.05068,107.1
DQN_UNIFORM_seed_2_1790609713,DQN_UNIFORM,2,1519,81789,4.60,0,0.0100,0.05026,107.2
DQN_UNIFORM_seed_2_1790609713,DQN_UNIFORM,2,1520,81847,4.70,0,0.0100,0.06147,107.3
DQN_UNIFORM_seed_2_1790609713,DQN_UNIFORM,2,1521,81899,4.10,0,0.0100,0.03825,107.4
DQN_UNIFORM_seed_2_1790609713,DQN_UNIFORM,2,1522,81961,6.00,1,0.0100,0.04744,107.5
DQN_UNIFORM_seed_2_1790609713,DQN_UNIFORM,2,1523,82047,8.40,1,0.0100,0.04757,107.6
DQN_UNIFORM_seed_2_1790609713,DQN_UNIFORM,2,1524,82175,13.50,2,0.0100,0.04728,107.8
DQN_UNIFORM_seed_2_1790609713,DQN_UNIFORM,2,1525,82225,1.50,0,0.0100,0.04003,107.8
DQN_UNIFORM_seed_2_1790609713,DQN_UNIFORM,2,1526,82280,4.40,0,0.0100,0.05413,107.9
DQN_UNIFORM_seed_2_1790609713,DQN_UNIFORM,2,1527,82380,10.70,2,0.0100,0.04393,108.1
DQN_UNIFORM_seed_2_1790609713,DQN_UNIFORM,2,1528,82466,8.40,1,0.0100,0.04775,108.2
DQN_UNIFORM_seed_2_1790609713,DQN_UNIFORM,2,1529,82516,3.90,0,0.0100,0.03004,108.3
DQN_UNIFORM_seed_2_1790609713,DQN_UNIFORM,2,1530,82608,9.00,1,0.0100,0.04005,108.4
DQN_UNIFORM_seed_2_1790609713,DQN_UNIFORM,2,1531,82694,8.40,1,0.0100,0.03889,108.5
DQN_UNIFORM_seed_2_1790609713,DQN_UNIFORM,2,1532,82762,6.60,1,0.0100,0.05139,108.6
DQN_UNIFORM_seed_2_1790609713,DQN_UNIFORM,2,1533,82819,4.60,0,0.0100,0.04295,108.7
DQN_UNIFORM_seed_2_1790609713,DQN_UNIFORM,2,1534,82952,14.00,3,0.0100,0.05140,108.9
DQN_UNIFORM_seed_2_1790609713,DQN_UNIFORM,2,1535,83002,3.90,0,0.0100,0.04807,109.0
DQN_UNIFORM_seed_2_1790609713,DQN_UNIFORM,2,1536,83202,22.50,4,0.0100,0.04508,109.2
DQN_UNIFORM_seed_2_1790609713,DQN_UNIFORM,2,1537,83343,15.70,3,0.0100,0.05420,109.4
DQN_UNIFORM_seed_2_1790609713,DQN_UNIFORM,2,1538,83429,8.40,1,0.0100,0.05483,109.6
DQN_UNIFORM_seed_2_1790609713,DQN_UNIFORM,2,1539,83479,3.90,0,0.0100,0.04834,109.6
DQN_UNIFORM_seed_2_1790609713,DQN_UNIFORM,2,1540,83529,3.90,0,0.0100,0.05219,109.7
DQN_UNIFORM_seed_2_1790609713,DQN_UNIFORM,2,1541,83579,3.90,0,0.0100,0.04231,109.8
DQN_UNIFORM_seed_2_1790609713,DQN_UNIFORM,2,1542,83685,11.30,2,0.0100,0.04483,109.9
DQN_UNIFORM_seed_2_1790609713,DQN_UNIFORM,2,1543,83739,4.30,0,0.0100,0.05236,110.0
DQN_UNIFORM_seed_2_1790609713,DQN_UNIFORM,2,1544,83798,4.80,0,0.0100,0.04703,110.1
DQN_UNIFORM_seed_2_1790609713,DQN_UNIFORM,2,1545,83884,8.40,1,0.0100,0.04461,110.2
DQN_UNIFORM_seed_2_1790609713,DQN_UNIFORM,2,1546,83970,8.40,1,0.0100,0.03546,110.3
DQN_UNIFORM_seed_2_1790609713,DQN_UNIFORM,2,1547,84020,3.90,0,0.0100,0.05629,110.4
DQN_UNIFORM_seed_2_1790609713,DQN_UNIFORM,2,1548,84070,3.90,0,0.0100,0.05928,110.5
DQN_UNIFORM_seed_2_1790609713,DQN_UNIFORM,2,1549,84120,3.90,0,0.0100,0.05821,110.5
DQN_UNIFORM_seed_2_1790609713,DQN_UNIFORM,2,1550,84183,6.10,1,0.0100,0.06350,110.6
DQN_UNIFORM_seed_2_1790609713,DQN_UNIFORM,2,1551,84269,8.40,1,0.0100,0.04747,110.8
DQN_UNIFORM_seed_2_1790609713,DQN_UNIFORM,2,1552,84320,4.00,0,0.0100,0.05106,110.8
DQN_UNIFORM_seed_2_1790609713,DQN_UNIFORM,2,1553,84418,10.50,2,0.0100,0.05532,111.0
DQN_UNIFORM_seed_2_1790609713,DQN_UNIFORM,2,1554,84471,4.20,0,0.0100,0.04641,111.0
DQN_UNIFORM_seed_2_1790609713,DQN_UNIFORM,2,1555,84527,4.50,0,0.0100,0.05303,111.1
DQN_UNIFORM_seed_2_1790609713,DQN_UNIFORM,2,1556,84617,8.80,1,0.0100,0.04488,111.3
DQN_UNIFORM_seed_2_1790609713,DQN_UNIFORM,2,1557,84678,5.00,1,0.0100,0.05755,111.3
DQN_UNIFORM_seed_2_1790609713,DQN_UNIFORM,2,1558,84767,8.70,1,0.0100,0.06038,111.5
DQN_UNIFORM_seed_2_1790609713,DQN_UNIFORM,2,1559,84825,4.70,0,0.0100,0.04656,111.6
DQN_UNIFORM_seed_2_1790609713,DQN_UNIFORM,2,1560,84888,6.10,1,0.0100,0.04739,111.6
DQN_UNIFORM_seed_2_1790609713,DQN_UNIFORM,2,1561,84943,4.40,0,0.0100,0.07773,111.7
DQN_UNIFORM_seed_2_1790609713,DQN_UNIFORM,2,1562,84998,4.40,0,0.0100,0.04590,111.8
DQN_UNIFORM_seed_2_1790609713,DQN_UNIFORM,2,1563,85052,4.30,0,0.0100,0.04902,112.0
DQN_UNIFORM_seed_2_1790609713,DQN_UNIFORM,2,1564,85102,3.90,0,0.0100,0.05279,112.0
DQN_UNIFORM_seed_2_1790609713,DQN_UNIFORM,2,1565,85152,3.90,0,0.0100,0.06049,112.1
DQN_UNIFORM_seed_2_1790609713,DQN_UNIFORM,2,1566,85205,4.20,0,0.0100,0.05854,112.2
DQN_UNIFORM_seed_2_1790609713,DQN_UNIFORM,2,1567,85273,6.60,1,0.0100,0.04512,112.3
DQN_UNIFORM_seed_2_1790609713,DQN_UNIFORM,2,1568,85341,6.60,1,0.0100,0.04972,112.4
DQN_UNIFORM_seed_2_1790609713,DQN_UNIFORM,2,1569,85403,6.00,1,0.0100,0.05062,112.5
DQN_UNIFORM_seed_2_1790609713,DQN_UNIFORM,2,1570,85473,6.80,1,0.0100,0.05771,112.6
DQN_UNIFORM_seed_2_1790609713,DQN_UNIFORM,2,1571,85528,4.40,0,0.0100,0.05132,112.7
DQN_UNIFORM_seed_2_1790609713,DQN_UNIFORM,2,1572,85614,8.40,1,0.0100,0.05259,112.8
DQN_UNIFORM_seed_2_1790609713,DQN_UNIFORM,2,1573,85671,4.60,0,0.0100,0.04788,112.9
DQN_UNIFORM_seed_2_1790609713,DQN_UNIFORM,2,1574,85725,4.30,0,0.0100,0.06049,112.9
DQN_UNIFORM_seed_2_1790609713,DQN_UNIFORM,2,1575,85791,6.40,1,0.0100,0.06007,113.0
DQN_UNIFORM_seed_2_1790609713,DQN_UNIFORM,2,1576,85841,3.90,0,0.0100,0.05049,113.1
DQN_UNIFORM_seed_2_1790609713,DQN_UNIFORM,2,1577,85897,4.50,0,0.0100,0.06548,113.2
DQN_UNIFORM_seed_2_1790609713,DQN_UNIFORM,2,1578,85957,4.90,0,0.0100,0.07080,113.3
DQN_UNIFORM_seed_2_1790609713,DQN_UNIFORM,2,1579,86015,4.70,0,0.0100,0.05496,113.3
DQN_UNIFORM_seed_2_1790609713,DQN_UNIFORM,2,1580,86071,4.50,0,0.0100,0.05953,113.4
DQN_UNIFORM_seed_2_1790609713,DQN_UNIFORM,2,1581,86133,6.00,1,0.0100,0.04856,113.5
DQN_UNIFORM_seed_2_1790609713,DQN_UNIFORM,2,1582,86219,8.40,1,0.0100,0.04948,113.6
DQN_UNIFORM_seed_2_1790609713,DQN_UNIFORM,2,1583,86260,3.00,0,0.0100,0.05622,113.7
DQN_UNIFORM_seed_2_1790609713,DQN_UNIFORM,2,1584,86310,3.90,0,0.0100,0.05023,113.8
DQN_UNIFORM_seed_2_1790609713,DQN_UNIFORM,2,1585,86365,4.40,0,0.0100,0.05598,113.8
DQN_UNIFORM_seed_2_1790609713,DQN_UNIFORM,2,1586,86415,3.90,0,0.0100,0.05429,113.9
DQN_UNIFORM_seed_2_1790609713,DQN_UNIFORM,2,1587,86465,3.90,0,0.0100,0.04655,114.0
DQN_UNIFORM_seed_2_1790609713,DQN_UNIFORM,2,1588,86558,9.10,1,0.0100,0.06118,114.1
DQN_UNIFORM_seed_2_1790609713,DQN_UNIFORM,2,1589,86608,3.90,0,0.0100,0.04333,114.2
DQN_UNIFORM_seed_2_1790609713,DQN_UNIFORM,2,1590,86658,3.90,0,0.0100,0.05774,114.3
DQN_UNIFORM_seed_2_1790609713,DQN_UNIFORM,2,1591,86719,5.00,1,0.0100,0.05140,114.4
DQN_UNIFORM_seed_2_1790609713,DQN_UNIFORM,2,1592,86773,4.30,0,0.0100,0.06559,114.4
DQN_UNIFORM_seed_2_1790609713,DQN_UNIFORM,2,1593,86874,10.80,2,0.0100,0.04058,114.6
DQN_UNIFORM_seed_2_1790609713,DQN_UNIFORM,2,1594,86924,3.90,0,0.0100,0.05742,114.6
DQN_UNIFORM_seed_2_1790609713,DQN_UNIFORM,2,1595,86974,3.90,0,0.0100,0.04786,114.7
DQN_UNIFORM_seed_2_1790609713,DQN_UNIFORM,2,1596,87060,8.40,1,0.0100,0.05234,114.8
DQN_UNIFORM_seed_2_1790609713,DQN_UNIFORM,2,1597,87121,5.00,1,0.0100,0.04762,114.9
DQN_UNIFORM_seed_2_1790609713,DQN_UNIFORM,2,1598,87184,6.10,1,0.0100,0.03807,115.0
DQN_UNIFORM_seed_2_1790609713,DQN_UNIFORM,2,1599,87359,19.10,4,0.0100,0.03900,115.3
DQN_UNIFORM_seed_2_1790609713,DQN_UNIFORM,2,1600,87409,3.90,0,0.0100,0.03502,115.3
DQN_UNIFORM_seed_2_1790609713,DQN_UNIFORM,2,1601,87459,3.90,0,0.0100,0.04894,115.4
DQN_UNIFORM_seed_2_1790609713,DQN_UNIFORM,2,1602,87509,3.90,0,0.0100,0.04562,115.5
DQN_UNIFORM_seed_2_1790609713,DQN_UNIFORM,2,1603,87559,3.90,0,0.0100,0.05713,115.5
DQN_UNIFORM_seed_2_1790609713,DQN_UNIFORM,2,1604,87618,4.80,0,0.0100,0.03076,115.6
DQN_UNIFORM_seed_2_1790609713,DQN_UNIFORM,2,1605,87668,3.90,0,0.0100,0.05581,115.7
DQN_UNIFORM_seed_2_1790609713,DQN_UNIFORM,2,1606,87754,8.40,1,0.0100,0.04741,115.8
DQN_UNIFORM_seed_2_1790609713,DQN_UNIFORM,2,1607,87804,3.90,0,0.0100,0.05062,115.9
DQN_UNIFORM_seed_2_1790609713,DQN_UNIFORM,2,1608,87854,3.90,0,0.0100,0.05156,116.0
DQN_UNIFORM_seed_2_1790609713,DQN_UNIFORM,2,1609,87904,3.90,0,0.0100,0.05059,116.0
DQN_UNIFORM_seed_2_1790609713,DQN_UNIFORM,2,1610,87954,3.90,0,0.0100,0.04678,116.1
DQN_UNIFORM_seed_2_1790609713,DQN_UNIFORM,2,1611,88004,3.90,0,0.0100,0.03438,116.2
DQN_UNIFORM_seed_2_1790609713,DQN_UNIFORM,2,1612,88090,8.40,1,0.0100,0.05245,116.3
DQN_UNIFORM_seed_2_1790609713,DQN_UNIFORM,2,1613,88141,4.00,0,0.0100,0.04081,116.4
DQN_UNIFORM_seed_2_1790609713,DQN_UNIFORM,2,1614,88200,4.80,0,0.0100,0.04017,116.5
DQN_UNIFORM_seed_2_1790609713,DQN_UNIFORM,2,1615,88252,4.10,0,0.0100,0.04916,116.5
DQN_UNIFORM_seed_2_1790609713,DQN_UNIFORM,2,1616,88338,8.40,1,0.0100,0.04438,116.7
DQN_UNIFORM_seed_2_1790609713,DQN_UNIFORM,2,1617,88426,8.60,1,0.0100,0.04121,116.8
DQN_UNIFORM_seed_2_1790609713,DQN_UNIFORM,2,1618,88481,4.40,0,0.0100,0.05373,116.9
DQN_UNIFORM_seed_2_1790609713,DQN_UNIFORM,2,1619,88539,4.70,0,0.0100,0.03059,116.9
DQN_UNIFORM_seed_2_1790609713,DQN_UNIFORM,2,1620,88602,6.10,1,0.0100,0.04362,117.0
DQN_UNIFORM_seed_2_1790609713,DQN_UNIFORM,2,1621,88652,3.90,0,0.0100,0.05609,117.1
DQN_UNIFORM_seed_2_1790609713,DQN_UNIFORM,2,1622,88702,3.90,0,0.0100,0.04670,117.2
DQN_UNIFORM_seed_2_1790609713,DQN_UNIFORM,2,1623,88754,4.10,0,0.0100,0.05143,117.3
DQN_UNIFORM_seed_2_1790609713,DQN_UNIFORM,2,1624,88924,18.60,3,0.0100,0.04950,117.5
DQN_UNIFORM_seed_2_1790609713,DQN_UNIFORM,2,1625,89010,8.40,1,0.0100,0.04779,117.6
DQN_UNIFORM_seed_2_1790609713,DQN_UNIFORM,2,1626,89096,8.40,1,0.0100,0.05066,117.7
DQN_UNIFORM_seed_2_1790609713,DQN_UNIFORM,2,1627,89182,8.40,1,0.0100,0.04259,117.9
DQN_UNIFORM_seed_2_1790609713,DQN_UNIFORM,2,1628,89240,4.70,0,0.0100,0.03228,117.9
DQN_UNIFORM_seed_2_1790609713,DQN_UNIFORM,2,1629,89290,3.90,0,0.0100,0.05571,118.0
DQN_UNIFORM_seed_2_1790609713,DQN_UNIFORM,2,1630,89351,5.00,1,0.0100,0.04709,118.1
DQN_UNIFORM_seed_2_1790609713,DQN_UNIFORM,2,1631,89437,8.40,1,0.0100,0.04253,118.2
DQN_UNIFORM_seed_2_1790609713,DQN_UNIFORM,2,1632,89523,8.40,1,0.0100,0.04270,118.3
DQN_UNIFORM_seed_2_1790609713,DQN_UNIFORM,2,1633,89588,6.30,1,0.0100,0.03808,118.4
DQN_UNIFORM_seed_2_1790609713,DQN_UNIFORM,2,1634,89638,3.90,0,0.0100,0.05174,118.5
DQN_UNIFORM_seed_2_1790609713,DQN_UNIFORM,2,1635,89688,3.90,0,0.0100,0.03633,118.6
DQN_UNIFORM_seed_2_1790609713,DQN_UNIFORM,2,1636,89750,6.00,1,0.0100,0.04039,118.7
DQN_UNIFORM_seed_2_1790609713,DQN_UNIFORM,2,1637,89872,12.90,2,0.0100,0.04935,118.8
DQN_UNIFORM_seed_2_1790609713,DQN_UNIFORM,2,1638,89958,8.40,1,0.0100,0.05324,119.0
DQN_UNIFORM_seed_2_1790609713,DQN_UNIFORM,2,1639,90008,3.90,0,0.0100,0.04272,119.2
DQN_UNIFORM_seed_2_1790609713,DQN_UNIFORM,2,1640,90130,12.90,2,0.0100,0.05283,119.4
DQN_UNIFORM_seed_2_1790609713,DQN_UNIFORM,2,1641,90192,6.00,1,0.0100,0.04276,119.5
DQN_UNIFORM_seed_2_1790609713,DQN_UNIFORM,2,1642,90242,3.90,0,0.0100,0.04621,119.6
DQN_UNIFORM_seed_2_1790609713,DQN_UNIFORM,2,1643,90335,9.10,1,0.0100,0.04369,119.7
DQN_UNIFORM_seed_2_1790609713,DQN_UNIFORM,2,1644,90457,12.90,2,0.0100,0.04938,119.9
DQN_UNIFORM_seed_2_1790609713,DQN_UNIFORM,2,1645,90550,9.10,1,0.0100,0.04728,120.0
DQN_UNIFORM_seed_2_1790609713,DQN_UNIFORM,2,1646,90609,4.80,0,0.0100,0.04568,120.1
DQN_UNIFORM_seed_2_1790609713,DQN_UNIFORM,2,1647,90653,3.30,0,0.0100,0.05685,120.1
DQN_UNIFORM_seed_2_1790609713,DQN_UNIFORM,2,1648,90706,4.20,0,0.0100,0.06187,120.2
DQN_UNIFORM_seed_2_1790609713,DQN_UNIFORM,2,1649,90828,12.90,2,0.0100,0.05132,120.4
DQN_UNIFORM_seed_2_1790609713,DQN_UNIFORM,2,1650,90914,8.40,1,0.0100,0.04796,120.5
DQN_UNIFORM_seed_2_1790609713,DQN_UNIFORM,2,1651,91087,18.90,3,0.0100,0.05700,120.8
DQN_UNIFORM_seed_2_1790609713,DQN_UNIFORM,2,1652,91173,8.40,1,0.0100,0.04686,120.9
DQN_UNIFORM_seed_2_1790609713,DQN_UNIFORM,2,1653,91268,9.30,1,0.0100,0.04797,121.0
DQN_UNIFORM_seed_2_1790609713,DQN_UNIFORM,2,1654,91318,3.90,0,0.0100,0.04704,121.1
DQN_UNIFORM_seed_2_1790609713,DQN_UNIFORM,2,1655,91404,8.40,1,0.0100,0.05027,121.2
DQN_UNIFORM_seed_2_1790609713,DQN_UNIFORM,2,1656,91507,11.00,2,0.0100,0.04163,121.4
DQN_UNIFORM_seed_2_1790609713,DQN_UNIFORM,2,1657,91557,3.90,0,0.0100,0.05181,121.5
DQN_UNIFORM_seed_2_1790609713,DQN_UNIFORM,2,1658,91679,12.90,2,0.0100,0.05234,121.6
DQN_UNIFORM_seed_2_1790609713,DQN_UNIFORM,2,1659,91772,9.10,1,0.0100,0.04911,121.8
DQN_UNIFORM_seed_2_1790609713,DQN_UNIFORM,2,1660,91813,3.00,0,0.0100,0.05170,121.8
DQN_UNIFORM_seed_2_1790609713,DQN_UNIFORM,2,1661,91952,15.50,3,0.0100,0.03896,122.0
DQN_UNIFORM_seed_2_1790609713,DQN_UNIFORM,2,1662,92011,4.80,0,0.0100,0.05508,122.1
DQN_UNIFORM_seed_2_1790609713,DQN_UNIFORM,2,1663,92218,23.20,4,0.0100,0.05620,122.4
DQN_UNIFORM_seed_2_1790609713,DQN_UNIFORM,2,1664,92417,22.40,4,0.0100,0.04713,122.7
DQN_UNIFORM_seed_2_1790609713,DQN_UNIFORM,2,1665,92467,3.90,0,0.0100,0.04055,122.8
DQN_UNIFORM_seed_2_1790609713,DQN_UNIFORM,2,1666,92600,14.00,3,0.0100,0.04998,123.0
DQN_UNIFORM_seed_2_1790609713,DQN_UNIFORM,2,1667,92631,2.00,0,0.0100,0.04393,123.0
DQN_UNIFORM_seed_2_1790609713,DQN_UNIFORM,2,1668,92753,12.90,2,0.0100,0.05656,123.2
DQN_UNIFORM_seed_2_1790609713,DQN_UNIFORM,2,1669,92851,10.50,2,0.0100,0.04592,123.3
DQN_UNIFORM_seed_2_1790609713,DQN_UNIFORM,2,1670,92937,8.40,1,0.0100,0.04505,123.4
DQN_UNIFORM_seed_2_1790609713,DQN_UNIFORM,2,1671,93059,12.90,2,0.0100,0.05268,123.6
DQN_UNIFORM_seed_2_1790609713,DQN_UNIFORM,2,1672,93145,8.40,1,0.0100,0.06262,123.7
DQN_UNIFORM_seed_2_1790609713,DQN_UNIFORM,2,1673,93195,3.90,0,0.0100,0.04994,123.8
DQN_UNIFORM_seed_2_1790609713,DQN_UNIFORM,2,1674,93252,4.60,0,0.0100,0.04503,123.9
DQN_UNIFORM_seed_2_1790609713,DQN_UNIFORM,2,1675,93314,6.00,1,0.0100,0.03848,124.0
DQN_UNIFORM_seed_2_1790609713,DQN_UNIFORM,2,1676,93378,6.20,1,0.0100,0.05978,124.1
DQN_UNIFORM_seed_2_1790609713,DQN_UNIFORM,2,1677,93584,23.10,4,0.0100,0.06050,124.4
DQN_UNIFORM_seed_2_1790609713,DQN_UNIFORM,2,1678,93670,8.40,1,0.0100,0.05250,124.5
DQN_UNIFORM_seed_2_1790609713,DQN_UNIFORM,2,1679,93724,4.30,0,0.0100,0.05679,124.6
DQN_UNIFORM_seed_2_1790609713,DQN_UNIFORM,2,1680,93780,4.50,0,0.0100,0.05513,124.7
DQN_UNIFORM_seed_2_1790609713,DQN_UNIFORM,2,1681,93902,12.90,2,0.0100,0.05249,124.8
DQN_UNIFORM_seed_2_1790609713,DQN_UNIFORM,2,1682,93988,8.40,1,0.0100,0.06546,124.9
DQN_UNIFORM_seed_2_1790609713,DQN_UNIFORM,2,1683,94053,6.30,1,0.0100,0.05896,125.0
DQN_UNIFORM_seed_2_1790609713,DQN_UNIFORM,2,1684,94175,12.90,2,0.0100,0.05589,125.2
DQN_UNIFORM_seed_2_1790609713,DQN_UNIFORM,2,1685,94261,8.40,1,0.0100,0.07068,125.3
DQN_UNIFORM_seed_2_1790609713,DQN_UNIFORM,2,1686,94329,6.60,1,0.0100,0.05753,125.4
DQN_UNIFORM_seed_2_1790609713,DQN_UNIFORM,2,1687,94415,8.40,1,0.0100,0.06516,125.6
DQN_UNIFORM_seed_2_1790609713,DQN_UNIFORM,2,1688,94485,6.80,1,0.0100,0.06059,125.7
DQN_UNIFORM_seed_2_1790609713,DQN_UNIFORM,2,1689,94544,4.80,0,0.0100,0.07613,125.7
DQN_UNIFORM_seed_2_1790609713,DQN_UNIFORM,2,1690,94612,6.60,1,0.0100,0.07720,125.8
DQN_UNIFORM_seed_2_1790609713,DQN_UNIFORM,2,1691,94670,4.70,0,0.0100,0.07128,125.9
DQN_UNIFORM_seed_2_1790609713,DQN_UNIFORM,2,1692,94738,6.60,1,0.0100,0.06225,126.0
DQN_UNIFORM_seed_2_1790609713,DQN_UNIFORM,2,1693,94790,4.10,0,0.0100,0.07548,126.1
DQN_UNIFORM_seed_2_1790609713,DQN_UNIFORM,2,1694,94847,4.60,0,0.0100,0.07859,126.2
DQN_UNIFORM_seed_2_1790609713,DQN_UNIFORM,2,1695,94897,3.90,0,0.0100,0.05303,126.3
DQN_UNIFORM_seed_2_1790609713,DQN_UNIFORM,2,1696,94952,4.40,0,0.0100,0.06657,126.3
DQN_UNIFORM_seed_2_1790609713,DQN_UNIFORM,2,1697,95047,9.30,1,0.0100,0.05316,126.6
DQN_UNIFORM_seed_2_1790609713,DQN_UNIFORM,2,1698,95288,27.50,5,0.0100,0.07113,127.0
DQN_UNIFORM_seed_2_1790609713,DQN_UNIFORM,2,1699,95410,12.90,2,0.0100,0.06883,127.1
DQN_UNIFORM_seed_2_1790609713,DQN_UNIFORM,2,1700,95496,8.40,1,0.0100,0.06474,127.3
DQN_UNIFORM_seed_2_1790609713,DQN_UNIFORM,2,1701,95527,2.00,0,0.0100,0.06868,127.3
DQN_UNIFORM_seed_2_1790609713,DQN_UNIFORM,2,1702,95621,9.20,1,0.0100,0.06346,127.4
DQN_UNIFORM_seed_2_1790609713,DQN_UNIFORM,2,1703,95969,40.90,8,0.0100,0.06235,127.9
DQN_UNIFORM_seed_2_1790609713,DQN_UNIFORM,2,1704,96019,3.90,0,0.0100,0.07943,128.0
DQN_UNIFORM_seed_2_1790609713,DQN_UNIFORM,2,1705,96069,3.90,0,0.0100,0.05434,128.1
DQN_UNIFORM_seed_2_1790609713,DQN_UNIFORM,2,1706,96127,4.70,0,0.0100,0.07413,128.2
DQN_UNIFORM_seed_2_1790609713,DQN_UNIFORM,2,1707,96213,8.40,1,0.0100,0.07173,128.3
DQN_UNIFORM_seed_2_1790609713,DQN_UNIFORM,2,1708,96276,6.10,1,0.0100,0.07561,128.4
DQN_UNIFORM_seed_2_1790609713,DQN_UNIFORM,2,1709,96336,4.90,0,0.0100,0.06838,128.5
DQN_UNIFORM_seed_2_1790609713,DQN_UNIFORM,2,1710,96391,4.40,0,0.0100,0.06627,128.5
DQN_UNIFORM_seed_2_1790609713,DQN_UNIFORM,2,1711,96441,3.90,0,0.0100,0.06495,128.6
DQN_UNIFORM_seed_2_1790609713,DQN_UNIFORM,2,1712,96574,14.00,3,0.0100,0.06605,128.8
DQN_UNIFORM_seed_2_1790609713,DQN_UNIFORM,2,1713,96644,6.80,1,0.0100,0.05350,128.9
DQN_UNIFORM_seed_2_1790609713,DQN_UNIFORM,2,1714,96714,6.80,1,0.0100,0.07111,129.0
DQN_UNIFORM_seed_2_1790609713,DQN_UNIFORM,2,1715,96775,5.00,1,0.0100,0.06164,129.1
DQN_UNIFORM_seed_2_1790609713,DQN_UNIFORM,2,1716,96873,10.50,2,0.0100,0.07464,129.2
DQN_UNIFORM_seed_2_1790609713,DQN_UNIFORM,2,1717,96931,4.70,0,0.0100,0.06124,129.3
DQN_UNIFORM_seed_2_1790609713,DQN_UNIFORM,2,1718,96984,4.20,0,0.0100,0.07222,129.4
DQN_UNIFORM_seed_2_1790609713,DQN_UNIFORM,2,1719,97046,6.00,1,0.0100,0.04991,129.5
DQN_UNIFORM_seed_2_1790609713,DQN_UNIFORM,2,1720,97168,12.90,2,0.0100,0.05915,129.7
DQN_UNIFORM_seed_2_1790609713,DQN_UNIFORM,2,1721,97234,6.40,1,0.0100,0.08816,129.7
DQN_UNIFORM_seed_2_1790609713,DQN_UNIFORM,2,1722,97366,13.90,2,0.0100,0.07563,129.9
DQN_UNIFORM_seed_2_1790609713,DQN_UNIFORM,2,1723,97565,22.40,4,0.0100,0.07025,130.2
DQN_UNIFORM_seed_2_1790609713,DQN_UNIFORM,2,1724,97651,8.40,1,0.0100,0.06949,130.3
DQN_UNIFORM_seed_2_1790609713,DQN_UNIFORM,2,1725,97773,12.90,2,0.0100,0.06353,130.5
DQN_UNIFORM_seed_2_1790609713,DQN_UNIFORM,2,1726,97859,8.40,1,0.0100,0.07546,130.6
DQN_UNIFORM_seed_2_1790609713,DQN_UNIFORM,2,1727,97981,12.90,2,0.0100,0.07420,130.8
DQN_UNIFORM_seed_2_1790609713,DQN_UNIFORM,2,1728,98050,6.70,1,0.0100,0.07094,130.9
DQN_UNIFORM_seed_2_1790609713,DQN_UNIFORM,2,1729,98136,8.40,1,0.0100,0.07473,131.0
DQN_UNIFORM_seed_2_1790609713,DQN_UNIFORM,2,1730,98201,6.30,1,0.0100,0.07148,131.1
DQN_UNIFORM_seed_2_1790609713,DQN_UNIFORM,2,1731,98269,6.60,1,0.0100,0.08166,131.2
DQN_UNIFORM_seed_2_1790609713,DQN_UNIFORM,2,1732,98336,6.50,1,0.0100,0.09698,131.3
DQN_UNIFORM_seed_2_1790609713,DQN_UNIFORM,2,1733,98406,6.80,1,0.0100,0.06516,131.4
DQN_UNIFORM_seed_2_1790609713,DQN_UNIFORM,2,1734,98476,6.80,1,0.0100,0.07481,131.5
DQN_UNIFORM_seed_2_1790609713,DQN_UNIFORM,2,1735,98538,6.00,1,0.0100,0.08298,131.6
DQN_UNIFORM_seed_2_1790609713,DQN_UNIFORM,2,1736,98603,6.30,1,0.0100,0.07810,131.7
DQN_UNIFORM_seed_2_1790609713,DQN_UNIFORM,2,1737,98653,3.90,0,0.0100,0.10667,131.8
DQN_UNIFORM_seed_2_1790609713,DQN_UNIFORM,2,1738,98755,10.90,2,0.0100,0.07367,131.9
DQN_UNIFORM_seed_2_1790609713,DQN_UNIFORM,2,1739,98841,8.40,1,0.0100,0.06933,132.1
DQN_UNIFORM_seed_2_1790609713,DQN_UNIFORM,2,1740,98927,8.40,1,0.0100,0.07686,132.2
DQN_UNIFORM_seed_2_1790609713,DQN_UNIFORM,2,1741,99126,22.40,4,0.0100,0.06860,132.5
DQN_UNIFORM_seed_2_1790609713,DQN_UNIFORM,2,1742,99248,12.90,2,0.0100,0.08630,132.6
DQN_UNIFORM_seed_2_1790609713,DQN_UNIFORM,2,1743,99334,8.40,1,0.0100,0.06856,132.8
DQN_UNIFORM_seed_2_1790609713,DQN_UNIFORM,2,1744,99420,8.40,1,0.0100,0.08588,132.9
DQN_UNIFORM_seed_2_1790609713,DQN_UNIFORM,2,1745,99480,4.90,0,0.0100,0.06392,133.0
DQN_UNIFORM_seed_2_1790609713,DQN_UNIFORM,2,1746,99573,9.10,1,0.0100,0.06616,133.1
DQN_UNIFORM_seed_2_1790609713,DQN_UNIFORM,2,1747,99632,4.80,0,0.0100,0.07896,133.2
DQN_UNIFORM_seed_2_1790609713,DQN_UNIFORM,2,1748,99718,8.40,1,0.0100,0.06850,133.3
DQN_UNIFORM_seed_2_1790609713,DQN_UNIFORM,2,1749,99782,6.20,1,0.0100,0.06326,133.4
DQN_UNIFORM_seed_2_1790609713,DQN_UNIFORM,2,1750,99868,8.40,1,0.0100,0.08854,133.5
DQN_UNIFORM_seed_2_1790609713,DQN_UNIFORM,2,1751,99954,8.40,1,0.0100,0.06818,133.7
DQN_UNIFORM_seed_2_1790609713,DQN_UNIFORM,2,1752,100009,4.40,0,0.0100,0.08066,133.9
DQN_UNIFORM_seed_2_1790609713,DQN_UNIFORM,2,1753,100095,8.40,1,0.0100,0.08950,134.0
DQN_UNIFORM_seed_2_1790609713,DQN_UNIFORM,2,1754,100181,8.40,1,0.0100,0.08733,134.1
DQN_UNIFORM_seed_2_1790609713,DQN_UNIFORM,2,1755,100267,8.40,1,0.0100,0.07674,134.2
DQN_UNIFORM_seed_2_1790609713,DQN_UNIFORM,2,1756,100353,8.40,1,0.0100,0.07702,134.4
DQN_UNIFORM_seed_2_1790609713,DQN_UNIFORM,2,1757,100417,6.20,1,0.0100,0.07945,134.5
DQN_UNIFORM_seed_2_1790609713,DQN_UNIFORM,2,1758,100539,12.90,2,0.0100,0.08143,134.6
DQN_UNIFORM_seed_2_1790609713,DQN_UNIFORM,2,1759,100625,8.40,1,0.0100,0.07810,134.8
DQN_UNIFORM_seed_2_1790609713,DQN_UNIFORM,2,1760,100711,8.40,1,0.0100,0.08099,134.9
DQN_UNIFORM_seed_2_1790609713,DQN_UNIFORM,2,1761,100797,8.40,1,0.0100,0.07450,135.0
DQN_UNIFORM_seed_2_1790609713,DQN_UNIFORM,2,1762,100883,8.40,1,0.0100,0.08594,135.1
DQN_UNIFORM_seed_2_1790609713,DQN_UNIFORM,2,1763,100984,10.80,2,0.0100,0.07522,135.3
DQN_UNIFORM_seed_2_1790609713,DQN_UNIFORM,2,1764,101070,8.40,1,0.0100,0.07484,135.4
DQN_UNIFORM_seed_2_1790609713,DQN_UNIFORM,2,1765,101156,8.40,1,0.0100,0.06113,135.5
DQN_UNIFORM_seed_2_1790609713,DQN_UNIFORM,2,1766,101214,4.70,0,0.0100,0.05495,135.6
DQN_UNIFORM_seed_2_1790609713,DQN_UNIFORM,2,1767,101276,6.00,1,0.0100,0.08321,135.7
DQN_UNIFORM_seed_2_1790609713,DQN_UNIFORM,2,1768,101362,8.40,1,0.0100,0.07427,135.8
DQN_UNIFORM_seed_2_1790609713,DQN_UNIFORM,2,1769,101484,12.90,2,0.0100,0.07180,136.0
DQN_UNIFORM_seed_2_1790609713,DQN_UNIFORM,2,1770,101570,8.40,1,0.0100,0.08602,136.1
DQN_UNIFORM_seed_2_1790609713,DQN_UNIFORM,2,1771,101656,8.40,1,0.0100,0.07725,136.2
DQN_UNIFORM_seed_2_1790609713,DQN_UNIFORM,2,1772,101742,8.40,1,0.0100,0.05803,136.4
DQN_UNIFORM_seed_2_1790609713,DQN_UNIFORM,2,1773,101828,8.40,1,0.0100,0.07084,136.5
DQN_UNIFORM_seed_2_1790609713,DQN_UNIFORM,2,1774,101914,8.40,1,0.0100,0.07409,136.6
DQN_UNIFORM_seed_2_1790609713,DQN_UNIFORM,2,1775,101979,6.30,1,0.0100,0.06868,136.7
DQN_UNIFORM_seed_2_1790609713,DQN_UNIFORM,2,1776,102065,8.40,1,0.0100,0.08230,136.8
DQN_UNIFORM_seed_2_1790609713,DQN_UNIFORM,2,1777,102133,6.60,1,0.0100,0.09063,136.9
DQN_UNIFORM_seed_2_1790609713,DQN_UNIFORM,2,1778,102219,8.40,1,0.0100,0.08224,137.1
DQN_UNIFORM_seed_2_1790609713,DQN_UNIFORM,2,1779,102305,8.40,1,0.0100,0.07897,137.2
DQN_UNIFORM_seed_2_1790609713,DQN_UNIFORM,2,1780,102427,12.90,2,0.0100,0.07250,137.4
DQN_UNIFORM_seed_2_1790609713,DQN_UNIFORM,2,1781,102513,8.40,1,0.0100,0.07781,137.5
DQN_UNIFORM_seed_2_1790609713,DQN_UNIFORM,2,1782,102599,8.40,1,0.0100,0.08138,137.6
DQN_UNIFORM_seed_2_1790609713,DQN_UNIFORM,2,1783,102685,8.40,1,0.0100,0.06945,137.7
DQN_UNIFORM_seed_2_1790609713,DQN_UNIFORM,2,1784,102735,3.90,0,0.0100,0.06985,137.8
DQN_UNIFORM_seed_2_1790609713,DQN_UNIFORM,2,1785,102821,8.40,1,0.0100,0.08723,137.9
DQN_UNIFORM_seed_2_1790609713,DQN_UNIFORM,2,1786,102907,8.40,1,0.0100,0.08558,138.0
DQN_UNIFORM_seed_2_1790609713,DQN_UNIFORM,2,1787,102993,8.40,1,0.0100,0.08174,138.2
DQN_UNIFORM_seed_2_1790609713,DQN_UNIFORM,2,1788,103079,8.40,1,0.0100,0.08759,138.3
DQN_UNIFORM_seed_2_1790609713,DQN_UNIFORM,2,1789,103165,8.40,1,0.0100,0.09503,138.4
DQN_UNIFORM_seed_2_1790609713,DQN_UNIFORM,2,1790,103251,8.40,1,0.0100,0.10868,138.5
DQN_UNIFORM_seed_2_1790609713,DQN_UNIFORM,2,1791,103301,3.90,0,0.0100,0.08891,138.6
DQN_UNIFORM_seed_2_1790609713,DQN_UNIFORM,2,1792,103387,8.40,1,0.0100,0.08718,138.7
DQN_UNIFORM_seed_2_1790609713,DQN_UNIFORM,2,1793,103473,8.40,1,0.0100,0.08319,138.9
DQN_UNIFORM_seed_2_1790609713,DQN_UNIFORM,2,1794,103559,8.40,1,0.0100,0.08577,139.0
DQN_UNIFORM_seed_2_1790609713,DQN_UNIFORM,2,1795,103645,8.40,1,0.0100,0.09648,139.1
DQN_UNIFORM_seed_2_1790609713,DQN_UNIFORM,2,1796,104053,48.70,10,0.0100,0.08131,139.7
DQN_UNIFORM_seed_2_1790609713,DQN_UNIFORM,2,1797,104139,8.40,1,0.0100,0.07647,139.8
DQN_UNIFORM_seed_2_1790609713,DQN_UNIFORM,2,1798,104225,8.40,1,0.0100,0.08732,139.9
DQN_UNIFORM_seed_2_1790609713,DQN_UNIFORM,2,1799,104311,8.40,1,0.0100,0.07938,140.1
DQN_UNIFORM_seed_2_1790609713,DQN_UNIFORM,2,1800,104510,22.40,4,0.0100,0.07224,140.4
DQN_UNIFORM_seed_2_1790609713,DQN_UNIFORM,2,1801,104596,8.40,1,0.0100,0.08695,140.5
DQN_UNIFORM_seed_2_1790609713,DQN_UNIFORM,2,1802,104646,3.90,0,0.0100,0.09731,140.6
DQN_UNIFORM_seed_2_1790609713,DQN_UNIFORM,2,1803,104696,3.90,0,0.0100,0.10303,140.6
DQN_UNIFORM_seed_2_1790609713,DQN_UNIFORM,2,1804,104782,8.40,1,0.0100,0.07515,140.7
DQN_UNIFORM_seed_2_1790609713,DQN_UNIFORM,2,1805,104832,3.90,0,0.0100,0.06457,140.8
DQN_UNIFORM_seed_2_1790609713,DQN_UNIFORM,2,1806,104882,3.90,0,0.0100,0.07158,140.9
DQN_UNIFORM_seed_2_1790609713,DQN_UNIFORM,2,1807,104968,8.40,1,0.0100,0.07585,141.0
DQN_UNIFORM_seed_2_1790609713,DQN_UNIFORM,2,1808,105090,12.90,2,0.0100,0.08288,141.4
DQN_UNIFORM_seed_2_1790609713,DQN_UNIFORM,2,1809,105328,27.20,5,0.0100,0.08584,141.7
DQN_UNIFORM_seed_2_1790609713,DQN_UNIFORM,2,1810,105414,8.40,1,0.0100,0.08827,141.9
DQN_UNIFORM_seed_2_1790609713,DQN_UNIFORM,2,1811,105536,12.90,2,0.0100,0.06230,142.0
DQN_UNIFORM_seed_2_1790609713,DQN_UNIFORM,2,1812,105622,8.40,1,0.0100,0.10701,142.2
DQN_UNIFORM_seed_2_1790609713,DQN_UNIFORM,2,1813,105681,4.80,0,0.0100,0.09848,142.3
DQN_UNIFORM_seed_2_1790609713,DQN_UNIFORM,2,1814,105767,8.40,1,0.0100,0.09897,142.4
DQN_UNIFORM_seed_2_1790609713,DQN_UNIFORM,2,1815,105826,4.80,0,0.0100,0.09233,142.5
DQN_UNIFORM_seed_2_1790609713,DQN_UNIFORM,2,1816,105912,8.40,1,0.0100,0.07751,142.6
DQN_UNIFORM_seed_2_1790609713,DQN_UNIFORM,2,1817,105998,8.40,1,0.0100,0.09887,142.7
DQN_UNIFORM_seed_2_1790609713,DQN_UNIFORM,2,1818,106084,8.40,1,0.0100,0.08992,142.8
DQN_UNIFORM_seed_2_1790609713,DQN_UNIFORM,2,1819,106247,17.90,3,0.0100,0.09717,143.1
DQN_UNIFORM_seed_2_1790609713,DQN_UNIFORM,2,1820,106333,8.40,1,0.0100,0.07470,143.2
DQN_UNIFORM_seed_2_1790609713,DQN_UNIFORM,2,1821,106455,12.90,2,0.0100,0.10281,143.4
DQN_UNIFORM_seed_2_1790609713,DQN_UNIFORM,2,1822,106505,3.90,0,0.0100,0.11633,143.4
DQN_UNIFORM_seed_2_1790609713,DQN_UNIFORM,2,1823,106591,8.40,1,0.0100,0.10800,143.6
DQN_UNIFORM_seed_2_1790609713,DQN_UNIFORM,2,1824,106725,15.00,3,0.0100,0.10360,143.8
DQN_UNIFORM_seed_2_1790609713,DQN_UNIFORM,2,1825,106811,8.40,1,0.0100,0.09785,143.9
DQN_UNIFORM_seed_2_1790609713,DQN_UNIFORM,2,1826,106861,3.90,0,0.0100,0.09426,144.0
DQN_UNIFORM_seed_2_1790609713,DQN_UNIFORM,2,1827,106947,8.40,1,0.0100,0.10041,144.1
DQN_UNIFORM_seed_2_1790609713,DQN_UNIFORM,2,1828,107033,8.40,1,0.0100,0.10465,144.2
DQN_UNIFORM_seed_2_1790609713,DQN_UNIFORM,2,1829,107119,8.40,1,0.0100,0.09549,144.3
DQN_UNIFORM_seed_2_1790609713,DQN_UNIFORM,2,1830,107205,8.40,1,0.0100,0.09813,144.5
DQN_UNIFORM_seed_2_1790609713,DQN_UNIFORM,2,1831,107404,22.40,4,0.0100,0.10119,144.7
DQN_UNIFORM_seed_2_1790609713,DQN_UNIFORM,2,1832,107454,3.90,0,0.0100,0.12548,144.8
DQN_UNIFORM_seed_2_1790609713,DQN_UNIFORM,2,1833,107701,28.10,6,0.0100,0.09911,145.2
DQN_UNIFORM_seed_2_1790609713,DQN_UNIFORM,2,1834,107787,8.40,1,0.0100,0.09699,145.3
DQN_UNIFORM_seed_2_1790609713,DQN_UNIFORM,2,1835,107873,8.40,1,0.0100,0.07912,145.4
DQN_UNIFORM_seed_2_1790609713,DQN_UNIFORM,2,1836,108007,15.00,3,0.0100,0.09309,145.6
DQN_UNIFORM_seed_2_1790609713,DQN_UNIFORM,2,1837,108093,8.40,1,0.0100,0.11397,145.7
DQN_UNIFORM_seed_2_1790609713,DQN_UNIFORM,2,1838,108215,12.90,2,0.0100,0.09590,145.9
DQN_UNIFORM_seed_2_1790609713,DQN_UNIFORM,2,1839,108301,8.40,1,0.0100,0.10770,146.0
DQN_UNIFORM_seed_2_1790609713,DQN_UNIFORM,2,1840,108423,12.90,2,0.0100,0.08356,146.2
DQN_UNIFORM_seed_2_1790609713,DQN_UNIFORM,2,1841,108622,22.40,4,0.0100,0.09599,146.5
DQN_UNIFORM_seed_2_1790609713,DQN_UNIFORM,2,1842,108821,22.40,4,0.0100,0.09607,146.8
DQN_UNIFORM_seed_2_1790609713,DQN_UNIFORM,2,1843,108907,8.40,1,0.0100,0.10460,146.9
DQN_UNIFORM_seed_2_1790609713,DQN_UNIFORM,2,1844,108993,8.40,1,0.0100,0.09835,147.0
DQN_UNIFORM_seed_2_1790609713,DQN_UNIFORM,2,1845,109079,8.40,1,0.0100,0.12581,147.2
DQN_UNIFORM_seed_2_1790609713,DQN_UNIFORM,2,1846,109165,8.40,1,0.0100,0.08833,147.3
DQN_UNIFORM_seed_2_1790609713,DQN_UNIFORM,2,1847,109224,4.80,0,0.0100,0.10102,147.4
DQN_UNIFORM_seed_2_1790609713,DQN_UNIFORM,2,1848,109318,9.20,1,0.0100,0.09093,147.5
DQN_UNIFORM_seed_2_1790609713,DQN_UNIFORM,2,1849,109405,8.50,1,0.0100,0.10178,147.6
DQN_UNIFORM_seed_2_1790609713,DQN_UNIFORM,2,1850,109640,26.90,5,0.0100,0.10503,148.0
DQN_UNIFORM_seed_2_1790609713,DQN_UNIFORM,2,1851,109705,6.30,1,0.0100,0.10111,148.1
DQN_UNIFORM_seed_2_1790609713,DQN_UNIFORM,2,1852,109791,8.40,1,0.0100,0.10661,148.2
DQN_UNIFORM_seed_2_1790609713,DQN_UNIFORM,2,1853,109877,8.40,1,0.0100,0.08626,148.4
DQN_UNIFORM_seed_2_1790609713,DQN_UNIFORM,2,1854,109963,8.40,1,0.0100,0.09275,148.6
DQN_UNIFORM_seed_2_1790609713,DQN_UNIFORM,2,1855,110049,8.40,1,0.0100,0.11186,149.0
DQN_UNIFORM_seed_2_1790609713,DQN_UNIFORM,2,1856,110171,12.90,2,0.0100,0.11273,149.2
DQN_UNIFORM_seed_2_1790609713,DQN_UNIFORM,2,1857,110264,9.10,1,0.0100,0.11693,149.3
DQN_UNIFORM_seed_2_1790609713,DQN_UNIFORM,2,1858,110350,8.40,1,0.0100,0.11235,149.5
DQN_UNIFORM_seed_2_1790609713,DQN_UNIFORM,2,1859,110436,8.40,1,0.0100,0.13687,149.6
DQN_UNIFORM_seed_2_1790609713,DQN_UNIFORM,2,1860,110558,12.90,2,0.0100,0.10000,149.8
DQN_UNIFORM_seed_2_1790609713,DQN_UNIFORM,2,1861,110625,6.50,1,0.0100,0.13131,149.9
DQN_UNIFORM_seed_2_1790609713,DQN_UNIFORM,2,1862,110714,8.70,1,0.0100,0.14381,150.0
DQN_UNIFORM_seed_2_1790609713,DQN_UNIFORM,2,1863,110836,12.90,2,0.0100,0.10928,150.2
DQN_UNIFORM_seed_2_1790609713,DQN_UNIFORM,2,1864,110999,17.90,3,0.0100,0.11602,150.4
DQN_UNIFORM_seed_2_1790609713,DQN_UNIFORM,2,1865,111060,5.00,1,0.0100,0.10655,150.5
DQN_UNIFORM_seed_2_1790609713,DQN_UNIFORM,2,1866,111146,8.40,1,0.0100,0.10275,150.6
DQN_UNIFORM_seed_2_1790609713,DQN_UNIFORM,2,1867,111232,8.40,1,0.0100,0.12395,150.7
DQN_UNIFORM_seed_2_1790609713,DQN_UNIFORM,2,1868,111318,8.40,1,0.0100,0.13137,150.9
DQN_UNIFORM_seed_2_1790609713,DQN_UNIFORM,2,1869,111404,8.40,1,0.0100,0.10845,151.0
DQN_UNIFORM_seed_2_1790609713,DQN_UNIFORM,2,1870,111526,12.90,2,0.0100,0.12914,151.2
DQN_UNIFORM_seed_2_1790609713,DQN_UNIFORM,2,1871,111613,8.50,1,0.0100,0.11046,151.3
DQN_UNIFORM_seed_2_1790609713,DQN_UNIFORM,2,1872,111702,8.70,1,0.0100,0.11317,151.4
DQN_UNIFORM_seed_2_1790609713,DQN_UNIFORM,2,1873,111824,12.90,2,0.0100,0.10992,151.6
DQN_UNIFORM_seed_2_1790609713,DQN_UNIFORM,2,1874,111910,8.40,1,0.0100,0.09607,151.7
DQN_UNIFORM_seed_2_1790609713,DQN_UNIFORM,2,1875,111996,8.40,1,0.0100,0.10609,151.9
DQN_UNIFORM_seed_2_1790609713,DQN_UNIFORM,2,1876,112082,8.40,1,0.0100,0.09594,152.0
DQN_UNIFORM_seed_2_1790609713,DQN_UNIFORM,2,1877,112317,26.90,5,0.0100,0.11131,152.3
DQN_UNIFORM_seed_2_1790609713,DQN_UNIFORM,2,1878,112403,8.40,1,0.0100,0.09128,152.4
DQN_UNIFORM_seed_2_1790609713,DQN_UNIFORM,2,1879,112506,11.00,2,0.0100,0.09774,152.6
DQN_UNIFORM_seed_2_1790609713,DQN_UNIFORM,2,1880,112592,8.40,1,0.0100,0.09890,152.7
DQN_UNIFORM_seed_2_1790609713,DQN_UNIFORM,2,1881,112678,8.40,1,0.0100,0.09366,152.8
DQN_UNIFORM_seed_2_1790609713,DQN_UNIFORM,2,1882,112877,22.40,4,0.0100,0.10614,153.1
DQN_UNIFORM_seed_2_1790609713,DQN_UNIFORM,2,1883,112999,12.90,2,0.0100,0.10722,153.3
DQN_UNIFORM_seed_2_1790609713,DQN_UNIFORM,2,1884,113123,13.10,2,0.0100,0.09615,153.5
DQN_UNIFORM_seed_2_1790609713,DQN_UNIFORM,2,1885,113322,22.40,4,0.0100,0.10719,153.8
DQN_UNIFORM_seed_2_1790609713,DQN_UNIFORM,2,1886,113444,12.90,2,0.0100,0.08605,154.0
DQN_UNIFORM_seed_2_1790609713,DQN_UNIFORM,2,1887,113982,64.40,13,0.0100,0.11041,154.7
DQN_UNIFORM_seed_2_1790609713,DQN_UNIFORM,2,1888,114068,8.40,1,0.0100,0.12283,154.9
DQN_UNIFORM_seed_2_1790609713,DQN_UNIFORM,2,1889,114154,8.40,1,0.0100,0.09674,155.0
DQN_UNIFORM_seed_2_1790609713,DQN_UNIFORM,2,1890,114204,3.90,0,0.0100,0.09181,155.1
DQN_UNIFORM_seed_2_1790609713,DQN_UNIFORM,2,1891,114328,13.10,2,0.0100,0.10672,155.2
DQN_UNIFORM_seed_2_1790609713,DQN_UNIFORM,2,1892,114416,8.60,1,0.0100,0.09122,155.4
DQN_UNIFORM_seed_2_1790609713,DQN_UNIFORM,2,1893,114476,4.90,0,0.0100,0.08864,155.4
DQN_UNIFORM_seed_2_1790609713,DQN_UNIFORM,2,1894,114566,8.80,1,0.0100,0.11337,155.6
DQN_UNIFORM_seed_2_1790609713,DQN_UNIFORM,2,1895,115078,60.90,12,0.0100,0.10200,156.8
DQN_UNIFORM_seed_2_1790609713,DQN_UNIFORM,2,1896,115277,22.40,4,0.0100,0.09939,157.1
DQN_UNIFORM_seed_2_1790609713,DQN_UNIFORM,2,1897,115399,12.90,2,0.0100,0.10624,157.3
DQN_UNIFORM_seed_2_1790609713,DQN_UNIFORM,2,1898,115521,12.90,2,0.0100,0.10363,157.5
DQN_UNIFORM_seed_2_1790609713,DQN_UNIFORM,2,1899,115612,8.90,1,0.0100,0.09273,157.6
DQN_UNIFORM_seed_2_1790609713,DQN_UNIFORM,2,1900,115668,4.50,0,0.0100,0.09778,157.7
DQN_UNIFORM_seed_2_1790609713,DQN_UNIFORM,2,1901,115790,12.90,2,0.0100,0.10276,157.9
DQN_UNIFORM_seed_2_1790609713,DQN_UNIFORM,2,1902,115989,22.40,4,0.0100,0.09808,158.2
DQN_UNIFORM_seed_2_1790609713,DQN_UNIFORM,2,1903,116057,6.60,1,0.0100,0.08602,158.3
DQN_UNIFORM_seed_2_1790609713,DQN_UNIFORM,2,1904,116333,31.90,6,0.0100,0.09039,158.7
DQN_UNIFORM_seed_2_1790609713,DQN_UNIFORM,2,1905,116419,8.40,1,0.0100,0.10706,158.8
DQN_UNIFORM_seed_2_1790609713,DQN_UNIFORM,2,1906,116541,12.90,2,0.0100,0.11156,159.0
DQN_UNIFORM_seed_2_1790609713,DQN_UNIFORM,2,1907,116745,22.90,4,0.0100,0.09801,159.3
DQN_UNIFORM_seed_2_1790609713,DQN_UNIFORM,2,1908,116831,8.40,1,0.0100,0.10250,159.4
DQN_UNIFORM_seed_2_1790609713,DQN_UNIFORM,2,1909,117030,22.40,4,0.0100,0.08868,159.7
DQN_UNIFORM_seed_2_1790609713,DQN_UNIFORM,2,1910,117152,12.90,2,0.0100,0.09230,159.9
DQN_UNIFORM_seed_2_1790609713,DQN_UNIFORM,2,1911,117274,12.90,2,0.0100,0.11554,160.0
DQN_UNIFORM_seed_2_1790609713,DQN_UNIFORM,2,1912,117409,15.10,3,0.0100,0.10957,160.2
DQN_UNIFORM_seed_2_1790609713,DQN_UNIFORM,2,1913,117514,11.20,2,0.0100,0.10477,160.4
DQN_UNIFORM_seed_2_1790609713,DQN_UNIFORM,2,1914,117636,12.90,2,0.0100,0.09627,160.6
DQN_UNIFORM_seed_2_1790609713,DQN_UNIFORM,2,1915,117759,13.00,2,0.0100,0.09606,160.7
DQN_UNIFORM_seed_2_1790609713,DQN_UNIFORM,2,1916,117845,8.40,1,0.0100,0.10687,160.9
DQN_UNIFORM_seed_2_1790609713,DQN_UNIFORM,2,1917,117931,8.40,1,0.0100,0.10660,161.0
DQN_UNIFORM_seed_2_1790609713,DQN_UNIFORM,2,1918,118017,8.40,1,0.0100,0.09431,161.1
DQN_UNIFORM_seed_2_1790609713,DQN_UNIFORM,2,1919,118252,26.90,5,0.0100,0.11012,161.5
DQN_UNIFORM_seed_2_1790609713,DQN_UNIFORM,2,1920,118338,8.40,1,0.0100,0.11985,161.6
DQN_UNIFORM_seed_2_1790609713,DQN_UNIFORM,2,1921,118738,47.00,9,0.0100,0.11194,162.2
DQN_UNIFORM_seed_2_1790609713,DQN_UNIFORM,2,1922,118937,22.40,4,0.0100,0.10077,162.5
DQN_UNIFORM_seed_2_1790609713,DQN_UNIFORM,2,1923,119003,6.40,1,0.0100,0.11634,162.6
DQN_UNIFORM_seed_2_1790609713,DQN_UNIFORM,2,1924,119064,5.00,1,0.0100,0.10766,162.6
DQN_UNIFORM_seed_2_1790609713,DQN_UNIFORM,2,1925,119273,23.40,4,0.0100,0.09744,163.0
DQN_UNIFORM_seed_2_1790609713,DQN_UNIFORM,2,1926,119404,13.80,2,0.0100,0.10032,163.1
DQN_UNIFORM_seed_2_1790609713,DQN_UNIFORM,2,1927,119494,8.80,1,0.0100,0.08968,163.3
DQN_UNIFORM_seed_2_1790609713,DQN_UNIFORM,2,1928,119580,8.40,1,0.0100,0.08481,163.4
DQN_UNIFORM_seed_2_1790609713,DQN_UNIFORM,2,1929,119666,8.40,1,0.0100,0.09994,163.5
DQN_UNIFORM_seed_2_1790609713,DQN_UNIFORM,2,1930,119752,8.40,1,0.0100,0.10911,163.6
DQN_UNIFORM_seed_2_1790609713,DQN_UNIFORM,2,1931,119838,8.40,1,0.0100,0.10434,163.8
DQN_UNIFORM_seed_2_1790609713,DQN_UNIFORM,2,1932,119972,15.00,3,0.0100,0.09440,164.0
DQN_UNIFORM_seed_2_1790609713,DQN_UNIFORM,2,1933,120058,8.40,1,0.0100,0.07768,164.4
DQN_UNIFORM_seed_2_1790609713,DQN_UNIFORM,2,1934,120144,8.40,1,0.0100,0.10929,164.5
DQN_UNIFORM_seed_2_1790609713,DQN_UNIFORM,2,1935,120194,3.90,0,0.0100,0.12836,164.6
DQN_UNIFORM_seed_2_1790609713,DQN_UNIFORM,2,1936,120280,8.40,1,0.0100,0.10404,164.7
DQN_UNIFORM_seed_2_1790609713,DQN_UNIFORM,2,1937,120592,36.40,7,0.0100,0.10790,165.2
DQN_UNIFORM_seed_2_1790609713,DQN_UNIFORM,2,1938,120714,12.90,2,0.0100,0.09732,165.4
DQN_UNIFORM_seed_2_1790609713,DQN_UNIFORM,2,1939,120962,29.10,6,0.0100,0.09106,165.7
DQN_UNIFORM_seed_2_1790609713,DQN_UNIFORM,2,1940,121048,8.40,1,0.0100,0.09919,165.8
DQN_UNIFORM_seed_2_1790609713,DQN_UNIFORM,2,1941,121211,17.90,3,0.0100,0.09978,166.1
DQN_UNIFORM_seed_2_1790609713,DQN_UNIFORM,2,1942,121334,13.00,2,0.0100,0.09751,166.3
DQN_UNIFORM_seed_2_1790609713,DQN_UNIFORM,2,1943,121420,8.40,1,0.0100,0.10816,166.4
DQN_UNIFORM_seed_2_1790609713,DQN_UNIFORM,2,1944,121561,15.70,3,0.0100,0.10270,166.6
DQN_UNIFORM_seed_2_1790609713,DQN_UNIFORM,2,1945,121683,12.90,2,0.0100,0.10334,166.8
DQN_UNIFORM_seed_2_1790609713,DQN_UNIFORM,2,1946,121733,3.90,0,0.0100,0.09895,166.8
DQN_UNIFORM_seed_2_1790609713,DQN_UNIFORM,2,1947,121819,8.40,1,0.0100,0.10354,167.0
DQN_UNIFORM_seed_2_1790609713,DQN_UNIFORM,2,1948,122018,22.40,4,0.0100,0.09816,167.3
DQN_UNIFORM_seed_2_1790609713,DQN_UNIFORM,2,1949,122068,3.90,0,0.0100,0.13200,167.3
DQN_UNIFORM_seed_2_1790609713,DQN_UNIFORM,2,1950,122303,26.90,5,0.0100,0.09468,167.7
DQN_UNIFORM_seed_2_1790609713,DQN_UNIFORM,2,1951,122502,22.40,4,0.0100,0.08869,168.0
DQN_UNIFORM_seed_2_1790609713,DQN_UNIFORM,2,1952,122552,3.90,0,0.0100,0.09135,168.0
DQN_UNIFORM_seed_2_1790609713,DQN_UNIFORM,2,1953,122674,12.90,2,0.0100,0.08846,168.2
DQN_UNIFORM_seed_2_1790609713,DQN_UNIFORM,2,1954,122760,8.40,1,0.0100,0.08182,168.3
DQN_UNIFORM_seed_2_1790609713,DQN_UNIFORM,2,1955,123046,32.90,6,0.0100,0.09649,168.8
DQN_UNIFORM_seed_2_1790609713,DQN_UNIFORM,2,1956,123474,50.70,10,0.0100,0.10018,169.4
DQN_UNIFORM_seed_2_1790609713,DQN_UNIFORM,2,1957,123709,26.90,5,0.0100,0.09009,169.7
DQN_UNIFORM_seed_2_1790609713,DQN_UNIFORM,2,1958,123777,6.60,1,0.0100,0.09027,169.8
DQN_UNIFORM_seed_2_1790609713,DQN_UNIFORM,2,1959,123899,12.90,2,0.0100,0.09330,170.0
DQN_UNIFORM_seed_2_1790609713,DQN_UNIFORM,2,1960,124063,18.00,3,0.0100,0.09865,170.3
DQN_UNIFORM_seed_2_1790609713,DQN_UNIFORM,2,1961,124185,12.90,2,0.0100,0.10677,170.4
DQN_UNIFORM_seed_2_1790609713,DQN_UNIFORM,2,1962,124497,36.40,7,0.0100,0.10949,170.9
DQN_UNIFORM_seed_2_1790609713,DQN_UNIFORM,2,1963,125071,68.90,14,0.0100,0.11460,172.1
DQN_UNIFORM_seed_2_1790609713,DQN_UNIFORM,2,1964,125306,26.90,5,0.0100,0.11004,172.4
DQN_UNIFORM_seed_2_1790609713,DQN_UNIFORM,2,1965,125392,8.40,1,0.0100,0.09921,172.6
DQN_UNIFORM_seed_2_1790609713,DQN_UNIFORM,2,1966,125514,12.90,2,0.0100,0.10505,172.7
DQN_UNIFORM_seed_2_1790609713,DQN_UNIFORM,2,1967,125600,8.40,1,0.0100,0.09962,172.9
DQN_UNIFORM_seed_2_1790609713,DQN_UNIFORM,2,1968,125888,33.10,7,0.0100,0.10409,173.3
DQN_UNIFORM_seed_2_1790609713,DQN_UNIFORM,2,1969,125955,6.50,1,0.0100,0.08760,173.4
DQN_UNIFORM_seed_2_1790609713,DQN_UNIFORM,2,1970,126158,22.80,4,0.0100,0.07906,173.7
DQN_UNIFORM_seed_2_1790609713,DQN_UNIFORM,2,1971,126280,12.90,2,0.0100,0.09484,173.9
DQN_UNIFORM_seed_2_1790609713,DQN_UNIFORM,2,1972,126443,17.90,3,0.0100,0.10733,174.1
DQN_UNIFORM_seed_2_1790609713,DQN_UNIFORM,2,1973,126606,17.90,3,0.0100,0.10722,174.3
DQN_UNIFORM_seed_2_1790609713,DQN_UNIFORM,2,1974,126694,8.60,1,0.0100,0.11579,174.5
DQN_UNIFORM_seed_2_1790609713,DQN_UNIFORM,2,1975,126780,8.40,1,0.0100,0.10190,174.6
DQN_UNIFORM_seed_2_1790609713,DQN_UNIFORM,2,1976,126866,8.40,1,0.0100,0.11482,174.7
DQN_UNIFORM_seed_2_1790609713,DQN_UNIFORM,2,1977,127029,17.90,3,0.0100,0.10959,175.0
DQN_UNIFORM_seed_2_1790609713,DQN_UNIFORM,2,1978,127305,31.90,6,0.0100,0.11488,175.4
DQN_UNIFORM_seed_2_1790609713,DQN_UNIFORM,2,1979,127363,4.70,0,0.0100,0.11680,175.4
DQN_UNIFORM_seed_2_1790609713,DQN_UNIFORM,2,1980,127452,8.70,1,0.0100,0.11083,175.6
DQN_UNIFORM_seed_2_1790609713,DQN_UNIFORM,2,1981,127538,8.40,1,0.0100,0.09428,175.7
DQN_UNIFORM_seed_2_1790609713,DQN_UNIFORM,2,1982,127591,4.20,0,0.0100,0.10001,175.8
DQN_UNIFORM_seed_2_1790609713,DQN_UNIFORM,2,1983,127677,8.40,1,0.0100,0.10209,175.9
DQN_UNIFORM_seed_2_1790609713,DQN_UNIFORM,2,1984,127763,8.40,1,0.0100,0.12165,176.0
DQN_UNIFORM_seed_2_1790609713,DQN_UNIFORM,2,1985,127887,13.10,2,0.0100,0.09314,176.2
DQN_UNIFORM_seed_2_1790609713,DQN_UNIFORM,2,1986,127977,8.80,1,0.0100,0.10367,176.3
DQN_UNIFORM_seed_2_1790609713,DQN_UNIFORM,2,1987,128083,11.30,2,0.0100,0.11095,176.5
DQN_UNIFORM_seed_2_1790609713,DQN_UNIFORM,2,1988,128169,8.40,1,0.0100,0.09618,176.6
DQN_UNIFORM_seed_2_1790609713,DQN_UNIFORM,2,1989,128369,22.50,4,0.0100,0.10457,176.9
DQN_UNIFORM_seed_2_1790609713,DQN_UNIFORM,2,1990,128615,28.00,5,0.0100,0.12088,177.3
DQN_UNIFORM_seed_2_1790609713,DQN_UNIFORM,2,1991,128665,3.90,0,0.0100,0.09784,177.4
DQN_UNIFORM_seed_2_1790609713,DQN_UNIFORM,2,1992,128864,22.40,4,0.0100,0.10403,177.7
DQN_UNIFORM_seed_2_1790609713,DQN_UNIFORM,2,1993,128950,8.40,1,0.0100,0.12042,177.8
DQN_UNIFORM_seed_2_1790609713,DQN_UNIFORM,2,1994,129040,8.80,1,0.0100,0.10901,177.9
DQN_UNIFORM_seed_2_1790609713,DQN_UNIFORM,2,1995,129126,8.40,1,0.0100,0.09297,178.0
DQN_UNIFORM_seed_2_1790609713,DQN_UNIFORM,2,1996,129212,8.40,1,0.0100,0.12410,178.2
DQN_UNIFORM_seed_2_1790609713,DQN_UNIFORM,2,1997,129298,8.40,1,0.0100,0.12090,178.3
DQN_UNIFORM_seed_2_1790609713,DQN_UNIFORM,2,1998,129384,8.40,1,0.0100,0.12423,178.4
DQN_UNIFORM_seed_2_1790609713,DQN_UNIFORM,2,1999,129635,29.40,6,0.0100,0.10315,178.8
DQN_UNIFORM_seed_2_1790609713,DQN_UNIFORM,2,2000,129850,24.90,5,0.0100,0.11903,179.1
DQN_UNIFORM_seed_2_1790609713,DQN_UNIFORM,2,2001,130049,22.40,4,0.0100,0.12051,179.8
DQN_UNIFORM_seed_2_1790609713,DQN_UNIFORM,2,2002,130135,8.40,1,0.0100,0.14473,179.9
DQN_UNIFORM_seed_2_1790609713,DQN_UNIFORM,2,2003,130261,13.30,2,0.0100,0.11034,180.1
DQN_UNIFORM_seed_2_1790609713,DQN_UNIFORM,2,2004,130347,8.40,1,0.0100,0.10437,180.2
DQN_UNIFORM_seed_2_1790609713,DQN_UNIFORM,2,2005,130433,8.40,1,0.0100,0.11983,180.3
DQN_UNIFORM_seed_2_1790609713,DQN_UNIFORM,2,2006,130520,8.50,1,0.0100,0.11705,180.5
DQN_UNIFORM_seed_2_1790609713,DQN_UNIFORM,2,2007,130735,24.90,5,0.0100,0.11236,180.8
DQN_UNIFORM_seed_2_1790609713,DQN_UNIFORM,2,2008,130934,22.40,4,0.0100,0.11192,181.1
DQN_UNIFORM_seed_2_1790609713,DQN_UNIFORM,2,2009,131020,8.40,1,0.0100,0.11070,181.2
DQN_UNIFORM_seed_2_1790609713,DQN_UNIFORM,2,2010,131219,22.40,4,0.0100,0.11387,181.5
DQN_UNIFORM_seed_2_1790609713,DQN_UNIFORM,2,2011,131305,8.40,1,0.0100,0.10063,181.6
DQN_UNIFORM_seed_2_1790609713,DQN_UNIFORM,2,2012,131427,12.90,2,0.0100,0.11251,181.8
DQN_UNIFORM_seed_2_1790609713,DQN_UNIFORM,2,2013,131560,14.00,3,0.0100,0.13154,182.0
DQN_UNIFORM_seed_2_1790609713,DQN_UNIFORM,2,2014,131759,22.40,4,0.0100,0.11761,182.3
DQN_UNIFORM_seed_2_1790609713,DQN_UNIFORM,2,2015,131883,13.10,2,0.0100,0.11423,182.5
DQN_UNIFORM_seed_2_1790609713,DQN_UNIFORM,2,2016,132159,31.90,6,0.0100,0.12837,182.9
DQN_UNIFORM_seed_2_1790609713,DQN_UNIFORM,2,2017,132209,3.90,0,0.0100,0.10709,183.0
DQN_UNIFORM_seed_2_1790609713,DQN_UNIFORM,2,2018,132372,17.90,3,0.0100,0.10069,183.2
DQN_UNIFORM_seed_2_1790609713,DQN_UNIFORM,2,2019,132684,36.40,7,0.0100,0.11093,183.7
DQN_UNIFORM_seed_2_1790609713,DQN_UNIFORM,2,2020,132883,22.40,4,0.0100,0.12556,184.0
DQN_UNIFORM_seed_2_1790609713,DQN_UNIFORM,2,2021,132971,8.60,1,0.0100,0.12309,184.1
DQN_UNIFORM_seed_2_1790609713,DQN_UNIFORM,2,2022,133145,19.00,3,0.0100,0.10025,184.3
DQN_UNIFORM_seed_2_1790609713,DQN_UNIFORM,2,2023,133570,50.40,10,0.0100,0.10103,185.0
DQN_UNIFORM_seed_2_1790609713,DQN_UNIFORM,2,2024,133702,13.90,2,0.0100,0.12235,185.2
DQN_UNIFORM_seed_2_1790609713,DQN_UNIFORM,2,2025,133937,26.90,5,0.0100,0.10600,185.5
DQN_UNIFORM_seed_2_1790609713,DQN_UNIFORM,2,2026,134225,33.10,7,0.0100,0.10989,185.9
DQN_UNIFORM_seed_2_1790609713,DQN_UNIFORM,2,2027,134347,12.90,2,0.0100,0.10006,186.1
DQN_UNIFORM_seed_2_1790609713,DQN_UNIFORM,2,2028,134469,12.90,2,0.0100,0.11630,186.3
DQN_UNIFORM_seed_2_1790609713,DQN_UNIFORM,2,2029,134519,3.90,0,0.0100,0.11519,186.4
DQN_UNIFORM_seed_2_1790609713,DQN_UNIFORM,2,2030,134702,20.80,4,0.0100,0.12582,186.6
DQN_UNIFORM_seed_2_1790609713,DQN_UNIFORM,2,2031,134752,3.90,0,0.0100,0.13248,186.7
DQN_UNIFORM_seed_2_1790609713,DQN_UNIFORM,2,2032,134809,4.60,0,0.0100,0.11632,186.8
DQN_UNIFORM_seed_2_1790609713,DQN_UNIFORM,2,2033,135085,31.90,6,0.0100,0.12540,187.6
DQN_UNIFORM_seed_2_1790609713,DQN_UNIFORM,2,2034,135211,13.30,2,0.0100,0.11856,187.8
DQN_UNIFORM_seed_2_1790609713,DQN_UNIFORM,2,2035,135672,54.90,11,0.0100,0.10829,188.5
DQN_UNIFORM_seed_2_1790609713,DQN_UNIFORM,2,2036,135758,8.40,1,0.0100,0.11885,188.6
DQN_UNIFORM_seed_2_1790609713,DQN_UNIFORM,2,2037,135993,26.90,5,0.0100,0.09450,188.9
DQN_UNIFORM_seed_2_1790609713,DQN_UNIFORM,2,2038,136115,12.90,2,0.0100,0.11170,189.1
DQN_UNIFORM_seed_2_1790609713,DQN_UNIFORM,2,2039,136165,-0.90,0,0.0100,0.16477,189.2
DQN_UNIFORM_seed_2_1790609713,DQN_UNIFORM,2,2040,136232,6.50,1,0.0100,0.13345,189.3
DQN_UNIFORM_seed_2_1790609713,DQN_UNIFORM,2,2041,136282,1.50,0,0.0100,0.13667,189.4
DQN_UNIFORM_seed_2_1790609713,DQN_UNIFORM,2,2042,136445,17.90,3,0.0100,0.11562,189.6
DQN_UNIFORM_seed_2_1790609713,DQN_UNIFORM,2,2043,137027,69.70,14,0.0100,0.13024,190.4
DQN_UNIFORM_seed_2_1790609713,DQN_UNIFORM,2,2044,137094,6.50,1,0.0100,0.10595,190.5
DQN_UNIFORM_seed_2_1790609713,DQN_UNIFORM,2,2045,137144,3.90,0,0.0100,0.15793,190.6
DQN_UNIFORM_seed_2_1790609713,DQN_UNIFORM,2,2046,137201,4.60,0,0.0100,0.11416,190.7
DQN_UNIFORM_seed_2_1790609713,DQN_UNIFORM,2,2047,137323,12.90,2,0.0100,0.13981,190.9
DQN_UNIFORM_seed_2_1790609713,DQN_UNIFORM,2,2048,137671,40.90,8,0.0100,0.12904,191.4
DQN_UNIFORM_seed_2_1790609713,DQN_UNIFORM,2,2049,137798,13.40,2,0.0100,0.11939,191.6
DQN_UNIFORM_seed_2_1790609713,DQN_UNIFORM,2,2050,137998,22.50,4,0.0100,0.11816,191.9
DQN_UNIFORM_seed_2_1790609713,DQN_UNIFORM,2,2051,138120,12.90,2,0.0100,0.11863,192.1
DQN_UNIFORM_seed_2_1790609713,DQN_UNIFORM,2,2052,138170,3.90,0,0.0100,0.10421,192.1
DQN_UNIFORM_seed_2_1790609713,DQN_UNIFORM,2,2053,138256,8.40,1,0.0100,0.09322,192.3
DQN_UNIFORM_seed_2_1790609713,DQN_UNIFORM,2,2054,138455,22.40,4,0.0100,0.10774,192.6
DQN_UNIFORM_seed_2_1790609713,DQN_UNIFORM,2,2055,138541,8.40,1,0.0100,0.12645,192.7
DQN_UNIFORM_seed_2_1790609713,DQN_UNIFORM,2,2056,138721,20.50,4,0.0100,0.12520,192.9
DQN_UNIFORM_seed_2_1790609713,DQN_UNIFORM,2,2057,138807,8.40,1,0.0100,0.10993,193.1
DQN_UNIFORM_seed_2_1790609713,DQN_UNIFORM,2,2058,138900,9.10,1,0.0100,0.12726,193.2
DQN_UNIFORM_seed_2_1790609713,DQN_UNIFORM,2,2059,139475,69.00,14,0.0100,0.10980,194.1
DQN_UNIFORM_seed_2_1790609713,DQN_UNIFORM,2,2060,139597,12.90,2,0.0100,0.09937,194.2
DQN_UNIFORM_seed_2_1790609713,DQN_UNIFORM,2,2061,139721,13.10,2,0.0100,0.13080,194.4
DQN_UNIFORM_seed_2_1790609713,DQN_UNIFORM,2,2062,139771,3.90,0,0.0100,0.09631,194.5
DQN_UNIFORM_seed_2_1790609713,DQN_UNIFORM,2,2063,139894,13.00,2,0.0100,0.12665,194.7
DQN_UNIFORM_seed_2_1790609713,DQN_UNIFORM,2,2064,139944,3.90,0,0.0100,0.11650,194.7
DQN_UNIFORM_seed_2_1790609713,DQN_UNIFORM,2,2065,140030,8.40,1,0.0100,0.14336,195.3
DQN_UNIFORM_seed_2_1790609713,DQN_UNIFORM,2,2066,140248,25.20,5,0.0100,0.13944,195.6
DQN_UNIFORM_seed_2_1790609713,DQN_UNIFORM,2,2067,141179,113.60,24,0.0100,0.12268,197.0
DQN_UNIFORM_seed_2_1790609713,DQN_UNIFORM,2,2068,141265,8.40,1,0.0100,0.09399,197.1
DQN_UNIFORM_seed_2_1790609713,DQN_UNIFORM,2,2069,141541,31.90,6,0.0100,0.12133,197.5
DQN_UNIFORM_seed_2_1790609713,DQN_UNIFORM,2,2070,141704,17.90,3,0.0100,0.11908,197.8
DQN_UNIFORM_seed_2_1790609713,DQN_UNIFORM,2,2071,141826,12.90,2,0.0100,0.13251,198.0
DQN_UNIFORM_seed_2_1790609713,DQN_UNIFORM,2,2072,142063,27.10,5,0.0100,0.10693,198.3
DQN_UNIFORM_seed_2_1790609713,DQN_UNIFORM,2,2073,142339,31.90,6,0.0100,0.11827,198.7
DQN_UNIFORM_seed_2_1790609713,DQN_UNIFORM,2,2074,142635,34.80,7,0.0100,0.11535,199.2
DQN_UNIFORM_seed_2_1790609713,DQN_UNIFORM,2,2075,142762,13.40,2,0.0100,0.10715,199.3
DQN_UNIFORM_seed_2_1790609713,DQN_UNIFORM,2,2076,143010,29.10,6,0.0100,0.11748,199.7
DQN_UNIFORM_seed_2_1790609713,DQN_UNIFORM,2,2077,143245,26.90,5,0.0100,0.11871,200.1
DQN_UNIFORM_seed_2_1790609713,DQN_UNIFORM,2,2078,143315,6.80,1,0.0100,0.10356,200.2
DQN_UNIFORM_seed_2_1790609713,DQN_UNIFORM,2,2079,143401,8.40,1,0.0100,0.10502,200.3
DQN_UNIFORM_seed_2_1790609713,DQN_UNIFORM,2,2080,143523,12.90,2,0.0100,0.13469,200.5
DQN_UNIFORM_seed_2_1790609713,DQN_UNIFORM,2,2081,143609,8.40,1,0.0100,0.10250,200.6
DQN_UNIFORM_seed_2_1790609713,DQN_UNIFORM,2,2082,143696,8.50,1,0.0100,0.13311,200.7
DQN_UNIFORM_seed_2_1790609713,DQN_UNIFORM,2,2083,143748,4.10,0,0.0100,0.08660,200.8
DQN_UNIFORM_seed_2_1790609713,DQN_UNIFORM,2,2084,143870,12.90,2,0.0100,0.11457,201.0
DQN_UNIFORM_seed_2_1790609713,DQN_UNIFORM,2,2085,144297,50.60,10,0.0100,0.11383,201.6
DQN_UNIFORM_seed_2_1790609713,DQN_UNIFORM,2,2086,144419,12.90,2,0.0100,0.12115,201.8
DQN_UNIFORM_seed_2_1790609713,DQN_UNIFORM,2,2087,144582,17.90,3,0.0100,0.10731,202.0
DQN_UNIFORM_seed_2_1790609713,DQN_UNIFORM,2,2088,144858,31.90,6,0.0100,0.10812,202.4
DQN_UNIFORM_seed_2_1790609713,DQN_UNIFORM,2,2089,144946,8.60,1,0.0100,0.11865,202.6
DQN_UNIFORM_seed_2_1790609713,DQN_UNIFORM,2,2090,145004,4.70,0,0.0100,0.13338,203.1
DQN_UNIFORM_seed_2_1790609713,DQN_UNIFORM,2,2091,145126,12.90,2,0.0100,0.11890,203.3
DQN_UNIFORM_seed_2_1790609713,DQN_UNIFORM,2,2092,145212,8.40,1,0.0100,0.11715,203.4
DQN_UNIFORM_seed_2_1790609713,DQN_UNIFORM,2,2093,145576,43.40,9,0.0100,0.12283,204.0
DQN_UNIFORM_seed_2_1790609713,DQN_UNIFORM,2,2094,146643,129.90,27,0.0100,0.12204,205.6
DQN_UNIFORM_seed_2_1790609713,DQN_UNIFORM,2,2095,146878,26.90,5,0.0100,0.12321,205.9
DQN_UNIFORM_seed_2_1790609713,DQN_UNIFORM,2,2096,147012,15.00,3,0.0100,0.12638,206.1
DQN_UNIFORM_seed_2_1790609713,DQN_UNIFORM,2,2097,147175,17.90,3,0.0100,0.11135,206.3
DQN_UNIFORM_seed_2_1790609713,DQN_UNIFORM,2,2098,147338,17.90,3,0.0100,0.13977,206.6
DQN_UNIFORM_seed_2_1790609713,DQN_UNIFORM,2,2099,147650,36.40,7,0.0100,0.11868,207.0
DQN_UNIFORM_seed_2_1790609713,DQN_UNIFORM,2,2100,147712,6.00,1,0.0100,0.12894,207.1
DQN_UNIFORM_seed_2_1790609713,DQN_UNIFORM,2,2101,147798,8.40,1,0.0100,0.12838,207.3
DQN_UNIFORM_seed_2_1790609713,DQN_UNIFORM,2,2102,147920,12.90,2,0.0100,0.11525,207.4
DQN_UNIFORM_seed_2_1790609713,DQN_UNIFORM,2,2103,148249,39.00,8,0.0100,0.11963,207.9
DQN_UNIFORM_seed_2_1790609713,DQN_UNIFORM,2,2104,148412,17.90,3,0.0100,0.11901,208.2
DQN_UNIFORM_seed_2_1790609713,DQN_UNIFORM,2,2105,148873,54.90,11,0.0100,0.11026,208.8
DQN_UNIFORM_seed_2_1790609713,DQN_UNIFORM,2,2106,148975,10.90,2,0.0100,0.11484,209.0
DQN_UNIFORM_seed_2_1790609713,DQN_UNIFORM,2,2107,149816,101.90,21,0.0100,0.11786,210.2
DQN_UNIFORM_seed_2_1790609713,DQN_UNIFORM,2,2108,150015,22.40,4,0.0100,0.13300,210.9
DQN_UNIFORM_seed_2_1790609713,DQN_UNIFORM,2,2109,150101,8.40,1,0.0100,0.12507,211.0
DQN_UNIFORM_seed_2_1790609713,DQN_UNIFORM,2,2110,150300,22.40,4,0.0100,0.11139,211.3
DQN_UNIFORM_seed_2_1790609713,DQN_UNIFORM,2,2111,150820,62.60,13,0.0100,0.11405,212.1
DQN_UNIFORM_seed_2_1790609713,DQN_UNIFORM,2,2112,151019,22.40,4,0.0100,0.12505,212.4
DQN_UNIFORM_seed_2_1790609713,DQN_UNIFORM,2,2113,151117,10.50,2,0.0100,0.13129,212.5
DQN_UNIFORM_seed_2_1790609713,DQN_UNIFORM,2,2114,151203,8.40,1,0.0100,0.11773,212.6
DQN_UNIFORM_seed_2_1790609713,DQN_UNIFORM,2,2115,151366,17.90,3,0.0100,0.12520,212.9
DQN_UNIFORM_seed_2_1790609713,DQN_UNIFORM,2,2116,151529,17.90,3,0.0100,0.10467,213.1
DQN_UNIFORM_seed_2_1790609713,DQN_UNIFORM,2,2117,151586,4.60,0,0.0100,0.10713,213.2
DQN_UNIFORM_seed_2_1790609713,DQN_UNIFORM,2,2118,151934,40.90,8,0.0100,0.12214,213.7
DQN_UNIFORM_seed_2_1790609713,DQN_UNIFORM,2,2119,152021,8.50,1,0.0100,0.10652,213.8
DQN_UNIFORM_seed_2_1790609713,DQN_UNIFORM,2,2120,152071,3.90,0,0.0100,0.10915,213.9
DQN_UNIFORM_seed_2_1790609713,DQN_UNIFORM,2,2121,152306,26.90,5,0.0100,0.12540,214.3
DQN_UNIFORM_seed_2_1790609713,DQN_UNIFORM,2,2122,152428,12.90,2,0.0100,0.11868,214.4
DQN_UNIFORM_seed_2_1790609713,DQN_UNIFORM,2,2123,152480,4.10,0,0.0100,0.13525,214.5
DQN_UNIFORM_seed_2_1790609713,DQN_UNIFORM,2,2124,152644,18.00,3,0.0100,0.13629,214.8
DQN_UNIFORM_seed_2_1790609713,DQN_UNIFORM,2,2125,152766,12.90,2,0.0100,0.14445,214.9
DQN_UNIFORM_seed_2_1790609713,DQN_UNIFORM,2,2126,152830,6.20,1,0.0100,0.11249,215.0
DQN_UNIFORM_seed_2_1790609713,DQN_UNIFORM,2,2127,152916,8.40,1,0.0100,0.14073,215.2
DQN_UNIFORM_seed_2_1790609713,DQN_UNIFORM,2,2128,153118,22.70,4,0.0100,0.13291,215.5
DQN_UNIFORM_seed_2_1790609713,DQN_UNIFORM,2,2129,153466,40.90,8,0.0100,0.13444,216.0
DQN_UNIFORM_seed_2_1790609713,DQN_UNIFORM,2,2130,153742,31.90,6,0.0100,0.12130,216.4
DQN_UNIFORM_seed_2_1790609713,DQN_UNIFORM,2,2131,153807,6.30,1,0.0100,0.10114,216.5
DQN_UNIFORM_seed_2_1790609713,DQN_UNIFORM,2,2132,154006,22.40,4,0.0100,0.12871,216.8
DQN_UNIFORM_seed_2_1790609713,DQN_UNIFORM,2,2133,154806,96.90,20,0.0100,0.13087,217.9
DQN_UNIFORM_seed_2_1790609713,DQN_UNIFORM,2,2134,155118,36.40,7,0.0100,0.15008,218.9
DQN_UNIFORM_seed_2_1790609713,DQN_UNIFORM,2,2135,155204,8.40,1,0.0100,0.12111,219.0
DQN_UNIFORM_seed_2_1790609713,DQN_UNIFORM,2,2136,155290,8.40,1,0.0100,0.09697,219.1
DQN_UNIFORM_seed_2_1790609713,DQN_UNIFORM,2,2137,155525,26.90,5,0.0100,0.13814,219.5
DQN_UNIFORM_seed_2_1790609713,DQN_UNIFORM,2,2138,155735,23.50,4,0.0100,0.12281,219.8
DQN_UNIFORM_seed_2_1790609713,DQN_UNIFORM,2,2139,155914,20.40,4,0.0100,0.12538,220.1
DQN_UNIFORM_seed_2_1790609713,DQN_UNIFORM,2,2140,155970,4.50,0,0.0100,0.15694,220.2
DQN_UNIFORM_seed_2_1790609713,DQN_UNIFORM,2,2141,156020,3.90,0,0.0100,0.11822,220.2
DQN_UNIFORM_seed_2_1790609713,DQN_UNIFORM,2,2142,156106,8.40,1,0.0100,0.10226,220.4
DQN_UNIFORM_seed_2_1790609713,DQN_UNIFORM,2,2143,156174,6.60,1,0.0100,0.15403,220.5
DQN_UNIFORM_seed_2_1790609713,DQN_UNIFORM,2,2144,156488,36.60,7,0.0100,0.13094,220.9
DQN_UNIFORM_seed_2_1790609713,DQN_UNIFORM,2,2145,156540,4.10,0,0.0100,0.12196,221.0
DQN_UNIFORM_seed_2_1790609713,DQN_UNIFORM,2,2146,156705,18.10,3,0.0100,0.12536,221.2
DQN_UNIFORM_seed_2_1790609713,DQN_UNIFORM,2,2147,157053,40.90,8,0.0100,0.14460,221.8
DQN_UNIFORM_seed_2_1790609713,DQN_UNIFORM,2,2148,157442,45.90,9,0.0100,0.13304,222.3
DQN_UNIFORM_seed_2_1790609713,DQN_UNIFORM,2,2149,157754,36.40,7,0.0100,0.13260,222.8
DQN_UNIFORM_seed_2_1790609713,DQN_UNIFORM,2,2150,158670,111.20,23,0.0100,0.14008,224.1
DQN_UNIFORM_seed_2_1790609713,DQN_UNIFORM,2,2151,158847,20.20,4,0.0100,0.12219,224.4
DQN_UNIFORM_seed_2_1790609713,DQN_UNIFORM,2,2152,158934,8.50,1,0.0100,0.10618,224.5
DQN_UNIFORM_seed_2_1790609713,DQN_UNIFORM,2,2153,159060,13.30,2,0.0100,0.10198,224.7
DQN_UNIFORM_seed_2_1790609713,DQN_UNIFORM,2,2154,159119,4.80,0,0.0100,0.13880,224.8
DQN_UNIFORM_seed_2_1790609713,DQN_UNIFORM,2,2155,159561,53.00,11,0.0100,0.13881,225.5
DQN_UNIFORM_seed_2_1790609713,DQN_UNIFORM,2,2156,159647,8.40,1,0.0100,0.13091,225.6
DQN_UNIFORM_seed_2_1790609713,DQN_UNIFORM,2,2157,159733,8.40,1,0.0100,0.16378,225.7
DQN_UNIFORM_seed_2_1790609713,DQN_UNIFORM,2,2158,159855,12.90,2,0.0100,0.12742,225.9
DQN_UNIFORM_seed_2_1790609713,DQN_UNIFORM,2,2159,160167,36.40,7,0.0100,0.13340,227.3
DQN_UNIFORM_seed_2_1790609713,DQN_UNIFORM,2,2160,160796,76.20,16,0.0100,0.14174,228.2
DQN_UNIFORM_seed_2_1790609713,DQN_UNIFORM,2,2161,160882,8.40,1,0.0100,0.14749,228.3
DQN_UNIFORM_seed_2_1790609713,DQN_UNIFORM,2,2162,161194,36.40,7,0.0100,0.12819,228.8
DQN_UNIFORM_seed_2_1790609713,DQN_UNIFORM,2,2163,161470,31.90,6,0.0100,0.10226,229.2
DQN_UNIFORM_seed_2_1790609713,DQN_UNIFORM,2,2164,161669,22.40,4,0.0100,0.11525,229.5
DQN_UNIFORM_seed_2_1790609713,DQN_UNIFORM,2,2165,162094,49.80,10,0.0100,0.14523,230.1
DQN_UNIFORM_seed_2_1790609713,DQN_UNIFORM,2,2166,162216,12.90,2,0.0100,0.11893,230.3
DQN_UNIFORM_seed_2_1790609713,DQN_UNIFORM,2,2167,162338,12.90,2,0.0100,0.11975,230.5
DQN_UNIFORM_seed_2_1790609713,DQN_UNIFORM,2,2168,162431,9.10,1,0.0100,0.12042,230.6
DQN_UNIFORM_seed_2_1790609713,DQN_UNIFORM,2,2169,162553,12.90,2,0.0100,0.10819,230.8
DQN_UNIFORM_seed_2_1790609713,DQN_UNIFORM,2,2170,162603,3.90,0,0.0100,0.14684,230.9
DQN_UNIFORM_seed_2_1790609713,DQN_UNIFORM,2,2171,162766,17.90,3,0.0100,0.14824,231.1
DQN_UNIFORM_seed_2_1790609713,DQN_UNIFORM,2,2172,163001,26.90,5,0.0100,0.14057,231.5
DQN_UNIFORM_seed_2_1790609713,DQN_UNIFORM,2,2173,163051,3.90,0,0.0100,0.09235,231.6
DQN_UNIFORM_seed_2_1790609713,DQN_UNIFORM,2,2174,163553,59.90,12,0.0100,0.13298,232.3
DQN_UNIFORM_seed_2_1790609713,DQN_UNIFORM,2,2175,163603,3.90,0,0.0100,0.15606,232.4
DQN_UNIFORM_seed_2_1790609713,DQN_UNIFORM,2,2176,163694,8.90,1,0.0100,0.14087,232.5
DQN_UNIFORM_seed_2_1790609713,DQN_UNIFORM,2,2177,163893,22.40,4,0.0100,0.16167,232.8
DQN_UNIFORM_seed_2_1790609713,DQN_UNIFORM,2,2178,164128,26.90,5,0.0100,0.13954,233.2
DQN_UNIFORM_seed_2_1790609713,DQN_UNIFORM,2,2179,164476,40.90,8,0.0100,0.14739,233.7
DQN_UNIFORM_seed_2_1790609713,DQN_UNIFORM,2,2180,164711,26.90,5,0.0100,0.15548,234.0
DQN_UNIFORM_seed_2_1790609713,DQN_UNIFORM,2,2181,164834,13.00,2,0.0100,0.17798,234.2
DQN_UNIFORM_seed_2_1790609713,DQN_UNIFORM,2,2182,164920,8.40,1,0.0100,0.12362,234.3
DQN_UNIFORM_seed_2_1790609713,DQN_UNIFORM,2,2183,165042,12.90,2,0.0100,0.17405,235.8
DQN_UNIFORM_seed_2_1790609713,DQN_UNIFORM,2,2184,165097,4.40,0,0.0100,0.16101,235.8
DQN_UNIFORM_seed_2_1790609713,DQN_UNIFORM,2,2185,165183,8.40,1,0.0100,0.14691,236.0
DQN_UNIFORM_seed_2_1790609713,DQN_UNIFORM,2,2186,165432,29.20,6,0.0100,0.16572,236.3
DQN_UNIFORM_seed_2_1790609713,DQN_UNIFORM,2,2187,165556,13.10,2,0.0100,0.14940,236.5
DQN_UNIFORM_seed_2_1790609713,DQN_UNIFORM,2,2188,166179,74.70,15,0.0100,0.15476,237.4
DQN_UNIFORM_seed_2_1790609713,DQN_UNIFORM,2,2189,166301,12.90,2,0.0100,0.16724,237.6
DQN_UNIFORM_seed_2_1790609713,DQN_UNIFORM,2,2190,166509,23.30,4,0.0100,0.14245,237.9
DQN_UNIFORM_seed_2_1790609713,DQN_UNIFORM,2,2191,166576,6.50,1,0.0100,0.12458,238.0
DQN_UNIFORM_seed_2_1790609713,DQN_UNIFORM,2,2192,166791,24.90,5,0.0100,0.11740,238.4
DQN_UNIFORM_seed_2_1790609713,DQN_UNIFORM,2,2193,166887,9.40,1,0.0100,0.15443,238.5
DQN_UNIFORM_seed_2_1790609713,DQN_UNIFORM,2,2194,166973,8.40,1,0.0100,0.08969,238.6
DQN_UNIFORM_seed_2_1790609713,DQN_UNIFORM,2,2195,167095,12.90,2,0.0100,0.12698,238.8
DQN_UNIFORM_seed_2_1790609713,DQN_UNIFORM,2,2196,167217,12.90,2,0.0100,0.17064,239.0
DQN_UNIFORM_seed_2_1790609713,DQN_UNIFORM,2,2197,167452,26.90,5,0.0100,0.13608,239.3
DQN_UNIFORM_seed_2_1790609713,DQN_UNIFORM,2,2198,167483,2.00,0,0.0100,0.17853,239.4
DQN_UNIFORM_seed_2_1790609713,DQN_UNIFORM,2,2199,167581,10.50,2,0.0100,0.14827,239.5
DQN_UNIFORM_seed_2_1790609713,DQN_UNIFORM,2,2200,167621,2.90,0,0.0100,0.13454,239.6
DQN_UNIFORM_seed_2_1790609713,DQN_UNIFORM,2,2201,167652,2.00,0,0.0100,0.20471,239.6
DQN_UNIFORM_seed_2_1790609713,DQN_UNIFORM,2,2202,167683,2.00,0,0.0100,0.13168,239.7
DQN_UNIFORM_seed_2_1790609713,DQN_UNIFORM,2,2203,167784,10.80,2,0.0100,0.16766,239.8
DQN_UNIFORM_seed_2_1790609713,DQN_UNIFORM,2,2204,167947,17.90,3,0.0100,0.12036,240.1
DQN_UNIFORM_seed_2_1790609713,DQN_UNIFORM,2,2205,167978,2.00,0,0.0100,0.08422,240.1
DQN_UNIFORM_seed_2_1790609713,DQN_UNIFORM,2,2206,168028,3.90,0,0.0100,0.15123,240.2
DQN_UNIFORM_seed_2_1790609713,DQN_UNIFORM,2,2207,168282,29.70,6,0.0100,0.16863,240.6
DQN_UNIFORM_seed_2_1790609713,DQN_UNIFORM,2,2208,168344,6.00,1,0.0100,0.17330,240.7
DQN_UNIFORM_seed_2_1790609713,DQN_UNIFORM,2,2209,168441,9.50,2,0.0100,0.17128,240.8
DQN_UNIFORM_seed_2_1790609713,DQN_UNIFORM,2,2210,168533,9.00,1,0.0100,0.16843,240.9
DQN_UNIFORM_seed_2_1790609713,DQN_UNIFORM,2,2211,168590,4.60,0,0.0100,0.19521,241.0
DQN_UNIFORM_seed_2_1790609713,DQN_UNIFORM,2,2212,168640,3.90,0,0.0100,0.14062,241.1
DQN_UNIFORM_seed_2_1790609713,DQN_UNIFORM,2,2213,169295,78.80,16,0.0100,0.15795,242.1
DQN_UNIFORM_seed_2_1790609713,DQN_UNIFORM,2,2214,169623,38.90,8,0.0100,0.14800,242.6
DQN_UNIFORM_seed_2_1790609713,DQN_UNIFORM,2,2215,169712,8.70,1,0.0100,0.17580,242.7
DQN_UNIFORM_seed_2_1790609713,DQN_UNIFORM,2,2216,169777,6.30,1,0.0100,0.13704,242.8
DQN_UNIFORM_seed_2_1790609713,DQN_UNIFORM,2,2217,169958,20.60,4,0.0100,0.16115,243.1
DQN_UNIFORM_seed_2_1790609713,DQN_UNIFORM,2,2218,170141,20.80,4,0.0100,0.16297,246.2
DQN_UNIFORM_seed_2_1790609713,DQN_UNIFORM,2,2219,170602,54.90,11,0.0100,0.14907,246.9
DQN_UNIFORM_seed_2_1790609713,DQN_UNIFORM,2,2220,170662,4.90,0,0.0100,0.16674,247.0
DQN_UNIFORM_seed_2_1790609713,DQN_UNIFORM,2,2221,170979,36.90,7,0.0100,0.14599,247.5
DQN_UNIFORM_seed_2_1790609713,DQN_UNIFORM,2,2222,171214,26.90,5,0.0100,0.15031,247.8
DQN_UNIFORM_seed_2_1790609713,DQN_UNIFORM,2,2223,171449,26.90,5,0.0100,0.14559,248.2
DQN_UNIFORM_seed_2_1790609713,DQN_UNIFORM,2,2224,171838,45.90,9,0.0100,0.15092,248.8
DQN_UNIFORM_seed_2_1790609713,DQN_UNIFORM,2,2225,171924,8.40,1,0.0100,0.16434,248.9
DQN_UNIFORM_seed_2_1790609713,DQN_UNIFORM,2,2226,172087,17.90,3,0.0100,0.15354,249.1
DQN_UNIFORM_seed_2_1790609713,DQN_UNIFORM,2,2227,172512,50.40,10,0.0100,0.16749,249.8
DQN_UNIFORM_seed_2_1790609713,DQN_UNIFORM,2,2228,172598,8.40,1,0.0100,0.14918,249.9
DQN_UNIFORM_seed_2_1790609713,DQN_UNIFORM,2,2229,172648,3.90,0,0.0100,0.18254,250.0
DQN_UNIFORM_seed_2_1790609713,DQN_UNIFORM,2,2230,172780,13.90,2,0.0100,0.14025,250.2
DQN_UNIFORM_seed_2_1790609713,DQN_UNIFORM,2,2231,172981,22.60,4,0.0100,0.19292,250.5
DQN_UNIFORM_seed_2_1790609713,DQN_UNIFORM,2,2232,173535,66.90,14,0.0100,0.16714,251.3
DQN_UNIFORM_seed_2_1790609713,DQN_UNIFORM,2,2233,173849,36.60,7,0.0100,0.15713,251.8
DQN_UNIFORM_seed_2_1790609713,DQN_UNIFORM,2,2234,174197,40.90,8,0.0100,0.13860,252.3
DQN_UNIFORM_seed_2_1790609713,DQN_UNIFORM,2,2235,174360,17.90,3,0.0100,0.14019,252.5
DQN_UNIFORM_seed_2_1790609713,DQN_UNIFORM,2,2236,174410,3.90,0,0.0100,0.21293,252.6
DQN_UNIFORM_seed_2_1790609713,DQN_UNIFORM,2,2237,174510,10.70,2,0.0100,0.14134,252.8
DQN_UNIFORM_seed_2_1790609713,DQN_UNIFORM,2,2238,175052,64.80,13,0.0100,0.18759,257.5
DQN_UNIFORM_seed_2_1790609713,DQN_UNIFORM,2,2239,175261,23.40,4,0.0100,0.15965,257.8
DQN_UNIFORM_seed_2_1790609713,DQN_UNIFORM,2,2240,175311,3.90,0,0.0100,0.08588,257.9
DQN_UNIFORM_seed_2_1790609713,DQN_UNIFORM,2,2241,175515,22.90,4,0.0100,0.13749,258.2
DQN_UNIFORM_seed_2_1790609713,DQN_UNIFORM,2,2242,175714,22.40,4,0.0100,0.14083,258.5
DQN_UNIFORM_seed_2_1790609713,DQN_UNIFORM,2,2243,175800,8.40,1,0.0100,0.17565,258.6
DQN_UNIFORM_seed_2_1790609713,DQN_UNIFORM,2,2244,176044,27.80,5,0.0100,0.14906,259.0
DQN_UNIFORM_seed_2_1790609713,DQN_UNIFORM,2,2245,176104,4.90,0,0.0100,0.18720,259.1
DQN_UNIFORM_seed_2_1790609713,DQN_UNIFORM,2,2246,176285,20.60,4,0.0100,0.14639,259.3
DQN_UNIFORM_seed_2_1790609713,DQN_UNIFORM,2,2247,176537,29.50,6,0.0100,0.15502,259.7
DQN_UNIFORM_seed_2_1790609713,DQN_UNIFORM,2,2248,176636,10.60,2,0.0100,0.12881,259.9
DQN_UNIFORM_seed_2_1790609713,DQN_UNIFORM,2,2249,177269,76.60,16,0.0100,0.13371,260.8
DQN_UNIFORM_seed_2_1790609713,DQN_UNIFORM,2,2250,177374,11.20,2,0.0100,0.10082,261.0
DQN_UNIFORM_seed_2_1790609713,DQN_UNIFORM,2,2251,177479,11.20,2,0.0100,0.18481,261.1
DQN_UNIFORM_seed_2_1790609713,DQN_UNIFORM,2,2252,177917,52.60,11,0.0100,0.15082,261.8
DQN_UNIFORM_seed_2_1790609713,DQN_UNIFORM,2,2253,178208,34.30,7,0.0100,0.16579,262.2
DQN_UNIFORM_seed_2_1790609713,DQN_UNIFORM,2,2254,178371,17.90,3,0.0100,0.15163,262.4
DQN_UNIFORM_seed_2_1790609713,DQN_UNIFORM,2,2255,178956,70.00,14,0.0100,0.14872,263.3
DQN_UNIFORM_seed_2_1790609713,DQN_UNIFORM,2,2256,179196,27.40,5,0.0100,0.11615,263.7
DQN_UNIFORM_seed_2_1790609713,DQN_UNIFORM,2,2257,179883,82.90,17,0.0100,0.14460,264.7
DQN_UNIFORM_seed_2_1790609713,DQN_UNIFORM,2,2258,179969,8.40,1,0.0100,0.14788,264.8
DQN_UNIFORM_seed_2_1790609713,DQN_UNIFORM,2,2259,180038,6.70,1,0.0100,0.18978,269.2
DQN_UNIFORM_seed_2_1790609713,DQN_UNIFORM,2,2260,180143,11.20,2,0.0100,0.15524,269.4
DQN_UNIFORM_seed_2_1790609713,DQN_UNIFORM,2,2261,180239,9.40,1,0.0100,0.21166,269.5
DQN_UNIFORM_seed_2_1790609713,DQN_UNIFORM,2,2262,180290,4.00,0,0.0100,0.16370,269.6
DQN_UNIFORM_seed_2_1790609713,DQN_UNIFORM,2,2263,180638,40.90,8,0.0100,0.13635,270.1
DQN_UNIFORM_seed_2_1790609713,DQN_UNIFORM,2,2264,180854,25.00,5,0.0100,0.15061,270.4
DQN_UNIFORM_seed_2_1790609713,DQN_UNIFORM,2,2265,181089,26.90,5,0.0100,0.14662,270.8
DQN_UNIFORM_seed_2_1790609713,DQN_UNIFORM,2,2266,181328,27.30,5,0.0100,0.16927,271.1
DQN_UNIFORM_seed_2_1790609713,DQN_UNIFORM,2,2267,181717,45.90,9,0.0100,0.14740,271.7
DQN_UNIFORM_seed_2_1790609713,DQN_UNIFORM,2,2268,181843,13.30,2,0.0100,0.13203,271.9
DQN_UNIFORM_seed_2_1790609713,DQN_UNIFORM,2,2269,182024,20.60,4,0.0100,0.15053,272.2
DQN_UNIFORM_seed_2_1790609713,DQN_UNIFORM,2,2270,182241,25.10,5,0.0100,0.16513,272.5
DQN_UNIFORM_seed_2_1790609713,DQN_UNIFORM,2,2271,182306,6.30,1,0.0100,0.13925,272.6
DQN_UNIFORM_seed_2_1790609713,DQN_UNIFORM,2,2272,182337,2.00,0,0.0100,0.14841,272.7
DQN_UNIFORM_seed_2_1790609713,DQN_UNIFORM,2,2273,182536,22.40,4,0.0100,0.13925,273.0
DQN_UNIFORM_seed_2_1790609713,DQN_UNIFORM,2,2274,182602,6.40,1,0.0100,0.19341,273.1
DQN_UNIFORM_seed_2_1790609713,DQN_UNIFORM,2,2275,182728,13.30,2,0.0100,0.12487,273.2
DQN_UNIFORM_seed_2_1790609713,DQN_UNIFORM,2,2276,182869,15.70,3,0.0100,0.13925,273.5
DQN_UNIFORM_seed_2_1790609713,DQN_UNIFORM,2,2277,183444,69.00,14,0.0100,0.14709,274.3
DQN_UNIFORM_seed_2_1790609713,DQN_UNIFORM,2,2278,183566,12.90,2,0.0100,0.17170,274.5
DQN_UNIFORM_seed_2_1790609713,DQN_UNIFORM,2,2279,183821,29.80,6,0.0100,0.12341,274.9
DQN_UNIFORM_seed_2_1790609713,DQN_UNIFORM,2,2280,183943,12.90,2,0.0100,0.11449,275.1
DQN_UNIFORM_seed_2_1790609713,DQN_UNIFORM,2,2281,184002,4.80,0,0.0100,0.14453,275.2
DQN_UNIFORM_seed_2_1790609713,DQN_UNIFORM,2,2282,184182,20.50,4,0.0100,0.15767,275.4
DQN_UNIFORM_seed_2_1790609713,DQN_UNIFORM,2,2283,184323,15.70,3,0.0100,0.16493,275.6
DQN_UNIFORM_seed_2_1790609713,DQN_UNIFORM,2,2284,184445,12.90,2,0.0100,0.20840,275.8
DQN_UNIFORM_seed_2_1790609713,DQN_UNIFORM,2,2285,184500,4.40,0,0.0100,0.15943,275.9
DQN_UNIFORM_seed_2_1790609713,DQN_UNIFORM,2,2286,184567,6.50,1,0.0100,0.15700,276.0
DQN_UNIFORM_seed_2_1790609713,DQN_UNIFORM,2,2287,186009,176.40,37,0.0100,0.16199,280.2
DQN_UNIFORM_seed_2_1790609713,DQN_UNIFORM,2,2288,186100,8.90,1,0.0100,0.19596,280.3
DQN_UNIFORM_seed_2_1790609713,DQN_UNIFORM,2,2289,186715,73.90,15,0.0100,0.14347,281.3
DQN_UNIFORM_seed_2_1790609713,DQN_UNIFORM,2,2290,186878,17.90,3,0.0100,0.13764,281.5
DQN_UNIFORM_seed_2_1790609713,DQN_UNIFORM,2,2291,187154,31.90,6,0.0100,0.17749,281.9
DQN_UNIFORM_seed_2_1790609713,DQN_UNIFORM,2,2292,187502,40.90,8,0.0100,0.15687,282.4
DQN_UNIFORM_seed_2_1790609713,DQN_UNIFORM,2,2293,187746,27.80,5,0.0100,0.13893,282.8
DQN_UNIFORM_seed_2_1790609713,DQN_UNIFORM,2,2294,187924,20.30,4,0.0100,0.13897,283.1
DQN_UNIFORM_seed_2_1790609713,DQN_UNIFORM,2,2295,188048,13.10,2,0.0100,0.14647,283.3
DQN_UNIFORM_seed_2_1790609713,DQN_UNIFORM,2,2296,188211,17.90,3,0.0100,0.13774,283.5
DQN_UNIFORM_seed_2_1790609713,DQN_UNIFORM,2,2297,188686,57.20,12,0.0100,0.13177,284.2
DQN_UNIFORM_seed_2_1790609713,DQN_UNIFORM,2,2298,189018,39.30,8,0.0100,0.14015,284.7
DQN_UNIFORM_seed_2_1790609713,DQN_UNIFORM,2,2299,189217,22.40,4,0.0100,0.13202,285.0
DQN_UNIFORM_seed_2_1790609713,DQN_UNIFORM,2,2300,189284,6.50,1,0.0100,0.14534,285.1
DQN_UNIFORM_seed_2_1790609713,DQN_UNIFORM,2,2301,189465,20.60,4,0.0100,0.17130,285.4
DQN_UNIFORM_seed_2_1790609713,DQN_UNIFORM,2,2302,189530,6.30,1,0.0100,0.14319,285.5
DQN_UNIFORM_seed_2_1790609713,DQN_UNIFORM,2,2303,189842,36.40,7,0.0100,0.12470,286.0
DQN_UNIFORM_seed_2_1790609713,DQN_UNIFORM,2,2304,190077,26.90,5,0.0100,0.13796,287.0
DQN_UNIFORM_seed_2_1790609713,DQN_UNIFORM,2,2305,190240,17.90,3,0.0100,0.12698,287.2
DQN_UNIFORM_seed_2_1790609713,DQN_UNIFORM,2,2306,190459,25.30,5,0.0100,0.15723,287.5
DQN_UNIFORM_seed_2_1790609713,DQN_UNIFORM,2,2307,190514,4.40,0,0.0100,0.11294,287.6
DQN_UNIFORM_seed_2_1790609713,DQN_UNIFORM,2,2308,190881,43.70,9,0.0100,0.14708,288.2
DQN_UNIFORM_seed_2_1790609713,DQN_UNIFORM,2,2309,190973,9.00,1,0.0100,0.10731,288.3
DQN_UNIFORM_seed_2_1790609713,DQN_UNIFORM,2,2310,191039,6.40,1,0.0100,0.16467,288.4
DQN_UNIFORM_seed_2_1790609713,DQN_UNIFORM,2,2311,191446,48.60,10,0.0100,0.14613,289.0
DQN_UNIFORM_seed_2_1790609713,DQN_UNIFORM,2,2312,191501,4.40,0,0.0100,0.12308,289.1
DQN_UNIFORM_seed_2_1790609713,DQN_UNIFORM,2,2313,191937,51.50,10,0.0100,0.15733,289.8
DQN_UNIFORM_seed_2_1790609713,DQN_UNIFORM,2,2314,192119,20.70,4,0.0100,0.15109,290.0
DQN_UNIFORM_seed_2_1790609713,DQN_UNIFORM,2,2315,192189,6.80,1,0.0100,0.10140,290.1
DQN_UNIFORM_seed_2_1790609713,DQN_UNIFORM,2,2316,192257,6.60,1,0.0100,0.20283,290.2
DQN_UNIFORM_seed_2_1790609713,DQN_UNIFORM,2,2317,192315,4.70,0,0.0100,0.09491,290.3
DQN_UNIFORM_seed_2_1790609713,DQN_UNIFORM,2,2318,192415,10.70,2,0.0100,0.14997,290.5
DQN_UNIFORM_seed_2_1790609713,DQN_UNIFORM,2,2319,192711,34.80,7,0.0100,0.17471,290.9
DQN_UNIFORM_seed_2_1790609713,DQN_UNIFORM,2,2320,192874,17.30,3,0.0100,0.16104,291.2
DQN_UNIFORM_seed_2_1790609713,DQN_UNIFORM,2,2321,192998,13.10,2,0.0100,0.14003,291.4
DQN_UNIFORM_seed_2_1790609713,DQN_UNIFORM,2,2322,193536,63.20,13,0.0100,0.14071,292.2
DQN_UNIFORM_seed_2_1790609713,DQN_UNIFORM,2,2323,193591,4.40,0,0.0100,0.12855,292.3
DQN_UNIFORM_seed_2_1790609713,DQN_UNIFORM,2,2324,194408,99.50,21,0.0100,0.14020,293.5
DQN_UNIFORM_seed_2_1790609713,DQN_UNIFORM,2,2325,194684,31.90,6,0.0100,0.14677,293.9
DQN_UNIFORM_seed_2_1790609713,DQN_UNIFORM,2,2326,195042,41.90,8,0.0100,0.12870,297.2
DQN_UNIFORM_seed_2_1790609713,DQN_UNIFORM,2,2327,195092,3.90,0,0.0100,0.19302,297.2
DQN_UNIFORM_seed_2_1790609713,DQN_UNIFORM,2,2328,195224,13.90,2,0.0100,0.12991,297.4
DQN_UNIFORM_seed_2_1790609713,DQN_UNIFORM,2,2329,195290,6.40,1,0.0100,0.11747,297.5
DQN_UNIFORM_seed_2_1790609713,DQN_UNIFORM,2,2330,195390,10.70,2,0.0100,0.11463,297.7
DQN_UNIFORM_seed_2_1790609713,DQN_UNIFORM,2,2331,195440,-5.70,0,0.0100,0.10343,297.8
DQN_UNIFORM_seed_2_1790609713,DQN_UNIFORM,2,2332,195493,4.20,0,0.0100,0.16599,297.9
DQN_UNIFORM_seed_2_1790609713,DQN_UNIFORM,2,2333,195592,10.60,2,0.0100,0.10731,298.0
DQN_UNIFORM_seed_2_1790609713,DQN_UNIFORM,2,2334,195918,38.70,8,0.0100,0.13074,298.5
DQN_UNIFORM_seed_2_1790609713,DQN_UNIFORM,2,2335,196126,23.30,4,0.0100,0.11755,298.8
DQN_UNIFORM_seed_2_1790609713,DQN_UNIFORM,2,2336,196628,59.90,12,0.0100,0.15877,299.6
DQN_UNIFORM_seed_2_1790609713,DQN_UNIFORM,2,2337,196756,13.50,2,0.0100,0.14651,299.8
DQN_UNIFORM_seed_2_1790609713,DQN_UNIFORM,2,2338,196806,3.90,0,0.0100,0.15960,299.8
DQN_UNIFORM_seed_2_1790609713,DQN_UNIFORM,2,2339,196856,3.90,0,0.0100,0.08645,299.9
DQN_UNIFORM_seed_2_1790609713,DQN_UNIFORM,2,2340,196984,13.50,2,0.0100,0.12466,300.1
DQN_UNIFORM_seed_2_1790609713,DQN_UNIFORM,2,2341,197644,79.30,16,0.0100,0.13923,301.1
DQN_UNIFORM_seed_2_1790609713,DQN_UNIFORM,2,2342,198105,54.90,11,0.0100,0.14789,301.8
DQN_UNIFORM_seed_2_1790609713,DQN_UNIFORM,2,2343,198494,45.90,9,0.0100,0.15408,302.4
DQN_UNIFORM_seed_2_1790609713,DQN_UNIFORM,2,2344,198657,17.90,3,0.0100,0.13703,302.7
DQN_UNIFORM_seed_2_1790609713,DQN_UNIFORM,2,2345,198746,8.70,1,0.0100,0.14581,302.8
DQN_UNIFORM_seed_2_1790609713,DQN_UNIFORM,2,2346,199041,34.70,7,0.0100,0.14909,303.3
DQN_UNIFORM_seed_2_1790609713,DQN_UNIFORM,2,2347,199091,3.90,0,0.0100,0.15964,303.3
DQN_UNIFORM_seed_2_1790609713,DQN_UNIFORM,2,2348,199215,13.10,2,0.0100,0.12122,303.5
DQN_UNIFORM_seed_2_1790609713,DQN_UNIFORM,2,2349,199310,9.30,1,0.0100,0.10932,303.7
DQN_UNIFORM_seed_2_1790609713,DQN_UNIFORM,2,2350,199373,6.10,1,0.0100,0.10294,303.8
DQN_UNIFORM_seed_2_1790609713,DQN_UNIFORM,2,2351,199508,15.10,3,0.0100,0.16911,304.0
DQN_UNIFORM_seed_2_1790609713,DQN_UNIFORM,2,2352,199671,17.90,3,0.0100,0.16389,304.2
DQN_UNIFORM_seed_2_1790609713,DQN_UNIFORM,2,2353,199793,12.90,2,0.0100,0.15746,304.4
DQN_UNIFORM_seed_2_1790609713,DQN_UNIFORM,2,2354,199894,10.80,2,0.0100,0.12709,304.6
