run_id,method,seed,episode,step,ep_reward,score,epsilon,loss,wall_time
DQN_PER_seed_1_1790610322,DQN_PER,1,1,50,-8.10,0,0.9990,0.00000,0.0
DQN_PER_seed_1_1790610322,DQN_PER,1,2,100,-6.90,0,0.9980,0.00000,0.0
DQN_PER_seed_1_1790610322,DQN_PER,1,3,150,-8.10,0,0.9970,0.00000,0.0
DQN_PER_seed_1_1790610322,DQN_PER,1,4,200,-7.50,0,0.9960,0.00000,0.0
DQN_PER_seed_1_1790610322,DQN_PER,1,5,250,-5.70,0,0.9950,0.00000,0.0
DQN_PER_seed_1_1790610322,DQN_PER,1,6,300,-8.10,0,0.9941,0.00000,0.0
DQN_PER_seed_1_1790610322,DQN_PER,1,7,350,-7.50,0,0.9931,0.00000,0.0
DQN_PER_seed_1_1790610322,DQN_PER,1,8,400,-7.50,0,0.9921,0.00000,0.0
DQN_PER_seed_1_1790610322,DQN_PER,1,9,450,-6.90,0,0.9911,0.00000,0.0
DQN_PER_seed_1_1790610322,DQN_PER,1,10,500,-5.10,0,0.9901,0.00000,0.0
DQN_PER_seed_1_1790610322,DQN_PER,1,11,550,-5.70,0,0.9891,0.00000,0.0
DQN_PER_seed_1_1790610322,DQN_PER,1,12,600,-8.10,0,0.9881,0.00000,0.0
DQN_PER_seed_1_1790610322,DQN_PER,1,13,650,-7.50,0,0.9871,0.00000,0.0
DQN_PER_seed_1_1790610322,DQN_PER,1,14,700,-7.50,0,0.9861,0.00000,0.0
DQN_PER_seed_1_1790610322,DQN_PER,1,15,750,-7.50,0,0.9851,0.00000,0.0
DQN_PER_seed_1_1790610322,DQN_PER,1,16,800,-8.10,0,0.9842,0.00000,0.0
DQN_PER_seed_1_1790610322,DQN_PER,1,17,850,-8.10,0,0.9832,0.00000,0.0
DQN_PER_seed_1_1790610322,DQN_PER,1,18,900,-7.50,0,0.9822,0.00000,0.0
DQN_PER_seed_1_1790610322,DQN_PER,1,19,950,-7.50,0,0.9812,0.00000,0.0
DQN_PER_seed_1_1790610322,DQN_PER,1,20,1000,-5.70,0,0.9802,0.00000,0.0
DQN_PER_seed_1_1790610322,DQN_PER,1,21,1050,-8.10,0,0.9792,0.00000,0.0
DQN_PER_seed_1_1790610322,DQN_PER,1,22,1100,-8.10,0,0.9782,0.00000,0.0
DQN_PER_seed_1_1790610322,DQN_PER,1,23,1150,-8.70,0,0.9772,0.00000,0.0
DQN_PER_seed_1_1790610322,DQN_PER,1,24,1200,-7.50,0,0.9762,0.00000,0.0
DQN_PER_seed_1_1790610322,DQN_PER,1,25,1250,-9.30,0,0.9752,0.00000,0.0
DQN_PER_seed_1_1790610322,DQN_PER,1,26,1300,-6.30,0,0.9743,0.00000,0.0
DQN_PER_seed_1_1790610322,DQN_PER,1,27,1350,-8.70,0,0.9733,0.00000,0.0
DQN_PER_seed_1_1790610322,DQN_PER,1,28,1400,-8.10,0,0.9723,0.00000,0.0
DQN_PER_seed_1_1790610322,DQN_PER,1,29,1450,-6.90,0,0.9713,0.00000,0.0
DQN_PER_seed_1_1790610322,DQN_PER,1,30,1500,-8.10,0,0.9703,0.00000,0.0
DQN_PER_seed_1_1790610322,DQN_PER,1,31,1550,-7.50,0,0.9693,0.00000,0.0
DQN_PER_seed_1_1790610322,DQN_PER,1,32,1600,-6.30,0,0.9683,0.00000,0.0
DQN_PER_seed_1_1790610322,DQN_PER,1,33,1650,-5.70,0,0.9673,0.00000,0.0
DQN_PER_seed_1_1790610322,DQN_PER,1,34,1700,-7.50,0,0.9663,0.00000,0.0
DQN_PER_seed_1_1790610322,DQN_PER,1,35,1750,-6.30,0,0.9654,0.00000,0.0
DQN_PER_seed_1_1790610322,DQN_PER,1,36,1800,-8.10,0,0.9644,0.00000,0.0
DQN_PER_seed_1_1790610322,DQN_PER,1,37,1850,-8.10,0,0.9634,0.00000,0.0
DQN_PER_seed_1_1790610322,DQN_PER,1,38,1900,-8.10,0,0.9624,0.00000,0.0
DQN_PER_seed_1_1790610322,DQN_PER,1,39,1950,-8.70,0,0.9614,0.00000,0.0
DQN_PER_seed_1_1790610322,DQN_PER,1,40,2000,-8.10,0,0.9604,0.09523,0.0
DQN_PER_seed_1_1790610322,DQN_PER,1,41,2050,-7.50,0,0.9594,0.03119,0.1
DQN_PER_seed_1_1790610322,DQN_PER,1,42,2100,-7.50,0,0.9584,0.01412,0.2
DQN_PER_seed_1_1790610322,DQN_PER,1,43,2150,-8.10,0,0.9574,0.01260,0.2
DQN_PER_seed_1_1790610322,DQN_PER,1,44,2200,-7.50,0,0.9564,0.01009,0.3
DQN_PER_seed_1_1790610322,DQN_PER,1,45,2250,-3.30,0,0.9555,0.00950,0.4
DQN_PER_seed_1_1790610322,DQN_PER,1,46,2300,-8.10,0,0.9545,0.00789,0.4
DQN_PER_seed_1_1790610322,DQN_PER,1,47,2350,-8.10,0,0.9535,0.00724,0.5
DQN_PER_seed_1_1790610322,DQN_PER,1,48,2400,-7.50,0,0.9525,0.00723,0.6
DQN_PER_seed_1_1790610322,DQN_PER,1,49,2450,-7.50,0,0.9515,0.00650,0.6
DQN_PER_seed_1_1790610322,DQN_PER,1,50,2500,-6.30,0,0.9505,0.00679,0.7
DQN_PER_seed_1_1790610322,DQN_PER,1,51,2550,-6.90,0,0.9495,0.00654,0.7
DQN_PER_seed_1_1790610322,DQN_PER,1,52,2600,-7.50,0,0.9485,0.00554,0.8
DQN_PER_seed_1_1790610322,DQN_PER,1,53,2650,-7.50,0,0.9475,0.00595,0.9
DQN_PER_seed_1_1790610322,DQN_PER,1,54,2700,-3.90,0,0.9465,0.00610,0.9
DQN_PER_seed_1_1790610322,DQN_PER,1,55,2750,-8.10,0,0.9456,0.00598,1.0
DQN_PER_seed_1_1790610322,DQN_PER,1,56,2800,-8.10,0,0.9446,0.00567,1.1
DQN_PER_seed_1_1790610322,DQN_PER,1,57,2850,-8.10,0,0.9436,0.00567,1.1
DQN_PER_seed_1_1790610322,DQN_PER,1,58,2900,-7.50,0,0.9426,0.00610,1.2
DQN_PER_seed_1_1790610322,DQN_PER,1,59,2950,-8.10,0,0.9416,0.00575,1.3
DQN_PER_seed_1_1790610322,DQN_PER,1,60,3000,-8.70,0,0.9406,0.00568,1.3
DQN_PER_seed_1_1790610322,DQN_PER,1,61,3050,-8.10,0,0.9396,0.01279,1.4
DQN_PER_seed_1_1790610322,DQN_PER,1,62,3100,-8.10,0,0.9386,0.00503,1.5
DQN_PER_seed_1_1790610322,DQN_PER,1,63,3150,-5.70,0,0.9376,0.00502,1.5
DQN_PER_seed_1_1790610322,DQN_PER,1,64,3200,-7.50,0,0.9366,0.00440,1.6
DQN_PER_seed_1_1790610322,DQN_PER,1,65,3250,-7.50,0,0.9356,0.00452,1.6
DQN_PER_seed_1_1790610322,DQN_PER,1,66,3300,-7.50,0,0.9347,0.00461,1.7
DQN_PER_seed_1_1790610322,DQN_PER,1,67,3350,-7.50,0,0.9337,0.00372,1.8
DQN_PER_seed_1_1790610322,DQN_PER,1,68,3400,-7.50,0,0.9327,0.00393,1.8
DQN_PER_seed_1_1790610322,DQN_PER,1,69,3450,-8.10,0,0.9317,0.00372,1.9
DQN_PER_seed_1_1790610322,DQN_PER,1,70,3500,-7.50,0,0.9307,0.00349,2.0
DQN_PER_seed_1_1790610322,DQN_PER,1,71,3550,-7.50,0,0.9297,0.00384,2.0
DQN_PER_seed_1_1790610322,DQN_PER,1,72,3600,-6.90,0,0.9287,0.00395,2.1
DQN_PER_seed_1_1790610322,DQN_PER,1,73,3650,-7.50,0,0.9277,0.00347,2.2
DQN_PER_seed_1_1790610322,DQN_PER,1,74,3700,-8.10,0,0.9267,0.00308,2.2
DQN_PER_seed_1_1790610322,DQN_PER,1,75,3750,-6.90,0,0.9257,0.00332,2.3
DQN_PER_seed_1_1790610322,DQN_PER,1,76,3800,-5.70,0,0.9248,0.00291,2.4
DQN_PER_seed_1_1790610322,DQN_PER,1,77,3850,-8.10,0,0.9238,0.00295,2.4
DQN_PER_seed_1_1790610322,DQN_PER,1,78,3900,-8.10,0,0.9228,0.00278,2.5
DQN_PER_seed_1_1790610322,DQN_PER,1,79,3950,-8.70,0,0.9218,0.00283,2.5
DQN_PER_seed_1_1790610322,DQN_PER,1,80,4000,-7.50,0,0.9208,0.00297,2.6
DQN_PER_seed_1_1790610322,DQN_PER,1,81,4050,-7.50,0,0.9198,0.01204,2.7
DQN_PER_seed_1_1790610322,DQN_PER,1,82,4100,-6.90,0,0.9188,0.00792,2.7
DQN_PER_seed_1_1790610322,DQN_PER,1,83,4150,-7.50,0,0.9178,0.00836,2.8
DQN_PER_seed_1_1790610322,DQN_PER,1,84,4200,-7.50,0,0.9168,0.00758,2.9
DQN_PER_seed_1_1790610322,DQN_PER,1,85,4250,-8.10,0,0.9159,0.00775,2.9
DQN_PER_seed_1_1790610322,DQN_PER,1,86,4300,-6.90,0,0.9149,0.00737,3.0
DQN_PER_seed_1_1790610322,DQN_PER,1,87,4350,-8.10,0,0.9139,0.00729,3.1
DQN_PER_seed_1_1790610322,DQN_PER,1,88,4400,-7.50,0,0.9129,0.00676,3.1
DQN_PER_seed_1_1790610322,DQN_PER,1,89,4450,-5.70,0,0.9119,0.00751,3.2
DQN_PER_seed_1_1790610322,DQN_PER,1,90,4500,-8.10,0,0.9109,0.00699,3.3
DQN_PER_seed_1_1790610322,DQN_PER,1,91,4550,-7.50,0,0.9099,0.00670,3.3
DQN_PER_seed_1_1790610322,DQN_PER,1,92,4600,-8.70,0,0.9089,0.00786,3.4
DQN_PER_seed_1_1790610322,DQN_PER,1,93,4650,-8.10,0,0.9079,0.00710,3.4
DQN_PER_seed_1_1790610322,DQN_PER,1,94,4700,-7.50,0,0.9069,0.00664,3.5
DQN_PER_seed_1_1790610322,DQN_PER,1,95,4750,-5.70,0,0.9060,0.00661,3.6
DQN_PER_seed_1_1790610322,DQN_PER,1,96,4800,-8.70,0,0.9050,0.00661,3.6
DQN_PER_seed_1_1790610322,DQN_PER,1,97,4850,-7.50,0,0.9040,0.00651,3.7
DQN_PER_seed_1_1790610322,DQN_PER,1,98,4900,-7.50,0,0.9030,0.00639,3.8
DQN_PER_seed_1_1790610322,DQN_PER,1,99,4950,-6.90,0,0.9020,0.00645,3.8
DQN_PER_seed_1_1790610322,DQN_PER,1,100,5000,-7.50,0,0.9010,0.00639,3.9
DQN_PER_seed_1_1790610322,DQN_PER,1,101,5050,-6.90,0,0.9000,0.01505,4.0
DQN_PER_seed_1_1790610322,DQN_PER,1,102,5100,-7.50,0,0.8990,0.01007,4.1
DQN_PER_seed_1_1790610322,DQN_PER,1,103,5150,-8.70,0,0.8980,0.01083,4.2
DQN_PER_seed_1_1790610322,DQN_PER,1,104,5200,-7.50,0,0.8970,0.00990,4.2
DQN_PER_seed_1_1790610322,DQN_PER,1,105,5250,-7.50,0,0.8961,0.00971,4.3
DQN_PER_seed_1_1790610322,DQN_PER,1,106,5300,-8.70,0,0.8951,0.01039,4.4
DQN_PER_seed_1_1790610322,DQN_PER,1,107,5350,-8.10,0,0.8941,0.00970,4.4
DQN_PER_seed_1_1790610322,DQN_PER,1,108,5400,-6.30,0,0.8931,0.01079,4.5
DQN_PER_seed_1_1790610322,DQN_PER,1,109,5450,-6.30,0,0.8921,0.00963,4.6
DQN_PER_seed_1_1790610322,DQN_PER,1,110,5500,-7.50,0,0.8911,0.01014,4.6
DQN_PER_seed_1_1790610322,DQN_PER,1,111,5550,-8.70,0,0.8901,0.00853,4.7
DQN_PER_seed_1_1790610322,DQN_PER,1,112,5600,-7.50,0,0.8891,0.00925,4.7
DQN_PER_seed_1_1790610322,DQN_PER,1,113,5650,-5.70,0,0.8881,0.00930,4.8
DQN_PER_seed_1_1790610322,DQN_PER,1,114,5700,-8.70,0,0.8871,0.00916,4.9
DQN_PER_seed_1_1790610322,DQN_PER,1,115,5750,-8.10,0,0.8861,0.00792,4.9
DQN_PER_seed_1_1790610322,DQN_PER,1,116,5800,-7.50,0,0.8852,0.00799,5.0
DQN_PER_seed_1_1790610322,DQN_PER,1,117,5850,-5.70,0,0.8842,0.00783,5.1
DQN_PER_seed_1_1790610322,DQN_PER,1,118,5900,-8.10,0,0.8832,0.00779,5.1
DQN_PER_seed_1_1790610322,DQN_PER,1,119,5950,-6.30,0,0.8822,0.00726,5.2
DQN_PER_seed_1_1790610322,DQN_PER,1,120,6000,-6.90,0,0.8812,0.00791,5.3
DQN_PER_seed_1_1790610322,DQN_PER,1,121,6050,-6.90,0,0.8802,0.01235,5.3
DQN_PER_seed_1_1790610322,DQN_PER,1,122,6100,-8.10,0,0.8792,0.00796,5.4
DQN_PER_seed_1_1790610322,DQN_PER,1,123,6150,-8.10,0,0.8782,0.00771,5.4
DQN_PER_seed_1_1790610322,DQN_PER,1,124,6200,-7.50,0,0.8772,0.00694,5.5
DQN_PER_seed_1_1790610322,DQN_PER,1,125,6250,-6.90,0,0.8762,0.00641,5.6
DQN_PER_seed_1_1790610322,DQN_PER,1,126,6300,-7.50,0,0.8753,0.00666,5.6
DQN_PER_seed_1_1790610322,DQN_PER,1,127,6350,-8.70,0,0.8743,0.00675,5.7
DQN_PER_seed_1_1790610322,DQN_PER,1,128,6400,-8.70,0,0.8733,0.00588,5.8
DQN_PER_seed_1_1790610322,DQN_PER,1,129,6450,-8.70,0,0.8723,0.00573,5.8
DQN_PER_seed_1_1790610322,DQN_PER,1,130,6500,-8.10,0,0.8713,0.00648,5.9
DQN_PER_seed_1_1790610322,DQN_PER,1,131,6550,-7.50,0,0.8703,0.00630,6.0
DQN_PER_seed_1_1790610322,DQN_PER,1,132,6600,-7.50,0,0.8693,0.00668,6.0
DQN_PER_seed_1_1790610322,DQN_PER,1,133,6650,-7.50,0,0.8683,0.00547,6.1
DQN_PER_seed_1_1790610322,DQN_PER,1,134,6700,-6.30,0,0.8673,0.00520,6.1
DQN_PER_seed_1_1790610322,DQN_PER,1,135,6750,-8.10,0,0.8663,0.00502,6.2
DQN_PER_seed_1_1790610322,DQN_PER,1,136,6800,-6.30,0,0.8654,0.00563,6.3
DQN_PER_seed_1_1790610322,DQN_PER,1,137,6850,-6.90,0,0.8644,0.00532,6.3
DQN_PER_seed_1_1790610322,DQN_PER,1,138,6900,-8.70,0,0.8634,0.00513,6.4
DQN_PER_seed_1_1790610322,DQN_PER,1,139,6950,-8.70,0,0.8624,0.00467,6.5
DQN_PER_seed_1_1790610322,DQN_PER,1,140,7000,-6.90,0,0.8614,0.00504,6.5
DQN_PER_seed_1_1790610322,DQN_PER,1,141,7050,-7.50,0,0.8604,0.00768,6.6
DQN_PER_seed_1_1790610322,DQN_PER,1,142,7100,-6.30,0,0.8594,0.00411,6.7
DQN_PER_seed_1_1790610322,DQN_PER,1,143,7150,-8.10,0,0.8584,0.00338,6.7
DQN_PER_seed_1_1790610322,DQN_PER,1,144,7200,-6.90,0,0.8574,0.00364,6.8
DQN_PER_seed_1_1790610322,DQN_PER,1,145,7250,-7.50,0,0.8565,0.00359,6.9
DQN_PER_seed_1_1790610322,DQN_PER,1,146,7300,-7.50,0,0.8555,0.00440,6.9
DQN_PER_seed_1_1790610322,DQN_PER,1,147,7350,-7.50,0,0.8545,0.00363,7.0
DQN_PER_seed_1_1790610322,DQN_PER,1,148,7400,-6.90,0,0.8535,0.00299,7.1
DQN_PER_seed_1_1790610322,DQN_PER,1,149,7450,-6.90,0,0.8525,0.00229,7.1
DQN_PER_seed_1_1790610322,DQN_PER,1,150,7500,-6.90,0,0.8515,0.00286,7.2
DQN_PER_seed_1_1790610322,DQN_PER,1,151,7550,-7.50,0,0.8505,0.00314,7.2
DQN_PER_seed_1_1790610322,DQN_PER,1,152,7600,-7.50,0,0.8495,0.00296,7.3
DQN_PER_seed_1_1790610322,DQN_PER,1,153,7650,-7.50,0,0.8485,0.00241,7.4
DQN_PER_seed_1_1790610322,DQN_PER,1,154,7700,-6.90,0,0.8475,0.00265,7.4
DQN_PER_seed_1_1790610322,DQN_PER,1,155,7750,-8.10,0,0.8466,0.00247,7.5
DQN_PER_seed_1_1790610322,DQN_PER,1,156,7800,-8.10,0,0.8456,0.00307,7.6
DQN_PER_seed_1_1790610322,DQN_PER,1,157,7850,-8.10,0,0.8446,0.00268,7.6
DQN_PER_seed_1_1790610322,DQN_PER,1,158,7900,-8.10,0,0.8436,0.00302,7.7
DQN_PER_seed_1_1790610322,DQN_PER,1,159,7950,-8.70,0,0.8426,0.00260,7.8
DQN_PER_seed_1_1790610322,DQN_PER,1,160,8000,-6.30,0,0.8416,0.00278,7.8
DQN_PER_seed_1_1790610322,DQN_PER,1,161,8050,-8.10,0,0.8406,0.00732,7.9
DQN_PER_seed_1_1790610322,DQN_PER,1,162,8100,-5.10,0,0.8396,0.00295,8.0
DQN_PER_seed_1_1790610322,DQN_PER,1,163,8150,-6.90,0,0.8386,0.00215,8.0
DQN_PER_seed_1_1790610322,DQN_PER,1,164,8200,-6.90,0,0.8376,0.00187,8.1
DQN_PER_seed_1_1790610322,DQN_PER,1,165,8250,-7.50,0,0.8367,0.00220,8.1
DQN_PER_seed_1_1790610322,DQN_PER,1,166,8300,-6.90,0,0.8357,0.00183,8.2
DQN_PER_seed_1_1790610322,DQN_PER,1,167,8350,-7.50,0,0.8347,0.00174,8.3
DQN_PER_seed_1_1790610322,DQN_PER,1,168,8400,-6.30,0,0.8337,0.00182,8.3
DQN_PER_seed_1_1790610322,DQN_PER,1,169,8450,-6.30,0,0.8327,0.00172,8.4
DQN_PER_seed_1_1790610322,DQN_PER,1,170,8500,-6.90,0,0.8317,0.00187,8.5
DQN_PER_seed_1_1790610322,DQN_PER,1,171,8550,-8.10,0,0.8307,0.00175,8.5
DQN_PER_seed_1_1790610322,DQN_PER,1,172,8600,-5.70,0,0.8297,0.00182,8.6
DQN_PER_seed_1_1790610322,DQN_PER,1,173,8650,-8.10,0,0.8287,0.00220,8.7
DQN_PER_seed_1_1790610322,DQN_PER,1,174,8700,-6.90,0,0.8277,0.00176,8.7
DQN_PER_seed_1_1790610322,DQN_PER,1,175,8750,-8.10,0,0.8267,0.00166,8.8
DQN_PER_seed_1_1790610322,DQN_PER,1,176,8800,-7.50,0,0.8258,0.00162,8.9
DQN_PER_seed_1_1790610322,DQN_PER,1,177,8850,-6.90,0,0.8248,0.00142,8.9
DQN_PER_seed_1_1790610322,DQN_PER,1,178,8900,-8.10,0,0.8238,0.00198,9.0
DQN_PER_seed_1_1790610322,DQN_PER,1,179,8950,-6.30,0,0.8228,0.00162,9.0
DQN_PER_seed_1_1790610322,DQN_PER,1,180,9000,-8.10,0,0.8218,0.00161,9.1
DQN_PER_seed_1_1790610322,DQN_PER,1,181,9050,-3.90,0,0.8208,0.00700,9.2
DQN_PER_seed_1_1790610322,DQN_PER,1,182,9100,-5.70,0,0.8198,0.00221,9.2
DQN_PER_seed_1_1790610322,DQN_PER,1,183,9150,-6.90,0,0.8188,0.00173,9.3
DQN_PER_seed_1_1790610322,DQN_PER,1,184,9200,-3.90,0,0.8178,0.00200,9.4
DQN_PER_seed_1_1790610322,DQN_PER,1,185,9250,-8.10,0,0.8168,0.00158,9.4
DQN_PER_seed_1_1790610322,DQN_PER,1,186,9300,-7.50,0,0.8159,0.00141,9.5
DQN_PER_seed_1_1790610322,DQN_PER,1,187,9350,-8.10,0,0.8149,0.00124,9.6
DQN_PER_seed_1_1790610322,DQN_PER,1,188,9400,-8.10,0,0.8139,0.00141,9.6
DQN_PER_seed_1_1790610322,DQN_PER,1,189,9450,-5.10,0,0.8129,0.00152,9.7
DQN_PER_seed_1_1790610322,DQN_PER,1,190,9500,-7.50,0,0.8119,0.00250,9.8
DQN_PER_seed_1_1790610322,DQN_PER,1,191,9550,-5.70,0,0.8109,0.00191,9.8
DQN_PER_seed_1_1790610322,DQN_PER,1,192,9600,-8.10,0,0.8099,0.00191,9.9
DQN_PER_seed_1_1790610322,DQN_PER,1,193,9650,-6.90,0,0.8089,0.00170,9.9
DQN_PER_seed_1_1790610322,DQN_PER,1,194,9700,-8.10,0,0.8079,0.00131,10.0
DQN_PER_seed_1_1790610322,DQN_PER,1,195,9750,-3.30,0,0.8070,0.00123,10.1
DQN_PER_seed_1_1790610322,DQN_PER,1,196,9800,-6.90,0,0.8060,0.00155,10.1
DQN_PER_seed_1_1790610322,DQN_PER,1,197,9850,-5.70,0,0.8050,0.00134,10.2
DQN_PER_seed_1_1790610322,DQN_PER,1,198,9900,-8.10,0,0.8040,0.00219,10.3
DQN_PER_seed_1_1790610322,DQN_PER,1,199,9950,-8.10,0,0.8030,0.00134,10.3
DQN_PER_seed_1_1790610322,DQN_PER,1,200,10000,-6.90,0,0.8020,0.00121,10.4
DQN_PER_seed_1_1790610322,DQN_PER,1,201,10050,-6.90,0,0.8010,0.00880,10.6
DQN_PER_seed_1_1790610322,DQN_PER,1,202,10100,-8.10,0,0.8000,0.00189,10.6
DQN_PER_seed_1_1790610322,DQN_PER,1,203,10150,-8.10,0,0.7990,0.00133,10.7
DQN_PER_seed_1_1790610322,DQN_PER,1,204,10200,-5.70,0,0.7980,0.00160,10.7
DQN_PER_seed_1_1790610322,DQN_PER,1,205,10250,-6.90,0,0.7971,0.00144,10.8
DQN_PER_seed_1_1790610322,DQN_PER,1,206,10300,-6.30,0,0.7961,0.00122,10.9
DQN_PER_seed_1_1790610322,DQN_PER,1,207,10350,-5.70,0,0.7951,0.00195,10.9
DQN_PER_seed_1_1790610322,DQN_PER,1,208,10400,-6.90,0,0.7941,0.00148,11.0
DQN_PER_seed_1_1790610322,DQN_PER,1,209,10450,-7.50,0,0.7931,0.00113,11.1
DQN_PER_seed_1_1790610322,DQN_PER,1,210,10500,-6.30,0,0.7921,0.00140,11.1
DQN_PER_seed_1_1790610322,DQN_PER,1,211,10550,-7.50,0,0.7911,0.00109,11.2
DQN_PER_seed_1_1790610322,DQN_PER,1,212,10600,-6.90,0,0.7901,0.00114,11.3
DQN_PER_seed_1_1790610322,DQN_PER,1,213,10650,-6.30,0,0.7891,0.00137,11.3
DQN_PER_seed_1_1790610322,DQN_PER,1,214,10700,-5.10,0,0.7881,0.00241,11.4
DQN_PER_seed_1_1790610322,DQN_PER,1,215,10750,-6.30,0,0.7872,0.00156,11.5
DQN_PER_seed_1_1790610322,DQN_PER,1,216,10800,-6.30,0,0.7862,0.00101,11.5
DQN_PER_seed_1_1790610322,DQN_PER,1,217,10850,-5.70,0,0.7852,0.00120,11.6
DQN_PER_seed_1_1790610322,DQN_PER,1,218,10900,-7.50,0,0.7842,0.00114,11.7
DQN_PER_seed_1_1790610322,DQN_PER,1,219,10950,-7.50,0,0.7832,0.00144,11.7
DQN_PER_seed_1_1790610322,DQN_PER,1,220,11000,-8.10,0,0.7822,0.00129,11.8
DQN_PER_seed_1_1790610322,DQN_PER,1,221,11050,-6.90,0,0.7812,0.00937,11.8
DQN_PER_seed_1_1790610322,DQN_PER,1,222,11100,-7.50,0,0.7802,0.00276,11.9
DQN_PER_seed_1_1790610322,DQN_PER,1,223,11150,-8.10,0,0.7792,0.00138,12.0
DQN_PER_seed_1_1790610322,DQN_PER,1,224,11200,-7.50,0,0.7782,0.00141,12.0
DQN_PER_seed_1_1790610322,DQN_PER,1,225,11250,-6.30,0,0.7772,0.00119,12.1
DQN_PER_seed_1_1790610322,DQN_PER,1,226,11300,-7.50,0,0.7763,0.00137,12.2
DQN_PER_seed_1_1790610322,DQN_PER,1,227,11350,-6.30,0,0.7753,0.00145,12.2
DQN_PER_seed_1_1790610322,DQN_PER,1,228,11400,-7.50,0,0.7743,0.00116,12.3
DQN_PER_seed_1_1790610322,DQN_PER,1,229,11450,-8.10,0,0.7733,0.00146,12.4
DQN_PER_seed_1_1790610322,DQN_PER,1,230,11500,-6.90,0,0.7723,0.00126,12.4
DQN_PER_seed_1_1790610322,DQN_PER,1,231,11550,-6.30,0,0.7713,0.00119,12.5
DQN_PER_seed_1_1790610322,DQN_PER,1,232,11600,-8.10,0,0.7703,0.00115,12.6
DQN_PER_seed_1_1790610322,DQN_PER,1,233,11650,-3.30,0,0.7693,0.00127,12.6
DQN_PER_seed_1_1790610322,DQN_PER,1,234,11700,-7.50,0,0.7683,0.00156,12.7
DQN_PER_seed_1_1790610322,DQN_PER,1,235,11750,-5.70,0,0.7673,0.00146,12.8
DQN_PER_seed_1_1790610322,DQN_PER,1,236,11800,-7.50,0,0.7664,0.00129,12.8
DQN_PER_seed_1_1790610322,DQN_PER,1,237,11850,-6.30,0,0.7654,0.00116,12.9
DQN_PER_seed_1_1790610322,DQN_PER,1,238,11900,-6.90,0,0.7644,0.00149,12.9
DQN_PER_seed_1_1790610322,DQN_PER,1,239,11950,-8.10,0,0.7634,0.00218,13.0
DQN_PER_seed_1_1790610322,DQN_PER,1,240,12000,-7.50,0,0.7624,0.00167,13.1
DQN_PER_seed_1_1790610322,DQN_PER,1,241,12050,-6.90,0,0.7614,0.01132,13.1
DQN_PER_seed_1_1790610322,DQN_PER,1,242,12100,-6.90,0,0.7604,0.00214,13.2
DQN_PER_seed_1_1790610322,DQN_PER,1,243,12150,-7.50,0,0.7594,0.00131,13.3
DQN_PER_seed_1_1790610322,DQN_PER,1,244,12200,-8.70,0,0.7584,0.00117,13.3
DQN_PER_seed_1_1790610322,DQN_PER,1,245,12250,-7.50,0,0.7574,0.00134,13.4
DQN_PER_seed_1_1790610322,DQN_PER,1,246,12300,-6.30,0,0.7565,0.00126,13.5
DQN_PER_seed_1_1790610322,DQN_PER,1,247,12350,-6.90,0,0.7555,0.00110,13.5
DQN_PER_seed_1_1790610322,DQN_PER,1,248,12400,-6.90,0,0.7545,0.00232,13.6
DQN_PER_seed_1_1790610322,DQN_PER,1,249,12450,-5.70,0,0.7535,0.00209,13.7
DQN_PER_seed_1_1790610322,DQN_PER,1,250,12500,-3.90,0,0.7525,0.00121,13.7
DQN_PER_seed_1_1790610322,DQN_PER,1,251,12550,-8.10,0,0.7515,0.00136,13.8
DQN_PER_seed_1_1790610322,DQN_PER,1,252,12600,-6.90,0,0.7505,0.00095,13.9
DQN_PER_seed_1_1790610322,DQN_PER,1,253,12650,-6.30,0,0.7495,0.00147,13.9
DQN_PER_seed_1_1790610322,DQN_PER,1,254,12700,-8.70,0,0.7485,0.00126,14.0
DQN_PER_seed_1_1790610322,DQN_PER,1,255,12750,-8.10,0,0.7475,0.00119,14.0
DQN_PER_seed_1_1790610322,DQN_PER,1,256,12800,-5.70,0,0.7466,0.00135,14.1
DQN_PER_seed_1_1790610322,DQN_PER,1,257,12850,-6.90,0,0.7456,0.00161,14.2
DQN_PER_seed_1_1790610322,DQN_PER,1,258,12900,-7.50,0,0.7446,0.00136,14.2
DQN_PER_seed_1_1790610322,DQN_PER,1,259,12950,-6.90,0,0.7436,0.00141,14.3
DQN_PER_seed_1_1790610322,DQN_PER,1,260,13000,-5.10,0,0.7426,0.00105,14.4
DQN_PER_seed_1_1790610322,DQN_PER,1,261,13050,-2.10,0,0.7416,0.00583,14.4
DQN_PER_seed_1_1790610322,DQN_PER,1,262,13100,-7.50,0,0.7406,0.00340,14.5
DQN_PER_seed_1_1790610322,DQN_PER,1,263,13150,-8.10,0,0.7396,0.00158,14.6
DQN_PER_seed_1_1790610322,DQN_PER,1,264,13200,-5.10,0,0.7386,0.00128,14.6
DQN_PER_seed_1_1790610322,DQN_PER,1,265,13250,-6.90,0,0.7376,0.00120,14.7
DQN_PER_seed_1_1790610322,DQN_PER,1,266,13300,-5.70,0,0.7367,0.00118,14.8
DQN_PER_seed_1_1790610322,DQN_PER,1,267,13350,-6.90,0,0.7357,0.00136,14.8
DQN_PER_seed_1_1790610322,DQN_PER,1,268,13400,-6.30,0,0.7347,0.00141,14.9
DQN_PER_seed_1_1790610322,DQN_PER,1,269,13450,-5.70,0,0.7337,0.00136,15.0
DQN_PER_seed_1_1790610322,DQN_PER,1,270,13500,-4.50,0,0.7327,0.00221,15.0
DQN_PER_seed_1_1790610322,DQN_PER,1,271,13550,-7.50,0,0.7317,0.00203,15.1
DQN_PER_seed_1_1790610322,DQN_PER,1,272,13600,-7.50,0,0.7307,0.00143,15.2
DQN_PER_seed_1_1790610322,DQN_PER,1,273,13650,-8.10,0,0.7297,0.00155,15.2
DQN_PER_seed_1_1790610322,DQN_PER,1,274,13700,-6.90,0,0.7287,0.00100,15.3
DQN_PER_seed_1_1790610322,DQN_PER,1,275,13750,-7.50,0,0.7278,0.00126,15.4
DQN_PER_seed_1_1790610322,DQN_PER,1,276,13800,-5.70,0,0.7268,0.00131,15.4
DQN_PER_seed_1_1790610322,DQN_PER,1,277,13850,-5.70,0,0.7258,0.00117,15.5
DQN_PER_seed_1_1790610322,DQN_PER,1,278,13900,-6.30,0,0.7248,0.00139,15.5
DQN_PER_seed_1_1790610322,DQN_PER,1,279,13950,-7.50,0,0.7238,0.00113,15.6
DQN_PER_seed_1_1790610322,DQN_PER,1,280,14000,-7.50,0,0.7228,0.00118,15.7
DQN_PER_seed_1_1790610322,DQN_PER,1,281,14050,-8.10,0,0.7218,0.00695,15.7
DQN_PER_seed_1_1790610322,DQN_PER,1,282,14100,-7.50,0,0.7208,0.00356,15.8
DQN_PER_seed_1_1790610322,DQN_PER,1,283,14150,-3.90,0,0.7198,0.00266,15.9
DQN_PER_seed_1_1790610322,DQN_PER,1,284,14200,-6.30,0,0.7188,0.00130,15.9
DQN_PER_seed_1_1790610322,DQN_PER,1,285,14250,-7.50,0,0.7179,0.00160,16.0
DQN_PER_seed_1_1790610322,DQN_PER,1,286,14300,-6.30,0,0.7169,0.00139,16.1
DQN_PER_seed_1_1790610322,DQN_PER,1,287,14350,-5.70,0,0.7159,0.00147,16.1
DQN_PER_seed_1_1790610322,DQN_PER,1,288,14400,-8.10,0,0.7149,0.00120,16.2
DQN_PER_seed_1_1790610322,DQN_PER,1,289,14450,-7.50,0,0.7139,0.00247,16.3
DQN_PER_seed_1_1790610322,DQN_PER,1,290,14500,-6.30,0,0.7129,0.00183,16.3
DQN_PER_seed_1_1790610322,DQN_PER,1,291,14550,-4.50,0,0.7119,0.00140,16.4
DQN_PER_seed_1_1790610322,DQN_PER,1,292,14600,-7.50,0,0.7109,0.00124,16.5
DQN_PER_seed_1_1790610322,DQN_PER,1,293,14650,-3.90,0,0.7099,0.00175,16.5
DQN_PER_seed_1_1790610322,DQN_PER,1,294,14700,-8.10,0,0.7089,0.00148,16.6
DQN_PER_seed_1_1790610322,DQN_PER,1,295,14750,-7.50,0,0.7080,0.00114,16.6
DQN_PER_seed_1_1790610322,DQN_PER,1,296,14800,-4.50,0,0.7070,0.00150,16.7
DQN_PER_seed_1_1790610322,DQN_PER,1,297,14850,-8.10,0,0.7060,0.00209,16.8
DQN_PER_seed_1_1790610322,DQN_PER,1,298,14900,-7.50,0,0.7050,0.00123,16.8
DQN_PER_seed_1_1790610322,DQN_PER,1,299,14950,-6.30,0,0.7040,0.00148,16.9
DQN_PER_seed_1_1790610322,DQN_PER,1,300,15000,-6.90,0,0.7030,0.00223,17.0
DQN_PER_seed_1_1790610322,DQN_PER,1,301,15050,-2.70,0,0.7020,0.00719,17.1
DQN_PER_seed_1_1790610322,DQN_PER,1,302,15100,-6.90,0,0.7010,0.00662,17.2
DQN_PER_seed_1_1790610322,DQN_PER,1,303,15150,-8.10,0,0.7000,0.00160,17.3
DQN_PER_seed_1_1790610322,DQN_PER,1,304,15200,-6.30,0,0.6990,0.00136,17.3
DQN_PER_seed_1_1790610322,DQN_PER,1,305,15250,-8.10,0,0.6981,0.00161,17.4
DQN_PER_seed_1_1790610322,DQN_PER,1,306,15300,-5.70,0,0.6971,0.00154,17.5
DQN_PER_seed_1_1790610322,DQN_PER,1,307,15350,-6.30,0,0.6961,0.00140,17.5
DQN_PER_seed_1_1790610322,DQN_PER,1,308,15400,-3.90,0,0.6951,0.00201,17.6
DQN_PER_seed_1_1790610322,DQN_PER,1,309,15450,-5.70,0,0.6941,0.00166,17.7
DQN_PER_seed_1_1790610322,DQN_PER,1,310,15500,-5.70,0,0.6931,0.00171,17.7
DQN_PER_seed_1_1790610322,DQN_PER,1,311,15550,-6.90,0,0.6921,0.00138,17.8
DQN_PER_seed_1_1790610322,DQN_PER,1,312,15600,-5.70,0,0.6911,0.00207,17.8
DQN_PER_seed_1_1790610322,DQN_PER,1,313,15650,-7.50,0,0.6901,0.00173,17.9
DQN_PER_seed_1_1790610322,DQN_PER,1,314,15700,-6.30,0,0.6891,0.00194,18.0
DQN_PER_seed_1_1790610322,DQN_PER,1,315,15750,-5.10,0,0.6882,0.00140,18.0
DQN_PER_seed_1_1790610322,DQN_PER,1,316,15800,-7.50,0,0.6872,0.00137,18.1
DQN_PER_seed_1_1790610322,DQN_PER,1,317,15850,-8.70,0,0.6862,0.00158,18.2
DQN_PER_seed_1_1790610322,DQN_PER,1,318,15900,-3.30,0,0.6852,0.00166,18.2
DQN_PER_seed_1_1790610322,DQN_PER,1,319,15950,-6.30,0,0.6842,0.00370,18.3
DQN_PER_seed_1_1790610322,DQN_PER,1,320,16000,-6.90,0,0.6832,0.00167,18.4
DQN_PER_seed_1_1790610322,DQN_PER,1,321,16050,-4.50,0,0.6822,0.00902,18.4
DQN_PER_seed_1_1790610322,DQN_PER,1,322,16100,-6.90,0,0.6812,0.00355,18.5
DQN_PER_seed_1_1790610322,DQN_PER,1,323,16150,-4.50,0,0.6802,0.00149,18.6
DQN_PER_seed_1_1790610322,DQN_PER,1,324,16200,-2.10,0,0.6792,0.00179,18.6
DQN_PER_seed_1_1790610322,DQN_PER,1,325,16250,-3.90,0,0.6783,0.00175,18.7
DQN_PER_seed_1_1790610322,DQN_PER,1,326,16300,-4.50,0,0.6773,0.00185,18.8
DQN_PER_seed_1_1790610322,DQN_PER,1,327,16350,-2.70,0,0.6763,0.00142,18.8
DQN_PER_seed_1_1790610322,DQN_PER,1,328,16400,-7.50,0,0.6753,0.00192,18.9
DQN_PER_seed_1_1790610322,DQN_PER,1,329,16450,-6.90,0,0.6743,0.00217,19.0
DQN_PER_seed_1_1790610322,DQN_PER,1,330,16500,-6.30,0,0.6733,0.00165,19.0
DQN_PER_seed_1_1790610322,DQN_PER,1,331,16550,-6.30,0,0.6723,0.00188,19.1
DQN_PER_seed_1_1790610322,DQN_PER,1,332,16600,-7.50,0,0.6713,0.00139,19.1
DQN_PER_seed_1_1790610322,DQN_PER,1,333,16650,-6.30,0,0.6703,0.00154,19.2
DQN_PER_seed_1_1790610322,DQN_PER,1,334,16700,-4.50,0,0.6693,0.00146,19.3
DQN_PER_seed_1_1790610322,DQN_PER,1,335,16750,-3.90,0,0.6683,0.00160,19.3
DQN_PER_seed_1_1790610322,DQN_PER,1,336,16800,-2.70,0,0.6674,0.00159,19.4
DQN_PER_seed_1_1790610322,DQN_PER,1,337,16850,-8.10,0,0.6664,0.00192,19.5
DQN_PER_seed_1_1790610322,DQN_PER,1,338,16900,-5.10,0,0.6654,0.00253,19.5
DQN_PER_seed_1_1790610322,DQN_PER,1,339,16950,-7.50,0,0.6644,0.00294,19.6
DQN_PER_seed_1_1790610322,DQN_PER,1,340,17000,-5.70,0,0.6634,0.00152,19.7
DQN_PER_seed_1_1790610322,DQN_PER,1,341,17050,-5.10,0,0.6624,0.00476,19.7
DQN_PER_seed_1_1790610322,DQN_PER,1,342,17100,-6.30,0,0.6614,0.00431,19.8
DQN_PER_seed_1_1790610322,DQN_PER,1,343,17150,-4.50,0,0.6604,0.00193,19.9
DQN_PER_seed_1_1790610322,DQN_PER,1,344,17200,-7.50,0,0.6594,0.00239,19.9
DQN_PER_seed_1_1790610322,DQN_PER,1,345,17250,-5.70,0,0.6584,0.00154,20.0
DQN_PER_seed_1_1790610322,DQN_PER,1,346,17300,-3.90,0,0.6575,0.00139,20.1
DQN_PER_seed_1_1790610322,DQN_PER,1,347,17350,-5.70,0,0.6565,0.00142,20.1
DQN_PER_seed_1_1790610322,DQN_PER,1,348,17400,-6.90,0,0.6555,0.00168,20.2
DQN_PER_seed_1_1790610322,DQN_PER,1,349,17450,-6.30,0,0.6545,0.00142,20.3
DQN_PER_seed_1_1790610322,DQN_PER,1,350,17500,-5.70,0,0.6535,0.00183,20.3
DQN_PER_seed_1_1790610322,DQN_PER,1,351,17550,-7.50,0,0.6525,0.00217,20.4
DQN_PER_seed_1_1790610322,DQN_PER,1,352,17600,-7.50,0,0.6515,0.00144,20.5
DQN_PER_seed_1_1790610322,DQN_PER,1,353,17650,-6.90,0,0.6505,0.00207,20.5
DQN_PER_seed_1_1790610322,DQN_PER,1,354,17700,-6.30,0,0.6495,0.00187,20.6
DQN_PER_seed_1_1790610322,DQN_PER,1,355,17750,-4.50,0,0.6485,0.00272,20.6
DQN_PER_seed_1_1790610322,DQN_PER,1,356,17800,-5.10,0,0.6476,0.00195,20.7
DQN_PER_seed_1_1790610322,DQN_PER,1,357,17850,-5.70,0,0.6466,0.00221,20.8
DQN_PER_seed_1_1790610322,DQN_PER,1,358,17900,-2.70,0,0.6456,0.00177,20.8
DQN_PER_seed_1_1790610322,DQN_PER,1,359,17950,-8.10,0,0.6446,0.00123,20.9
DQN_PER_seed_1_1790610322,DQN_PER,1,360,18000,-3.90,0,0.6436,0.00171,21.0
DQN_PER_seed_1_1790610322,DQN_PER,1,361,18050,-5.70,0,0.6426,0.00489,21.0
DQN_PER_seed_1_1790610322,DQN_PER,1,362,18100,-2.70,0,0.6416,0.00428,21.1
DQN_PER_seed_1_1790610322,DQN_PER,1,363,18150,-6.30,0,0.6406,0.00268,21.2
DQN_PER_seed_1_1790610322,DQN_PER,1,364,18200,-6.30,0,0.6396,0.00168,21.2
DQN_PER_seed_1_1790610322,DQN_PER,1,365,18250,-5.70,0,0.6386,0.00181,21.3
DQN_PER_seed_1_1790610322,DQN_PER,1,366,18300,-6.30,0,0.6377,0.00202,21.4
DQN_PER_seed_1_1790610322,DQN_PER,1,367,18350,-5.10,0,0.6367,0.00190,21.4
DQN_PER_seed_1_1790610322,DQN_PER,1,368,18400,-5.10,0,0.6357,0.00219,21.5
DQN_PER_seed_1_1790610322,DQN_PER,1,369,18450,-6.90,0,0.6347,0.00164,21.6
DQN_PER_seed_1_1790610322,DQN_PER,1,370,18500,-6.30,0,0.6337,0.00247,21.6
DQN_PER_seed_1_1790610322,DQN_PER,1,371,18550,-5.70,0,0.6327,0.00565,21.7
DQN_PER_seed_1_1790610322,DQN_PER,1,372,18600,-5.70,0,0.6317,0.00169,21.8
DQN_PER_seed_1_1790610322,DQN_PER,1,373,18650,-2.10,0,0.6307,0.00187,21.8
DQN_PER_seed_1_1790610322,DQN_PER,1,374,18700,-3.30,0,0.6297,0.00146,21.9
DQN_PER_seed_1_1790610322,DQN_PER,1,375,18750,-8.10,0,0.6288,0.00161,22.0
DQN_PER_seed_1_1790610322,DQN_PER,1,376,18800,-5.70,0,0.6278,0.00247,22.0
DQN_PER_seed_1_1790610322,DQN_PER,1,377,18850,-2.10,0,0.6268,0.00204,22.1
DQN_PER_seed_1_1790610322,DQN_PER,1,378,18900,-3.30,0,0.6258,0.00146,22.1
DQN_PER_seed_1_1790610322,DQN_PER,1,379,18950,-6.90,0,0.6248,0.00174,22.2
DQN_PER_seed_1_1790610322,DQN_PER,1,380,19000,3.30,0,0.6238,0.00164,22.3
DQN_PER_seed_1_1790610322,DQN_PER,1,381,19050,-8.10,0,0.6228,0.00626,22.3
DQN_PER_seed_1_1790610322,DQN_PER,1,382,19100,-6.30,0,0.6218,0.00266,22.4
DQN_PER_seed_1_1790610322,DQN_PER,1,383,19150,-7.50,0,0.6208,0.00234,22.5
DQN_PER_seed_1_1790610322,DQN_PER,1,384,19200,-6.30,0,0.6198,0.00210,22.5
DQN_PER_seed_1_1790610322,DQN_PER,1,385,19250,-6.30,0,0.6189,0.00277,22.6
DQN_PER_seed_1_1790610322,DQN_PER,1,386,19300,-6.90,0,0.6179,0.00203,22.7
DQN_PER_seed_1_1790610322,DQN_PER,1,387,19350,-5.70,0,0.6169,0.00403,22.7
DQN_PER_seed_1_1790610322,DQN_PER,1,388,19400,-3.30,0,0.6159,0.00262,22.8
DQN_PER_seed_1_1790610322,DQN_PER,1,389,19450,-7.50,0,0.6149,0.00256,22.9
DQN_PER_seed_1_1790610322,DQN_PER,1,390,19500,-0.30,0,0.6139,0.00237,22.9
DQN_PER_seed_1_1790610322,DQN_PER,1,391,19550,0.90,0,0.6129,0.00212,23.0
DQN_PER_seed_1_1790610322,DQN_PER,1,392,19600,-5.10,0,0.6119,0.00219,23.1
DQN_PER_seed_1_1790610322,DQN_PER,1,393,19650,-3.90,0,0.6109,0.00243,23.1
DQN_PER_seed_1_1790610322,DQN_PER,1,394,19700,-5.70,0,0.6099,0.00278,23.2
DQN_PER_seed_1_1790610322,DQN_PER,1,395,19750,-6.30,0,0.6089,0.00253,23.3
DQN_PER_seed_1_1790610322,DQN_PER,1,396,19800,-6.30,0,0.6080,0.00210,23.3
DQN_PER_seed_1_1790610322,DQN_PER,1,397,19850,-4.50,0,0.6070,0.00244,23.4
DQN_PER_seed_1_1790610322,DQN_PER,1,398,19900,-5.10,0,0.6060,0.00248,23.5
DQN_PER_seed_1_1790610322,DQN_PER,1,399,19950,-1.50,0,0.6050,0.00231,23.5
DQN_PER_seed_1_1790610322,DQN_PER,1,400,20000,-6.30,0,0.6040,0.00312,23.6
DQN_PER_seed_1_1790610322,DQN_PER,1,401,20050,-2.70,0,0.6030,0.00533,23.7
DQN_PER_seed_1_1790610322,DQN_PER,1,402,20100,-4.50,0,0.6020,0.00604,23.8
DQN_PER_seed_1_1790610322,DQN_PER,1,403,20150,-0.30,0,0.6010,0.00638,23.9
DQN_PER_seed_1_1790610322,DQN_PER,1,404,20200,-7.50,0,0.6000,0.00371,23.9
DQN_PER_seed_1_1790610322,DQN_PER,1,405,20250,-4.50,0,0.5990,0.00253,24.0
DQN_PER_seed_1_1790610322,DQN_PER,1,406,20300,-5.70,0,0.5981,0.00312,24.1
DQN_PER_seed_1_1790610322,DQN_PER,1,407,20350,-4.50,0,0.5971,0.00353,24.1
DQN_PER_seed_1_1790610322,DQN_PER,1,408,20400,-7.50,0,0.5961,0.00516,24.2
DQN_PER_seed_1_1790610322,DQN_PER,1,409,20450,-5.10,0,0.5951,0.00222,24.3
DQN_PER_seed_1_1790610322,DQN_PER,1,410,20500,-6.90,0,0.5941,0.00277,24.3
DQN_PER_seed_1_1790610322,DQN_PER,1,411,20550,0.30,0,0.5931,0.00291,24.4
DQN_PER_seed_1_1790610322,DQN_PER,1,412,20600,-6.90,0,0.5921,0.00252,24.5
DQN_PER_seed_1_1790610322,DQN_PER,1,413,20650,-5.10,0,0.5911,0.00317,24.5
DQN_PER_seed_1_1790610322,DQN_PER,1,414,20700,-0.90,0,0.5901,0.00274,24.6
DQN_PER_seed_1_1790610322,DQN_PER,1,415,20750,-6.90,0,0.5892,0.00223,24.7
DQN_PER_seed_1_1790610322,DQN_PER,1,416,20800,-5.10,0,0.5882,0.00337,24.7
DQN_PER_seed_1_1790610322,DQN_PER,1,417,20850,-4.50,0,0.5872,0.00309,24.8
DQN_PER_seed_1_1790610322,DQN_PER,1,418,20900,-6.90,0,0.5862,0.00248,24.9
DQN_PER_seed_1_1790610322,DQN_PER,1,419,20950,-5.70,0,0.5852,0.00203,24.9
DQN_PER_seed_1_1790610322,DQN_PER,1,420,21000,-3.30,0,0.5842,0.00218,25.0
DQN_PER_seed_1_1790610322,DQN_PER,1,421,21050,-5.70,0,0.5832,0.01985,25.0
DQN_PER_seed_1_1790610322,DQN_PER,1,422,21100,-6.90,0,0.5822,0.00874,25.1
DQN_PER_seed_1_1790610322,DQN_PER,1,423,21150,-6.30,0,0.5812,0.00392,25.2
DQN_PER_seed_1_1790610322,DQN_PER,1,424,21200,-0.90,0,0.5802,0.00346,25.2
DQN_PER_seed_1_1790610322,DQN_PER,1,425,21250,-5.10,0,0.5793,0.00347,25.3
DQN_PER_seed_1_1790610322,DQN_PER,1,426,21300,-0.30,0,0.5783,0.00370,25.4
DQN_PER_seed_1_1790610322,DQN_PER,1,427,21350,-3.90,0,0.5773,0.00537,25.4
DQN_PER_seed_1_1790610322,DQN_PER,1,428,21400,-7.50,0,0.5763,0.00473,25.5
DQN_PER_seed_1_1790610322,DQN_PER,1,429,21450,-6.90,0,0.5753,0.00269,25.6
DQN_PER_seed_1_1790610322,DQN_PER,1,430,21500,-6.90,0,0.5743,0.00274,25.6
DQN_PER_seed_1_1790610322,DQN_PER,1,431,21550,-3.30,0,0.5733,0.00318,25.7
DQN_PER_seed_1_1790610322,DQN_PER,1,432,21600,-4.50,0,0.5723,0.00289,25.8
DQN_PER_seed_1_1790610322,DQN_PER,1,433,21650,-7.50,0,0.5713,0.00357,25.8
DQN_PER_seed_1_1790610322,DQN_PER,1,434,21700,-5.10,0,0.5703,0.00287,25.9
DQN_PER_seed_1_1790610322,DQN_PER,1,435,21750,-1.50,0,0.5694,0.00273,26.0
DQN_PER_seed_1_1790610322,DQN_PER,1,436,21800,-6.30,0,0.5684,0.00296,26.0
DQN_PER_seed_1_1790610322,DQN_PER,1,437,21850,-5.70,0,0.5674,0.00344,26.1
DQN_PER_seed_1_1790610322,DQN_PER,1,438,21900,-6.90,0,0.5664,0.00394,26.2
DQN_PER_seed_1_1790610322,DQN_PER,1,439,21950,-6.90,0,0.5654,0.00262,26.2
DQN_PER_seed_1_1790610322,DQN_PER,1,440,22000,-4.50,0,0.5644,0.00504,26.3
DQN_PER_seed_1_1790610322,DQN_PER,1,441,22050,-4.50,0,0.5634,0.00599,26.4
DQN_PER_seed_1_1790610322,DQN_PER,1,442,22100,-5.70,0,0.5624,0.00376,26.4
DQN_PER_seed_1_1790610322,DQN_PER,1,443,22150,-0.30,0,0.5614,0.00419,26.5
DQN_PER_seed_1_1790610322,DQN_PER,1,444,22200,-5.70,0,0.5604,0.00426,26.6
DQN_PER_seed_1_1790610322,DQN_PER,1,445,22250,-6.30,0,0.5595,0.00391,26.6
DQN_PER_seed_1_1790610322,DQN_PER,1,446,22300,-5.70,0,0.5585,0.00356,26.7
DQN_PER_seed_1_1790610322,DQN_PER,1,447,22350,-6.30,0,0.5575,0.00526,26.8
DQN_PER_seed_1_1790610322,DQN_PER,1,448,22400,-6.30,0,0.5565,0.00441,26.8
DQN_PER_seed_1_1790610322,DQN_PER,1,449,22450,-8.10,0,0.5555,0.00371,26.9
DQN_PER_seed_1_1790610322,DQN_PER,1,450,22500,-7.50,0,0.5545,0.00349,26.9
DQN_PER_seed_1_1790610322,DQN_PER,1,451,22550,-6.90,0,0.5535,0.00405,27.0
DQN_PER_seed_1_1790610322,DQN_PER,1,452,22600,-4.50,0,0.5525,0.00479,27.1
DQN_PER_seed_1_1790610322,DQN_PER,1,453,22650,-7.50,0,0.5515,0.00356,27.1
DQN_PER_seed_1_1790610322,DQN_PER,1,454,22700,-3.90,0,0.5505,0.00514,27.2
DQN_PER_seed_1_1790610322,DQN_PER,1,455,22750,-5.10,0,0.5495,0.00334,27.3
DQN_PER_seed_1_1790610322,DQN_PER,1,456,22800,-3.90,0,0.5486,0.00573,27.3
DQN_PER_seed_1_1790610322,DQN_PER,1,457,22850,-2.70,0,0.5476,0.00422,27.4
DQN_PER_seed_1_1790610322,DQN_PER,1,458,22900,-6.30,0,0.5466,0.00597,27.5
DQN_PER_seed_1_1790610322,DQN_PER,1,459,22950,-2.70,0,0.5456,0.00421,27.5
DQN_PER_seed_1_1790610322,DQN_PER,1,460,23000,-4.50,0,0.5446,0.00315,27.6
DQN_PER_seed_1_1790610322,DQN_PER,1,461,23050,-6.30,0,0.5436,0.01513,27.7
DQN_PER_seed_1_1790610322,DQN_PER,1,462,23100,-5.10,0,0.5426,0.00596,27.7
DQN_PER_seed_1_1790610322,DQN_PER,1,463,23150,2.10,0,0.5416,0.00385,27.8
DQN_PER_seed_1_1790610322,DQN_PER,1,464,23200,-5.70,0,0.5406,0.00388,27.9
DQN_PER_seed_1_1790610322,DQN_PER,1,465,23250,-7.50,0,0.5396,0.00405,27.9
DQN_PER_seed_1_1790610322,DQN_PER,1,466,23300,-4.50,0,0.5387,0.00701,28.0
DQN_PER_seed_1_1790610322,DQN_PER,1,467,23350,-3.90,0,0.5377,0.00387,28.1
DQN_PER_seed_1_1790610322,DQN_PER,1,468,23400,-4.50,0,0.5367,0.00368,28.1
DQN_PER_seed_1_1790610322,DQN_PER,1,469,23450,-7.50,0,0.5357,0.00360,28.2
DQN_PER_seed_1_1790610322,DQN_PER,1,470,23500,-5.10,0,0.5347,0.00717,28.3
DQN_PER_seed_1_1790610322,DQN_PER,1,471,23550,0.30,0,0.5337,0.00396,28.3
DQN_PER_seed_1_1790610322,DQN_PER,1,472,23600,-6.30,0,0.5327,0.00388,28.4
DQN_PER_seed_1_1790610322,DQN_PER,1,473,23650,3.90,0,0.5317,0.00322,28.5
DQN_PER_seed_1_1790610322,DQN_PER,1,474,23700,-6.90,0,0.5307,0.00542,28.5
DQN_PER_seed_1_1790610322,DQN_PER,1,475,23750,-5.70,0,0.5297,0.00522,28.6
DQN_PER_seed_1_1790610322,DQN_PER,1,476,23800,-4.50,0,0.5288,0.00467,28.7
DQN_PER_seed_1_1790610322,DQN_PER,1,477,23850,3.90,0,0.5278,0.00537,28.7
DQN_PER_seed_1_1790610322,DQN_PER,1,478,23900,-1.50,0,0.5268,0.01776,28.8
DQN_PER_seed_1_1790610322,DQN_PER,1,479,23950,-3.90,0,0.5258,0.00936,28.9
DQN_PER_seed_1_1790610322,DQN_PER,1,480,24000,-4.50,0,0.5248,0.00918,28.9
DQN_PER_seed_1_1790610322,DQN_PER,1,481,24050,-5.70,0,0.5238,0.01400,29.0
DQN_PER_seed_1_1790610322,DQN_PER,1,482,24100,-3.30,0,0.5228,0.00934,29.1
DQN_PER_seed_1_1790610322,DQN_PER,1,483,24150,-7.50,0,0.5218,0.00708,29.1
DQN_PER_seed_1_1790610322,DQN_PER,1,484,24200,2.10,0,0.5208,0.00917,29.2
DQN_PER_seed_1_1790610322,DQN_PER,1,485,24250,-7.50,0,0.5199,0.00679,29.2
DQN_PER_seed_1_1790610322,DQN_PER,1,486,24300,-7.50,0,0.5189,0.00686,29.3
DQN_PER_seed_1_1790610322,DQN_PER,1,487,24350,-6.30,0,0.5179,0.00753,29.4
DQN_PER_seed_1_1790610322,DQN_PER,1,488,24400,-7.50,0,0.5169,0.00758,29.4
DQN_PER_seed_1_1790610322,DQN_PER,1,489,24450,1.50,0,0.5159,0.01019,29.5
DQN_PER_seed_1_1790610322,DQN_PER,1,490,24500,-7.50,0,0.5149,0.00856,29.6
DQN_PER_seed_1_1790610322,DQN_PER,1,491,24550,-3.90,0,0.5139,0.00695,29.6
DQN_PER_seed_1_1790610322,DQN_PER,1,492,24600,-4.50,0,0.5129,0.00657,29.7
DQN_PER_seed_1_1790610322,DQN_PER,1,493,24650,-5.10,0,0.5119,0.00815,29.8
DQN_PER_seed_1_1790610322,DQN_PER,1,494,24700,-3.90,0,0.5109,0.00497,29.8
DQN_PER_seed_1_1790610322,DQN_PER,1,495,24750,-6.30,0,0.5100,0.00729,29.9
DQN_PER_seed_1_1790610322,DQN_PER,1,496,24800,-3.90,0,0.5090,0.00788,30.0
DQN_PER_seed_1_1790610322,DQN_PER,1,497,24850,-6.90,0,0.5080,0.00770,30.0
DQN_PER_seed_1_1790610322,DQN_PER,1,498,24900,-6.90,0,0.5070,0.00556,30.1
DQN_PER_seed_1_1790610322,DQN_PER,1,499,24950,-0.90,0,0.5060,0.00775,30.2
DQN_PER_seed_1_1790610322,DQN_PER,1,500,25000,-5.10,0,0.5050,0.00811,30.2
DQN_PER_seed_1_1790610322,DQN_PER,1,501,25050,-5.10,0,0.5040,0.01139,30.4
DQN_PER_seed_1_1790610322,DQN_PER,1,502,25100,-4.50,0,0.5030,0.00459,30.5
DQN_PER_seed_1_1790610322,DQN_PER,1,503,25150,-6.30,0,0.5020,0.00664,30.5
DQN_PER_seed_1_1790610322,DQN_PER,1,504,25200,-7.50,0,0.5010,0.00564,30.6
DQN_PER_seed_1_1790610322,DQN_PER,1,505,25250,-5.10,0,0.5000,0.00619,30.7
DQN_PER_seed_1_1790610322,DQN_PER,1,506,25300,-3.30,0,0.4991,0.00918,30.7
DQN_PER_seed_1_1790610322,DQN_PER,1,507,25350,-6.30,0,0.4981,0.00659,30.8
DQN_PER_seed_1_1790610322,DQN_PER,1,508,25400,-6.30,0,0.4971,0.00527,30.9
DQN_PER_seed_1_1790610322,DQN_PER,1,509,25450,-6.30,0,0.4961,0.00684,30.9
DQN_PER_seed_1_1790610322,DQN_PER,1,510,25500,-2.10,0,0.4951,0.00540,31.0
DQN_PER_seed_1_1790610322,DQN_PER,1,511,25550,-3.90,0,0.4941,0.00452,31.0
DQN_PER_seed_1_1790610322,DQN_PER,1,512,25600,-4.50,0,0.4931,0.00646,31.1
DQN_PER_seed_1_1790610322,DQN_PER,1,513,25650,-2.10,0,0.4921,0.01371,31.2
DQN_PER_seed_1_1790610322,DQN_PER,1,514,25700,-8.10,0,0.4911,0.00566,31.2
DQN_PER_seed_1_1790610322,DQN_PER,1,515,25750,-7.50,0,0.4901,0.00561,31.3
DQN_PER_seed_1_1790610322,DQN_PER,1,516,25800,-5.70,0,0.4892,0.00543,31.4
DQN_PER_seed_1_1790610322,DQN_PER,1,517,25850,-7.50,0,0.4882,0.00535,31.4
DQN_PER_seed_1_1790610322,DQN_PER,1,518,25900,-6.90,0,0.4872,0.00657,31.5
DQN_PER_seed_1_1790610322,DQN_PER,1,519,25950,-6.90,0,0.4862,0.00729,31.6
DQN_PER_seed_1_1790610322,DQN_PER,1,520,26000,-4.50,0,0.4852,0.00728,31.6
DQN_PER_seed_1_1790610322,DQN_PER,1,521,26050,-4.50,0,0.4842,0.01088,31.7
DQN_PER_seed_1_1790610322,DQN_PER,1,522,26100,-1.50,0,0.4832,0.00653,31.8
DQN_PER_seed_1_1790610322,DQN_PER,1,523,26150,-3.90,0,0.4822,0.00693,31.8
DQN_PER_seed_1_1790610322,DQN_PER,1,524,26200,-6.90,0,0.4812,0.00676,31.9
DQN_PER_seed_1_1790610322,DQN_PER,1,525,26250,-5.10,0,0.4802,0.00718,32.0
DQN_PER_seed_1_1790610322,DQN_PER,1,526,26300,-5.10,0,0.4793,0.00684,32.0
DQN_PER_seed_1_1790610322,DQN_PER,1,527,26350,0.30,0,0.4783,0.00733,32.1
DQN_PER_seed_1_1790610322,DQN_PER,1,528,26400,3.90,0,0.4773,0.00937,32.2
DQN_PER_seed_1_1790610322,DQN_PER,1,529,26450,-7.50,0,0.4763,0.00732,32.2
DQN_PER_seed_1_1790610322,DQN_PER,1,530,26500,-6.90,0,0.4753,0.00849,32.3
DQN_PER_seed_1_1790610322,DQN_PER,1,531,26550,-6.90,0,0.4743,0.00601,32.4
DQN_PER_seed_1_1790610322,DQN_PER,1,532,26600,-7.50,0,0.4733,0.00629,32.4
DQN_PER_seed_1_1790610322,DQN_PER,1,533,26650,-3.30,0,0.4723,0.00661,32.5
DQN_PER_seed_1_1790610322,DQN_PER,1,534,26700,-5.10,0,0.4713,0.00709,32.6
DQN_PER_seed_1_1790610322,DQN_PER,1,535,26750,-6.90,0,0.4703,0.00668,32.6
DQN_PER_seed_1_1790610322,DQN_PER,1,536,26800,2.10,0,0.4694,0.00625,32.7
DQN_PER_seed_1_1790610322,DQN_PER,1,537,26850,-6.30,0,0.4684,0.01011,32.8
DQN_PER_seed_1_1790610322,DQN_PER,1,538,26900,-5.70,0,0.4674,0.00770,32.8
DQN_PER_seed_1_1790610322,DQN_PER,1,539,26950,-7.50,0,0.4664,0.01243,32.9
DQN_PER_seed_1_1790610322,DQN_PER,1,540,27000,-2.10,0,0.4654,0.00660,33.0
DQN_PER_seed_1_1790610322,DQN_PER,1,541,27050,-1.50,0,0.4644,0.01349,33.0
DQN_PER_seed_1_1790610322,DQN_PER,1,542,27100,-8.10,0,0.4634,0.00590,33.1
DQN_PER_seed_1_1790610322,DQN_PER,1,543,27150,-6.90,0,0.4624,0.00562,33.2
DQN_PER_seed_1_1790610322,DQN_PER,1,544,27200,0.30,0,0.4614,0.00674,33.2
DQN_PER_seed_1_1790610322,DQN_PER,1,545,27250,-3.30,0,0.4604,0.00714,33.3
DQN_PER_seed_1_1790610322,DQN_PER,1,546,27300,-8.10,0,0.4595,0.00569,33.4
DQN_PER_seed_1_1790610322,DQN_PER,1,547,27350,-6.30,0,0.4585,0.00813,33.4
DQN_PER_seed_1_1790610322,DQN_PER,1,548,27400,-6.30,0,0.4575,0.00687,33.5
DQN_PER_seed_1_1790610322,DQN_PER,1,549,27450,-7.50,0,0.4565,0.00934,33.6
DQN_PER_seed_1_1790610322,DQN_PER,1,550,27500,-6.90,0,0.4555,0.00882,33.6
DQN_PER_seed_1_1790610322,DQN_PER,1,551,27550,-6.90,0,0.4545,0.00765,33.7
DQN_PER_seed_1_1790610322,DQN_PER,1,552,27600,-6.90,0,0.4535,0.00684,33.8
DQN_PER_seed_1_1790610322,DQN_PER,1,553,27650,-5.70,0,0.4525,0.00550,33.8
DQN_PER_seed_1_1790610322,DQN_PER,1,554,27700,-5.70,0,0.4515,0.00651,33.9
DQN_PER_seed_1_1790610322,DQN_PER,1,555,27750,-6.90,0,0.4506,0.00651,34.0
DQN_PER_seed_1_1790610322,DQN_PER,1,556,27800,-6.30,0,0.4496,0.01007,34.0
DQN_PER_seed_1_1790610322,DQN_PER,1,557,27850,-6.30,0,0.4486,0.01046,34.1
DQN_PER_seed_1_1790610322,DQN_PER,1,558,27900,-6.90,0,0.4476,0.00820,34.1
DQN_PER_seed_1_1790610322,DQN_PER,1,559,27950,-5.70,0,0.4466,0.00686,34.2
DQN_PER_seed_1_1790610322,DQN_PER,1,560,28000,-4.50,0,0.4456,0.00811,34.3
DQN_PER_seed_1_1790610322,DQN_PER,1,561,28050,-5.70,0,0.4446,0.02289,34.3
DQN_PER_seed_1_1790610322,DQN_PER,1,562,28100,-7.50,0,0.4436,0.00913,34.4
DQN_PER_seed_1_1790610322,DQN_PER,1,563,28150,-7.50,0,0.4426,0.00509,34.5
DQN_PER_seed_1_1790610322,DQN_PER,1,564,28200,-6.30,0,0.4416,0.00691,34.5
DQN_PER_seed_1_1790610322,DQN_PER,1,565,28250,3.90,0,0.4407,0.00669,34.6
DQN_PER_seed_1_1790610322,DQN_PER,1,566,28300,1.50,0,0.4397,0.00714,34.7
DQN_PER_seed_1_1790610322,DQN_PER,1,567,28350,-6.90,0,0.4387,0.00609,34.7
DQN_PER_seed_1_1790610322,DQN_PER,1,568,28400,-8.10,0,0.4377,0.00444,34.8
DQN_PER_seed_1_1790610322,DQN_PER,1,569,28450,-5.70,0,0.4367,0.00663,34.9
DQN_PER_seed_1_1790610322,DQN_PER,1,570,28500,-6.30,0,0.4357,0.00611,34.9
DQN_PER_seed_1_1790610322,DQN_PER,1,571,28550,-8.10,0,0.4347,0.00785,35.0
DQN_PER_seed_1_1790610322,DQN_PER,1,572,28600,-6.30,0,0.4337,0.00809,35.1
DQN_PER_seed_1_1790610322,DQN_PER,1,573,28650,3.90,0,0.4327,0.00627,35.1
DQN_PER_seed_1_1790610322,DQN_PER,1,574,28700,-6.30,0,0.4317,0.00648,35.2
DQN_PER_seed_1_1790610322,DQN_PER,1,575,28750,-2.10,0,0.4308,0.00626,35.3
DQN_PER_seed_1_1790610322,DQN_PER,1,576,28800,-8.10,0,0.4298,0.00656,35.3
DQN_PER_seed_1_1790610322,DQN_PER,1,577,28850,-5.70,0,0.4288,0.00582,35.4
DQN_PER_seed_1_1790610322,DQN_PER,1,578,28900,-5.70,0,0.4278,0.00712,35.5
DQN_PER_seed_1_1790610322,DQN_PER,1,579,28950,-6.30,0,0.4268,0.00658,35.5
DQN_PER_seed_1_1790610322,DQN_PER,1,580,29000,-4.50,0,0.4258,0.00842,35.6
DQN_PER_seed_1_1790610322,DQN_PER,1,581,29050,0.30,0,0.4248,0.00948,35.7
DQN_PER_seed_1_1790610322,DQN_PER,1,582,29100,-3.30,0,0.4238,0.00525,35.7
DQN_PER_seed_1_1790610322,DQN_PER,1,583,29150,-2.70,0,0.4228,0.00465,35.8
DQN_PER_seed_1_1790610322,DQN_PER,1,584,29200,-7.50,0,0.4218,0.00666,35.9
DQN_PER_seed_1_1790610322,DQN_PER,1,585,29250,-1.50,0,0.4209,0.00555,35.9
DQN_PER_seed_1_1790610322,DQN_PER,1,586,29300,-6.90,0,0.4199,0.00511,36.0
DQN_PER_seed_1_1790610322,DQN_PER,1,587,29350,-5.10,0,0.4189,0.00444,36.1
DQN_PER_seed_1_1790610322,DQN_PER,1,588,29400,-6.30,0,0.4179,0.00450,36.1
DQN_PER_seed_1_1790610322,DQN_PER,1,589,29450,-3.90,0,0.4169,0.00660,36.2
DQN_PER_seed_1_1790610322,DQN_PER,1,590,29500,-6.90,0,0.4159,0.00359,36.3
DQN_PER_seed_1_1790610322,DQN_PER,1,591,29550,-6.90,0,0.4149,0.00447,36.3
DQN_PER_seed_1_1790610322,DQN_PER,1,592,29600,-7.50,0,0.4139,0.00390,36.4
DQN_PER_seed_1_1790610322,DQN_PER,1,593,29650,-6.30,0,0.4129,0.00324,36.5
DQN_PER_seed_1_1790610322,DQN_PER,1,594,29700,-6.90,0,0.4119,0.00619,36.5
DQN_PER_seed_1_1790610322,DQN_PER,1,595,29750,-5.70,0,0.4110,0.00545,36.6
DQN_PER_seed_1_1790610322,DQN_PER,1,596,29800,3.90,0,0.4100,0.00501,36.7
DQN_PER_seed_1_1790610322,DQN_PER,1,597,29850,-6.90,0,0.4090,0.00392,36.7
DQN_PER_seed_1_1790610322,DQN_PER,1,598,29900,-6.30,0,0.4080,0.00511,36.8
DQN_PER_seed_1_1790610322,DQN_PER,1,599,29950,-3.90,0,0.4070,0.00448,36.9
DQN_PER_seed_1_1790610322,DQN_PER,1,600,30000,-5.70,0,0.4060,0.00435,36.9
DQN_PER_seed_1_1790610322,DQN_PER,1,601,30050,-3.90,0,0.4050,0.02087,37.1
DQN_PER_seed_1_1790610322,DQN_PER,1,602,30100,-0.30,0,0.4040,0.00914,37.2
DQN_PER_seed_1_1790610322,DQN_PER,1,603,30150,-7.50,0,0.4030,0.00488,37.2
DQN_PER_seed_1_1790610322,DQN_PER,1,604,30200,-8.10,0,0.4020,0.00605,37.3
DQN_PER_seed_1_1790610322,DQN_PER,1,605,30250,-6.30,0,0.4011,0.00373,37.4
DQN_PER_seed_1_1790610322,DQN_PER,1,606,30300,-5.10,0,0.4001,0.00416,37.4
DQN_PER_seed_1_1790610322,DQN_PER,1,607,30350,-5.10,0,0.3991,0.00411,37.5
DQN_PER_seed_1_1790610322,DQN_PER,1,608,30400,-3.90,0,0.3981,0.01738,37.6
DQN_PER_seed_1_1790610322,DQN_PER,1,609,30450,-5.10,0,0.3971,0.00534,37.6
DQN_PER_seed_1_1790610322,DQN_PER,1,610,30500,-5.70,0,0.3961,0.00643,37.7
DQN_PER_seed_1_1790610322,DQN_PER,1,611,30550,-2.70,0,0.3951,0.00517,37.8
DQN_PER_seed_1_1790610322,DQN_PER,1,612,30600,-5.70,0,0.3941,0.00451,37.8
DQN_PER_seed_1_1790610322,DQN_PER,1,613,30650,-5.70,0,0.3931,0.00477,37.9
DQN_PER_seed_1_1790610322,DQN_PER,1,614,30700,-6.30,0,0.3921,0.00453,38.0
DQN_PER_seed_1_1790610322,DQN_PER,1,615,30750,-5.70,0,0.3911,0.00389,38.0
DQN_PER_seed_1_1790610322,DQN_PER,1,616,30800,-5.10,0,0.3902,0.00683,38.1
DQN_PER_seed_1_1790610322,DQN_PER,1,617,30850,-6.90,0,0.3892,0.00573,38.1
DQN_PER_seed_1_1790610322,DQN_PER,1,618,30900,-5.70,0,0.3882,0.00467,38.2
DQN_PER_seed_1_1790610322,DQN_PER,1,619,30950,-6.90,0,0.3872,0.00437,38.3
DQN_PER_seed_1_1790610322,DQN_PER,1,620,31000,3.90,0,0.3862,0.00384,38.4
DQN_PER_seed_1_1790610322,DQN_PER,1,621,31050,3.90,0,0.3852,0.00876,38.4
DQN_PER_seed_1_1790610322,DQN_PER,1,622,31100,-5.10,0,0.3842,0.00509,38.5
DQN_PER_seed_1_1790610322,DQN_PER,1,623,31150,-5.70,0,0.3832,0.00362,38.6
DQN_PER_seed_1_1790610322,DQN_PER,1,624,31200,-5.70,0,0.3822,0.00564,38.6
DQN_PER_seed_1_1790610322,DQN_PER,1,625,31250,-5.10,0,0.3812,0.03132,38.7
DQN_PER_seed_1_1790610322,DQN_PER,1,626,31300,-2.10,0,0.3803,0.01009,38.8
DQN_PER_seed_1_1790610322,DQN_PER,1,627,31350,-7.50,0,0.3793,0.00421,38.8
DQN_PER_seed_1_1790610322,DQN_PER,1,628,31400,-1.50,0,0.3783,0.00405,38.9
DQN_PER_seed_1_1790610322,DQN_PER,1,629,31450,-6.30,0,0.3773,0.00328,39.0
DQN_PER_seed_1_1790610322,DQN_PER,1,630,31500,-1.50,0,0.3763,0.00272,39.0
DQN_PER_seed_1_1790610322,DQN_PER,1,631,31550,3.90,0,0.3753,0.00394,39.1
DQN_PER_seed_1_1790610322,DQN_PER,1,632,31600,3.90,0,0.3743,0.00765,39.2
DQN_PER_seed_1_1790610322,DQN_PER,1,633,31650,-5.70,0,0.3733,0.00669,39.2
DQN_PER_seed_1_1790610322,DQN_PER,1,634,31700,-5.70,0,0.3723,0.00422,39.3
DQN_PER_seed_1_1790610322,DQN_PER,1,635,31750,3.90,0,0.3713,0.00404,39.4
DQN_PER_seed_1_1790610322,DQN_PER,1,636,31800,-5.10,0,0.3704,0.00561,39.4
DQN_PER_seed_1_1790610322,DQN_PER,1,637,31850,3.90,0,0.3694,0.00429,39.5
DQN_PER_seed_1_1790610322,DQN_PER,1,638,31900,-2.10,0,0.3684,0.00534,39.6
DQN_PER_seed_1_1790610322,DQN_PER,1,639,31950,-3.90,0,0.3674,0.00500,39.6
DQN_PER_seed_1_1790610322,DQN_PER,1,640,32000,-3.30,0,0.3664,0.00414,39.7
DQN_PER_seed_1_1790610322,DQN_PER,1,641,32051,4.00,0,0.3654,0.00740,39.8
DQN_PER_seed_1_1790610322,DQN_PER,1,642,32101,3.90,0,0.3644,0.00453,39.8
DQN_PER_seed_1_1790610322,DQN_PER,1,643,32151,-6.30,0,0.3634,0.00488,39.9
DQN_PER_seed_1_1790610322,DQN_PER,1,644,32201,-1.50,0,0.3624,0.00419,40.0
DQN_PER_seed_1_1790610322,DQN_PER,1,645,32251,-2.70,0,0.3614,0.00481,40.0
DQN_PER_seed_1_1790610322,DQN_PER,1,646,32301,-3.90,0,0.3604,0.00379,40.1
DQN_PER_seed_1_1790610322,DQN_PER,1,647,32351,-4.50,0,0.3595,0.00370,40.2
DQN_PER_seed_1_1790610322,DQN_PER,1,648,32401,-5.70,0,0.3585,0.00361,40.2
DQN_PER_seed_1_1790610322,DQN_PER,1,649,32451,-7.50,0,0.3575,0.00319,40.3
DQN_PER_seed_1_1790610322,DQN_PER,1,650,32501,-5.70,0,0.3565,0.00383,40.4
DQN_PER_seed_1_1790610322,DQN_PER,1,651,32551,-8.10,0,0.3555,0.00378,40.4
DQN_PER_seed_1_1790610322,DQN_PER,1,652,32601,3.90,0,0.3545,0.00364,40.5
DQN_PER_seed_1_1790610322,DQN_PER,1,653,32651,-5.70,0,0.3535,0.00412,40.6
DQN_PER_seed_1_1790610322,DQN_PER,1,654,32701,-2.10,0,0.3525,0.00424,40.6
DQN_PER_seed_1_1790610322,DQN_PER,1,655,32751,-5.10,0,0.3515,0.00475,40.7
DQN_PER_seed_1_1790610322,DQN_PER,1,656,32801,-6.90,0,0.3505,0.00329,40.8
DQN_PER_seed_1_1790610322,DQN_PER,1,657,32851,-5.10,0,0.3496,0.00315,40.8
DQN_PER_seed_1_1790610322,DQN_PER,1,658,32901,3.90,0,0.3486,0.00414,40.9
DQN_PER_seed_1_1790610322,DQN_PER,1,659,32951,2.10,0,0.3476,0.01963,41.0
DQN_PER_seed_1_1790610322,DQN_PER,1,660,33001,-2.70,0,0.3466,0.01108,41.0
DQN_PER_seed_1_1790610322,DQN_PER,1,661,33051,-4.50,0,0.3456,0.00639,41.1
DQN_PER_seed_1_1790610322,DQN_PER,1,662,33101,-5.10,0,0.3446,0.00670,41.2
DQN_PER_seed_1_1790610322,DQN_PER,1,663,33151,3.90,0,0.3436,0.00409,41.2
DQN_PER_seed_1_1790610322,DQN_PER,1,664,33201,0.90,0,0.3426,0.00331,41.3
DQN_PER_seed_1_1790610322,DQN_PER,1,665,33251,-7.50,0,0.3416,0.00306,41.4
DQN_PER_seed_1_1790610322,DQN_PER,1,666,33301,-7.50,0,0.3406,0.00279,41.4
DQN_PER_seed_1_1790610322,DQN_PER,1,667,33351,-1.50,0,0.3397,0.00410,41.5
DQN_PER_seed_1_1790610322,DQN_PER,1,668,33401,-6.90,0,0.3387,0.00459,41.6
DQN_PER_seed_1_1790610322,DQN_PER,1,669,33451,-4.50,0,0.3377,0.00295,41.6
DQN_PER_seed_1_1790610322,DQN_PER,1,670,33501,-1.50,0,0.3367,0.00416,41.7
DQN_PER_seed_1_1790610322,DQN_PER,1,671,33551,-4.50,0,0.3357,0.00300,41.7
DQN_PER_seed_1_1790610322,DQN_PER,1,672,33601,-3.30,0,0.3347,0.00371,41.8
DQN_PER_seed_1_1790610322,DQN_PER,1,673,33651,3.90,0,0.3337,0.00357,41.9
DQN_PER_seed_1_1790610322,DQN_PER,1,674,33701,-2.70,0,0.3327,0.00399,42.0
DQN_PER_seed_1_1790610322,DQN_PER,1,675,33751,-0.30,0,0.3317,0.00331,42.0
DQN_PER_seed_1_1790610322,DQN_PER,1,676,33801,-4.50,0,0.3307,0.00551,42.1
DQN_PER_seed_1_1790610322,DQN_PER,1,677,33851,-0.30,0,0.3298,0.00398,42.2
DQN_PER_seed_1_1790610322,DQN_PER,1,678,33901,3.90,0,0.3288,0.00557,42.2
DQN_PER_seed_1_1790610322,DQN_PER,1,679,33951,3.30,0,0.3278,0.00565,42.3
DQN_PER_seed_1_1790610322,DQN_PER,1,680,34001,3.90,0,0.3268,0.00294,42.4
DQN_PER_seed_1_1790610322,DQN_PER,1,681,34051,-5.10,0,0.3258,0.00471,42.4
DQN_PER_seed_1_1790610322,DQN_PER,1,682,34101,2.70,0,0.3248,0.00550,42.5
DQN_PER_seed_1_1790610322,DQN_PER,1,683,34151,2.10,0,0.3238,0.00493,42.6
DQN_PER_seed_1_1790610322,DQN_PER,1,684,34201,2.10,0,0.3228,0.00455,42.6
DQN_PER_seed_1_1790610322,DQN_PER,1,685,34251,3.90,0,0.3218,0.00375,42.7
DQN_PER_seed_1_1790610322,DQN_PER,1,686,34348,9.50,2,0.3199,0.00695,42.8
DQN_PER_seed_1_1790610322,DQN_PER,1,687,34398,2.70,0,0.3189,0.00614,42.9
DQN_PER_seed_1_1790610322,DQN_PER,1,688,34448,2.70,0,0.3179,0.00467,42.9
DQN_PER_seed_1_1790610322,DQN_PER,1,689,34498,3.90,0,0.3169,0.00347,43.0
DQN_PER_seed_1_1790610322,DQN_PER,1,690,34548,-0.90,0,0.3159,0.00866,43.1
DQN_PER_seed_1_1790610322,DQN_PER,1,691,34598,-5.10,0,0.3150,0.00736,43.1
DQN_PER_seed_1_1790610322,DQN_PER,1,692,34648,3.90,0,0.3140,0.00411,43.2
DQN_PER_seed_1_1790610322,DQN_PER,1,693,34698,-5.10,0,0.3130,0.00277,43.3
DQN_PER_seed_1_1790610322,DQN_PER,1,694,34748,0.30,0,0.3120,0.00348,43.3
DQN_PER_seed_1_1790610322,DQN_PER,1,695,34798,3.90,0,0.3110,0.00403,43.4
DQN_PER_seed_1_1790610322,DQN_PER,1,696,34848,3.90,0,0.3100,0.01010,43.5
DQN_PER_seed_1_1790610322,DQN_PER,1,697,34898,-3.90,0,0.3090,0.00589,43.5
DQN_PER_seed_1_1790610322,DQN_PER,1,698,34948,-7.50,0,0.3080,0.00387,43.6
DQN_PER_seed_1_1790610322,DQN_PER,1,699,35005,4.60,0,0.3069,0.00351,43.8
DQN_PER_seed_1_1790610322,DQN_PER,1,700,35055,3.90,0,0.3059,0.00494,43.9
DQN_PER_seed_1_1790610322,DQN_PER,1,701,35115,4.90,0,0.3047,0.00545,43.9
DQN_PER_seed_1_1790610322,DQN_PER,1,702,35165,-2.70,0,0.3037,0.00377,44.0
DQN_PER_seed_1_1790610322,DQN_PER,1,703,35215,-2.10,0,0.3027,0.00395,44.1
DQN_PER_seed_1_1790610322,DQN_PER,1,704,35265,3.90,0,0.3018,0.00461,44.1
DQN_PER_seed_1_1790610322,DQN_PER,1,705,35315,3.90,0,0.3008,0.00412,44.2
DQN_PER_seed_1_1790610322,DQN_PER,1,706,35365,3.90,0,0.2998,0.00459,44.3
DQN_PER_seed_1_1790610322,DQN_PER,1,707,35415,-5.70,0,0.2988,0.00397,44.3
DQN_PER_seed_1_1790610322,DQN_PER,1,708,35465,3.90,0,0.2978,0.00498,44.4
DQN_PER_seed_1_1790610322,DQN_PER,1,709,35515,-0.90,0,0.2968,0.00388,44.5
DQN_PER_seed_1_1790610322,DQN_PER,1,710,35565,-6.30,0,0.2958,0.00403,44.5
DQN_PER_seed_1_1790610322,DQN_PER,1,711,35615,2.10,0,0.2948,0.00454,44.6
DQN_PER_seed_1_1790610322,DQN_PER,1,712,35665,3.90,0,0.2938,0.00429,44.7
DQN_PER_seed_1_1790610322,DQN_PER,1,713,35715,-5.70,0,0.2928,0.00331,44.7
DQN_PER_seed_1_1790610322,DQN_PER,1,714,35765,-2.10,0,0.2919,0.00426,44.8
DQN_PER_seed_1_1790610322,DQN_PER,1,715,35815,3.90,0,0.2909,0.00759,44.9
DQN_PER_seed_1_1790610322,DQN_PER,1,716,35865,3.90,0,0.2899,0.00394,44.9
DQN_PER_seed_1_1790610322,DQN_PER,1,717,35919,4.30,0,0.2888,0.00382,45.0
DQN_PER_seed_1_1790610322,DQN_PER,1,718,35969,-0.30,0,0.2878,0.00343,45.1
DQN_PER_seed_1_1790610322,DQN_PER,1,719,36019,1.50,0,0.2868,0.00507,45.1
DQN_PER_seed_1_1790610322,DQN_PER,1,720,36069,-5.10,0,0.2858,0.00449,45.2
DQN_PER_seed_1_1790610322,DQN_PER,1,721,36119,-3.90,0,0.2848,0.00617,45.3
DQN_PER_seed_1_1790610322,DQN_PER,1,722,36169,3.90,0,0.2839,0.00417,45.3
DQN_PER_seed_1_1790610322,DQN_PER,1,723,36219,3.90,0,0.2829,0.00504,45.4
DQN_PER_seed_1_1790610322,DQN_PER,1,724,36269,3.90,0,0.2819,0.01900,45.5
DQN_PER_seed_1_1790610322,DQN_PER,1,725,36319,-0.30,0,0.2809,0.00917,45.5
DQN_PER_seed_1_1790610322,DQN_PER,1,726,36369,-3.90,0,0.2799,0.00338,45.6
DQN_PER_seed_1_1790610322,DQN_PER,1,727,36419,1.50,0,0.2789,0.00517,45.7
DQN_PER_seed_1_1790610322,DQN_PER,1,728,36469,-7.50,0,0.2779,0.00414,45.7
DQN_PER_seed_1_1790610322,DQN_PER,1,729,36519,3.90,0,0.2769,0.00401,45.8
DQN_PER_seed_1_1790610322,DQN_PER,1,730,36569,3.90,0,0.2759,0.00416,45.9
DQN_PER_seed_1_1790610322,DQN_PER,1,731,36619,3.90,0,0.2749,0.00418,45.9
DQN_PER_seed_1_1790610322,DQN_PER,1,732,36674,4.40,0,0.2739,0.00896,46.0
DQN_PER_seed_1_1790610322,DQN_PER,1,733,36724,-2.10,0,0.2729,0.00404,46.1
DQN_PER_seed_1_1790610322,DQN_PER,1,734,36774,3.90,0,0.2719,0.00364,46.1
DQN_PER_seed_1_1790610322,DQN_PER,1,735,36824,3.90,0,0.2709,0.00493,46.2
DQN_PER_seed_1_1790610322,DQN_PER,1,736,36874,-6.30,0,0.2699,0.00401,46.3
DQN_PER_seed_1_1790610322,DQN_PER,1,737,36924,3.90,0,0.2689,0.00337,46.3
DQN_PER_seed_1_1790610322,DQN_PER,1,738,36974,3.90,0,0.2679,0.00506,46.4
DQN_PER_seed_1_1790610322,DQN_PER,1,739,37024,3.90,0,0.2669,0.01451,46.5
DQN_PER_seed_1_1790610322,DQN_PER,1,740,37074,3.90,0,0.2659,0.01652,46.5
DQN_PER_seed_1_1790610322,DQN_PER,1,741,37124,3.90,0,0.2649,0.00998,46.6
DQN_PER_seed_1_1790610322,DQN_PER,1,742,37174,3.90,0,0.2640,0.00589,46.7
DQN_PER_seed_1_1790610322,DQN_PER,1,743,37224,-2.10,0,0.2630,0.00462,46.7
DQN_PER_seed_1_1790610322,DQN_PER,1,744,37274,-1.50,0,0.2620,0.00380,46.8
DQN_PER_seed_1_1790610322,DQN_PER,1,745,37324,3.90,0,0.2610,0.00363,46.9
DQN_PER_seed_1_1790610322,DQN_PER,1,746,37374,3.90,0,0.2600,0.00369,46.9
DQN_PER_seed_1_1790610322,DQN_PER,1,747,37424,3.90,0,0.2590,0.00528,47.0
DQN_PER_seed_1_1790610322,DQN_PER,1,748,37474,1.50,0,0.2580,0.00416,47.1
DQN_PER_seed_1_1790610322,DQN_PER,1,749,37524,3.30,0,0.2570,0.00367,47.1
DQN_PER_seed_1_1790610322,DQN_PER,1,750,37574,3.90,0,0.2560,0.00370,47.2
DQN_PER_seed_1_1790610322,DQN_PER,1,751,37624,3.90,0,0.2550,0.00331,47.3
DQN_PER_seed_1_1790610322,DQN_PER,1,752,37674,-5.10,0,0.2541,0.00437,47.3
DQN_PER_seed_1_1790610322,DQN_PER,1,753,37724,3.90,0,0.2531,0.00397,47.4
DQN_PER_seed_1_1790610322,DQN_PER,1,754,37774,3.90,0,0.2521,0.00439,47.5
DQN_PER_seed_1_1790610322,DQN_PER,1,755,37824,3.90,0,0.2511,0.00416,47.5
DQN_PER_seed_1_1790610322,DQN_PER,1,756,37874,3.90,0,0.2501,0.00429,47.6
DQN_PER_seed_1_1790610322,DQN_PER,1,757,37924,3.90,0,0.2491,0.00366,47.7
DQN_PER_seed_1_1790610322,DQN_PER,1,758,37974,-3.30,0,0.2481,0.00378,47.7
DQN_PER_seed_1_1790610322,DQN_PER,1,759,38024,-1.50,0,0.2471,0.00655,47.8
DQN_PER_seed_1_1790610322,DQN_PER,1,760,38074,3.90,0,0.2461,0.00458,47.9
DQN_PER_seed_1_1790610322,DQN_PER,1,761,38124,-2.10,0,0.2451,0.00529,47.9
DQN_PER_seed_1_1790610322,DQN_PER,1,762,38174,-0.90,0,0.2442,0.00540,48.0
DQN_PER_seed_1_1790610322,DQN_PER,1,763,38224,3.90,0,0.2432,0.00438,48.1
DQN_PER_seed_1_1790610322,DQN_PER,1,764,38274,3.90,0,0.2422,0.00468,48.1
DQN_PER_seed_1_1790610322,DQN_PER,1,765,38324,3.90,0,0.2412,0.00548,48.2
DQN_PER_seed_1_1790610322,DQN_PER,1,766,38374,3.90,0,0.2402,0.00489,48.3
DQN_PER_seed_1_1790610322,DQN_PER,1,767,38424,-5.10,0,0.2392,0.00368,48.3
DQN_PER_seed_1_1790610322,DQN_PER,1,768,38474,3.90,0,0.2382,0.00447,48.4
DQN_PER_seed_1_1790610322,DQN_PER,1,769,38524,0.90,0,0.2372,0.00484,48.5
DQN_PER_seed_1_1790610322,DQN_PER,1,770,38574,3.90,0,0.2362,0.00467,48.5
DQN_PER_seed_1_1790610322,DQN_PER,1,771,38624,3.90,0,0.2352,0.00460,48.6
DQN_PER_seed_1_1790610322,DQN_PER,1,772,38674,3.90,0,0.2343,0.00402,48.7
DQN_PER_seed_1_1790610322,DQN_PER,1,773,38724,3.90,0,0.2333,0.00719,48.7
DQN_PER_seed_1_1790610322,DQN_PER,1,774,38781,4.60,0,0.2321,0.01125,48.8
DQN_PER_seed_1_1790610322,DQN_PER,1,775,38831,2.10,0,0.2311,0.00556,48.9
DQN_PER_seed_1_1790610322,DQN_PER,1,776,38881,2.70,0,0.2302,0.00557,48.9
DQN_PER_seed_1_1790610322,DQN_PER,1,777,38931,-2.10,0,0.2292,0.00674,49.0
DQN_PER_seed_1_1790610322,DQN_PER,1,778,38981,3.90,0,0.2282,0.00497,49.1
DQN_PER_seed_1_1790610322,DQN_PER,1,779,39031,-3.30,0,0.2272,0.00791,49.1
DQN_PER_seed_1_1790610322,DQN_PER,1,780,39081,3.90,0,0.2262,0.00700,49.2
DQN_PER_seed_1_1790610322,DQN_PER,1,781,39131,1.50,0,0.2252,0.00558,49.3
DQN_PER_seed_1_1790610322,DQN_PER,1,782,39181,3.90,0,0.2242,0.00366,49.3
DQN_PER_seed_1_1790610322,DQN_PER,1,783,39231,3.90,0,0.2232,0.00427,49.4
DQN_PER_seed_1_1790610322,DQN_PER,1,784,39281,-0.90,0,0.2222,0.00430,49.5
DQN_PER_seed_1_1790610322,DQN_PER,1,785,39331,3.90,0,0.2212,0.00416,49.6
DQN_PER_seed_1_1790610322,DQN_PER,1,786,39381,-1.50,0,0.2203,0.00340,49.6
DQN_PER_seed_1_1790610322,DQN_PER,1,787,39431,-2.10,0,0.2193,0.00506,49.7
DQN_PER_seed_1_1790610322,DQN_PER,1,788,39481,3.90,0,0.2183,0.00523,49.8
DQN_PER_seed_1_1790610322,DQN_PER,1,789,39531,-0.90,0,0.2173,0.00451,49.8
DQN_PER_seed_1_1790610322,DQN_PER,1,790,39581,3.90,0,0.2163,0.00349,49.9
DQN_PER_seed_1_1790610322,DQN_PER,1,791,39631,-1.50,0,0.2153,0.00320,50.0
DQN_PER_seed_1_1790610322,DQN_PER,1,792,39681,-2.70,0,0.2143,0.00356,50.0
DQN_PER_seed_1_1790610322,DQN_PER,1,793,39731,3.90,0,0.2133,0.00335,50.1
DQN_PER_seed_1_1790610322,DQN_PER,1,794,39781,-2.10,0,0.2123,0.00487,50.2
DQN_PER_seed_1_1790610322,DQN_PER,1,795,39831,2.70,0,0.2113,0.00663,50.2
DQN_PER_seed_1_1790610322,DQN_PER,1,796,39881,3.90,0,0.2104,0.00660,50.3
DQN_PER_seed_1_1790610322,DQN_PER,1,797,39931,3.90,0,0.2094,0.00491,50.3
DQN_PER_seed_1_1790610322,DQN_PER,1,798,39981,3.90,0,0.2084,0.00328,50.4
DQN_PER_seed_1_1790610322,DQN_PER,1,799,40031,3.90,0,0.2074,0.00654,50.6
DQN_PER_seed_1_1790610322,DQN_PER,1,800,40081,3.90,0,0.2064,0.00591,50.6
DQN_PER_seed_1_1790610322,DQN_PER,1,801,40131,3.90,0,0.2054,0.00459,50.7
DQN_PER_seed_1_1790610322,DQN_PER,1,802,40181,3.90,0,0.2044,0.00429,50.8
DQN_PER_seed_1_1790610322,DQN_PER,1,803,40231,3.90,0,0.2034,0.00375,50.8
DQN_PER_seed_1_1790610322,DQN_PER,1,804,40285,4.30,0,0.2024,0.00353,50.9
DQN_PER_seed_1_1790610322,DQN_PER,1,805,40335,3.90,0,0.2014,0.00643,51.0
DQN_PER_seed_1_1790610322,DQN_PER,1,806,40385,3.90,0,0.2004,0.00741,51.1
DQN_PER_seed_1_1790610322,DQN_PER,1,807,40435,3.90,0,0.1994,0.00406,51.1
DQN_PER_seed_1_1790610322,DQN_PER,1,808,40485,-5.10,0,0.1984,0.00426,51.2
DQN_PER_seed_1_1790610322,DQN_PER,1,809,40535,3.90,0,0.1974,0.00354,51.3
DQN_PER_seed_1_1790610322,DQN_PER,1,810,40585,3.90,0,0.1964,0.00460,51.3
DQN_PER_seed_1_1790610322,DQN_PER,1,811,40635,-0.30,0,0.1954,0.00537,51.4
DQN_PER_seed_1_1790610322,DQN_PER,1,812,40685,0.90,0,0.1944,0.00398,51.5
DQN_PER_seed_1_1790610322,DQN_PER,1,813,40735,3.90,0,0.1934,0.00441,51.5
DQN_PER_seed_1_1790610322,DQN_PER,1,814,40790,4.40,0,0.1924,0.00423,51.6
DQN_PER_seed_1_1790610322,DQN_PER,1,815,40841,4.00,0,0.1913,0.00607,51.7
DQN_PER_seed_1_1790610322,DQN_PER,1,816,40891,3.90,0,0.1904,0.00546,51.7
DQN_PER_seed_1_1790610322,DQN_PER,1,817,40941,3.90,0,0.1894,0.00644,51.8
DQN_PER_seed_1_1790610322,DQN_PER,1,818,40991,-2.10,0,0.1884,0.00440,51.9
DQN_PER_seed_1_1790610322,DQN_PER,1,819,41041,3.90,0,0.1874,0.00778,51.9
DQN_PER_seed_1_1790610322,DQN_PER,1,820,41091,2.70,0,0.1864,0.00411,52.0
DQN_PER_seed_1_1790610322,DQN_PER,1,821,41141,3.90,0,0.1854,0.00364,52.1
DQN_PER_seed_1_1790610322,DQN_PER,1,822,41191,3.90,0,0.1844,0.00322,52.1
DQN_PER_seed_1_1790610322,DQN_PER,1,823,41241,3.90,0,0.1834,0.00390,52.2
DQN_PER_seed_1_1790610322,DQN_PER,1,824,41291,3.90,0,0.1824,0.00427,52.3
DQN_PER_seed_1_1790610322,DQN_PER,1,825,41341,3.90,0,0.1814,0.00416,52.3
DQN_PER_seed_1_1790610322,DQN_PER,1,826,41391,3.90,0,0.1805,0.00385,52.4
DQN_PER_seed_1_1790610322,DQN_PER,1,827,41441,2.10,0,0.1795,0.00836,52.5
DQN_PER_seed_1_1790610322,DQN_PER,1,828,41491,3.90,0,0.1785,0.00533,52.6
DQN_PER_seed_1_1790610322,DQN_PER,1,829,41541,3.90,0,0.1775,0.00451,52.6
DQN_PER_seed_1_1790610322,DQN_PER,1,830,41591,3.90,0,0.1765,0.00350,52.7
DQN_PER_seed_1_1790610322,DQN_PER,1,831,41641,3.90,0,0.1755,0.00471,52.8
DQN_PER_seed_1_1790610322,DQN_PER,1,832,41693,4.10,0,0.1745,0.00373,52.8
DQN_PER_seed_1_1790610322,DQN_PER,1,833,41743,3.90,0,0.1735,0.00418,52.9
DQN_PER_seed_1_1790610322,DQN_PER,1,834,41793,3.90,0,0.1725,0.00388,53.0
DQN_PER_seed_1_1790610322,DQN_PER,1,835,41843,3.90,0,0.1715,0.00358,53.0
DQN_PER_seed_1_1790610322,DQN_PER,1,836,41893,3.90,0,0.1705,0.00399,53.1
DQN_PER_seed_1_1790610322,DQN_PER,1,837,41943,3.90,0,0.1695,0.00324,53.2
DQN_PER_seed_1_1790610322,DQN_PER,1,838,42029,8.40,1,0.1678,0.00421,53.3
DQN_PER_seed_1_1790610322,DQN_PER,1,839,42079,3.90,0,0.1668,0.00617,53.4
DQN_PER_seed_1_1790610322,DQN_PER,1,840,42129,3.90,0,0.1658,0.00645,53.4
DQN_PER_seed_1_1790610322,DQN_PER,1,841,42182,4.20,0,0.1648,0.00375,53.5
DQN_PER_seed_1_1790610322,DQN_PER,1,842,42232,3.90,0,0.1638,0.00363,53.6
DQN_PER_seed_1_1790610322,DQN_PER,1,843,42282,3.90,0,0.1628,0.00611,53.6
DQN_PER_seed_1_1790610322,DQN_PER,1,844,42332,3.90,0,0.1618,0.00421,53.7
DQN_PER_seed_1_1790610322,DQN_PER,1,845,42382,3.90,0,0.1608,0.00376,53.8
DQN_PER_seed_1_1790610322,DQN_PER,1,846,42432,3.90,0,0.1598,0.00414,53.8
DQN_PER_seed_1_1790610322,DQN_PER,1,847,42493,5.00,1,0.1586,0.00458,53.9
DQN_PER_seed_1_1790610322,DQN_PER,1,848,42543,3.90,0,0.1576,0.00377,54.0
DQN_PER_seed_1_1790610322,DQN_PER,1,849,42593,3.90,0,0.1567,0.00402,54.1
DQN_PER_seed_1_1790610322,DQN_PER,1,850,42643,3.90,0,0.1557,0.00346,54.1
DQN_PER_seed_1_1790610322,DQN_PER,1,851,42693,3.90,0,0.1547,0.00413,54.2
DQN_PER_seed_1_1790610322,DQN_PER,1,852,42743,3.90,0,0.1537,0.00938,54.3
DQN_PER_seed_1_1790610322,DQN_PER,1,853,42793,3.90,0,0.1527,0.00524,54.3
DQN_PER_seed_1_1790610322,DQN_PER,1,854,42843,3.90,0,0.1517,0.00451,54.4
DQN_PER_seed_1_1790610322,DQN_PER,1,855,42893,-0.90,0,0.1507,0.00707,54.5
DQN_PER_seed_1_1790610322,DQN_PER,1,856,42943,3.90,0,0.1497,0.00445,54.5
DQN_PER_seed_1_1790610322,DQN_PER,1,857,42993,3.90,0,0.1487,0.00370,54.6
DQN_PER_seed_1_1790610322,DQN_PER,1,858,43048,4.40,0,0.1476,0.00511,54.7
DQN_PER_seed_1_1790610322,DQN_PER,1,859,43098,3.90,0,0.1467,0.00353,54.7
DQN_PER_seed_1_1790610322,DQN_PER,1,860,43148,3.90,0,0.1457,0.00566,54.8
DQN_PER_seed_1_1790610322,DQN_PER,1,861,43198,3.90,0,0.1447,0.00346,54.9
DQN_PER_seed_1_1790610322,DQN_PER,1,862,43248,3.90,0,0.1437,0.00367,54.9
DQN_PER_seed_1_1790610322,DQN_PER,1,863,43298,3.90,0,0.1427,0.00441,55.0
DQN_PER_seed_1_1790610322,DQN_PER,1,864,43353,4.40,0,0.1416,0.00415,55.1
DQN_PER_seed_1_1790610322,DQN_PER,1,865,43409,4.50,0,0.1405,0.00298,55.2
DQN_PER_seed_1_1790610322,DQN_PER,1,866,43459,3.90,0,0.1395,0.00351,55.2
DQN_PER_seed_1_1790610322,DQN_PER,1,867,43510,4.00,0,0.1385,0.00335,55.3
DQN_PER_seed_1_1790610322,DQN_PER,1,868,43560,-3.30,0,0.1375,0.00434,55.4
DQN_PER_seed_1_1790610322,DQN_PER,1,869,43610,3.90,0,0.1365,0.00331,55.4
DQN_PER_seed_1_1790610322,DQN_PER,1,870,43660,3.90,0,0.1355,0.00369,55.5
DQN_PER_seed_1_1790610322,DQN_PER,1,871,43710,3.90,0,0.1345,0.00325,55.6
DQN_PER_seed_1_1790610322,DQN_PER,1,872,43766,4.50,0,0.1334,0.00356,55.6
DQN_PER_seed_1_1790610322,DQN_PER,1,873,43816,3.90,0,0.1324,0.00521,55.7
DQN_PER_seed_1_1790610322,DQN_PER,1,874,43875,4.80,0,0.1313,0.00350,55.8
DQN_PER_seed_1_1790610322,DQN_PER,1,875,43925,3.90,0,0.1303,0.00301,55.9
DQN_PER_seed_1_1790610322,DQN_PER,1,876,43975,0.30,0,0.1293,0.00442,55.9
DQN_PER_seed_1_1790610322,DQN_PER,1,877,44025,3.90,0,0.1283,0.00577,56.0
DQN_PER_seed_1_1790610322,DQN_PER,1,878,44075,3.90,0,0.1273,0.00503,56.1
DQN_PER_seed_1_1790610322,DQN_PER,1,879,44125,3.90,0,0.1263,0.00330,56.1
DQN_PER_seed_1_1790610322,DQN_PER,1,880,44175,3.90,0,0.1253,0.00743,56.2
DQN_PER_seed_1_1790610322,DQN_PER,1,881,44225,3.90,0,0.1243,0.00533,56.3
DQN_PER_seed_1_1790610322,DQN_PER,1,882,44275,3.90,0,0.1234,0.00412,56.3
DQN_PER_seed_1_1790610322,DQN_PER,1,883,44325,3.90,0,0.1224,0.00307,56.4
DQN_PER_seed_1_1790610322,DQN_PER,1,884,44375,3.30,0,0.1214,0.00381,56.5
DQN_PER_seed_1_1790610322,DQN_PER,1,885,44425,3.90,0,0.1204,0.00455,56.5
DQN_PER_seed_1_1790610322,DQN_PER,1,886,44475,3.90,0,0.1194,0.00338,56.6
DQN_PER_seed_1_1790610322,DQN_PER,1,887,44525,3.90,0,0.1184,0.00302,56.7
DQN_PER_seed_1_1790610322,DQN_PER,1,888,44575,3.90,0,0.1174,0.00323,56.7
DQN_PER_seed_1_1790610322,DQN_PER,1,889,44625,3.90,0,0.1164,0.00337,56.8
DQN_PER_seed_1_1790610322,DQN_PER,1,890,44675,3.90,0,0.1154,0.00509,56.9
DQN_PER_seed_1_1790610322,DQN_PER,1,891,44725,3.30,0,0.1144,0.00338,56.9
DQN_PER_seed_1_1790610322,DQN_PER,1,892,44775,3.90,0,0.1135,0.00411,57.0
DQN_PER_seed_1_1790610322,DQN_PER,1,893,44825,3.90,0,0.1125,0.00360,57.1
DQN_PER_seed_1_1790610322,DQN_PER,1,894,44894,6.70,1,0.1111,0.00290,57.2
DQN_PER_seed_1_1790610322,DQN_PER,1,895,44960,6.40,1,0.1098,0.00339,57.3
DQN_PER_seed_1_1790610322,DQN_PER,1,896,45010,3.90,0,0.1088,0.00356,57.4
DQN_PER_seed_1_1790610322,DQN_PER,1,897,45060,-1.50,0,0.1078,0.00479,57.5
DQN_PER_seed_1_1790610322,DQN_PER,1,898,45110,3.90,0,0.1068,0.00365,57.6
DQN_PER_seed_1_1790610322,DQN_PER,1,899,45160,3.90,0,0.1058,0.00311,57.6
DQN_PER_seed_1_1790610322,DQN_PER,1,900,45210,3.90,0,0.1048,0.00338,57.7
DQN_PER_seed_1_1790610322,DQN_PER,1,901,45260,3.90,0,0.1039,0.00430,57.8
DQN_PER_seed_1_1790610322,DQN_PER,1,902,45310,3.90,0,0.1029,0.00329,57.8
DQN_PER_seed_1_1790610322,DQN_PER,1,903,45360,3.90,0,0.1019,0.00359,57.9
DQN_PER_seed_1_1790610322,DQN_PER,1,904,45417,4.60,0,0.1007,0.00368,58.0
DQN_PER_seed_1_1790610322,DQN_PER,1,905,45503,8.40,1,0.0990,0.00822,58.1
DQN_PER_seed_1_1790610322,DQN_PER,1,906,45553,3.90,0,0.0981,0.00419,58.2
DQN_PER_seed_1_1790610322,DQN_PER,1,907,45603,3.90,0,0.0971,0.00287,58.2
DQN_PER_seed_1_1790610322,DQN_PER,1,908,45655,4.10,0,0.0960,0.00328,58.3
DQN_PER_seed_1_1790610322,DQN_PER,1,909,45709,4.30,0,0.0950,0.00390,58.4
DQN_PER_seed_1_1790610322,DQN_PER,1,910,45759,3.90,0,0.0940,0.00926,58.4
DQN_PER_seed_1_1790610322,DQN_PER,1,911,45809,3.90,0,0.0930,0.00408,58.5
DQN_PER_seed_1_1790610322,DQN_PER,1,912,45871,6.00,1,0.0918,0.00281,58.6
DQN_PER_seed_1_1790610322,DQN_PER,1,913,45921,3.90,0,0.0908,0.00416,58.7
DQN_PER_seed_1_1790610322,DQN_PER,1,914,45971,3.90,0,0.0898,0.00411,58.7
DQN_PER_seed_1_1790610322,DQN_PER,1,915,46021,0.90,0,0.0888,0.00622,58.8
DQN_PER_seed_1_1790610322,DQN_PER,1,916,46071,3.90,0,0.0878,0.00662,58.9
DQN_PER_seed_1_1790610322,DQN_PER,1,917,46121,3.90,0,0.0868,0.00458,58.9
DQN_PER_seed_1_1790610322,DQN_PER,1,918,46171,3.90,0,0.0858,0.00693,59.0
DQN_PER_seed_1_1790610322,DQN_PER,1,919,46221,3.90,0,0.0848,0.00524,59.1
DQN_PER_seed_1_1790610322,DQN_PER,1,920,46271,3.90,0,0.0838,0.00368,59.1
DQN_PER_seed_1_1790610322,DQN_PER,1,921,46321,0.30,0,0.0828,0.00253,59.2
DQN_PER_seed_1_1790610322,DQN_PER,1,922,46371,3.90,0,0.0819,0.00278,59.3
DQN_PER_seed_1_1790610322,DQN_PER,1,923,46438,6.50,1,0.0805,0.00336,59.4
DQN_PER_seed_1_1790610322,DQN_PER,1,924,46488,2.10,0,0.0795,0.00364,59.4
DQN_PER_seed_1_1790610322,DQN_PER,1,925,46538,3.90,0,0.0785,0.00293,59.5
DQN_PER_seed_1_1790610322,DQN_PER,1,926,46588,3.90,0,0.0776,0.00357,59.6
DQN_PER_seed_1_1790610322,DQN_PER,1,927,46638,3.90,0,0.0766,0.00419,59.6
DQN_PER_seed_1_1790610322,DQN_PER,1,928,46688,3.90,0,0.0756,0.00432,59.7
DQN_PER_seed_1_1790610322,DQN_PER,1,929,46740,4.10,0,0.0745,0.00322,59.8
DQN_PER_seed_1_1790610322,DQN_PER,1,930,46790,3.90,0,0.0736,0.00368,59.8
DQN_PER_seed_1_1790610322,DQN_PER,1,931,46840,3.90,0,0.0726,0.00392,59.9
DQN_PER_seed_1_1790610322,DQN_PER,1,932,46890,3.90,0,0.0716,0.00522,60.0
DQN_PER_seed_1_1790610322,DQN_PER,1,933,46940,3.90,0,0.0706,0.00401,60.0
DQN_PER_seed_1_1790610322,DQN_PER,1,934,46990,-0.90,0,0.0696,0.00485,60.1
DQN_PER_seed_1_1790610322,DQN_PER,1,935,47040,3.90,0,0.0686,0.00334,60.2
DQN_PER_seed_1_1790610322,DQN_PER,1,936,47090,3.90,0,0.0676,0.00409,60.2
DQN_PER_seed_1_1790610322,DQN_PER,1,937,47176,8.40,1,0.0659,0.00333,60.4
DQN_PER_seed_1_1790610322,DQN_PER,1,938,47226,3.90,0,0.0649,0.00425,60.4
DQN_PER_seed_1_1790610322,DQN_PER,1,939,47276,3.90,0,0.0639,0.00628,60.5
DQN_PER_seed_1_1790610322,DQN_PER,1,940,47326,3.90,0,0.0629,0.00388,60.6
DQN_PER_seed_1_1790610322,DQN_PER,1,941,47376,3.90,0,0.0620,0.00266,60.6
DQN_PER_seed_1_1790610322,DQN_PER,1,942,47462,8.40,1,0.0603,0.00306,60.7
DQN_PER_seed_1_1790610322,DQN_PER,1,943,47512,3.90,0,0.0593,0.00338,60.8
DQN_PER_seed_1_1790610322,DQN_PER,1,944,47598,8.40,1,0.0576,0.00924,60.9
DQN_PER_seed_1_1790610322,DQN_PER,1,945,47662,6.20,1,0.0563,0.00365,61.0
DQN_PER_seed_1_1790610322,DQN_PER,1,946,47712,3.90,0,0.0553,0.00381,61.1
DQN_PER_seed_1_1790610322,DQN_PER,1,947,47763,4.00,0,0.0543,0.00341,61.2
DQN_PER_seed_1_1790610322,DQN_PER,1,948,47829,6.40,1,0.0530,0.00345,61.2
DQN_PER_seed_1_1790610322,DQN_PER,1,949,47898,6.70,1,0.0516,0.01084,61.3
DQN_PER_seed_1_1790610322,DQN_PER,1,950,47948,3.90,0,0.0506,0.00631,61.4
DQN_PER_seed_1_1790610322,DQN_PER,1,951,48006,4.70,0,0.0495,0.00350,61.5
DQN_PER_seed_1_1790610322,DQN_PER,1,952,48068,6.00,1,0.0483,0.00481,61.6
DQN_PER_seed_1_1790610322,DQN_PER,1,953,48118,3.90,0,0.0473,0.00406,61.6
DQN_PER_seed_1_1790610322,DQN_PER,1,954,48169,4.00,0,0.0463,0.00389,61.7
DQN_PER_seed_1_1790610322,DQN_PER,1,955,48219,3.90,0,0.0453,0.00408,61.8
DQN_PER_seed_1_1790610322,DQN_PER,1,956,48269,3.90,0,0.0443,0.00371,61.8
DQN_PER_seed_1_1790610322,DQN_PER,1,957,48319,-2.10,0,0.0433,0.00334,61.9
DQN_PER_seed_1_1790610322,DQN_PER,1,958,48369,3.90,0,0.0423,0.00393,62.0
DQN_PER_seed_1_1790610322,DQN_PER,1,959,48419,3.90,0,0.0413,0.00373,62.0
DQN_PER_seed_1_1790610322,DQN_PER,1,960,48469,3.90,0,0.0403,0.00438,62.1
DQN_PER_seed_1_1790610322,DQN_PER,1,961,48519,3.90,0,0.0393,0.00364,62.2
DQN_PER_seed_1_1790610322,DQN_PER,1,962,48569,3.90,0,0.0383,0.00375,62.2
DQN_PER_seed_1_1790610322,DQN_PER,1,963,48631,6.00,1,0.0371,0.00622,62.3
DQN_PER_seed_1_1790610322,DQN_PER,1,964,48688,4.60,0,0.0360,0.00592,62.4
DQN_PER_seed_1_1790610322,DQN_PER,1,965,48738,3.90,0,0.0350,0.00566,62.5
DQN_PER_seed_1_1790610322,DQN_PER,1,966,48795,4.60,0,0.0339,0.00578,62.6
DQN_PER_seed_1_1790610322,DQN_PER,1,967,48845,3.90,0,0.0329,0.00455,62.6
DQN_PER_seed_1_1790610322,DQN_PER,1,968,48896,4.00,0,0.0319,0.00310,62.7
DQN_PER_seed_1_1790610322,DQN_PER,1,969,48946,3.90,0,0.0309,0.00375,62.8
DQN_PER_seed_1_1790610322,DQN_PER,1,970,48996,3.90,0,0.0299,0.00384,62.8
DQN_PER_seed_1_1790610322,DQN_PER,1,971,49046,3.90,0,0.0289,0.00456,62.9
DQN_PER_seed_1_1790610322,DQN_PER,1,972,49096,3.90,0,0.0279,0.00363,63.0
DQN_PER_seed_1_1790610322,DQN_PER,1,973,49182,8.40,1,0.0262,0.00436,63.1
DQN_PER_seed_1_1790610322,DQN_PER,1,974,49232,3.90,0,0.0252,0.00446,63.2
DQN_PER_seed_1_1790610322,DQN_PER,1,975,49282,3.90,0,0.0242,0.00379,63.2
DQN_PER_seed_1_1790610322,DQN_PER,1,976,49368,7.80,1,0.0225,0.00353,63.3
DQN_PER_seed_1_1790610322,DQN_PER,1,977,49418,3.90,0,0.0215,0.00354,63.4
DQN_PER_seed_1_1790610322,DQN_PER,1,978,49468,3.90,0,0.0205,0.00399,63.5
DQN_PER_seed_1_1790610322,DQN_PER,1,979,49518,3.90,0,0.0195,0.00425,63.5
DQN_PER_seed_1_1790610322,DQN_PER,1,980,49568,3.90,0,0.0186,0.00427,63.6
DQN_PER_seed_1_1790610322,DQN_PER,1,981,49599,2.00,0,0.0179,0.00408,63.7
DQN_PER_seed_1_1790610322,DQN_PER,1,982,49649,3.90,0,0.0169,0.00381,63.7
DQN_PER_seed_1_1790610322,DQN_PER,1,983,49709,4.90,0,0.0158,0.00389,63.8
DQN_PER_seed_1_1790610322,DQN_PER,1,984,49759,3.90,0,0.0148,0.00360,63.9
DQN_PER_seed_1_1790610322,DQN_PER,1,985,49824,6.30,1,0.0135,0.00383,64.0
DQN_PER_seed_1_1790610322,DQN_PER,1,986,49881,4.60,0,0.0124,0.00415,64.0
DQN_PER_seed_1_1790610322,DQN_PER,1,987,49931,3.90,0,0.0114,0.00443,64.1
DQN_PER_seed_1_1790610322,DQN_PER,1,988,49981,3.90,0,0.0104,0.00395,64.2
DQN_PER_seed_1_1790610322,DQN_PER,1,989,50038,4.60,0,0.0100,0.00486,64.4
DQN_PER_seed_1_1790610322,DQN_PER,1,990,50107,6.70,1,0.0100,0.00458,64.4
DQN_PER_seed_1_1790610322,DQN_PER,1,991,50157,3.90,0,0.0100,0.00406,64.5
DQN_PER_seed_1_1790610322,DQN_PER,1,992,50207,3.90,0,0.0100,0.00466,64.6
DQN_PER_seed_1_1790610322,DQN_PER,1,993,50293,8.40,1,0.0100,0.00508,64.7
DQN_PER_seed_1_1790610322,DQN_PER,1,994,50343,3.90,0,0.0100,0.00661,64.8
DQN_PER_seed_1_1790610322,DQN_PER,1,995,50394,4.00,0,0.0100,0.00447,64.8
DQN_PER_seed_1_1790610322,DQN_PER,1,996,50444,3.90,0,0.0100,0.00429,64.9
DQN_PER_seed_1_1790610322,DQN_PER,1,997,50530,8.40,1,0.0100,0.00414,65.0
DQN_PER_seed_1_1790610322,DQN_PER,1,998,50580,3.90,0,0.0100,0.00468,65.1
DQN_PER_seed_1_1790610322,DQN_PER,1,999,50630,3.90,0,0.0100,0.00395,65.2
DQN_PER_seed_1_1790610322,DQN_PER,1,1000,50699,6.70,1,0.0100,0.00570,65.3
DQN_PER_seed_1_1790610322,DQN_PER,1,1001,50749,3.90,0,0.0100,0.00465,65.3
DQN_PER_seed_1_1790610322,DQN_PER,1,1002,50799,3.90,0,0.0100,0.00465,65.4
DQN_PER_seed_1_1790610322,DQN_PER,1,1003,50867,6.60,1,0.0100,0.00510,65.5
DQN_PER_seed_1_1790610322,DQN_PER,1,1004,50917,3.90,0,0.0100,0.00376,65.5
DQN_PER_seed_1_1790610322,DQN_PER,1,1005,50971,4.30,0,0.0100,0.00399,65.6
DQN_PER_seed_1_1790610322,DQN_PER,1,1006,51021,3.90,0,0.0100,0.00552,65.7
DQN_PER_seed_1_1790610322,DQN_PER,1,1007,51107,8.40,1,0.0100,0.00534,65.8
DQN_PER_seed_1_1790610322,DQN_PER,1,1008,51157,3.90,0,0.0100,0.00461,65.9
DQN_PER_seed_1_1790610322,DQN_PER,1,1009,51207,3.90,0,0.0100,0.00483,65.9
DQN_PER_seed_1_1790610322,DQN_PER,1,1010,51293,8.40,1,0.0100,0.00527,66.1
DQN_PER_seed_1_1790610322,DQN_PER,1,1011,51343,3.90,0,0.0100,0.00467,66.1
DQN_PER_seed_1_1790610322,DQN_PER,1,1012,51429,7.80,1,0.0100,0.00463,66.2
DQN_PER_seed_1_1790610322,DQN_PER,1,1013,51479,3.90,0,0.0100,0.01089,66.3
DQN_PER_seed_1_1790610322,DQN_PER,1,1014,51529,3.90,0,0.0100,0.00515,66.4
DQN_PER_seed_1_1790610322,DQN_PER,1,1015,51579,3.90,0,0.0100,0.00385,66.5
DQN_PER_seed_1_1790610322,DQN_PER,1,1016,51665,8.40,1,0.0100,0.00389,66.6
DQN_PER_seed_1_1790610322,DQN_PER,1,1017,51715,3.90,0,0.0100,0.00463,66.6
DQN_PER_seed_1_1790610322,DQN_PER,1,1018,51801,8.40,1,0.0100,0.00419,66.8
DQN_PER_seed_1_1790610322,DQN_PER,1,1019,51851,3.90,0,0.0100,0.00480,66.8
DQN_PER_seed_1_1790610322,DQN_PER,1,1020,51901,3.90,0,0.0100,0.00858,66.9
DQN_PER_seed_1_1790610322,DQN_PER,1,1021,51956,4.40,0,0.0100,0.00439,67.0
DQN_PER_seed_1_1790610322,DQN_PER,1,1022,52006,3.90,0,0.0100,0.00412,67.0
DQN_PER_seed_1_1790610322,DQN_PER,1,1023,52056,3.90,0,0.0100,0.00470,67.1
DQN_PER_seed_1_1790610322,DQN_PER,1,1024,52106,3.90,0,0.0100,0.00408,67.2
DQN_PER_seed_1_1790610322,DQN_PER,1,1025,52156,3.90,0,0.0100,0.00426,67.2
DQN_PER_seed_1_1790610322,DQN_PER,1,1026,52206,3.90,0,0.0100,0.00398,67.3
DQN_PER_seed_1_1790610322,DQN_PER,1,1027,52292,8.40,1,0.0100,0.00553,67.4
DQN_PER_seed_1_1790610322,DQN_PER,1,1028,52378,8.40,1,0.0100,0.00476,67.5
DQN_PER_seed_1_1790610322,DQN_PER,1,1029,52428,3.90,0,0.0100,0.00443,67.6
DQN_PER_seed_1_1790610322,DQN_PER,1,1030,52514,8.40,1,0.0100,0.00451,67.7
DQN_PER_seed_1_1790610322,DQN_PER,1,1031,52564,3.90,0,0.0100,0.00467,67.8
DQN_PER_seed_1_1790610322,DQN_PER,1,1032,52654,8.80,1,0.0100,0.00642,67.9
DQN_PER_seed_1_1790610322,DQN_PER,1,1033,52704,3.90,0,0.0100,0.00532,68.0
DQN_PER_seed_1_1790610322,DQN_PER,1,1034,52754,3.90,0,0.0100,0.00436,68.1
DQN_PER_seed_1_1790610322,DQN_PER,1,1035,52804,3.90,0,0.0100,0.00390,68.1
DQN_PER_seed_1_1790610322,DQN_PER,1,1036,52854,3.90,0,0.0100,0.00462,68.2
DQN_PER_seed_1_1790610322,DQN_PER,1,1037,52904,3.90,0,0.0100,0.00619,68.3
DQN_PER_seed_1_1790610322,DQN_PER,1,1038,53067,17.90,3,0.0100,0.00547,68.5
DQN_PER_seed_1_1790610322,DQN_PER,1,1039,53117,3.90,0,0.0100,0.00621,68.6
DQN_PER_seed_1_1790610322,DQN_PER,1,1040,53169,4.10,0,0.0100,0.00503,68.6
DQN_PER_seed_1_1790610322,DQN_PER,1,1041,53219,3.90,0,0.0100,0.00488,68.7
DQN_PER_seed_1_1790610322,DQN_PER,1,1042,53269,3.90,0,0.0100,0.00459,68.8
DQN_PER_seed_1_1790610322,DQN_PER,1,1043,53319,3.90,0,0.0100,0.00359,68.8
DQN_PER_seed_1_1790610322,DQN_PER,1,1044,53369,3.90,0,0.0100,0.00450,68.9
DQN_PER_seed_1_1790610322,DQN_PER,1,1045,53455,8.40,1,0.0100,0.00489,69.0
DQN_PER_seed_1_1790610322,DQN_PER,1,1046,53618,17.90,3,0.0100,0.00454,69.2
DQN_PER_seed_1_1790610322,DQN_PER,1,1047,53669,4.00,0,0.0100,0.00393,69.3
DQN_PER_seed_1_1790610322,DQN_PER,1,1048,53832,17.90,3,0.0100,0.00442,69.5
DQN_PER_seed_1_1790610322,DQN_PER,1,1049,53882,3.90,0,0.0100,0.00452,69.6
DQN_PER_seed_1_1790610322,DQN_PER,1,1050,53932,3.90,0,0.0100,0.00700,69.7
DQN_PER_seed_1_1790610322,DQN_PER,1,1051,53982,3.90,0,0.0100,0.00395,69.7
DQN_PER_seed_1_1790610322,DQN_PER,1,1052,54104,12.90,2,0.0100,0.00469,69.9
DQN_PER_seed_1_1790610322,DQN_PER,1,1053,54154,3.90,0,0.0100,0.00555,70.0
DQN_PER_seed_1_1790610322,DQN_PER,1,1054,54204,3.90,0,0.0100,0.00535,70.0
DQN_PER_seed_1_1790610322,DQN_PER,1,1055,54254,3.90,0,0.0100,0.00514,70.1
DQN_PER_seed_1_1790610322,DQN_PER,1,1056,54340,8.40,1,0.0100,0.00474,70.2
DQN_PER_seed_1_1790610322,DQN_PER,1,1057,54396,4.50,0,0.0100,0.00386,70.3
DQN_PER_seed_1_1790610322,DQN_PER,1,1058,54491,9.30,1,0.0100,0.00478,70.4
DQN_PER_seed_1_1790610322,DQN_PER,1,1059,54541,3.90,0,0.0100,0.00636,70.5
DQN_PER_seed_1_1790610322,DQN_PER,1,1060,54591,3.90,0,0.0100,0.00559,70.6
DQN_PER_seed_1_1790610322,DQN_PER,1,1061,54791,22.50,4,0.0100,0.00428,70.8
DQN_PER_seed_1_1790610322,DQN_PER,1,1062,54841,3.90,0,0.0100,0.00902,70.9
DQN_PER_seed_1_1790610322,DQN_PER,1,1063,54927,8.40,1,0.0100,0.00513,71.0
DQN_PER_seed_1_1790610322,DQN_PER,1,1064,55049,12.90,2,0.0100,0.00438,71.3
DQN_PER_seed_1_1790610322,DQN_PER,1,1065,55099,3.90,0,0.0100,0.00465,71.4
DQN_PER_seed_1_1790610322,DQN_PER,1,1066,55151,4.10,0,0.0100,0.00431,71.5
DQN_PER_seed_1_1790610322,DQN_PER,1,1067,55241,8.80,1,0.0100,0.00519,71.6
DQN_PER_seed_1_1790610322,DQN_PER,1,1068,55291,3.90,0,0.0100,0.00423,71.7
DQN_PER_seed_1_1790610322,DQN_PER,1,1069,55341,3.90,0,0.0100,0.00497,71.7
DQN_PER_seed_1_1790610322,DQN_PER,1,1070,55391,3.90,0,0.0100,0.00480,71.8
DQN_PER_seed_1_1790610322,DQN_PER,1,1071,55482,8.90,1,0.0100,0.00438,71.9
DQN_PER_seed_1_1790610322,DQN_PER,1,1072,55568,8.40,1,0.0100,0.00422,72.0
DQN_PER_seed_1_1790610322,DQN_PER,1,1073,55634,6.40,1,0.0100,0.00381,72.1
DQN_PER_seed_1_1790610322,DQN_PER,1,1074,55684,3.90,0,0.0100,0.00493,72.2
DQN_PER_seed_1_1790610322,DQN_PER,1,1075,55738,4.30,0,0.0100,0.00371,72.3
DQN_PER_seed_1_1790610322,DQN_PER,1,1076,55788,3.90,0,0.0100,0.00467,72.3
DQN_PER_seed_1_1790610322,DQN_PER,1,1077,55843,4.40,0,0.0100,0.00404,72.4
DQN_PER_seed_1_1790610322,DQN_PER,1,1078,55929,8.40,1,0.0100,0.00442,72.5
DQN_PER_seed_1_1790610322,DQN_PER,1,1079,55979,3.90,0,0.0100,0.00505,72.6
DQN_PER_seed_1_1790610322,DQN_PER,1,1080,56084,11.20,2,0.0100,0.00539,72.7
DQN_PER_seed_1_1790610322,DQN_PER,1,1081,56153,6.70,1,0.0100,0.00590,72.8
DQN_PER_seed_1_1790610322,DQN_PER,1,1082,56203,3.90,0,0.0100,0.00929,72.9
DQN_PER_seed_1_1790610322,DQN_PER,1,1083,56253,3.90,0,0.0100,0.00686,73.0
DQN_PER_seed_1_1790610322,DQN_PER,1,1084,56303,3.90,0,0.0100,0.00556,73.0
DQN_PER_seed_1_1790610322,DQN_PER,1,1085,56389,8.40,1,0.0100,0.00579,73.2
DQN_PER_seed_1_1790610322,DQN_PER,1,1086,56439,3.90,0,0.0100,0.00457,73.2
DQN_PER_seed_1_1790610322,DQN_PER,1,1087,56489,3.90,0,0.0100,0.00604,73.3
DQN_PER_seed_1_1790610322,DQN_PER,1,1088,56575,8.40,1,0.0100,0.00573,73.4
DQN_PER_seed_1_1790610322,DQN_PER,1,1089,56625,3.90,0,0.0100,0.00562,73.5
DQN_PER_seed_1_1790610322,DQN_PER,1,1090,56711,8.40,1,0.0100,0.00601,73.6
DQN_PER_seed_1_1790610322,DQN_PER,1,1091,56761,3.90,0,0.0100,0.00474,73.7
DQN_PER_seed_1_1790610322,DQN_PER,1,1092,56811,3.90,0,0.0100,0.00483,73.7
DQN_PER_seed_1_1790610322,DQN_PER,1,1093,56870,4.80,0,0.0100,0.00522,73.8
DQN_PER_seed_1_1790610322,DQN_PER,1,1094,56971,10.80,2,0.0100,0.00581,74.0
DQN_PER_seed_1_1790610322,DQN_PER,1,1095,57021,3.90,0,0.0100,0.00527,74.0
DQN_PER_seed_1_1790610322,DQN_PER,1,1096,57107,8.40,1,0.0100,0.00623,74.1
DQN_PER_seed_1_1790610322,DQN_PER,1,1097,57160,4.20,0,0.0100,0.00682,74.2
DQN_PER_seed_1_1790610322,DQN_PER,1,1098,57253,9.10,1,0.0100,0.00592,74.3
DQN_PER_seed_1_1790610322,DQN_PER,1,1099,57303,3.90,0,0.0100,0.00514,74.4
DQN_PER_seed_1_1790610322,DQN_PER,1,1100,57395,9.00,1,0.0100,0.00516,74.5
DQN_PER_seed_1_1790610322,DQN_PER,1,1101,57445,3.90,0,0.0100,0.00647,74.6
DQN_PER_seed_1_1790610322,DQN_PER,1,1102,57498,4.20,0,0.0100,0.00666,74.7
DQN_PER_seed_1_1790610322,DQN_PER,1,1103,57584,8.40,1,0.0100,0.00546,74.8
DQN_PER_seed_1_1790610322,DQN_PER,1,1104,57670,8.40,1,0.0100,0.00589,74.9
DQN_PER_seed_1_1790610322,DQN_PER,1,1105,57735,6.30,1,0.0100,0.00656,75.0
DQN_PER_seed_1_1790610322,DQN_PER,1,1106,57821,8.40,1,0.0100,0.00676,75.1
DQN_PER_seed_1_1790610322,DQN_PER,1,1107,57881,4.90,0,0.0100,0.00592,75.2
DQN_PER_seed_1_1790610322,DQN_PER,1,1108,57931,3.90,0,0.0100,0.00640,75.3
DQN_PER_seed_1_1790610322,DQN_PER,1,1109,57981,3.90,0,0.0100,0.00594,75.3
DQN_PER_seed_1_1790610322,DQN_PER,1,1110,58081,10.70,2,0.0100,0.00673,75.5
DQN_PER_seed_1_1790610322,DQN_PER,1,1111,58167,8.40,1,0.0100,0.00692,75.6
DQN_PER_seed_1_1790610322,DQN_PER,1,1112,58217,3.90,0,0.0100,0.00677,75.7
DQN_PER_seed_1_1790610322,DQN_PER,1,1113,58267,3.90,0,0.0100,0.00691,75.7
DQN_PER_seed_1_1790610322,DQN_PER,1,1114,58317,3.90,0,0.0100,0.00638,75.8
DQN_PER_seed_1_1790610322,DQN_PER,1,1115,58367,3.90,0,0.0100,0.00551,75.9
DQN_PER_seed_1_1790610322,DQN_PER,1,1116,58417,3.90,0,0.0100,0.00641,75.9
DQN_PER_seed_1_1790610322,DQN_PER,1,1117,58471,4.30,0,0.0100,0.00622,76.0
DQN_PER_seed_1_1790610322,DQN_PER,1,1118,58593,12.90,2,0.0100,0.00652,76.2
DQN_PER_seed_1_1790610322,DQN_PER,1,1119,58643,3.90,0,0.0100,0.00658,76.2
DQN_PER_seed_1_1790610322,DQN_PER,1,1120,58729,8.40,1,0.0100,0.00665,76.4
DQN_PER_seed_1_1790610322,DQN_PER,1,1121,58819,8.80,1,0.0100,0.00629,76.5
DQN_PER_seed_1_1790610322,DQN_PER,1,1122,58869,3.90,0,0.0100,0.00576,76.6
DQN_PER_seed_1_1790610322,DQN_PER,1,1123,58919,3.90,0,0.0100,0.00599,76.6
DQN_PER_seed_1_1790610322,DQN_PER,1,1124,58980,5.00,1,0.0100,0.01299,76.7
DQN_PER_seed_1_1790610322,DQN_PER,1,1125,59037,4.60,0,0.0100,0.00867,76.8
DQN_PER_seed_1_1790610322,DQN_PER,1,1126,59087,3.90,0,0.0100,0.00580,76.9
DQN_PER_seed_1_1790610322,DQN_PER,1,1127,59137,3.90,0,0.0100,0.00461,76.9
DQN_PER_seed_1_1790610322,DQN_PER,1,1128,59192,4.40,0,0.0100,0.00765,77.0
DQN_PER_seed_1_1790610322,DQN_PER,1,1129,59259,6.50,1,0.0100,0.00558,77.1
DQN_PER_seed_1_1790610322,DQN_PER,1,1130,59355,9.40,1,0.0100,0.00673,77.2
DQN_PER_seed_1_1790610322,DQN_PER,1,1131,59405,3.90,0,0.0100,0.00712,77.3
DQN_PER_seed_1_1790610322,DQN_PER,1,1132,59465,4.90,0,0.0100,0.00693,77.4
DQN_PER_seed_1_1790610322,DQN_PER,1,1133,59587,12.90,2,0.0100,0.00594,77.5
DQN_PER_seed_1_1790610322,DQN_PER,1,1134,59637,3.90,0,0.0100,0.00681,77.6
DQN_PER_seed_1_1790610322,DQN_PER,1,1135,59687,3.90,0,0.0100,0.00602,77.7
DQN_PER_seed_1_1790610322,DQN_PER,1,1136,59755,6.60,1,0.0100,0.00508,77.8
DQN_PER_seed_1_1790610322,DQN_PER,1,1137,59805,3.90,0,0.0100,0.00750,77.8
DQN_PER_seed_1_1790610322,DQN_PER,1,1138,59858,4.20,0,0.0100,0.00742,77.9
DQN_PER_seed_1_1790610322,DQN_PER,1,1139,59908,3.90,0,0.0100,0.00639,78.0
DQN_PER_seed_1_1790610322,DQN_PER,1,1140,60039,13.80,2,0.0100,0.00808,78.3
DQN_PER_seed_1_1790610322,DQN_PER,1,1141,60130,8.90,1,0.0100,0.00984,78.4
DQN_PER_seed_1_1790610322,DQN_PER,1,1142,60265,15.10,3,0.0100,0.00889,78.6
DQN_PER_seed_1_1790610322,DQN_PER,1,1143,60359,9.20,1,0.0100,0.00794,78.7
DQN_PER_seed_1_1790610322,DQN_PER,1,1144,60460,10.80,2,0.0100,0.00920,78.9
DQN_PER_seed_1_1790610322,DQN_PER,1,1145,60510,3.90,0,0.0100,0.00773,78.9
DQN_PER_seed_1_1790610322,DQN_PER,1,1146,60560,3.90,0,0.0100,0.00840,79.0
DQN_PER_seed_1_1790610322,DQN_PER,1,1147,60648,8.60,1,0.0100,0.00799,79.1
DQN_PER_seed_1_1790610322,DQN_PER,1,1148,60698,3.90,0,0.0100,0.00808,79.2
DQN_PER_seed_1_1790610322,DQN_PER,1,1149,60748,3.90,0,0.0100,0.00718,79.3
DQN_PER_seed_1_1790610322,DQN_PER,1,1150,60798,3.90,0,0.0100,0.00784,79.3
DQN_PER_seed_1_1790610322,DQN_PER,1,1151,60848,3.90,0,0.0100,0.00805,79.4
DQN_PER_seed_1_1790610322,DQN_PER,1,1152,60898,3.90,0,0.0100,0.00809,79.5
DQN_PER_seed_1_1790610322,DQN_PER,1,1153,60948,3.90,0,0.0100,0.00794,79.5
DQN_PER_seed_1_1790610322,DQN_PER,1,1154,61039,8.90,1,0.0100,0.00849,79.7
DQN_PER_seed_1_1790610322,DQN_PER,1,1155,61089,3.90,0,0.0100,0.00718,79.7
DQN_PER_seed_1_1790610322,DQN_PER,1,1156,61139,3.90,0,0.0100,0.00899,79.8
DQN_PER_seed_1_1790610322,DQN_PER,1,1157,61189,3.90,0,0.0100,0.00762,79.9
DQN_PER_seed_1_1790610322,DQN_PER,1,1158,61329,15.60,3,0.0100,0.00814,80.1
DQN_PER_seed_1_1790610322,DQN_PER,1,1159,61425,9.40,1,0.0100,0.00688,80.2
DQN_PER_seed_1_1790610322,DQN_PER,1,1160,61483,4.70,0,0.0100,0.00703,80.3
DQN_PER_seed_1_1790610322,DQN_PER,1,1161,61533,3.90,0,0.0100,0.00788,80.4
DQN_PER_seed_1_1790610322,DQN_PER,1,1162,61583,3.90,0,0.0100,0.00771,80.4
DQN_PER_seed_1_1790610322,DQN_PER,1,1163,61640,4.60,0,0.0100,0.01164,80.5
DQN_PER_seed_1_1790610322,DQN_PER,1,1164,61690,3.90,0,0.0100,0.00740,80.6
DQN_PER_seed_1_1790610322,DQN_PER,1,1165,61740,3.90,0,0.0100,0.00950,80.6
DQN_PER_seed_1_1790610322,DQN_PER,1,1166,61790,3.90,0,0.0100,0.01001,80.7
DQN_PER_seed_1_1790610322,DQN_PER,1,1167,61840,3.90,0,0.0100,0.00852,80.8
DQN_PER_seed_1_1790610322,DQN_PER,1,1168,61890,3.90,0,0.0100,0.00998,80.9
DQN_PER_seed_1_1790610322,DQN_PER,1,1169,61940,3.90,0,0.0100,0.00856,80.9
DQN_PER_seed_1_1790610322,DQN_PER,1,1170,61990,3.90,0,0.0100,0.00735,81.0
DQN_PER_seed_1_1790610322,DQN_PER,1,1171,62112,12.90,2,0.0100,0.00922,81.2
DQN_PER_seed_1_1790610322,DQN_PER,1,1172,62209,9.50,2,0.0100,0.00932,81.3
DQN_PER_seed_1_1790610322,DQN_PER,1,1173,62331,12.90,2,0.0100,0.00878,81.5
DQN_PER_seed_1_1790610322,DQN_PER,1,1174,62418,8.50,1,0.0100,0.00924,81.6
DQN_PER_seed_1_1790610322,DQN_PER,1,1175,62468,3.90,0,0.0100,0.00971,81.7
DQN_PER_seed_1_1790610322,DQN_PER,1,1176,62518,3.90,0,0.0100,0.01082,81.7
DQN_PER_seed_1_1790610322,DQN_PER,1,1177,62583,6.30,1,0.0100,0.00858,81.8
DQN_PER_seed_1_1790610322,DQN_PER,1,1178,62633,3.90,0,0.0100,0.00872,81.9
DQN_PER_seed_1_1790610322,DQN_PER,1,1179,62697,6.20,1,0.0100,0.00873,82.0
DQN_PER_seed_1_1790610322,DQN_PER,1,1180,62795,10.50,2,0.0100,0.00913,82.1
DQN_PER_seed_1_1790610322,DQN_PER,1,1181,62845,3.90,0,0.0100,0.00948,82.2
DQN_PER_seed_1_1790610322,DQN_PER,1,1182,62900,4.40,0,0.0100,0.00852,82.2
DQN_PER_seed_1_1790610322,DQN_PER,1,1183,62950,3.90,0,0.0100,0.00943,82.3
DQN_PER_seed_1_1790610322,DQN_PER,1,1184,63007,4.60,0,0.0100,0.01338,82.4
DQN_PER_seed_1_1790610322,DQN_PER,1,1185,63057,3.90,0,0.0100,0.00815,82.5
DQN_PER_seed_1_1790610322,DQN_PER,1,1186,63107,3.90,0,0.0100,0.00821,82.5
DQN_PER_seed_1_1790610322,DQN_PER,1,1187,63157,3.90,0,0.0100,0.00803,82.6
DQN_PER_seed_1_1790610322,DQN_PER,1,1188,63210,4.20,0,0.0100,0.01006,82.7
DQN_PER_seed_1_1790610322,DQN_PER,1,1189,63302,9.00,1,0.0100,0.01004,82.8
DQN_PER_seed_1_1790610322,DQN_PER,1,1190,63357,4.40,0,0.0100,0.00870,82.9
DQN_PER_seed_1_1790610322,DQN_PER,1,1191,63407,3.90,0,0.0100,0.00976,83.0
DQN_PER_seed_1_1790610322,DQN_PER,1,1192,63461,4.30,0,0.0100,0.00848,83.0
DQN_PER_seed_1_1790610322,DQN_PER,1,1193,63511,3.90,0,0.0100,0.00749,83.1
DQN_PER_seed_1_1790610322,DQN_PER,1,1194,63602,8.90,1,0.0100,0.00874,83.2
DQN_PER_seed_1_1790610322,DQN_PER,1,1195,63656,4.30,0,0.0100,0.00899,83.3
DQN_PER_seed_1_1790610322,DQN_PER,1,1196,63706,3.90,0,0.0100,0.00834,83.4
DQN_PER_seed_1_1790610322,DQN_PER,1,1197,63800,9.20,1,0.0100,0.00901,83.5
DQN_PER_seed_1_1790610322,DQN_PER,1,1198,63850,3.90,0,0.0100,0.00794,83.6
DQN_PER_seed_1_1790610322,DQN_PER,1,1199,63900,3.90,0,0.0100,0.00806,83.6
DQN_PER_seed_1_1790610322,DQN_PER,1,1200,63950,3.90,0,0.0100,0.01047,83.7
DQN_PER_seed_1_1790610322,DQN_PER,1,1201,64000,3.90,0,0.0100,0.01040,83.8
DQN_PER_seed_1_1790610322,DQN_PER,1,1202,64055,4.40,0,0.0100,0.00870,83.9
DQN_PER_seed_1_1790610322,DQN_PER,1,1203,64119,6.20,1,0.0100,0.00812,83.9
DQN_PER_seed_1_1790610322,DQN_PER,1,1204,64187,6.60,1,0.0100,0.00920,84.0
DQN_PER_seed_1_1790610322,DQN_PER,1,1205,64284,9.50,2,0.0100,0.00899,84.2
DQN_PER_seed_1_1790610322,DQN_PER,1,1206,64334,3.90,0,0.0100,0.01084,84.2
DQN_PER_seed_1_1790610322,DQN_PER,1,1207,64422,8.60,1,0.0100,0.00861,84.4
DQN_PER_seed_1_1790610322,DQN_PER,1,1208,64472,3.90,0,0.0100,0.00849,84.4
DQN_PER_seed_1_1790610322,DQN_PER,1,1209,64558,8.40,1,0.0100,0.00831,84.6
DQN_PER_seed_1_1790610322,DQN_PER,1,1210,64655,9.50,2,0.0100,0.00790,84.7
DQN_PER_seed_1_1790610322,DQN_PER,1,1211,64759,11.10,2,0.0100,0.00800,84.8
DQN_PER_seed_1_1790610322,DQN_PER,1,1212,64809,3.90,0,0.0100,0.00985,84.9
DQN_PER_seed_1_1790610322,DQN_PER,1,1213,64931,12.90,2,0.0100,0.00881,85.1
DQN_PER_seed_1_1790610322,DQN_PER,1,1214,64981,3.90,0,0.0100,0.00803,85.1
DQN_PER_seed_1_1790610322,DQN_PER,1,1215,65033,4.10,0,0.0100,0.00940,85.4
DQN_PER_seed_1_1790610322,DQN_PER,1,1216,65083,3.90,0,0.0100,0.01009,85.5
DQN_PER_seed_1_1790610322,DQN_PER,1,1217,65169,8.40,1,0.0100,0.00892,85.6
DQN_PER_seed_1_1790610322,DQN_PER,1,1218,65219,3.90,0,0.0100,0.00780,85.7
DQN_PER_seed_1_1790610322,DQN_PER,1,1219,65305,8.40,1,0.0100,0.01225,85.8
DQN_PER_seed_1_1790610322,DQN_PER,1,1220,65363,4.70,0,0.0100,0.00960,85.9
DQN_PER_seed_1_1790610322,DQN_PER,1,1221,65422,4.80,0,0.0100,0.00761,86.0
DQN_PER_seed_1_1790610322,DQN_PER,1,1222,65544,12.90,2,0.0100,0.00772,86.1
DQN_PER_seed_1_1790610322,DQN_PER,1,1223,65642,10.50,2,0.0100,0.00920,86.3
DQN_PER_seed_1_1790610322,DQN_PER,1,1224,65692,3.90,0,0.0100,0.00997,86.3
DQN_PER_seed_1_1790610322,DQN_PER,1,1225,65742,3.90,0,0.0100,0.01024,86.4
DQN_PER_seed_1_1790610322,DQN_PER,1,1226,65792,3.90,0,0.0100,0.00821,86.5
DQN_PER_seed_1_1790610322,DQN_PER,1,1227,65842,3.90,0,0.0100,0.01413,86.6
DQN_PER_seed_1_1790610322,DQN_PER,1,1228,65894,4.10,0,0.0100,0.01078,86.6
DQN_PER_seed_1_1790610322,DQN_PER,1,1229,65991,9.50,2,0.0100,0.00820,86.8
DQN_PER_seed_1_1790610322,DQN_PER,1,1230,66077,8.40,1,0.0100,0.01098,86.9
DQN_PER_seed_1_1790610322,DQN_PER,1,1231,66135,4.70,0,0.0100,0.00795,87.0
DQN_PER_seed_1_1790610322,DQN_PER,1,1232,66221,8.40,1,0.0100,0.00973,87.1
DQN_PER_seed_1_1790610322,DQN_PER,1,1233,66271,3.90,0,0.0100,0.00913,87.2
DQN_PER_seed_1_1790610322,DQN_PER,1,1234,66321,3.90,0,0.0100,0.01101,87.2
DQN_PER_seed_1_1790610322,DQN_PER,1,1235,66443,12.90,2,0.0100,0.01006,87.4
DQN_PER_seed_1_1790610322,DQN_PER,1,1236,66535,9.00,1,0.0100,0.00842,87.5
DQN_PER_seed_1_1790610322,DQN_PER,1,1237,66585,3.90,0,0.0100,0.00907,87.6
DQN_PER_seed_1_1790610322,DQN_PER,1,1238,66635,3.90,0,0.0100,0.00914,87.7
DQN_PER_seed_1_1790610322,DQN_PER,1,1239,66734,10.60,2,0.0100,0.00920,87.8
DQN_PER_seed_1_1790610322,DQN_PER,1,1240,66863,13.60,2,0.0100,0.00950,88.0
DQN_PER_seed_1_1790610322,DQN_PER,1,1241,66914,4.00,0,0.0100,0.00810,88.1
DQN_PER_seed_1_1790610322,DQN_PER,1,1242,67054,15.60,3,0.0100,0.01176,88.3
DQN_PER_seed_1_1790610322,DQN_PER,1,1243,67104,3.90,0,0.0100,0.00866,88.3
DQN_PER_seed_1_1790610322,DQN_PER,1,1244,67154,3.90,0,0.0100,0.00914,88.4
DQN_PER_seed_1_1790610322,DQN_PER,1,1245,67204,3.90,0,0.0100,0.01130,88.5
DQN_PER_seed_1_1790610322,DQN_PER,1,1246,67290,8.40,1,0.0100,0.01108,88.6
DQN_PER_seed_1_1790610322,DQN_PER,1,1247,67354,6.20,1,0.0100,0.01100,88.7
DQN_PER_seed_1_1790610322,DQN_PER,1,1248,67413,4.80,0,0.0100,0.01018,88.8
DQN_PER_seed_1_1790610322,DQN_PER,1,1249,67506,9.10,1,0.0100,0.00936,88.9
DQN_PER_seed_1_1790610322,DQN_PER,1,1250,67592,8.40,1,0.0100,0.00910,89.0
DQN_PER_seed_1_1790610322,DQN_PER,1,1251,67642,3.90,0,0.0100,0.00917,89.1
DQN_PER_seed_1_1790610322,DQN_PER,1,1252,67693,4.00,0,0.0100,0.00946,89.2
DQN_PER_seed_1_1790610322,DQN_PER,1,1253,67779,8.40,1,0.0100,0.01023,89.3
DQN_PER_seed_1_1790610322,DQN_PER,1,1254,67865,8.40,1,0.0100,0.00991,89.4
DQN_PER_seed_1_1790610322,DQN_PER,1,1255,67915,3.90,0,0.0100,0.01133,89.5
DQN_PER_seed_1_1790610322,DQN_PER,1,1256,68083,18.40,3,0.0100,0.01031,89.7
DQN_PER_seed_1_1790610322,DQN_PER,1,1257,68133,3.90,0,0.0100,0.00916,89.8
DQN_PER_seed_1_1790610322,DQN_PER,1,1258,68297,18.00,3,0.0100,0.00906,90.0
DQN_PER_seed_1_1790610322,DQN_PER,1,1259,68383,8.40,1,0.0100,0.01188,90.1
DQN_PER_seed_1_1790610322,DQN_PER,1,1260,68436,4.20,0,0.0100,0.01508,90.2
DQN_PER_seed_1_1790610322,DQN_PER,1,1261,68522,8.40,1,0.0100,0.00820,90.3
DQN_PER_seed_1_1790610322,DQN_PER,1,1262,68757,26.90,5,0.0100,0.00943,90.7
DQN_PER_seed_1_1790610322,DQN_PER,1,1263,68807,3.90,0,0.0100,0.00885,90.7
DQN_PER_seed_1_1790610322,DQN_PER,1,1264,68857,3.90,0,0.0100,0.01100,90.8
DQN_PER_seed_1_1790610322,DQN_PER,1,1265,68907,3.90,0,0.0100,0.00963,90.9
DQN_PER_seed_1_1790610322,DQN_PER,1,1266,68957,3.90,0,0.0100,0.00853,90.9
DQN_PER_seed_1_1790610322,DQN_PER,1,1267,69043,8.40,1,0.0100,0.00978,91.1
DQN_PER_seed_1_1790610322,DQN_PER,1,1268,69093,3.90,0,0.0100,0.00796,91.1
DQN_PER_seed_1_1790610322,DQN_PER,1,1269,69143,3.90,0,0.0100,0.01017,91.2
DQN_PER_seed_1_1790610322,DQN_PER,1,1270,69229,8.40,1,0.0100,0.01129,91.3
DQN_PER_seed_1_1790610322,DQN_PER,1,1271,69279,3.90,0,0.0100,0.01076,91.4
DQN_PER_seed_1_1790610322,DQN_PER,1,1272,69329,3.90,0,0.0100,0.00978,91.5
DQN_PER_seed_1_1790610322,DQN_PER,1,1273,69386,4.60,0,0.0100,0.01036,91.5
DQN_PER_seed_1_1790610322,DQN_PER,1,1274,69482,9.40,1,0.0100,0.01131,91.7
DQN_PER_seed_1_1790610322,DQN_PER,1,1275,69604,12.90,2,0.0100,0.00971,91.9
DQN_PER_seed_1_1790610322,DQN_PER,1,1276,69654,3.90,0,0.0100,0.00985,91.9
DQN_PER_seed_1_1790610322,DQN_PER,1,1277,69704,3.90,0,0.0100,0.00968,92.0
DQN_PER_seed_1_1790610322,DQN_PER,1,1278,69867,17.90,3,0.0100,0.01098,92.2
DQN_PER_seed_1_1790610322,DQN_PER,1,1279,69917,3.90,0,0.0100,0.00941,92.3
DQN_PER_seed_1_1790610322,DQN_PER,1,1280,69967,3.90,0,0.0100,0.01148,92.4
DQN_PER_seed_1_1790610322,DQN_PER,1,1281,70091,13.10,2,0.0100,0.01156,92.7
DQN_PER_seed_1_1790610322,DQN_PER,1,1282,70224,14.00,3,0.0100,0.01071,92.9
DQN_PER_seed_1_1790610322,DQN_PER,1,1283,70274,3.90,0,0.0100,0.01040,93.0
DQN_PER_seed_1_1790610322,DQN_PER,1,1284,70373,10.60,2,0.0100,0.01145,93.1
DQN_PER_seed_1_1790610322,DQN_PER,1,1285,70507,15.00,3,0.0100,0.01116,93.3
DQN_PER_seed_1_1790610322,DQN_PER,1,1286,70716,23.40,4,0.0100,0.00942,93.6
DQN_PER_seed_1_1790610322,DQN_PER,1,1287,70766,3.90,0,0.0100,0.01035,93.7
DQN_PER_seed_1_1790610322,DQN_PER,1,1288,70852,8.40,1,0.0100,0.01121,93.8
DQN_PER_seed_1_1790610322,DQN_PER,1,1289,70902,3.90,0,0.0100,0.00978,93.9
DQN_PER_seed_1_1790610322,DQN_PER,1,1290,70952,3.90,0,0.0100,0.00992,94.0
DQN_PER_seed_1_1790610322,DQN_PER,1,1291,71002,3.90,0,0.0100,0.00856,94.0
DQN_PER_seed_1_1790610322,DQN_PER,1,1292,71133,13.80,2,0.0100,0.01137,94.2
DQN_PER_seed_1_1790610322,DQN_PER,1,1293,71183,3.90,0,0.0100,0.01238,94.3
DQN_PER_seed_1_1790610322,DQN_PER,1,1294,71233,3.90,0,0.0100,0.01028,94.4
DQN_PER_seed_1_1790610322,DQN_PER,1,1295,71396,17.90,3,0.0100,0.01139,94.6
DQN_PER_seed_1_1790610322,DQN_PER,1,1296,71446,3.90,0,0.0100,0.00884,94.7
DQN_PER_seed_1_1790610322,DQN_PER,1,1297,71532,8.40,1,0.0100,0.01207,94.8
DQN_PER_seed_1_1790610322,DQN_PER,1,1298,71582,3.90,0,0.0100,0.01004,94.9
DQN_PER_seed_1_1790610322,DQN_PER,1,1299,71668,8.40,1,0.0100,0.00899,95.0
DQN_PER_seed_1_1790610322,DQN_PER,1,1300,71804,15.20,3,0.0100,0.01070,95.2
DQN_PER_seed_1_1790610322,DQN_PER,1,1301,71906,10.90,2,0.0100,0.00981,95.3
DQN_PER_seed_1_1790610322,DQN_PER,1,1302,72002,9.40,1,0.0100,0.00977,95.4
DQN_PER_seed_1_1790610322,DQN_PER,1,1303,72088,8.40,1,0.0100,0.01195,95.6
DQN_PER_seed_1_1790610322,DQN_PER,1,1304,72260,18.80,3,0.0100,0.01156,95.8
DQN_PER_seed_1_1790610322,DQN_PER,1,1305,72346,8.40,1,0.0100,0.01110,95.9
DQN_PER_seed_1_1790610322,DQN_PER,1,1306,72452,11.30,2,0.0100,0.01284,96.1
DQN_PER_seed_1_1790610322,DQN_PER,1,1307,72502,3.90,0,0.0100,0.00956,96.2
DQN_PER_seed_1_1790610322,DQN_PER,1,1308,72605,11.00,2,0.0100,0.01228,96.3
DQN_PER_seed_1_1790610322,DQN_PER,1,1309,72697,9.00,1,0.0100,0.01113,96.4
DQN_PER_seed_1_1790610322,DQN_PER,1,1310,72835,15.40,3,0.0100,0.01265,96.6
DQN_PER_seed_1_1790610322,DQN_PER,1,1311,72885,3.90,0,0.0100,0.01450,96.7
DQN_PER_seed_1_1790610322,DQN_PER,1,1312,73053,18.40,3,0.0100,0.01223,96.9
DQN_PER_seed_1_1790610322,DQN_PER,1,1313,73118,6.30,1,0.0100,0.01444,97.0
DQN_PER_seed_1_1790610322,DQN_PER,1,1314,73210,9.00,1,0.0100,0.01203,97.2
DQN_PER_seed_1_1790610322,DQN_PER,1,1315,73332,12.90,2,0.0100,0.01445,97.3
DQN_PER_seed_1_1790610322,DQN_PER,1,1316,73436,11.10,2,0.0100,0.01276,97.5
DQN_PER_seed_1_1790610322,DQN_PER,1,1317,73527,8.90,1,0.0100,0.01326,97.6
DQN_PER_seed_1_1790610322,DQN_PER,1,1318,73658,13.80,2,0.0100,0.01237,97.8
DQN_PER_seed_1_1790610322,DQN_PER,1,1319,73759,10.80,2,0.0100,0.01222,97.9
DQN_PER_seed_1_1790610322,DQN_PER,1,1320,73847,8.60,1,0.0100,0.01079,98.1
DQN_PER_seed_1_1790610322,DQN_PER,1,1321,73950,11.00,2,0.0100,0.01183,98.2
DQN_PER_seed_1_1790610322,DQN_PER,1,1322,74081,13.80,2,0.0100,0.01532,98.4
DQN_PER_seed_1_1790610322,DQN_PER,1,1323,74112,2.00,0,0.0100,0.01826,98.4
DQN_PER_seed_1_1790610322,DQN_PER,1,1324,74234,12.90,2,0.0100,0.01572,98.6
DQN_PER_seed_1_1790610322,DQN_PER,1,1325,74320,8.40,1,0.0100,0.01556,98.7
DQN_PER_seed_1_1790610322,DQN_PER,1,1326,74668,40.90,8,0.0100,0.01384,99.2
DQN_PER_seed_1_1790610322,DQN_PER,1,1327,74791,13.00,2,0.0100,0.01430,99.4
DQN_PER_seed_1_1790610322,DQN_PER,1,1328,74877,8.40,1,0.0100,0.01255,99.5
DQN_PER_seed_1_1790610322,DQN_PER,1,1329,74946,6.70,1,0.0100,0.01199,99.6
DQN_PER_seed_1_1790610322,DQN_PER,1,1330,75016,6.80,1,0.0100,0.01500,99.9
DQN_PER_seed_1_1790610322,DQN_PER,1,1331,75102,8.40,1,0.0100,0.01559,100.0
DQN_PER_seed_1_1790610322,DQN_PER,1,1332,75152,3.90,0,0.0100,0.01764,100.1
DQN_PER_seed_1_1790610322,DQN_PER,1,1333,75274,12.90,2,0.0100,0.01263,100.3
DQN_PER_seed_1_1790610322,DQN_PER,1,1334,75344,6.80,1,0.0100,0.01391,100.4
DQN_PER_seed_1_1790610322,DQN_PER,1,1335,75394,3.90,0,0.0100,0.01487,100.5
DQN_PER_seed_1_1790610322,DQN_PER,1,1336,75497,11.00,2,0.0100,0.01395,100.6
DQN_PER_seed_1_1790610322,DQN_PER,1,1337,75632,15.10,3,0.0100,0.01385,100.8
DQN_PER_seed_1_1790610322,DQN_PER,1,1338,75682,3.90,0,0.0100,0.01034,100.9
DQN_PER_seed_1_1790610322,DQN_PER,1,1339,75845,17.90,3,0.0100,0.01368,101.1
DQN_PER_seed_1_1790610322,DQN_PER,1,1340,75895,3.90,0,0.0100,0.01179,101.2
DQN_PER_seed_1_1790610322,DQN_PER,1,1341,75945,3.90,0,0.0100,0.01199,101.2
DQN_PER_seed_1_1790610322,DQN_PER,1,1342,76031,8.40,1,0.0100,0.01814,101.4
DQN_PER_seed_1_1790610322,DQN_PER,1,1343,76153,12.90,2,0.0100,0.01542,101.5
DQN_PER_seed_1_1790610322,DQN_PER,1,1344,76239,8.40,1,0.0100,0.01523,101.7
DQN_PER_seed_1_1790610322,DQN_PER,1,1345,76325,8.40,1,0.0100,0.01486,101.8
DQN_PER_seed_1_1790610322,DQN_PER,1,1346,76421,9.40,1,0.0100,0.01522,101.9
DQN_PER_seed_1_1790610322,DQN_PER,1,1347,76543,12.90,2,0.0100,0.01555,102.1
DQN_PER_seed_1_1790610322,DQN_PER,1,1348,76665,12.90,2,0.0100,0.01239,102.3
DQN_PER_seed_1_1790610322,DQN_PER,1,1349,76864,22.40,4,0.0100,0.01507,102.6
DQN_PER_seed_1_1790610322,DQN_PER,1,1350,76950,8.40,1,0.0100,0.01411,102.7
DQN_PER_seed_1_1790610322,DQN_PER,1,1351,76981,2.00,0,0.0100,0.01543,102.7
DQN_PER_seed_1_1790610322,DQN_PER,1,1352,77031,3.90,0,0.0100,0.01313,102.8
DQN_PER_seed_1_1790610322,DQN_PER,1,1353,77090,4.80,0,0.0100,0.01603,102.9
DQN_PER_seed_1_1790610322,DQN_PER,1,1354,77189,10.60,2,0.0100,0.01535,103.0
DQN_PER_seed_1_1790610322,DQN_PER,1,1355,77424,26.90,5,0.0100,0.01474,103.4
DQN_PER_seed_1_1790610322,DQN_PER,1,1356,77736,36.40,7,0.0100,0.01560,103.8
DQN_PER_seed_1_1790610322,DQN_PER,1,1357,77858,12.90,2,0.0100,0.01465,104.0
DQN_PER_seed_1_1790610322,DQN_PER,1,1358,78057,22.40,4,0.0100,0.01558,104.3
DQN_PER_seed_1_1790610322,DQN_PER,1,1359,78114,4.60,0,0.0100,0.01516,104.3
DQN_PER_seed_1_1790610322,DQN_PER,1,1360,78200,8.40,1,0.0100,0.01551,104.5
DQN_PER_seed_1_1790610322,DQN_PER,1,1361,78377,20.20,4,0.0100,0.01634,104.7
DQN_PER_seed_1_1790610322,DQN_PER,1,1362,78472,9.30,1,0.0100,0.01799,104.9
DQN_PER_seed_1_1790610322,DQN_PER,1,1363,78522,3.90,0,0.0100,0.01872,104.9
DQN_PER_seed_1_1790610322,DQN_PER,1,1364,78579,4.60,0,0.0100,0.01674,105.0
DQN_PER_seed_1_1790610322,DQN_PER,1,1365,78814,26.90,5,0.0100,0.01570,105.3
DQN_PER_seed_1_1790610322,DQN_PER,1,1366,78874,4.90,0,0.0100,0.01746,105.4
DQN_PER_seed_1_1790610322,DQN_PER,1,1367,79234,42.10,9,0.0100,0.01572,105.9
DQN_PER_seed_1_1790610322,DQN_PER,1,1368,79320,8.40,1,0.0100,0.01639,106.1
DQN_PER_seed_1_1790610322,DQN_PER,1,1369,79370,3.90,0,0.0100,0.01852,106.1
DQN_PER_seed_1_1790610322,DQN_PER,1,1370,79549,20.40,4,0.0100,0.01620,106.4
DQN_PER_seed_1_1790610322,DQN_PER,1,1371,79671,12.90,2,0.0100,0.01695,106.6
DQN_PER_seed_1_1790610322,DQN_PER,1,1372,79870,22.40,4,0.0100,0.01413,106.9
DQN_PER_seed_1_1790610322,DQN_PER,1,1373,79923,4.20,0,0.0100,0.01529,106.9
DQN_PER_seed_1_1790610322,DQN_PER,1,1374,79973,3.90,0,0.0100,0.01632,107.0
DQN_PER_seed_1_1790610322,DQN_PER,1,1375,80285,36.40,7,0.0100,0.01647,107.7
DQN_PER_seed_1_1790610322,DQN_PER,1,1376,80462,20.20,4,0.0100,0.01654,108.0
DQN_PER_seed_1_1790610322,DQN_PER,1,1377,80661,22.40,4,0.0100,0.01513,108.3
DQN_PER_seed_1_1790610322,DQN_PER,1,1378,80783,12.90,2,0.0100,0.01463,108.4
DQN_PER_seed_1_1790610322,DQN_PER,1,1379,80839,4.50,0,0.0100,0.01491,108.5
DQN_PER_seed_1_1790610322,DQN_PER,1,1380,80889,3.90,0,0.0100,0.01528,108.6
DQN_PER_seed_1_1790610322,DQN_PER,1,1381,81011,12.90,2,0.0100,0.01441,108.8
DQN_PER_seed_1_1790610322,DQN_PER,1,1382,81133,12.90,2,0.0100,0.01706,108.9
DQN_PER_seed_1_1790610322,DQN_PER,1,1383,81219,8.40,1,0.0100,0.02179,109.1
DQN_PER_seed_1_1790610322,DQN_PER,1,1384,81305,8.40,1,0.0100,0.01837,109.2
DQN_PER_seed_1_1790610322,DQN_PER,1,1385,81366,5.00,1,0.0100,0.01406,109.3
DQN_PER_seed_1_1790610322,DQN_PER,1,1386,81452,8.40,1,0.0100,0.01699,109.4
DQN_PER_seed_1_1790610322,DQN_PER,1,1387,81841,45.90,9,0.0100,0.01515,109.9
DQN_PER_seed_1_1790610322,DQN_PER,1,1388,81931,8.80,1,0.0100,0.01513,110.1
DQN_PER_seed_1_1790610322,DQN_PER,1,1389,82017,8.40,1,0.0100,0.01706,110.2
DQN_PER_seed_1_1790610322,DQN_PER,1,1390,82293,31.90,6,0.0100,0.01668,110.6
DQN_PER_seed_1_1790610322,DQN_PER,1,1391,82415,12.90,2,0.0100,0.01470,110.8
DQN_PER_seed_1_1790610322,DQN_PER,1,1392,82771,41.70,8,0.0100,0.01550,111.3
DQN_PER_seed_1_1790610322,DQN_PER,1,1393,82893,12.90,2,0.0100,0.01568,111.5
DQN_PER_seed_1_1790610322,DQN_PER,1,1394,83098,23.00,4,0.0100,0.01488,111.8
DQN_PER_seed_1_1790610322,DQN_PER,1,1395,83220,12.90,2,0.0100,0.01598,111.9
DQN_PER_seed_1_1790610322,DQN_PER,1,1396,83278,4.70,0,0.0100,0.01615,112.0
DQN_PER_seed_1_1790610322,DQN_PER,1,1397,83364,8.40,1,0.0100,0.01371,112.1
DQN_PER_seed_1_1790610322,DQN_PER,1,1398,83789,50.40,10,0.0100,0.01539,112.8
DQN_PER_seed_1_1790610322,DQN_PER,1,1399,83882,9.10,1,0.0100,0.01227,112.9
DQN_PER_seed_1_1790610322,DQN_PER,1,1400,83985,11.00,2,0.0100,0.01545,113.1
DQN_PER_seed_1_1790610322,DQN_PER,1,1401,84071,8.40,1,0.0100,0.01569,113.2
DQN_PER_seed_1_1790610322,DQN_PER,1,1402,84121,-0.90,0,0.0100,0.01545,113.3
DQN_PER_seed_1_1790610322,DQN_PER,1,1403,84320,22.40,4,0.0100,0.01572,113.6
DQN_PER_seed_1_1790610322,DQN_PER,1,1404,84406,8.40,1,0.0100,0.01634,113.7
DQN_PER_seed_1_1790610322,DQN_PER,1,1405,84465,4.80,0,0.0100,0.01518,113.8
DQN_PER_seed_1_1790610322,DQN_PER,1,1406,84515,3.90,0,0.0100,0.01586,113.8
DQN_PER_seed_1_1790610322,DQN_PER,1,1407,84601,8.40,1,0.0100,0.01680,114.0
DQN_PER_seed_1_1790610322,DQN_PER,1,1408,84732,13.80,2,0.0100,0.01587,114.2
DQN_PER_seed_1_1790610322,DQN_PER,1,1409,84859,13.40,2,0.0100,0.01713,114.3
DQN_PER_seed_1_1790610322,DQN_PER,1,1410,85108,29.20,6,0.0100,0.01555,115.1
DQN_PER_seed_1_1790610322,DQN_PER,1,1411,85282,19.00,3,0.0100,0.01743,115.3
DQN_PER_seed_1_1790610322,DQN_PER,1,1412,85332,-3.90,0,0.0100,0.01549,115.4
DQN_PER_seed_1_1790610322,DQN_PER,1,1413,85531,22.40,4,0.0100,0.01538,115.7
DQN_PER_seed_1_1790610322,DQN_PER,1,1414,85581,3.90,0,0.0100,0.01353,115.8
DQN_PER_seed_1_1790610322,DQN_PER,1,1415,85703,12.90,2,0.0100,0.01470,115.9
DQN_PER_seed_1_1790610322,DQN_PER,1,1416,85753,3.30,0,0.0100,0.01650,116.0
DQN_PER_seed_1_1790610322,DQN_PER,1,1417,85839,8.40,1,0.0100,0.01690,116.1
DQN_PER_seed_1_1790610322,DQN_PER,1,1418,85889,3.90,0,0.0100,0.01615,116.2
DQN_PER_seed_1_1790610322,DQN_PER,1,1419,86011,12.90,2,0.0100,0.01475,116.4
DQN_PER_seed_1_1790610322,DQN_PER,1,1420,86287,31.90,6,0.0100,0.01747,116.8
DQN_PER_seed_1_1790610322,DQN_PER,1,1421,86522,26.90,5,0.0100,0.01661,117.1
DQN_PER_seed_1_1790610322,DQN_PER,1,1422,86608,8.40,1,0.0100,0.01777,117.3
DQN_PER_seed_1_1790610322,DQN_PER,1,1423,86658,3.90,0,0.0100,0.02010,117.3
DQN_PER_seed_1_1790610322,DQN_PER,1,1424,86708,3.90,0,0.0100,0.01769,117.4
DQN_PER_seed_1_1790610322,DQN_PER,1,1425,86907,22.40,4,0.0100,0.01572,117.7
DQN_PER_seed_1_1790610322,DQN_PER,1,1426,87072,18.10,3,0.0100,0.01546,117.9
DQN_PER_seed_1_1790610322,DQN_PER,1,1427,87122,3.90,0,0.0100,0.01893,118.0
DQN_PER_seed_1_1790610322,DQN_PER,1,1428,87210,8.60,1,0.0100,0.01615,118.1
DQN_PER_seed_1_1790610322,DQN_PER,1,1429,87301,8.90,1,0.0100,0.01674,118.3
DQN_PER_seed_1_1790610322,DQN_PER,1,1430,87577,31.90,6,0.0100,0.01850,118.6
DQN_PER_seed_1_1790610322,DQN_PER,1,1431,87627,3.90,0,0.0100,0.01499,118.7
DQN_PER_seed_1_1790610322,DQN_PER,1,1432,87903,31.90,6,0.0100,0.01669,119.1
DQN_PER_seed_1_1790610322,DQN_PER,1,1433,88215,36.40,7,0.0100,0.01750,119.6
DQN_PER_seed_1_1790610322,DQN_PER,1,1434,88378,17.90,3,0.0100,0.01464,119.8
DQN_PER_seed_1_1790610322,DQN_PER,1,1435,88428,3.90,0,0.0100,0.01364,119.9
DQN_PER_seed_1_1790610322,DQN_PER,1,1436,88591,17.90,3,0.0100,0.01807,120.1
DQN_PER_seed_1_1790610322,DQN_PER,1,1437,88713,12.90,2,0.0100,0.01612,120.3
DQN_PER_seed_1_1790610322,DQN_PER,1,1438,88952,27.30,5,0.0100,0.01568,120.6
DQN_PER_seed_1_1790610322,DQN_PER,1,1439,89074,12.90,2,0.0100,0.01560,120.8
DQN_PER_seed_1_1790610322,DQN_PER,1,1440,89160,8.40,1,0.0100,0.01751,120.9
DQN_PER_seed_1_1790610322,DQN_PER,1,1441,89282,12.90,2,0.0100,0.01605,121.1
DQN_PER_seed_1_1790610322,DQN_PER,1,1442,89372,8.80,1,0.0100,0.01709,121.2
DQN_PER_seed_1_1790610322,DQN_PER,1,1443,89464,9.00,1,0.0100,0.01707,121.4
DQN_PER_seed_1_1790610322,DQN_PER,1,1444,89867,48.20,10,0.0100,0.01681,121.9
DQN_PER_seed_1_1790610322,DQN_PER,1,1445,89953,8.40,1,0.0100,0.01540,122.1
DQN_PER_seed_1_1790610322,DQN_PER,1,1446,90075,12.90,2,0.0100,0.01609,122.6
DQN_PER_seed_1_1790610322,DQN_PER,1,1447,90197,12.90,2,0.0100,0.01799,122.8
DQN_PER_seed_1_1790610322,DQN_PER,1,1448,90287,8.80,1,0.0100,0.01618,122.9
DQN_PER_seed_1_1790610322,DQN_PER,1,1449,90458,18.70,3,0.0100,0.01617,123.2
DQN_PER_seed_1_1790610322,DQN_PER,1,1450,90587,13.60,2,0.0100,0.01454,123.3
DQN_PER_seed_1_1790610322,DQN_PER,1,1451,90836,29.20,6,0.0100,0.01586,123.7
DQN_PER_seed_1_1790610322,DQN_PER,1,1452,91451,73.90,15,0.0100,0.01530,124.6
DQN_PER_seed_1_1790610322,DQN_PER,1,1453,91573,12.90,2,0.0100,0.01542,124.8
DQN_PER_seed_1_1790610322,DQN_PER,1,1454,91695,12.90,2,0.0100,0.01607,124.9
DQN_PER_seed_1_1790610322,DQN_PER,1,1455,91858,17.90,3,0.0100,0.01532,125.2
DQN_PER_seed_1_1790610322,DQN_PER,1,1456,91945,8.50,1,0.0100,0.01487,125.3
DQN_PER_seed_1_1790610322,DQN_PER,1,1457,92069,13.10,2,0.0100,0.01473,125.5
DQN_PER_seed_1_1790610322,DQN_PER,1,1458,92156,8.50,1,0.0100,0.01579,125.6
DQN_PER_seed_1_1790610322,DQN_PER,1,1459,92247,8.90,1,0.0100,0.01618,125.7
DQN_PER_seed_1_1790610322,DQN_PER,1,1460,92333,8.40,1,0.0100,0.01504,125.9
DQN_PER_seed_1_1790610322,DQN_PER,1,1461,92455,12.90,2,0.0100,0.01505,126.0
DQN_PER_seed_1_1790610322,DQN_PER,1,1462,92541,8.40,1,0.0100,0.01458,126.1
DQN_PER_seed_1_1790610322,DQN_PER,1,1463,92627,8.40,1,0.0100,0.01459,126.3
DQN_PER_seed_1_1790610322,DQN_PER,1,1464,92866,27.30,5,0.0100,0.01584,126.6
DQN_PER_seed_1_1790610322,DQN_PER,1,1465,92988,12.90,2,0.0100,0.01397,126.8
DQN_PER_seed_1_1790610322,DQN_PER,1,1466,93110,12.90,2,0.0100,0.01611,127.0
DQN_PER_seed_1_1790610322,DQN_PER,1,1467,93232,12.90,2,0.0100,0.01663,127.1
DQN_PER_seed_1_1790610322,DQN_PER,1,1468,93289,4.60,0,0.0100,0.01394,127.2
DQN_PER_seed_1_1790610322,DQN_PER,1,1469,93495,23.10,4,0.0100,0.01535,127.5
DQN_PER_seed_1_1790610322,DQN_PER,1,1470,93553,4.70,0,0.0100,0.01540,127.6
DQN_PER_seed_1_1790610322,DQN_PER,1,1471,93675,12.90,2,0.0100,0.01785,127.8
DQN_PER_seed_1_1790610322,DQN_PER,1,1472,93881,23.10,4,0.0100,0.01741,128.1
DQN_PER_seed_1_1790610322,DQN_PER,1,1473,94003,12.90,2,0.0100,0.01535,128.3
DQN_PER_seed_1_1790610322,DQN_PER,1,1474,94126,13.00,2,0.0100,0.01702,128.4
DQN_PER_seed_1_1790610322,DQN_PER,1,1475,94628,59.90,12,0.0100,0.01492,129.2
DQN_PER_seed_1_1790610322,DQN_PER,1,1476,94755,13.40,2,0.0100,0.01552,129.3
DQN_PER_seed_1_1790610322,DQN_PER,1,1477,94841,8.40,1,0.0100,0.01430,129.5
DQN_PER_seed_1_1790610322,DQN_PER,1,1478,94930,8.70,1,0.0100,0.01703,129.6
DQN_PER_seed_1_1790610322,DQN_PER,1,1479,95165,26.90,5,0.0100,0.01663,130.4
DQN_PER_seed_1_1790610322,DQN_PER,1,1480,95287,12.90,2,0.0100,0.01538,130.5
DQN_PER_seed_1_1790610322,DQN_PER,1,1481,95409,12.90,2,0.0100,0.01504,130.7
DQN_PER_seed_1_1790610322,DQN_PER,1,1482,95799,46.00,9,0.0100,0.01576,131.3
DQN_PER_seed_1_1790610322,DQN_PER,1,1483,95937,15.40,3,0.0100,0.01763,131.5
DQN_PER_seed_1_1790610322,DQN_PER,1,1484,96059,12.90,2,0.0100,0.01515,131.6
DQN_PER_seed_1_1790610322,DQN_PER,1,1485,96149,8.80,1,0.0100,0.01728,131.8
DQN_PER_seed_1_1790610322,DQN_PER,1,1486,96199,3.90,0,0.0100,0.01595,131.9
DQN_PER_seed_1_1790610322,DQN_PER,1,1487,96293,9.20,1,0.0100,0.01858,132.0
DQN_PER_seed_1_1790610322,DQN_PER,1,1488,96381,8.60,1,0.0100,0.01730,132.1
DQN_PER_seed_1_1790610322,DQN_PER,1,1489,96439,4.70,0,0.0100,0.01544,132.2
DQN_PER_seed_1_1790610322,DQN_PER,1,1490,96564,13.20,2,0.0100,0.01710,132.4
DQN_PER_seed_1_1790610322,DQN_PER,1,1491,96763,22.40,4,0.0100,0.01646,132.7
DQN_PER_seed_1_1790610322,DQN_PER,1,1492,96849,8.40,1,0.0100,0.01552,132.8
DQN_PER_seed_1_1790610322,DQN_PER,1,1493,96935,8.40,1,0.0100,0.01815,132.9
DQN_PER_seed_1_1790610322,DQN_PER,1,1494,96985,3.90,0,0.0100,0.01951,133.0
DQN_PER_seed_1_1790610322,DQN_PER,1,1495,97071,8.40,1,0.0100,0.01697,133.1
DQN_PER_seed_1_1790610322,DQN_PER,1,1496,97131,4.90,0,0.0100,0.01395,133.2
DQN_PER_seed_1_1790610322,DQN_PER,1,1497,97191,4.90,0,0.0100,0.01403,133.3
DQN_PER_seed_1_1790610322,DQN_PER,1,1498,97277,8.40,1,0.0100,0.01623,133.4
DQN_PER_seed_1_1790610322,DQN_PER,1,1499,97512,26.90,5,0.0100,0.01679,133.8
DQN_PER_seed_1_1790610322,DQN_PER,1,1500,97562,3.90,0,0.0100,0.01578,133.8
DQN_PER_seed_1_1790610322,DQN_PER,1,1501,97663,10.80,2,0.0100,0.01446,134.0
DQN_PER_seed_1_1790610322,DQN_PER,1,1502,97846,20.80,4,0.0100,0.01493,134.2
DQN_PER_seed_1_1790610322,DQN_PER,1,1503,98045,22.40,4,0.0100,0.01579,134.5
DQN_PER_seed_1_1790610322,DQN_PER,1,1504,98321,31.90,6,0.0100,0.01512,134.9
DQN_PER_seed_1_1790610322,DQN_PER,1,1505,98452,13.80,2,0.0100,0.01616,135.1
DQN_PER_seed_1_1790610322,DQN_PER,1,1506,98671,25.30,5,0.0100,0.01751,135.4
DQN_PER_seed_1_1790610322,DQN_PER,1,1507,98870,22.40,4,0.0100,0.01847,135.7
DQN_PER_seed_1_1790610322,DQN_PER,1,1508,98928,4.70,0,0.0100,0.01336,135.8
DQN_PER_seed_1_1790610322,DQN_PER,1,1509,99276,40.90,8,0.0100,0.01574,136.3
DQN_PER_seed_1_1790610322,DQN_PER,1,1510,99481,23.00,4,0.0100,0.01926,136.6
DQN_PER_seed_1_1790610322,DQN_PER,1,1511,99612,13.80,2,0.0100,0.01608,136.8
DQN_PER_seed_1_1790610322,DQN_PER,1,1512,99698,8.40,1,0.0100,0.01643,136.9
DQN_PER_seed_1_1790610322,DQN_PER,1,1513,99820,12.90,2,0.0100,0.01751,137.1
DQN_PER_seed_1_1790610322,DQN_PER,1,1514,99906,8.40,1,0.0100,0.01614,137.2
DQN_PER_seed_1_1790610322,DQN_PER,1,1515,100105,22.40,4,0.0100,0.01857,138.0
DQN_PER_seed_1_1790610322,DQN_PER,1,1516,100470,43.50,9,0.0100,0.01713,138.6
DQN_PER_seed_1_1790610322,DQN_PER,1,1517,100759,34.10,7,0.0100,0.01642,139.0
DQN_PER_seed_1_1790610322,DQN_PER,1,1518,100846,8.50,1,0.0100,0.01556,139.1
DQN_PER_seed_1_1790610322,DQN_PER,1,1519,100940,9.20,1,0.0100,0.01633,139.2
DQN_PER_seed_1_1790610322,DQN_PER,1,1520,101191,29.40,6,0.0100,0.01714,139.6
DQN_PER_seed_1_1790610322,DQN_PER,1,1521,101313,12.90,2,0.0100,0.01703,139.8
DQN_PER_seed_1_1790610322,DQN_PER,1,1522,101399,3.60,1,0.0100,0.01871,139.9
DQN_PER_seed_1_1790610322,DQN_PER,1,1523,101521,12.90,2,0.0100,0.01692,140.1
DQN_PER_seed_1_1790610322,DQN_PER,1,1524,101643,12.90,2,0.0100,0.01611,140.3
DQN_PER_seed_1_1790610322,DQN_PER,1,1525,101729,8.40,1,0.0100,0.01883,140.4
DQN_PER_seed_1_1790610322,DQN_PER,1,1526,101964,26.90,5,0.0100,0.01760,140.7
DQN_PER_seed_1_1790610322,DQN_PER,1,1527,102097,14.00,3,0.0100,0.01761,140.9
DQN_PER_seed_1_1790610322,DQN_PER,1,1528,102183,8.40,1,0.0100,0.01626,141.1
DQN_PER_seed_1_1790610322,DQN_PER,1,1529,102311,13.50,2,0.0100,0.01763,141.2
DQN_PER_seed_1_1790610322,DQN_PER,1,1530,102370,4.80,0,0.0100,0.01868,141.3
DQN_PER_seed_1_1790610322,DQN_PER,1,1531,102467,9.50,2,0.0100,0.01646,141.5
DQN_PER_seed_1_1790610322,DQN_PER,1,1532,102779,36.40,7,0.0100,0.01586,141.9
DQN_PER_seed_1_1790610322,DQN_PER,1,1533,103240,54.90,11,0.0100,0.01872,142.6
DQN_PER_seed_1_1790610322,DQN_PER,1,1534,103326,8.40,1,0.0100,0.01769,142.7
DQN_PER_seed_1_1790610322,DQN_PER,1,1535,103461,15.10,3,0.0100,0.01946,142.9
DQN_PER_seed_1_1790610322,DQN_PER,1,1536,103583,12.90,2,0.0100,0.02038,143.1
DQN_PER_seed_1_1790610322,DQN_PER,1,1537,103723,15.60,3,0.0100,0.01728,143.3
DQN_PER_seed_1_1790610322,DQN_PER,1,1538,104035,36.40,7,0.0100,0.01775,143.8
DQN_PER_seed_1_1790610322,DQN_PER,1,1539,104121,8.40,1,0.0100,0.01710,143.9
DQN_PER_seed_1_1790610322,DQN_PER,1,1540,104213,9.00,1,0.0100,0.01690,144.0
DQN_PER_seed_1_1790610322,DQN_PER,1,1541,104412,22.40,4,0.0100,0.01888,144.3
DQN_PER_seed_1_1790610322,DQN_PER,1,1542,104534,12.90,2,0.0100,0.02097,144.5
DQN_PER_seed_1_1790610322,DQN_PER,1,1543,104769,26.90,5,0.0100,0.01908,144.8
DQN_PER_seed_1_1790610322,DQN_PER,1,1544,104891,12.90,2,0.0100,0.01870,145.0
DQN_PER_seed_1_1790610322,DQN_PER,1,1545,104947,4.50,0,0.0100,0.01714,145.1
DQN_PER_seed_1_1790610322,DQN_PER,1,1546,105076,13.60,2,0.0100,0.02197,145.9
DQN_PER_seed_1_1790610322,DQN_PER,1,1547,105330,29.70,6,0.0100,0.01992,146.3
DQN_PER_seed_1_1790610322,DQN_PER,1,1548,105398,6.60,1,0.0100,0.01839,146.4
DQN_PER_seed_1_1790610322,DQN_PER,1,1549,105520,12.90,2,0.0100,0.01776,146.6
DQN_PER_seed_1_1790610322,DQN_PER,1,1550,105609,8.70,1,0.0100,0.01818,146.7
DQN_PER_seed_1_1790610322,DQN_PER,1,1551,106000,46.10,9,0.0100,0.01812,147.3
DQN_PER_seed_1_1790610322,DQN_PER,1,1552,106163,17.90,3,0.0100,0.02204,147.5
DQN_PER_seed_1_1790610322,DQN_PER,1,1553,106285,12.90,2,0.0100,0.02004,147.7
DQN_PER_seed_1_1790610322,DQN_PER,1,1554,106487,22.70,4,0.0100,0.01975,148.0
DQN_PER_seed_1_1790610322,DQN_PER,1,1555,106703,25.00,5,0.0100,0.01885,148.3
DQN_PER_seed_1_1790610322,DQN_PER,1,1556,106789,8.40,1,0.0100,0.02505,148.4
DQN_PER_seed_1_1790610322,DQN_PER,1,1557,106893,11.10,2,0.0100,0.02088,148.6
DQN_PER_seed_1_1790610322,DQN_PER,1,1558,107015,12.90,2,0.0100,0.01956,148.8
DQN_PER_seed_1_1790610322,DQN_PER,1,1559,107066,4.00,0,0.0100,0.02097,148.8
DQN_PER_seed_1_1790610322,DQN_PER,1,1560,107247,20.60,4,0.0100,0.02212,149.1
DQN_PER_seed_1_1790610322,DQN_PER,1,1561,107605,41.90,8,0.0100,0.02013,149.6
DQN_PER_seed_1_1790610322,DQN_PER,1,1562,108179,68.90,14,0.0100,0.01966,150.5
DQN_PER_seed_1_1790610322,DQN_PER,1,1563,108265,8.40,1,0.0100,0.02211,150.6
DQN_PER_seed_1_1790610322,DQN_PER,1,1564,108351,8.40,1,0.0100,0.01720,150.7
DQN_PER_seed_1_1790610322,DQN_PER,1,1565,108586,26.90,5,0.0100,0.02197,151.1
DQN_PER_seed_1_1790610322,DQN_PER,1,1566,108713,13.40,2,0.0100,0.02199,151.2
DQN_PER_seed_1_1790610322,DQN_PER,1,1567,109066,41.40,8,0.0100,0.02025,151.7
DQN_PER_seed_1_1790610322,DQN_PER,1,1568,109188,12.90,2,0.0100,0.02256,151.9
DQN_PER_seed_1_1790610322,DQN_PER,1,1569,109258,6.80,1,0.0100,0.02110,152.0
DQN_PER_seed_1_1790610322,DQN_PER,1,1570,109832,68.90,14,0.0100,0.02150,152.9
DQN_PER_seed_1_1790610322,DQN_PER,1,1571,109918,8.40,1,0.0100,0.02174,153.0
DQN_PER_seed_1_1790610322,DQN_PER,1,1572,109975,4.60,0,0.0100,0.02035,153.1
DQN_PER_seed_1_1790610322,DQN_PER,1,1573,110287,36.40,7,0.0100,0.02124,154.2
DQN_PER_seed_1_1790610322,DQN_PER,1,1574,110450,17.90,3,0.0100,0.02092,154.5
DQN_PER_seed_1_1790610322,DQN_PER,1,1575,110649,22.40,4,0.0100,0.02017,154.8
DQN_PER_seed_1_1790610322,DQN_PER,1,1576,110884,26.90,5,0.0100,0.02185,155.1
DQN_PER_seed_1_1790610322,DQN_PER,1,1577,111006,12.90,2,0.0100,0.02232,155.3
DQN_PER_seed_1_1790610322,DQN_PER,1,1578,111169,17.90,3,0.0100,0.02186,155.5
DQN_PER_seed_1_1790610322,DQN_PER,1,1579,111291,12.90,2,0.0100,0.02218,155.7
DQN_PER_seed_1_1790610322,DQN_PER,1,1580,111413,12.90,2,0.0100,0.02093,155.9
DQN_PER_seed_1_1790610322,DQN_PER,1,1581,111499,8.40,1,0.0100,0.02469,156.0
DQN_PER_seed_1_1790610322,DQN_PER,1,1582,112073,68.90,14,0.0100,0.02289,156.8
DQN_PER_seed_1_1790610322,DQN_PER,1,1583,112308,26.90,5,0.0100,0.02285,157.2
DQN_PER_seed_1_1790610322,DQN_PER,1,1584,112449,15.70,3,0.0100,0.02715,157.4
DQN_PER_seed_1_1790610322,DQN_PER,1,1585,112648,22.40,4,0.0100,0.02591,157.7
DQN_PER_seed_1_1790610322,DQN_PER,1,1586,112883,26.90,5,0.0100,0.02274,158.0
DQN_PER_seed_1_1790610322,DQN_PER,1,1587,113344,54.90,11,0.0100,0.02411,158.7
DQN_PER_seed_1_1790610322,DQN_PER,1,1588,113433,8.70,1,0.0100,0.02096,158.8
DQN_PER_seed_1_1790610322,DQN_PER,1,1589,114197,92.40,19,0.0100,0.02330,160.0
DQN_PER_seed_1_1790610322,DQN_PER,1,1590,114509,36.40,7,0.0100,0.02470,160.4
DQN_PER_seed_1_1790610322,DQN_PER,1,1591,114970,54.90,11,0.0100,0.02478,161.1
DQN_PER_seed_1_1790610322,DQN_PER,1,1592,115205,26.90,5,0.0100,0.02191,162.4
DQN_PER_seed_1_1790610322,DQN_PER,1,1593,115720,62.10,13,0.0100,0.02284,163.1
DQN_PER_seed_1_1790610322,DQN_PER,1,1594,115850,13.70,2,0.0100,0.02265,163.3
DQN_PER_seed_1_1790610322,DQN_PER,1,1595,116013,17.90,3,0.0100,0.02296,163.5
DQN_PER_seed_1_1790610322,DQN_PER,1,1596,116135,12.90,2,0.0100,0.02525,163.7
DQN_PER_seed_1_1790610322,DQN_PER,1,1597,116560,50.40,10,0.0100,0.02264,164.3
DQN_PER_seed_1_1790610322,DQN_PER,1,1598,117062,59.90,12,0.0100,0.02409,165.1
DQN_PER_seed_1_1790610322,DQN_PER,1,1599,117338,31.90,6,0.0100,0.02524,165.5
DQN_PER_seed_1_1790610322,DQN_PER,1,1600,117466,13.50,2,0.0100,0.02553,165.7
DQN_PER_seed_1_1790610322,DQN_PER,1,1601,117568,10.90,2,0.0100,0.02066,165.8
DQN_PER_seed_1_1790610322,DQN_PER,1,1602,117690,12.90,2,0.0100,0.02200,166.0
DQN_PER_seed_1_1790610322,DQN_PER,1,1603,118002,36.40,7,0.0100,0.02530,166.5
DQN_PER_seed_1_1790610322,DQN_PER,1,1604,118369,43.70,9,0.0100,0.02559,167.0
DQN_PER_seed_1_1790610322,DQN_PER,1,1605,119396,125.00,26,0.0100,0.02523,168.5
DQN_PER_seed_1_1790610322,DQN_PER,1,1606,119689,34.50,7,0.0100,0.02317,169.0
DQN_PER_seed_1_1790610322,DQN_PER,1,1607,119852,17.90,3,0.0100,0.02633,169.2
DQN_PER_seed_1_1790610322,DQN_PER,1,1608,120025,18.90,3,0.0100,0.02370,170.6
DQN_PER_seed_1_1790610322,DQN_PER,1,1609,120337,36.40,7,0.0100,0.02518,171.0
DQN_PER_seed_1_1790610322,DQN_PER,1,1610,120577,27.40,5,0.0100,0.02511,171.4
DQN_PER_seed_1_1790610322,DQN_PER,1,1611,120646,6.70,1,0.0100,0.02524,171.5
DQN_PER_seed_1_1790610322,DQN_PER,1,1612,120732,8.40,1,0.0100,0.02567,171.6
DQN_PER_seed_1_1790610322,DQN_PER,1,1613,121044,36.40,7,0.0100,0.02547,172.1
DQN_PER_seed_1_1790610322,DQN_PER,1,1614,121133,8.70,1,0.0100,0.02718,172.2
DQN_PER_seed_1_1790610322,DQN_PER,1,1615,121305,18.80,3,0.0100,0.02447,172.5
DQN_PER_seed_1_1790610322,DQN_PER,1,1616,121391,8.40,1,0.0100,0.02699,172.6
DQN_PER_seed_1_1790610322,DQN_PER,1,1617,121532,15.70,3,0.0100,0.02601,172.8
DQN_PER_seed_1_1790610322,DQN_PER,1,1618,121618,8.40,1,0.0100,0.02951,172.9
DQN_PER_seed_1_1790610322,DQN_PER,1,1619,122094,57.30,12,0.0100,0.02648,173.6
DQN_PER_seed_1_1790610322,DQN_PER,1,1620,122225,13.80,2,0.0100,0.02770,173.8
DQN_PER_seed_1_1790610322,DQN_PER,1,1621,122347,12.90,2,0.0100,0.02653,174.0
DQN_PER_seed_1_1790610322,DQN_PER,1,1622,122437,8.80,1,0.0100,0.02706,174.2
DQN_PER_seed_1_1790610322,DQN_PER,1,1623,122862,50.40,10,0.0100,0.02616,174.8
DQN_PER_seed_1_1790610322,DQN_PER,1,1624,123221,42.00,8,0.0100,0.02600,175.3
DQN_PER_seed_1_1790610322,DQN_PER,1,1625,123421,22.50,4,0.0100,0.02948,175.6
DQN_PER_seed_1_1790610322,DQN_PER,1,1626,123656,26.90,5,0.0100,0.03022,176.0
DQN_PER_seed_1_1790610322,DQN_PER,1,1627,124004,40.90,8,0.0100,0.02632,176.5
DQN_PER_seed_1_1790610322,DQN_PER,1,1628,124126,12.90,2,0.0100,0.02664,176.6
DQN_PER_seed_1_1790610322,DQN_PER,1,1629,124195,6.70,1,0.0100,0.02248,176.7
DQN_PER_seed_1_1790610322,DQN_PER,1,1630,124281,8.40,1,0.0100,0.02947,176.9
DQN_PER_seed_1_1790610322,DQN_PER,1,1631,124370,8.70,1,0.0100,0.02718,177.0
DQN_PER_seed_1_1790610322,DQN_PER,1,1632,124438,6.60,1,0.0100,0.02914,177.1
DQN_PER_seed_1_1790610322,DQN_PER,1,1633,124673,26.90,5,0.0100,0.02556,177.5
DQN_PER_seed_1_1790610322,DQN_PER,1,1634,124795,12.90,2,0.0100,0.02806,177.6
DQN_PER_seed_1_1790610322,DQN_PER,1,1635,124854,4.80,0,0.0100,0.02665,177.7
DQN_PER_seed_1_1790610322,DQN_PER,1,1636,125017,17.90,3,0.0100,0.02807,180.0
DQN_PER_seed_1_1790610322,DQN_PER,1,1637,125103,8.40,1,0.0100,0.02823,180.2
DQN_PER_seed_1_1790610322,DQN_PER,1,1638,125225,12.90,2,0.0100,0.02529,180.3
DQN_PER_seed_1_1790610322,DQN_PER,1,1639,125311,8.40,1,0.0100,0.03060,180.5
DQN_PER_seed_1_1790610322,DQN_PER,1,1640,125894,69.80,14,0.0100,0.02750,181.3
DQN_PER_seed_1_1790610322,DQN_PER,1,1641,126101,23.20,4,0.0100,0.02810,181.6
DQN_PER_seed_1_1790610322,DQN_PER,1,1642,126336,26.90,5,0.0100,0.02818,182.0
DQN_PER_seed_1_1790610322,DQN_PER,1,1643,126458,12.90,2,0.0100,0.02850,182.2
DQN_PER_seed_1_1790610322,DQN_PER,1,1644,126580,12.90,2,0.0100,0.03182,182.4
DQN_PER_seed_1_1790610322,DQN_PER,1,1645,126977,46.70,9,0.0100,0.02876,182.9
DQN_PER_seed_1_1790610322,DQN_PER,1,1646,127063,8.40,1,0.0100,0.02571,183.1
DQN_PER_seed_1_1790610322,DQN_PER,1,1647,127375,36.40,7,0.0100,0.02738,183.5
DQN_PER_seed_1_1790610322,DQN_PER,1,1648,127461,8.40,1,0.0100,0.02896,183.7
DQN_PER_seed_1_1790610322,DQN_PER,1,1649,127773,36.40,7,0.0100,0.02851,184.1
DQN_PER_seed_1_1790610322,DQN_PER,1,1650,127895,12.90,2,0.0100,0.02568,184.3
DQN_PER_seed_1_1790610322,DQN_PER,1,1651,127981,8.40,1,0.0100,0.02978,184.4
DQN_PER_seed_1_1790610322,DQN_PER,1,1652,128159,20.30,4,0.0100,0.03166,184.7
DQN_PER_seed_1_1790610322,DQN_PER,1,1653,128209,3.90,0,0.0100,0.02727,184.8
DQN_PER_seed_1_1790610322,DQN_PER,1,1654,128750,64.70,13,0.0100,0.02833,185.6
DQN_PER_seed_1_1790610322,DQN_PER,1,1655,128872,12.90,2,0.0100,0.02813,185.8
DQN_PER_seed_1_1790610322,DQN_PER,1,1656,128958,8.40,1,0.0100,0.03113,185.9
DQN_PER_seed_1_1790610322,DQN_PER,1,1657,129080,12.90,2,0.0100,0.02689,186.1
DQN_PER_seed_1_1790610322,DQN_PER,1,1658,129243,17.90,3,0.0100,0.02948,186.3
DQN_PER_seed_1_1790610322,DQN_PER,1,1659,129591,40.90,8,0.0100,0.02917,186.8
DQN_PER_seed_1_1790610322,DQN_PER,1,1660,129677,8.40,1,0.0100,0.03576,186.9
DQN_PER_seed_1_1790610322,DQN_PER,1,1661,130025,40.90,8,0.0100,0.02720,188.0
DQN_PER_seed_1_1790610322,DQN_PER,1,1662,130083,4.70,0,0.0100,0.02950,188.1
DQN_PER_seed_1_1790610322,DQN_PER,1,1663,130319,27.00,5,0.0100,0.02964,188.5
DQN_PER_seed_1_1790610322,DQN_PER,1,1664,130893,68.90,14,0.0100,0.02896,189.4
DQN_PER_seed_1_1790610322,DQN_PER,1,1665,131136,27.70,5,0.0100,0.02792,189.7
DQN_PER_seed_1_1790610322,DQN_PER,1,1666,131533,46.70,9,0.0100,0.02860,190.3
DQN_PER_seed_1_1790610322,DQN_PER,1,1667,131631,10.50,2,0.0100,0.02531,190.5
DQN_PER_seed_1_1790610322,DQN_PER,1,1668,132149,62.40,13,0.0100,0.02861,191.2
DQN_PER_seed_1_1790610322,DQN_PER,1,1669,132471,37.40,7,0.0100,0.03061,191.7
DQN_PER_seed_1_1790610322,DQN_PER,1,1670,132753,32.50,6,0.0100,0.02857,192.1
DQN_PER_seed_1_1790610322,DQN_PER,1,1671,133159,48.50,10,0.0100,0.02887,192.7
DQN_PER_seed_1_1790610322,DQN_PER,1,1672,133245,8.40,1,0.0100,0.02877,192.8
DQN_PER_seed_1_1790610322,DQN_PER,1,1673,133367,12.90,2,0.0100,0.02651,193.0
DQN_PER_seed_1_1790610322,DQN_PER,1,1674,133489,12.90,2,0.0100,0.03180,193.2
DQN_PER_seed_1_1790610322,DQN_PER,1,1675,133688,22.40,4,0.0100,0.02803,193.5
DQN_PER_seed_1_1790610322,DQN_PER,1,1676,134190,59.90,12,0.0100,0.02732,194.3
DQN_PER_seed_1_1790610322,DQN_PER,1,1677,134425,26.90,5,0.0100,0.02697,194.6
DQN_PER_seed_1_1790610322,DQN_PER,1,1678,134644,25.30,5,0.0100,0.02798,194.9
DQN_PER_seed_1_1790610322,DQN_PER,1,1679,134891,28.10,6,0.0100,0.02722,195.3
DQN_PER_seed_1_1790610322,DQN_PER,1,1680,135020,13.60,2,0.0100,0.02769,198.3
DQN_PER_seed_1_1790610322,DQN_PER,1,1681,135271,29.40,6,0.0100,0.02729,198.7
DQN_PER_seed_1_1790610322,DQN_PER,1,1682,135333,6.00,1,0.0100,0.03029,198.8
DQN_PER_seed_1_1790610322,DQN_PER,1,1683,135609,31.90,6,0.0100,0.02637,199.2
DQN_PER_seed_1_1790610322,DQN_PER,1,1684,135695,8.40,1,0.0100,0.03229,199.4
DQN_PER_seed_1_1790610322,DQN_PER,1,1685,136346,78.40,16,0.0100,0.02860,200.3
DQN_PER_seed_1_1790610322,DQN_PER,1,1686,136468,12.90,2,0.0100,0.03058,200.5
DQN_PER_seed_1_1790610322,DQN_PER,1,1687,136534,6.40,1,0.0100,0.02355,200.6
DQN_PER_seed_1_1790610322,DQN_PER,1,1688,136890,41.70,8,0.0100,0.02708,201.1
DQN_PER_seed_1_1790610322,DQN_PER,1,1689,137288,46.80,9,0.0100,0.02533,201.7
DQN_PER_seed_1_1790610322,DQN_PER,1,1690,137344,4.50,0,0.0100,0.02357,201.8
DQN_PER_seed_1_1790610322,DQN_PER,1,1691,137777,51.20,10,0.0100,0.02472,202.5
DQN_PER_seed_1_1790610322,DQN_PER,1,1692,137976,22.40,4,0.0100,0.02721,202.8
DQN_PER_seed_1_1790610322,DQN_PER,1,1693,138032,4.50,0,0.0100,0.02734,202.9
DQN_PER_seed_1_1790610322,DQN_PER,1,1694,139135,134.40,28,0.0100,0.02793,204.5
DQN_PER_seed_1_1790610322,DQN_PER,1,1695,139257,12.90,2,0.0100,0.02485,204.7
DQN_PER_seed_1_1790610322,DQN_PER,1,1696,139343,8.40,1,0.0100,0.02599,204.8
DQN_PER_seed_1_1790610322,DQN_PER,1,1697,139429,8.40,1,0.0100,0.03080,205.0
DQN_PER_seed_1_1790610322,DQN_PER,1,1698,139515,8.40,1,0.0100,0.02483,205.1
DQN_PER_seed_1_1790610322,DQN_PER,1,1699,139637,12.90,2,0.0100,0.02668,205.3
DQN_PER_seed_1_1790610322,DQN_PER,1,1700,140035,46.80,9,0.0100,0.02450,207.2
DQN_PER_seed_1_1790610322,DQN_PER,1,1701,140383,40.90,8,0.0100,0.02705,207.7
DQN_PER_seed_1_1790610322,DQN_PER,1,1702,140505,12.90,2,0.0100,0.02779,207.9
DQN_PER_seed_1_1790610322,DQN_PER,1,1703,140591,8.40,1,0.0100,0.02438,208.1
DQN_PER_seed_1_1790610322,DQN_PER,1,1704,140952,43.10,9,0.0100,0.02461,208.6
DQN_PER_seed_1_1790610322,DQN_PER,1,1705,141115,17.90,3,0.0100,0.02593,208.8
DQN_PER_seed_1_1790610322,DQN_PER,1,1706,141481,43.60,9,0.0100,0.02321,209.4
DQN_PER_seed_1_1790610322,DQN_PER,1,1707,141793,36.40,7,0.0100,0.03110,209.8
DQN_PER_seed_1_1790610322,DQN_PER,1,1708,142575,95.10,20,0.0100,0.02471,211.0
DQN_PER_seed_1_1790610322,DQN_PER,1,1709,142738,17.90,3,0.0100,0.02763,211.3
DQN_PER_seed_1_1790610322,DQN_PER,1,1710,143050,36.40,7,0.0100,0.02697,211.7
DQN_PER_seed_1_1790610322,DQN_PER,1,1711,143362,36.40,7,0.0100,0.02707,212.2
DQN_PER_seed_1_1790610322,DQN_PER,1,1712,144655,157.90,33,0.0100,0.02443,214.1
DQN_PER_seed_1_1790610322,DQN_PER,1,1713,144741,8.40,1,0.0100,0.02331,214.2
DQN_PER_seed_1_1790610322,DQN_PER,1,1714,145175,51.30,10,0.0100,0.02499,215.8
DQN_PER_seed_1_1790610322,DQN_PER,1,1715,145279,11.10,2,0.0100,0.02567,216.0
DQN_PER_seed_1_1790610322,DQN_PER,1,1716,146685,171.90,36,0.0100,0.02544,218.1
DQN_PER_seed_1_1790610322,DQN_PER,1,1717,147413,87.90,18,0.0100,0.02399,219.2
DQN_PER_seed_1_1790610322,DQN_PER,1,1718,147576,17.90,3,0.0100,0.02305,219.4
DQN_PER_seed_1_1790610322,DQN_PER,1,1719,147698,12.90,2,0.0100,0.02380,219.6
DQN_PER_seed_1_1790610322,DQN_PER,1,1720,148171,56.10,12,0.0100,0.02982,220.3
DQN_PER_seed_1_1790610322,DQN_PER,1,1721,148221,3.90,0,0.0100,0.02626,220.4
DQN_PER_seed_1_1790610322,DQN_PER,1,1722,148499,32.10,6,0.0100,0.02475,220.8
DQN_PER_seed_1_1790610322,DQN_PER,1,1723,148791,34.40,7,0.0100,0.02258,221.3
DQN_PER_seed_1_1790610322,DQN_PER,1,1724,148954,17.90,3,0.0100,0.02171,221.5
DQN_PER_seed_1_1790610322,DQN_PER,1,1725,149024,6.80,1,0.0100,0.02650,221.6
DQN_PER_seed_1_1790610322,DQN_PER,1,1726,149372,40.90,8,0.0100,0.02459,222.1
DQN_PER_seed_1_1790610322,DQN_PER,1,1727,149422,3.90,0,0.0100,0.02101,222.2
DQN_PER_seed_1_1790610322,DQN_PER,1,1728,149883,54.90,11,0.0100,0.02556,222.9
DQN_PER_seed_1_1790610322,DQN_PER,1,1729,150611,87.90,18,0.0100,0.02790,228.5
DQN_PER_seed_1_1790610322,DQN_PER,1,1730,150899,33.10,7,0.0100,0.02629,228.9
DQN_PER_seed_1_1790610322,DQN_PER,1,1731,150985,8.40,1,0.0100,0.02686,229.0
DQN_PER_seed_1_1790610322,DQN_PER,1,1732,151898,110.90,23,0.0100,0.02569,230.4
DQN_PER_seed_1_1790610322,DQN_PER,1,1733,151957,4.80,0,0.0100,0.02459,230.5
DQN_PER_seed_1_1790610322,DQN_PER,1,1734,152079,12.90,2,0.0100,0.02575,230.7
DQN_PER_seed_1_1790610322,DQN_PER,1,1735,152992,110.90,23,0.0100,0.02549,232.1
DQN_PER_seed_1_1790610322,DQN_PER,1,1736,153227,26.90,5,0.0100,0.02654,232.5
DQN_PER_seed_1_1790610322,DQN_PER,1,1737,153313,8.40,1,0.0100,0.02054,232.6
DQN_PER_seed_1_1790610322,DQN_PER,1,1738,153383,6.80,1,0.0100,0.02975,232.7
DQN_PER_seed_1_1790610322,DQN_PER,1,1739,153633,29.30,6,0.0100,0.02343,233.1
DQN_PER_seed_1_1790610322,DQN_PER,1,1740,153868,26.90,5,0.0100,0.02853,233.4
DQN_PER_seed_1_1790610322,DQN_PER,1,1741,153954,8.40,1,0.0100,0.02364,233.6
DQN_PER_seed_1_1790610322,DQN_PER,1,1742,154162,23.30,4,0.0100,0.02657,233.9
DQN_PER_seed_1_1790610322,DQN_PER,1,1743,154397,26.90,5,0.0100,0.02567,234.2
DQN_PER_seed_1_1790610322,DQN_PER,1,1744,154483,8.40,1,0.0100,0.02353,234.4
DQN_PER_seed_1_1790610322,DQN_PER,1,1745,154533,3.90,0,0.0100,0.03430,234.4
DQN_PER_seed_1_1790610322,DQN_PER,1,1746,155053,62.60,13,0.0100,0.02620,236.0
DQN_PER_seed_1_1790610322,DQN_PER,1,1747,155301,29.10,6,0.0100,0.02617,236.4
DQN_PER_seed_1_1790610322,DQN_PER,1,1748,155508,23.20,4,0.0100,0.02660,236.7
DQN_PER_seed_1_1790610322,DQN_PER,1,1749,155671,17.90,3,0.0100,0.02554,236.9
DQN_PER_seed_1_1790610322,DQN_PER,1,1750,155793,12.90,2,0.0100,0.02379,237.1
DQN_PER_seed_1_1790610322,DQN_PER,1,1751,156069,31.90,6,0.0100,0.02555,237.5
DQN_PER_seed_1_1790610322,DQN_PER,1,1752,156285,25.00,5,0.0100,0.02317,237.9
DQN_PER_seed_1_1790610322,DQN_PER,1,1753,156448,17.90,3,0.0100,0.02368,238.1
DQN_PER_seed_1_1790610322,DQN_PER,1,1754,156628,20.50,4,0.0100,0.02523,238.4
DQN_PER_seed_1_1790610322,DQN_PER,1,1755,157282,78.70,16,0.0100,0.02643,239.4
DQN_PER_seed_1_1790610322,DQN_PER,1,1756,157338,4.50,0,0.0100,0.02528,239.5
DQN_PER_seed_1_1790610322,DQN_PER,1,1757,157388,3.90,0,0.0100,0.02030,239.5
DQN_PER_seed_1_1790610322,DQN_PER,1,1758,157442,4.30,0,0.0100,0.02676,239.6
DQN_PER_seed_1_1790610322,DQN_PER,1,1759,157492,3.90,0,0.0100,0.02219,239.7
DQN_PER_seed_1_1790610322,DQN_PER,1,1760,157542,3.90,0,0.0100,0.02254,239.8
DQN_PER_seed_1_1790610322,DQN_PER,1,1761,157573,2.00,0,0.0100,0.02781,239.8
DQN_PER_seed_1_1790610322,DQN_PER,1,1762,157623,3.90,0,0.0100,0.02850,239.9
DQN_PER_seed_1_1790610322,DQN_PER,1,1763,157949,38.70,8,0.0100,0.02577,240.4
DQN_PER_seed_1_1790610322,DQN_PER,1,1764,157999,3.90,0,0.0100,0.04523,240.4
DQN_PER_seed_1_1790610322,DQN_PER,1,1765,158121,12.90,2,0.0100,0.02966,240.6
DQN_PER_seed_1_1790610322,DQN_PER,1,1766,158171,3.90,0,0.0100,0.02296,240.7
DQN_PER_seed_1_1790610322,DQN_PER,1,1767,158416,27.90,5,0.0100,0.02922,241.1
DQN_PER_seed_1_1790610322,DQN_PER,1,1768,158847,51.00,10,0.0100,0.02783,241.7
DQN_PER_seed_1_1790610322,DQN_PER,1,1769,159236,45.90,9,0.0100,0.02667,242.3
DQN_PER_seed_1_1790610322,DQN_PER,1,1770,159322,8.40,1,0.0100,0.02511,242.4
DQN_PER_seed_1_1790610322,DQN_PER,1,1771,159557,26.90,5,0.0100,0.03172,242.8
DQN_PER_seed_1_1790610322,DQN_PER,1,1772,160362,97.40,20,0.0100,0.02832,248.6
DQN_PER_seed_1_1790610322,DQN_PER,1,1773,160574,24.60,5,0.0100,0.02497,248.9
DQN_PER_seed_1_1790610322,DQN_PER,1,1774,160624,3.90,0,0.0100,0.02379,249.0
DQN_PER_seed_1_1790610322,DQN_PER,1,1775,160902,32.10,6,0.0100,0.02721,249.4
DQN_PER_seed_1_1790610322,DQN_PER,1,1776,161137,26.90,5,0.0100,0.02487,249.8
DQN_PER_seed_1_1790610322,DQN_PER,1,1777,161336,22.40,4,0.0100,0.02670,250.1
DQN_PER_seed_1_1790610322,DQN_PER,1,1778,161422,8.40,1,0.0100,0.02673,250.2
DQN_PER_seed_1_1790610322,DQN_PER,1,1779,161847,50.40,10,0.0100,0.02427,250.8
DQN_PER_seed_1_1790610322,DQN_PER,1,1780,162308,54.90,11,0.0100,0.02724,251.5
DQN_PER_seed_1_1790610322,DQN_PER,1,1781,162430,12.90,2,0.0100,0.02409,251.7
DQN_PER_seed_1_1790610322,DQN_PER,1,1782,162552,12.90,2,0.0100,0.02774,251.9
DQN_PER_seed_1_1790610322,DQN_PER,1,1783,162722,18.60,3,0.0100,0.02585,252.2
DQN_PER_seed_1_1790610322,DQN_PER,1,1784,162812,8.80,1,0.0100,0.02183,252.3
DQN_PER_seed_1_1790610322,DQN_PER,1,1785,162898,8.40,1,0.0100,0.02309,252.4
DQN_PER_seed_1_1790610322,DQN_PER,1,1786,162984,8.40,1,0.0100,0.02725,252.6
DQN_PER_seed_1_1790610322,DQN_PER,1,1787,163054,6.80,1,0.0100,0.02849,252.7
DQN_PER_seed_1_1790610322,DQN_PER,1,1788,163253,22.40,4,0.0100,0.02520,253.0
DQN_PER_seed_1_1790610322,DQN_PER,1,1789,163339,8.40,1,0.0100,0.02631,253.1
DQN_PER_seed_1_1790610322,DQN_PER,1,1790,163574,26.90,5,0.0100,0.02316,253.4
DQN_PER_seed_1_1790610322,DQN_PER,1,1791,163867,34.50,7,0.0100,0.02497,253.9
DQN_PER_seed_1_1790610322,DQN_PER,1,1792,164102,26.90,5,0.0100,0.02590,254.2
DQN_PER_seed_1_1790610322,DQN_PER,1,1793,164224,12.90,2,0.0100,0.02563,254.4
DQN_PER_seed_1_1790610322,DQN_PER,1,1794,164572,40.90,8,0.0100,0.02685,254.9
DQN_PER_seed_1_1790610322,DQN_PER,1,1795,165047,57.20,12,0.0100,0.02498,261.5
DQN_PER_seed_1_1790610322,DQN_PER,1,1796,165260,24.70,5,0.0100,0.02933,261.8
DQN_PER_seed_1_1790610322,DQN_PER,1,1797,165346,8.40,1,0.0100,0.02739,262.0
DQN_PER_seed_1_1790610322,DQN_PER,1,1798,165920,68.90,14,0.0100,0.02656,262.8
DQN_PER_seed_1_1790610322,DQN_PER,1,1799,166119,22.40,4,0.0100,0.02527,263.1
DQN_PER_seed_1_1790610322,DQN_PER,1,1800,166337,25.20,5,0.0100,0.02884,263.4
DQN_PER_seed_1_1790610322,DQN_PER,1,1801,166423,8.40,1,0.0100,0.02546,263.6
DQN_PER_seed_1_1790610322,DQN_PER,1,1802,166565,15.80,3,0.0100,0.02570,263.8
DQN_PER_seed_1_1790610322,DQN_PER,1,1803,166930,43.50,9,0.0100,0.02279,264.3
DQN_PER_seed_1_1790610322,DQN_PER,1,1804,167184,29.70,6,0.0100,0.02592,264.7
DQN_PER_seed_1_1790610322,DQN_PER,1,1805,167385,22.60,4,0.0100,0.02733,265.0
DQN_PER_seed_1_1790610322,DQN_PER,1,1806,168913,186.80,39,0.0100,0.02405,267.3
DQN_PER_seed_1_1790610322,DQN_PER,1,1807,169053,15.60,3,0.0100,0.02587,267.5
DQN_PER_seed_1_1790610322,DQN_PER,1,1808,169139,8.40,1,0.0100,0.02327,267.7
DQN_PER_seed_1_1790610322,DQN_PER,1,1809,169302,17.90,3,0.0100,0.02354,267.9
DQN_PER_seed_1_1790610322,DQN_PER,1,1810,169650,40.90,8,0.0100,0.02248,268.4
DQN_PER_seed_1_1790610322,DQN_PER,1,1811,170545,109.10,23,0.0100,0.02416,272.8
DQN_PER_seed_1_1790610322,DQN_PER,1,1812,170667,12.90,2,0.0100,0.02508,272.9
DQN_PER_seed_1_1790610322,DQN_PER,1,1813,170988,37.30,7,0.0100,0.02459,273.4
DQN_PER_seed_1_1790610322,DQN_PER,1,1814,171317,39.00,8,0.0100,0.02565,273.9
DQN_PER_seed_1_1790610322,DQN_PER,1,1815,171970,78.60,16,0.0100,0.02374,274.9
DQN_PER_seed_1_1790610322,DQN_PER,1,1816,172056,8.40,1,0.0100,0.02966,275.0
DQN_PER_seed_1_1790610322,DQN_PER,1,1817,172106,3.90,0,0.0100,0.02267,275.1
DQN_PER_seed_1_1790610322,DQN_PER,1,1818,172156,3.90,0,0.0100,0.02592,275.2
DQN_PER_seed_1_1790610322,DQN_PER,1,1819,172621,55.30,11,0.0100,0.02889,275.9
DQN_PER_seed_1_1790610322,DQN_PER,1,1820,172834,24.70,5,0.0100,0.02533,276.2
DQN_PER_seed_1_1790610322,DQN_PER,1,1821,173223,45.90,9,0.0100,0.02582,276.8
DQN_PER_seed_1_1790610322,DQN_PER,1,1822,173404,20.60,4,0.0100,0.02456,277.1
DQN_PER_seed_1_1790610322,DQN_PER,1,1823,173465,5.00,1,0.0100,0.02193,277.2
DQN_PER_seed_1_1790610322,DQN_PER,1,1824,173667,22.70,4,0.0100,0.02675,277.5
DQN_PER_seed_1_1790610322,DQN_PER,1,1825,174024,41.80,8,0.0100,0.02470,278.0
DQN_PER_seed_1_1790610322,DQN_PER,1,1826,174562,64.40,13,0.0100,0.02733,278.8
DQN_PER_seed_1_1790610322,DQN_PER,1,1827,174781,25.30,5,0.0100,0.02451,279.2
DQN_PER_seed_1_1790610322,DQN_PER,1,1828,175468,82.90,17,0.0100,0.02421,283.1
DQN_PER_seed_1_1790610322,DQN_PER,1,1829,175869,47.10,10,0.0100,0.02797,283.7
DQN_PER_seed_1_1790610322,DQN_PER,1,1830,176231,43.20,9,0.0100,0.02953,284.3
DQN_PER_seed_1_1790610322,DQN_PER,1,1831,176523,34.40,7,0.0100,0.02700,284.7
DQN_PER_seed_1_1790610322,DQN_PER,1,1832,176645,12.90,2,0.0100,0.03129,284.9
DQN_PER_seed_1_1790610322,DQN_PER,1,1833,176695,3.90,0,0.0100,0.02523,285.0
DQN_PER_seed_1_1790610322,DQN_PER,1,1834,176801,11.30,2,0.0100,0.02287,285.1
DQN_PER_seed_1_1790610322,DQN_PER,1,1835,176932,13.80,2,0.0100,0.02558,285.3
DQN_PER_seed_1_1790610322,DQN_PER,1,1836,178187,153.20,32,0.0100,0.02536,287.2
DQN_PER_seed_1_1790610322,DQN_PER,1,1837,179141,115.90,24,0.0100,0.02337,288.7
DQN_PER_seed_1_1790610322,DQN_PER,1,1838,179776,76.80,16,0.0100,0.02454,289.6
DQN_PER_seed_1_1790610322,DQN_PER,1,1839,179982,23.10,4,0.0100,0.02429,289.9
DQN_PER_seed_1_1790610322,DQN_PER,1,1840,180200,25.20,5,0.0100,0.02382,290.4
DQN_PER_seed_1_1790610322,DQN_PER,1,1841,180447,28.10,6,0.0100,0.02470,290.8
DQN_PER_seed_1_1790610322,DQN_PER,1,1842,180610,17.90,3,0.0100,0.02423,291.0
DQN_PER_seed_1_1790610322,DQN_PER,1,1843,180744,15.00,3,0.0100,0.02585,291.2
DQN_PER_seed_1_1790610322,DQN_PER,1,1844,180830,8.40,1,0.0100,0.02177,291.4
DQN_PER_seed_1_1790610322,DQN_PER,1,1845,180888,4.70,0,0.0100,0.02369,291.5
DQN_PER_seed_1_1790610322,DQN_PER,1,1846,182104,148.40,31,0.0100,0.02524,293.3
DQN_PER_seed_1_1790610322,DQN_PER,1,1847,182198,9.20,1,0.0100,0.02620,293.5
DQN_PER_seed_1_1790610322,DQN_PER,1,1848,182248,3.90,0,0.0100,0.02044,293.6
DQN_PER_seed_1_1790610322,DQN_PER,1,1849,183244,121.00,25,0.0100,0.02341,295.1
DQN_PER_seed_1_1790610322,DQN_PER,1,1850,184021,94.60,20,0.0100,0.02449,296.3
DQN_PER_seed_1_1790610322,DQN_PER,1,1851,184458,51.60,11,0.0100,0.02198,296.9
DQN_PER_seed_1_1790610322,DQN_PER,1,1852,184544,8.40,1,0.0100,0.02476,297.1
DQN_PER_seed_1_1790610322,DQN_PER,1,1853,184594,2.10,0,0.0100,0.02329,297.2
DQN_PER_seed_1_1790610322,DQN_PER,1,1854,184906,36.40,7,0.0100,0.02503,297.6
DQN_PER_seed_1_1790610322,DQN_PER,1,1855,184956,3.30,0,0.0100,0.02261,297.7
DQN_PER_seed_1_1790610322,DQN_PER,1,1856,185166,23.50,4,0.0100,0.02374,303.2
DQN_PER_seed_1_1790610322,DQN_PER,1,1857,185235,6.70,1,0.0100,0.02506,303.3
DQN_PER_seed_1_1790610322,DQN_PER,1,1858,185294,4.80,0,0.0100,0.02175,303.4
DQN_PER_seed_1_1790610322,DQN_PER,1,1859,186320,124.90,26,0.0100,0.02363,305.0
DQN_PER_seed_1_1790610322,DQN_PER,1,1860,186453,14.00,3,0.0100,0.02568,305.2
DQN_PER_seed_1_1790610322,DQN_PER,1,1861,186782,39.00,8,0.0100,0.02267,305.7
DQN_PER_seed_1_1790610322,DQN_PER,1,1862,187017,26.90,5,0.0100,0.02501,306.0
DQN_PER_seed_1_1790610322,DQN_PER,1,1863,187103,8.40,1,0.0100,0.02397,306.2
DQN_PER_seed_1_1790610322,DQN_PER,1,1864,187208,11.20,2,0.0100,0.02299,306.3
DQN_PER_seed_1_1790610322,DQN_PER,1,1865,187871,79.60,17,0.0100,0.02381,307.3
DQN_PER_seed_1_1790610322,DQN_PER,1,1866,188034,17.90,3,0.0100,0.02154,307.6
DQN_PER_seed_1_1790610322,DQN_PER,1,1867,188100,6.40,1,0.0100,0.02414,307.7
DQN_PER_seed_1_1790610322,DQN_PER,1,1868,188787,82.90,17,0.0100,0.02469,308.7
DQN_PER_seed_1_1790610322,DQN_PER,1,1869,189438,78.40,16,0.0100,0.02495,309.7
DQN_PER_seed_1_1790610322,DQN_PER,1,1870,189795,41.80,8,0.0100,0.02474,310.3
DQN_PER_seed_1_1790610322,DQN_PER,1,1871,190297,59.90,12,0.0100,0.02365,315.7
DQN_PER_seed_1_1790610322,DQN_PER,1,1872,190852,67.00,14,0.0100,0.02414,316.5
DQN_PER_seed_1_1790610322,DQN_PER,1,1873,191284,51.10,10,0.0100,0.02270,317.2
DQN_PER_seed_1_1790610322,DQN_PER,1,1874,191709,50.40,10,0.0100,0.02223,317.8
DQN_PER_seed_1_1790610322,DQN_PER,1,1875,192491,95.10,20,0.0100,0.02109,319.0
DQN_PER_seed_1_1790610322,DQN_PER,1,1876,193380,107.60,23,0.0100,0.02456,320.4
DQN_PER_seed_1_1790610322,DQN_PER,1,1877,193841,54.90,11,0.0100,0.02155,321.1
DQN_PER_seed_1_1790610322,DQN_PER,1,1878,194804,116.80,24,0.0100,0.02278,322.6
DQN_PER_seed_1_1790610322,DQN_PER,1,1879,195080,31.90,6,0.0100,0.02334,326.2
DQN_PER_seed_1_1790610322,DQN_PER,1,1880,195166,8.40,1,0.0100,0.02427,326.4
DQN_PER_seed_1_1790610322,DQN_PER,1,1881,195303,15.30,3,0.0100,0.02247,326.6
DQN_PER_seed_1_1790610322,DQN_PER,1,1882,195466,17.90,3,0.0100,0.02102,326.8
DQN_PER_seed_1_1790610322,DQN_PER,1,1883,195821,41.60,8,0.0100,0.02468,327.4
DQN_PER_seed_1_1790610322,DQN_PER,1,1884,196552,88.20,18,0.0100,0.02266,328.5
DQN_PER_seed_1_1790610322,DQN_PER,1,1885,196653,10.80,2,0.0100,0.02894,328.6
DQN_PER_seed_1_1790610322,DQN_PER,1,1886,196852,22.40,4,0.0100,0.02008,328.9
DQN_PER_seed_1_1790610322,DQN_PER,1,1887,197059,23.20,4,0.0100,0.02069,329.3
DQN_PER_seed_1_1790610322,DQN_PER,1,1888,197529,55.80,11,0.0100,0.02051,330.0
DQN_PER_seed_1_1790610322,DQN_PER,1,1889,197764,26.90,5,0.0100,0.01986,330.3
DQN_PER_seed_1_1790610322,DQN_PER,1,1890,198271,60.40,12,0.0100,0.01998,331.1
DQN_PER_seed_1_1790610322,DQN_PER,1,1891,198357,8.40,1,0.0100,0.02304,331.2
DQN_PER_seed_1_1790610322,DQN_PER,1,1892,198462,11.20,2,0.0100,0.02688,331.4
DQN_PER_seed_1_1790610322,DQN_PER,1,1893,198705,27.70,5,0.0100,0.02708,331.8
